sku,title,barcode
EF-ZEPHYR-72/13H,Efco Zephyr 72H Compact Ride-On Mower with Hydrostatic Drive,8026619029159
AGFA-45-0101,Agri-Fab 340kg-Capacity Steel Tipping-Trailer | 45-0101,4006825609011
AGFA-45-0492,Agri-Fab Smart-Sweep 122cm Towed Lawn & Leaf Sweeper | 45-0492,52613102060
AGFA-45-0218,Agri-Fab 66cm Hand-Propelled Lawn Sweeper | 45-0218,52613452189
AGFA-45-0530,Agri-Fab 39kg-Capacity Towed Broadcast Spreader | 45-0530,052613104637
AGFA-45-0527,Agri-Fab 50kg-Capacity Towed Broadcast Spreader | 45-0527,
AGFA-45-0531,Agri-Fab 39kg-Capacity Deluxe Hand-Propelled Broadcast Spreader | 45-0531,00100010387686
AF-45-0567,Agri-Fab 50kg-Capacity Hand-Propelled Broadcast Spreader | 45-0567,
AGFA-45-0545,Agri-Fab 107cm Towed 2-in-1 Aerator/Spreader | 45-0545,5051435033588
AGFA-45-0299,Agri-Fab 122cm Towed Plug-Type Aerator | 45-0299,52613452998
AGFA-45-0294,Agri-Fab 102cm Spring-Tine Dethatcher | 45-0294,
AGFA-45-0295,Agri-Fab 122cm Spring-Tine Dethatcher | 45-0295,52613452950
AGFA-45-0268,Agri-Fab 92cm Tow-Behind Lawn & Garden Roller | 45-0268,
AGFA-45-0269,Agri-Fab 122cm Tow-Behind Lawn & Garden Roller | 45-0269,52613452691
AGFA-45-0267,Agri-Fab 60cm Push/Tow Lawn & Garden Roller | 45-0267,52613452677
FLY-FTL250,Flymo Turbo Lite 250 Electric Hover Mower,7391883816981
FLY-FES340R,Flymo EasiStore 340R Electric 4-Wheel Roller Lawnmower,7392930297227
LFP-448HW,"Lawnflite-Pro 448HW Professional Self-Propelled Petrol Lawnmower (with 2-Speed Drive, Blade-Brake Clutch & Honda Engine)",
LFP-553HWS,"Lawnflite-Pro 553HWS Professional Self-Propelled Petrol Lawnmower (with 2-Speed Drive, Blade-Brake Clutch & Honda Engine)",
LFP-553HWS-PRO,"Lawnflite-Pro 553HWS-PRO Professional Self-Propelled Petrol Lawnmower (with 2-Speed Drive, Blade-Brake Clutch & Honda Engine)",
LFP-553HWSP-HST,"Lawnflite-Pro 553HWSP-HST Professional Self-Propelled Petrol Lawnmower (with Hydrostatic Drive, Blade-Brake Clutch & Honda Engine)",5050581002462
MF-SP555V,Mountfield SP555-V 3-in-1 Variable-Speed Petrol Lawnmower (with Honda Engine),
MASP-482948,Masport 500 AL Hand-Propelled  Petrol Lawnmower with Low-Vibration Handlebar,9414974657732
LFP-448SJR,Lawnflite-Pro 448SJR Professional Shaft-Driven Petrol Rear-Roller Lawnmower,
LFP-553HRS,Lawnflite-Pro 553HRS Professional Shaft-Driven Petrol Rear-Roller Lawnmower with Blade-Brake Clutch & Honda Engine,
LFP-553HRS-PROHS,Lawnflite-Pro 553HRS-PROHS Professional Shaft-Driven Petrol Rear-Roller Lawnmower (with Honda Engine),5050581002448
MASP-457949,Masport Rotarola RR 18 Hand-Propelled Petrol Rear-Roller Lawnmower,
MF-S461R-PD,Mountfield S461R-PD Self-Propelled Petrol Rear-Roller Lawnmower,8008984817418
MASP-419090,Masport Olympic 400 Petrol Cylinder Mower,
MASP-419091,Masport Olympic 500 Cylinder Mower,
MASP-19028-OLYMPIC-660,Masport Olympic 660 Petrol Cylinder Mower,3665733000245
MASP-419103,Masport Olympic Golf Petrol Cylinder-Mower,9414974191038
HAN-THHM,The Handy THHM Manual Cylinder-Mower,5060012803476
ECH-ES-250ES,Echo ES-250ES Shred N' Vac® Handheld Petrol Blower-Vacuum,4934110700047
ST-SH-56-CE,STIHL SH 56-CE Handheld Garden Vacuum-Shredder,0886661909698
ST-SH-86-CE,STIHL SH 86 C-E Handheld Garden Vacuum-Shredder,
ST-BG-56-CE,STIHL BG 56-CE Handheld Petrol Leaf-Blower,0886661268665
ST-BG-86-C-E,STIHL BG 86 C-E Handheld Petrol Leaf-Blower,0000000000000
ST-SHE-71,STIHL SHE-71 Electric Hand-Held Garden Blower-Vac,
ECH-SRM-3611TL,Echo SRM-3611TL High-Torque Petrol Brushcutter,4934110707824
ST-FS40,STIHL FS40 Curved-Shaft Grass Trimmer,
ST-FS55,STIHL FS55 Lightweight Brushcutter,
ST-FS56R,STIHL FS55 R Lightweight Brushcutter,
ST-FS56-C-E,STIHL FS56 C-E Lightweight Brushcutter with ErgoStart,
ST-FS56-RC-E,STIHL FS56 RC-E Lightweight Brushcutter with ErgoStart,
ST-FS461-C-EM,STIHL FS461 C-EM Professional Clearing-Saw,0000000000000
ST-FR460-TC-FEM,STIHL FR460 TC-FEM Backpack Brushcutter with Self-Tuning Engine & Electro-Start,
FLY-FMINITRIMSTD,Flymo Mini-Trim ST Electric Grass-Trimmer,7391736970648
FLY-FCONTOURXT,Flymo Contour XT 2-in-1 Electric Grass-Trimmer & Lawn Edger,
FLY-FCONTOUR500E,Flymo Contour 500E 3-in-1 Electric Grass-Trimmer,7393080639219
ST-FSE-31,STIHL FSE 31 Electric Grass-Trimmer,0795711374334
ECH-HC-2020,Echo HC-2020 Petrol Hedgetrimmer,4934110711074
ECH-HC-2020R,Echo HC-2020R Petrol Hedgetrimmer,4934110705837
ECH-HCR-165ES,Echo HCR-165ES Petrol Hedgetrimmer,4934110714709
ECH-HCS-2810ES,Echo HCS-2810ES Single-Sided Petrol Hedgetrimmer,0000000000000
ECH-HCS-3810ES,Echo HCS-3810ES Single-Sided Petrol Hedgetrimmer,0000000000000
ECH-HCA-265ES-HD,Echo HCA-265ES-HD Long-Reach Petrol Hedgetrimmer,4934110705639
ST-HS45-18,STIHL HS45-18 Petrol Hedgetrimmer (45cm Blades),0886661909360
ST-HS45-24,STIHL HS45-24 Petrol Hedgetrimmer (60cm Blades),5025201651238
BOISIO3SHAPENEDGEG,Bosch Isio 3.6v Li-ion Cordless Shrub & Edging-Shear Set,3165140630764
FLY-FEASICUT460,Flymo EasiCut 460 Electric Hedgetrimmer (45cm Blades),7391736239424
ST-HSE-52,STIHL HSE-52 Electric Hedgetrimmer,0795711842635
ST-HSE-71-24,STIHL HSE-71/24 Electric Hedgetrimmer,0795711401726
ST-HSE-81-28,STIHL HSE-81/28 Electric Hedgetrimmer,0795711401764
ST-HLE-71,STIHL HLE-71 Electric Long-Reach Hedgetrimmer,0795711401771
FLY-FSABCUTXT20V,Flymo SabreCut C-Link 20v Cordless Long-Reach Hedgetrimmer (with Telescopic Shaft),7391883964040
ECH-CS-3510AC,Echo CS-3510AC Petrol Chainsaw (35cm Guide Bar),
ECH-CS-362WES,Echo CS-362WES Petrol Chainsaw (35cm Guide Bar),0000000000000
ECH-CS-3510ES,Echo CS-3510ES Petrol Chainsaw (35cm Guide Bar),6018653527533
ECH-CS-420ES,Echo CS-420ES Petrol Chainsaw (38cm Guide Bar),4260382990078
ECH-CS-4310SX,Echo CS-4310SX Petrol Chainsaw (40cm Guide Bar),4934110708302
ECH-CS-590,Echo CS-590 Petrol Chainsaw (50cm Guide Bar),4934110711364
ECH-CS-7310SX,Echo CS-7310SX Petrol Chainsaw (60cm Guide Bar),0000000000000
ST-MS171,STIHL MS171 Petrol Chainsaw (30cm Guide Bar),0795711910945
ST-MS171-14,STIHL MS171 Petrol Chainsaw (35cm Guide Bar),0000000000000
ST-MS181-14,STIHL MS181 Petrol Chainsaw (30cm Guide Bar),
ST-MS181-16,STIHL MS181 Petrol Chainsaw (35cm Guide Bar),0795711861902
4ST-MS181-CBE-14,STIHL MS181 C-BE Petrol Chainsaw (30cm Guide Bar),
ST-MS181CBE-16,STIHL MS181 C-BE Petrol Chainsaw (35cm Guide Bar),0000000000000
ST-MS211-14,STIHL MS211 Petrol Chainsaw (35cm Guide Bar),0000000000000
ST-MS211-16,STIHL MS211 Petrol Chainsaw (40cm Guide Bar),0000000000000
ST-MS211CBE-16,STIHL MS211 C-BE Petrol Chainsaw (40cm Guide Bar),0000000000000
ST-MS231,STIHL MS231 Petrol Chainsaw (35cm Guide Bar),0000000000000
ST-MS231-16,STIHL MS231 Petrol Chainsaw (40cm Guide Bar),
ST-MS231CBE,STIHL MS231 C-BE Petrol Chainsaw (35cm Guide Bar),
ST-MS231CBE-16,STIHL MS231 C-BE Petrol Chainsaw (40cm Guide Bar),0000000000000
ST-MS251-16,STIHL MS251 Petrol Chainsaw (40cm Guide Bar),0000000000000
ST-MS251-18,STIHL MS251 Petrol Chainsaw (45cm Guide Bar),000
ST-MS251CBE,STIHL MS251 C-BE Petrol Chainsaw (35cm Guide Bar),
ST-MS251CBE-16,STIHL MS251 C-BE Petrol Chainsaw (40cm Guide Bar),
ST-MS291-16,STIHL MS291 Petrol Chainsaw (40cm Guide Bar),0000000000000
ST-MS291-18,STIHL MS291 Petrol Chainsaw (45cm Guide Bar),
ST-MS391,STIHL MS391 Petrol Chainsaw (40cm Guide Bar),0000000000000
AP-946162350,Apache Euro 5 Petrol Front-Tine Cultivator,0000000000000
AP-985000000,Apache RTT3 Two-Wheel Rear-Tine Rotary Cultivator (Briggs & Stratton Engine),8025004012967
HAN-THET-A,Handy THET-A Electric Tiller / Cultivator,5060012803377
MANT-8222,Mantis Crevice-Cleaner Attachment | 8222,
MANT-7321,Mantis Aerator & Dethatcher Attachments - Combo Package | 7321,
MANT-7263-12-14,Mantis 4-Stroke Petrol Mini-Tiller with Honda Engine | 7263-12-14,
MANT-7252-12-40,Mantis Electric Mini-Tiller/Cultivator | 7252-12-40,
MTD-T205,MTD T205 Petrol Front-Tine Tiller,4008423823998
MTD-T245,MTD T245 Petrol Front-Tine Tiller,4008423823981
HYU-HYCH1400,Hyundai 420cc/15hp Petrol Chipper-Shredder | HYCH1400,
MASP-6.5XL,Masport 6.5XL Petrol Chipper-Shredder,
EF-AG40-S50,Efco AG40-S50 Professional Petrol Lawn Scarifier,8026619025212
HAN-THLGT,The Handy THLGT Garden Trolley (Large),5060012809904
GV-F-5200-5LR,5 Litre Steel Jerry Can (F-5200),
GV-F-1200-10LR,10 Litre Red Steel Jerry Can (F-1200),
GV-F-2200-20LK,20 Litre Khaki Steel Jerry Can (F-2200),
HAN-THLS-6,The Handy 6-Ton Horizontal Electric Log-Splitter | THLS 6G,5060012807535
ST-RE130,STIHL RE130-Plus Electric High-Pressure Washer,
ECH-PPT-2620HES,Echo PPT-2620HES Power Pruner,
HAN-THGR,The Handy TH-GR Garden Roller,5060012803230
AP-M210,Apache M210 Sickle-Bar Mower,0000000000000
SOL-462,Solo 462 Hand-Held High-Pressure Garden Sprayer,4015966462003
EF-AR53-TBX,Efco AR53-TBX AllRoad ALU 3-in-1 Self-Propelled Petrol Lawnmower with Aluminium Deck,8026619003715
CC-XM3ER53,Cub Cadet XM3ER53 3-in-1 Variable-Speed Petrol Lawnmower with Blade-Brake Clutch,4008423891966
AGFA-45-0329,Agri-Fab 79kg-Capacity ATV-Towed Broadcast Spreader | 45-0329,
FLY-FEASICUT610XT,Flymo EasiCut 610XT Electric Hedgetrimmer (60cm Blades),
HAN-THSHWCS,Handy Saw Horse (With Chainsaw Support),
MASP-483809,Masport 200 ST Hand-Propelled Petrol Lawnmower,
MASP-457951,Masport Rotarola RRSP 22 Self-Propelled Petrol Rear-Roller Lawnmower,9414974579515
465774,Masport Contractor 625 AL Hand-Propelled Petrol Lawnmower with Low-Vibration Handlebar,
MASP-578967,Masport 350 ST SP Combination 3-in-1 Self-Propelled Petrol Lawnmower,9414974658067
MASP-480955,Masport Widecut 800 ST SP Combination 3-in-1 Self-Propelled Petrol Lawnmower,
SP22111,Spectrum 227kg-Capacity Poly Tipping-Cart / Wheelbarrow |  SP22111,5065022450412
AGFA-45-0462,Agri-Fab 56kg-Capacity Hand-Propelled Broadcast Spreader | 45-0462,
AGFA-45-0463,Agri-Fab 56kg-Capacity Towed Broadcast Spreader | 45-0463,
EIN-GC-SC-4240,Einhell GC-SC 4240-P Petrol Lawn Scarifier,4006825638073
EF-8091,Efco 8091 Curved-Shaft Electric Grass-Trimmer,8026619008499
HAN-THFST,The Handy THFST Heavy-Duty Folding Sack-Truck,5060012803414
HAN-THHTA,The Handy Hollow-Tine Aerator,5060012803704
EF-2000E,Efco MT-2000E Electric Chainsaw (40cm Guide Bar),8026619008383
HAN-THPDC,Handy THPDC Poly Dump-Cart,5060012805272
AGFA-45-0474,Agri-Fab SmartLINK™ 104cm Core Aerator | 45-0474,52613102640
AGFA-45-0457,Agri-Fab SmartLINK™ 104cm Spring-Tine Dethatcher | 45-0457,
SPEC-SP45103,Spectrum 91cm Towed Steel Lawn-Roller | SP45103,
AGFA-45-0458,Agri-Fab 45-0458 SmartLINK™ 104cm Towed Spike-Aerator,
SOL-475-D,Solo 475/D Diaphragm-Pump Backpack Sprayer,4015966475003
AGFA-45-0288,Agri-Fab 79kg-Capacity Tow-Behind Drop Spreader | 45-0288,52613452882
CC-XZ3-122,Cub Cadet XZ3122 Zero-Turn Ride-On Mower,4008423846171
AGFA-45-0303,Agri-Fab 159kg-Capacity Economy Steel Tipping-Trailer | 45-0303,0052613453032
SNAP-NX-40,Snapper NX-40 3-in-1 Self-Propelled Petrol Lawnmower,
SNAP-NX-100,Snapper NX-100 Ninja® Variable-Speed Petrol Mulching Lawnmower with Side-Discharge,0000000000000
SNAP-NX-80S,Snapper NX-80S 4-in-1 Variable-Speed Petrol Lawnmower with Push-Button Start,
ST-FS461-C-EM-L,STIHL FS461 C-EM L Professional Long-Shaft Clearing Saw,0886661621873
LF-O53SPBHWIS,Lawnflite O53SPBHWIS 4-in-1 Hi-Wheel Self-Propelled Petrol Lawnmower with Electric Start,
OM-SR-38-B45,Oleo-Mac SCA38 B45 Professional Petrol Lawn Scarifier,
SNAP-NX-90V,Snapper NX-90V 4-in-1 Variable-Speed Petrol Lawnmower,8945047760277
GV-SP0001,MD Green Valley Stainless Steel Garden Spade (SP0001),
GV-FK0002,MD Green Valley Stainless Steel Garden Fork (FK0002),
GV-BF0001,MD Green Valley Stainless Steel Border Fork (BF0001),
GV-BS0001,MD Green Valley Stainless Steel Border Spade (BS0001),
GV-SP0002,MD Green Valley Stainless Steel Garden Spade with Poly hilt (SP0002),
GV-FK0003,MD Green Valley Stainless Steel Garden Fork with Poly Hilt (FK0003),
GV-GR0001,MD Green Valley Stainless Steel Garden Rake - Fibreglass Handle (GR0001),
GV-SF0001,MD Green Valley Stainless Steel Garden Spade/Fork Set (SF0001),
EF-TG2460P,Efco TG-2460-P Double-Sided Petrol Hedgetrimmer (60cm Blades),8026619021382
EF-TGS-2470-P,Efco TGS-2470-P Single-Sided Petrol Hedgetrimmer (75cm Blades),8026619021405
EF-DS2410H,Efco DS2410-H Long-Reach Petrol Hedgetrimmer (50cm Blades),0000000000000
EF-TG605E,Efco TG-605E Electric Hedgetrimmer (60cm Blades),
BERT-BT413S-10-4,Bertolini BT413S-10 Professional Snow-Plough,
BERT-BT413S-10E-3,Bertolini BT413S-10E Professional Snow-Plough,
ST-BR500,STIHL BR500 Backpack Leaf-Blower,
ST-BR600,STIHL BR600 Magnum Petrol Backpack Leaf-Blower,0000000000000
HAN-THPLS,Handy Push Lawn & Leaf Sweeper (Code: THPLS) (Special Offer),
EF-5500,Efco DSF5500 Ergo Backpack Brushcutter,8026619046538
EF-MTT-2500,Efco MTT-2500 Top-Handle Petrol Arborist's Chainsaw (25cm Guide Bar),8026619025656
FLY-FCHEVRON32V,Flymo Chevron 32V Electric 4-Wheel Roller Lawnmower,7391736975490
FLY-FCHEVRON32VC,Flymo Chevron 32VC Electric 4-Wheel Roller Lawnmower,
FLY-FES380R,Flymo EasiStore 380R Electric 4-Wheel Roller Lawnmower,
FLY-FHV250,Flymo Hover Vac 250 Electric Hover Mower,7391883816974
FLY-FEG300,Flymo EasiGlide 300 Electric Hover Mower,7392930542358
FLY-FGLIDERCOM330AX,Flymo Glider Compact 330 AX Electric Hover Mower,
EF-DR51-VB6,Efco DR51VB6 Variable-Speed Wheeled Brushcutter,0000000000000
EF-DEB528,Efco DEB528 3-Speed Wheeled Brushcutter,0000000000000
EF-LR48-TK,Efco LR48-TK Comfort-Plus 3-in-1 Self-Propelled Petrol Lawnmower,8026619027216
EF-PR40S,Efco PR40S Hand-Propelled Electric Lawnmower,
OM-PW300HC,Oleo Mac PW300HC Electric Hot-Water Pressure Washer,8026619025144
EF-SA2500,Efco SA2500 Handheld Petrol Blower,
EF-SA2062,Efco SA2062 Petrol Backpack Blower,
OM-G44PK,Oleo-Mac G44-PK Comfort-Plus Hand-Propelled Petrol Lawnmower,
OM-G48PK,Oleo-Mac G48-PK Comfort-Plus Hand-Propelled Petrol Lawnmower,
OM-G48TK,Oleo-Mac G48-TK Comfort-Plus Self-Propelled Petrol Lawnmower,3000307925768
SIMP-SYT410,Simplicity Broadmoor SYT410 Side-Discharge V-Twin Garden Tractor with Hydrostatic Drive & Lawn-Striping Rollers,0000000000000
CC-13CFA1CR603,Cub Cadet XT2QR106 Rear-Collect V-Twin Garden Tractor with Hydrostatic Drive,4008423872262
CC-XT3QS127,Cub Cadet XT3QS127 Heavy-Duty Side-Discharge V-Twin Garden Tractor with Hydrostatic Drive,4008423872545
ECH-PB-2520,Echo PB-2520 Handheld Petrol Leaf-Blower,
EF-MT4110-325,Efco MT-4110-325 Multi-Purpose Petrol Chainsaw (40.5cm Guide Bar),
OM-GS200E,Oleo-Mac GS200E Electric Chainsaw (41cm Guide Bar),8026619040888
AP-AR601,Apache AR601 Professional Petrol Scarifier,0000000000000
LFP-POWERED-SCYTHE-MOWER,Lawnflite BM87-35 Powered Scythe-Mower,4008423819083
EF-LR53-TK,Efco LR53-TK Comfort-Plus 3-in-1 Self-Propelled Petrol Lawnmower,8026619028237
AGFA-45-0473,Agri-Fab SmartLINK™ Tow-Behind Lawn-Care System - Master Platform | 45-0473,52613102633
EF-2500TR,Efco Stark 2500TR Low-Emission Curved-Shaft Petrol Grass-Trimmer,
EF-DS2700S,Efco DS2700-S Low-Emission Petrol Brushcutter,8026619023287
EF-DS2700T,Efco DS2700-T Low-Emission Petrol Brushcutter,8026619023294
EF-DS3200S,Efco DS3000-S Low-Emission Petrol Brushcutter,8026619023393
EF-DS3000T,Efco DS3000-T Low-Emission Petrol Brushcutter,
LF-RN145,Lawnflite RN145 Rear-Collect Lawn Tractor with Transmatic Drive,4008423855340
EF-MTT-3600,Efco MTT-3600 Top-Handle Petrol Arborist's Chainsaw (35.5cm Guide Bar),8026619027711
CC-XT2-PR95,Cub Cadet XT2PR95 Rear-Collect V-Twin Garden Tractor with Hydrostatic Drive,4008423862072
BERT-BT413S-9H,Bertolini BT413S-9H Professional Two-Wheel Tractor (Honda Engine),0000000000000
BERT-BT413S-10,Bertolini BT413S-10 Professional Two-Wheel Diesel Tractor,0000000000000
BERT-BT413S-10E-5,Bertolini BT413S-10E Professional Two-Wheel Diesel Tractor with Electric Start,0000000000000
BERT-BT413S-9H-3,Bertolini BT413S-9H Professional Two-Stage Snow Blower (Honda Engine),
BERT-BT413S-10-3,Bertolini BT413S-10 Professional Two-Stage Snow Blower,
BERT-BT413S-10E-4,Bertolini BT413S-10E Professional Two-Stage Snow Blower (With Electric Start),
MF-TOW-BAR-84CM-299900395-0,Mountfield Tow Bar - for 84cm & 98cm Rear-Collect Tractors | 299900395/0,8008984508446
457946,Masport RRSP 22H Self-Propelled Petrol Rear-Roller Lawnmower (with Honda Engine),
MASP-457945,Masport Rotarola RRSP 18H Self-Propelled Petrol Rear-Roller Lawnmower (with Honda Engine),
LF-76SDE,Lawnflite Mini-Rider 76-SDE Compact Side-Discharge Ride-On Mower with Transmatic Drive,
CC-LR1MR76,Cub Cadet LR1MR76 Compact Rear-Collect Ride-On Mower with Transmatic Drive,
FLY-FSM360VC,Flymo Speedi-Mo 360VC Electric Lawnmower,7391736343046
OM-G53-TK,Oleo-Mac G53-TK Comfort-Plus Self-Propelled Petrol Lawnmower,3000307926666
BERT-BT413S-9H-2,Bertolini BT413S-9H Petrol-Powered Commercial Scythe Mower (Honda Engine),0000000000000
BERT-BT413S-10-2,Bertolini BT413S-10 Diesel-Powered Commercial Scythe Mower,0000000000000
BERT-BT413S-10E,Bertolini BT413S-10E Diesel-Powered Commercial Scythe Mower (with Electric Start),0000000000000
8026619087265,Oleo-Mac Apache 92 EVO Professional V-Twin All-Terrain Mulching Garden Tractor,
8026619087272,Oleo-Mac Apache 92 EVO Professional 4WD V-Twin All-Terrain Mulching Garden Tractor,8026619009007
MF-PRINCESS-38,Mountfield Princess 38 Electric 4-Wheel Roller Lawnmower,8008984843028
MF-PRINCESS-34,Mountfield Princess 34 Electric 4-Wheel Roller Lawnmower,
294386063/M26,Mountfield Princess 38 Li KIT 48v Cordless 4-Wheel Rear-Roller Lawnmower (Inc. Battery & Charger),8008984844018
BERT-BT195,Bertolini BT195 Petrol Front-Tine Cultivator with Reverse Drive,8026619069933
OM-250-TR,Oleo-Mac Sparta 250-TR Low-Emission Curved-Shaft Petrol Grass-Trimmer,
OM-SPARTA-250-S,Oleo-Mac Sparta 250-S Low-Emission Petrol Brushcutter,8026619021955
BERT-BT401S-2,Bertolini BT401S Two-Wheel Rear-Tine Rotary Cultivator (Honda Engine),8026619077273
BERT-BT401S,Bertolini BT401S Petrol-Powered Scythe Mower (Honda Engine),
STIG-Titan-Snow-Chains-13-7914-11,"Stiga Titan Snow Chains 20"" x 10 (13-7914-11)",
STIG-TITAN-PLOUGH-13-7938-11,Stiga Titan 140H Snow Plough Blade (13-7938-11),7313321307097
STIG-Titan-SL90-Spreader-13-7917-13,Stiga Titan SL90 Self-Loading Sand Spreader (13-7917-13),
STIG-TITAN-SPREADER-90,Stiga Titan S90 Sand Spreader (13-7916-12),
STIG-RUBBER-SCRAPER-13-1958-62,Stiga Rubber Scraper Bar for 120cm Snow Blade | 13-1958-62,7313321305727
STIG-13-0977-11,Stiga 100cm Rotary Brush Attachment for Park Front-Cut Ride-On Mowers | 13-0977-11,7313321305086
STIG-RB130H-SWEEPER-13-7912-13,Stiga Titan RB130H Rotary Brush Snow Sweeper (13-7912-13),
STIG-BEACON-13-7933-11,Stiga Titan Beacon Light Kit  (13-7933-11),
STIG-PARK-SSSB-13-0974-11,Stiga Front-Mount Single-Stage Snow Blower for Park Ride-On Mowers | 13-0974-11,7313321305055
EF-DR65-HR-11,Efco DR65-HR11 Professional Flail Mower (Honda Engine),
GW-G40B4,Greenworks 40v/4Ah Lithium-Ion Battery | G40B4,6952909000367
GW-G40C,Greenworks 40v Battery Charger | G40C,6952909062860
BERT-BT405-CULT,Bertolini BT405S Two-Wheel Rear-Tine Rotary Cultivator (Honda Engine),0000000000000
EF-LR53-TK-AR,Efco LR53-TK AllRoad Plus-4 4-in-1 Self-Propelled Petrol Lawnmower,8026619064259
EF-LR53-TBX-AR,Efco LR53-TBX AllRoad Plus-4 4-in-1 Self-Propelled Petrol Lawnmower,
EF-LR-53-EXA-4,Efco LR53-TK Allroad EXA 4 Self-Propelled Lawn Mower,
OM-GS-371,Oleo-Mac GS-371 Petrol Chainsaw (35cm Guide Bar),7426883760061
OM-GS-411,"Oleo-Mac GS-411-3/8 Petrol Chainsaw (41cm Guide Bar with 3/8"" Chain)",8026619068554
OM-GS44,Oleo-Mac GS-440 Petrol Chainsaw (41cm Guide Bar),8026619068554
ST-BG-66-C-E,STIHL BG 66 C-E Handheld Petrol Leaf-Blower,
ST-BR200,STIHL BR200 Backpack Leaf-Blower,000000000000
ST-BR350,STIHL BR350 Petrol Backpack Leaf-Blower,
ST-BR430,STIHL BR430 Backpack Leaf-Blower,
ST-FS411-C-EM,STIHL FS411 C-EM Professional Clearing-Saw,
ST-FS491-C-EM,STIHL FS491 C-EM Professional Clearing Saw,0886661593460
ST-FS560-C-EM,STIHL FS561 C-EM Professional Clearing-Saw,0000000000000
ST-HS46CE,STIHL HS46 C-E Petrol Hedgetrimmer (55cm Blades),0886661401628
ST-HS56-C-E,STIHL HS56 C-E Petrol Hedgetrimmer (60cm Blades),0886661267118
ST-HS82-RC-E,STIHL HS82 RC-E Professional Petrol Hedgetrimmer,0000000000000
ST-HS82-T,STIHL HS82 T Professional Petrol Hedgetrimmer (75cm Blades),
ST-HS87-R,STIHL HS87 R Professional Petrol Hedgetrimmer (75cm Blades),
ST-HS87-T-30,STIHL HS87 T 30 Professional Single-Sided Petrol Hedgetrimmer (75cm Blades),
MD-SAW-HORSE-WITH-CLAMP,MD Saw Horse with Chainsaw Attachment (THSHWCS),
OM-MAX-53TK-PRO,Oleo-Mac MAX 53TK AllRoad Pro Self-Propelled Petrol Lawnmower with Aluminium Deck,3000317184834
LON-LC2000i,Loncin LC2000i Inverter Generator,
LON-LC2500-AS,Loncin LC2500-AS Generator,
LON-LC3000-AS,Loncin LC3000-AS Generator,0000000000000
LON-LC5000D-AS,Loncin LC5000D-AS Generator,
OM-G53-TK-ALLROAD-PLUS-4,Oleo-Mac G53-TK AllRoad Plus-4 4-in-1 Self-Propelled Petrol Lawnmower,3000314210512
OM-G53-THX-ALLROAD-PLUS-4,Oleo-Mac G53-THX AllRoad Plus-4 4-in-1 Self-Propelled Petrol Lawnmower,
MF-34LI-F48,Mountfield Princess 34 Li KIT 48v Cordless 4-Wheel Rear-Roller Lawnmower (Inc. Battery & Charger),8008984843097
MF-HW531-PD,Mountfield HW531-PD 4-in-1 Self-Propelled Lawnmower,8008984854482
MF-MANOR-COMPACT-36,Mountfield Manor Compact 36 V Petrol Front-Tine Cultivator,8008984618893
LON-LC2000i-S,Loncin LC2000i-S Synchronising Inverter Generator,
LON-LC50ZB60-4.5Q,"Loncin LC50ZB60-4.5Q 2"" Petrol Powered High Lift Water Pump",
LON-LC80ZB35-4.5Q,"Loncin LC80ZB35-4.5Q 3"" Petrol Powered Water Pump",
LONCIN-LC80WB30-4.5Q,"Loncin LC80WB30-4.5Q 3"" Petrol Powered Dirty-Water Pump",
LF-60RDE,Lawnflite Mini-Rider 60-RDE Ultra-Compact Rear-Collect Ride-On Mower with Transmatic Drive,
LF-MTD96,Lawnflite MTD96 Side-Discharge Lawn Tractor with Transmatic Drive,
STIHL-BGA86,STIHL BGA 86 Cordless Leaf-Blower (Tool Only),
EF-AR48-TBX,Efco AR48-TBX AllRoad ALU Self-Propelled Petrol Lawnmower with Aluminium Deck,0000000000000
OM-OM93/16K,Oleo-Mac OM93/16K Rear-Collect Lawn Tractor with Hydrostatic Drive,
OM-OM98L/14.5KH,Oleo-Mac OM98L/14.5KH Side-Discharge Lawn Tractor with Hydrostatic Drive,
STIG-291501048/ST2,Stiga Multiclip 550 Hand-Propelled Petrol Mulching Lawnmower,8008984851986
STIG-291503038/ST1,Stiga Multiclip 950 V Self-Propelled Petrol Mulching Lawnmower (with Honda Engine),008984852273
STIG-2F5820421/ST2,Stiga Park 300 Front-Cut Ride-On Lawnmower (Excluding Deck),8008984852235
STIG-2T1220481/ST2,Stiga Tornado 5108 W Side-Discharge V-Twin Garden Tractor with Hydrostatic Drive,
STIG-2T2000481/ST3,Stiga Estate 384 M Rear-Collect Lawn Tractor with Manual Drive,8008984852198
STIG-2T0070481/ST2,Stiga Combi 166 Compact Rear-Collect & Side-Discharge Ride-On Mower with Hydrostatic Drive,8008984852174
MF-299900038/1,Mountfield/Stiga Mulching Plug - for 92cm Rear-Collect Tractors | 299900038/1,7313321302412
STIG-2F6130645/ST2,Stiga Park 500 WX 4WD V-Twin Front-Cut Ride-On Lawnmower (Excluding Deck),8008984852761
STIG-2F6230625/ST2,Stiga Park 900 WX 4WD V-Twin Front-Cut Ride-On Lawnmower (Excluding Deck),8008984852792
STIG-2F6430831/ST2,Stiga Park Pro 900 WX 4WD V-Twin Front-Cut Ride-On Lawnmower (Excluding Deck),
STIG-2F6430931/ST2,Stiga Park Pro 900 AWX 4WD V-Twin Front-Cut Ride-On Lawnmower (Excluding Deck),
STIG-RUBBER-SCRAPER-FOR-140H-SNOW-BLADE,Stiga Titan Rubber Scraper for 140cm Snow Plough (13-7939-11),
STIG-REVERSE-KIT-130H-SWEEPER,Stiga Titan Reverse Kit for RB130H Sweeper (13-7925-11),
STIG-PIVOT-WHEELS-130H-SWEEPER,Stiga Titan Front Wheel Kit for RB130H Sweeper (13-7924-11),
STIG-13-3902-11,Stiga Flail-Mower Attachment (with Electric Height-Adjustment) for Park Front-Cut Ride-On Mowers | 13-3902-11,7313321306663
STIG-LAWN-RAKE,Stiga Lawn-Rake Attachment (with Electric Height-Adjustment) for Park Front-Cut Ride-On Mowers | 13-3901-11,7313321306656
STIG-13-3910-11,Stiga 90cm Front-Mounted Sweeper (with Collector) for Park Front-Cut Ride-On Mowers | 13-3910-11,7313321308629
STIG-PARK-PRO-SAND-FERT-SPREADER,Stiga Tow-Behind Fertiliser & Salt Spreader for Park Pro Front-Cut Ride-On Mowers | 13-1975-14,7313321304492
STIG-PARK-FLAIL-MOWER-AXLE,Stiga Flail-Mower Axle for Park Lawn-Rake Attachment | 13-1985-11,7313321300760
STIG-PARK-LAWN-RAKE-AXLE,Stiga Park Lawn-Rake Axle for Park Flail-Mower Attachment | 13-1986-11,7313321300777
STIG-PARK-ROTARY-BRUSH,Stiga 100cm Rotary Brush Attachment c/w Dust Cover for Park Front-Cut Ride-On Mowers | 13-0977-11 c/w 13-1936-62,
STIG-PARK-PRO-2-STAGE-SNOW-BLOWER,Stiga Front-Mount 2-Stage Snow Blower for Park Pro Front-Cut Ride-On Mowers | 13-0922-12,7313321308094
OM-OM106S/16KH,Oleo-Mac OM106S/16KH Rear-Collect Lawn Tractor with Hydrostatic Drive,3000317291693
OM-OM92S/13H,Oleo-Mac OM92S/13H Rear-Collect Lawn Tractor with Hydrostatic Drive,0000000000000
OM-OM106S/24KH,Oleo-Mac OM106S/24KH Heavy-Duty Rear-Collect V-Twin Garden Tractor with Hydrostatic Drive,1000000554809
OM-OM123/22V,Oleo-Mac OM123/22V Heavy-Duty Rear-Collect V-Twin Garden Tractor with Hydrostatic Drive,8026619068349
STIG-2I0800100/18,Stiga 90cm Tow-Behind Poly Ballast Roller | 2I0800100/18,
STIG-13-3906-11,Stiga 100kg-Capacity Professional Galvanised-Steel Cart | 13-3906-11,7313321307844
STIG-13-0939-61,Stiga 2 x 17kg Axle Frame Weights for Select Park Front-Cut Ride-On Mowers | 13-0939-61,
STIG-13-3911-61,Stiga Lawn-Edger Attachment - for Park Front-Cut Ride-On Mowers | 13-3911-61,7313321308551
STIG-13-3913-11,Stiga 100cm Rear Rake (Lift-Bracket Required) | 13-3913-11,7313321308605
STIG-13-3914-11,Stiga 130cm Rear Rake (Lift-Bracket Required) | 13-3914-11,
STIG-13-3919-11,Stiga Electric Rear-Tool Lift Bracket | 13-3919-11,
STIG-13-3909-11,Stiga Manual Rear-Tool Lift Bracket | 13-3909-11,
STIG-13-3922-61,Stiga 107cm Snow-Blade Attachment for Park Front-Cut Ride-On Mowers | 13-3922-61,7313321309572
STIG-13-3917-61,Stiga 120cm Snow-Blade Attachment for Park Front-Cut Ride-On Mowers | 13-3917-61,
STIG-SNOW-CHAINS-16X6,"Stiga 16"" x 6"" Snow Chains for Park Front-Cut Ride-On Mowers | 13-0940-61",
STIG-13-0936-61,"Stiga 16"" x 7.5"" Snow Chains for Park Front-Cut Ride-On Mowers | 13-0936-61",
STIG-13-0937-61,"Stiga 17"" x 8"" Snow Chains for Park Pro Front-Cut Ride-On Mowers | 13-0937-61",7313321305758
STIG-13-0978-61,Stiga Spring-Tine Hoe for Park Front-Cut Ride-On Mowers | 13-0978-61,7313321305529
STIG-13-3915-11,Stiga Side-Brush for Front-Mounted Sweeper | 13-3915-11,
STIG-RAC-VILLAS,Stiga RAC Quick Connection - for Villa Models | 13-0994-61,
STIG-13-0921-62,Stiga 2 x 13.5kg Axle Frame Weights for Select Park Front-Cut Ride-On Mowers | 13-0921-62,7313321305420
STIG-13-3918-61,Stiga 85cm Rotary Brush Attachment for Park Front-Cut Ride-On Mowers | 13-3918-61,7313321309404
EIN-BG-EM-1030,Einhell BG-EM 1030 Electric Lawnmower,4006825540390
SCH-3MCH,SCH 3MCH Mini Chain Harrow,
SCH-3SSR36,SCH 3SSR36 Mounted Sorrel Roller,
SCH-3WCH5-152,SCH 3WCH5 152 152cm 3 Way Chain Harrow,
SCH-4MPS/125,SCH 4MPS/125 Three Point Linkage Mounted Sprayer 125L,
MTD-OEM-190-180A,MTD/Lawnflite/Cub Cadet Twin-Bag Collector (OEM-190-180A),4008423815849
SC-HDWC-(E),SCH HDWC (E) Water Cart 600 Litre,
ECH-PB-2620,Echo PB-2620 Handheld Petrol Leaf-Blower,
ECH-PB-8010,Echo PB-8010 Backpack Blower,4934110705561
ECH-PB-770,Echo PB-770 Backpack Blower,4934110705066
SCH-TS98,SCH TS98 Heavy-Duty Leaf Sweeper,
LF-76-RDE,Lawnflite Mini-Rider 76-RDE Compact Rear-Collect Ride-On Mower with Manual Drive,
LF-60SDE,Lawnflite Mini-Rider 60-SDE Ultra-Compact Side-Discharge Ride-On Mower with Transmatic Drive,4008423855814
MTD-O53SPBHW,MTD Optima O53SPBHW 3-in-1 Self-Propelled Petrol Lawnmower,
OR-HR662,Orec HR662 Flail Mower,3570521488214
OR-HR812,Orec HR812 Flail Mower,3570522988416
OR-RM882,Orec Rabbit RM882 V-Twin Ride-On Brushcutter with Hydrostatic Drive,9145368952132
OR-RM952,Orec Rabbit RM952 V-Twin Ride-On Brushcutter with Hydrostatic Drive,9145368952149
OR-RM982F,Orec Rabbit RM982F 4WD V-Twin Ride-On Brushcutter with Hydrostatic Drive | Pro Installation,9145368952156
OR-FL500BC,Orec FL500BC Rough-Grass Mower (with Honda Engine),3570521145575
OM-G53-TBX-ALLROAD-PLUS-4,Oleo-Mac G53-TBX AllRoad Plus-4 4-in-1 Self-Propelled Petrol Lawnmower,8026619066291
OM-MAX-53-TK,Oleo-Mac MAX 53TK AllRoad ALU Self-Propelled Petrol Lawnmower with Aluminium Deck,3000314210529
OM-BC-241T,Oleo-Mac BC-241T Ultralight Petrol Brushcutter,8026619060466
EF-MR55-TBD,Efco MR55-TBD Professional Self-Propelled Petrol Lawnmower,0000000000000
EF-MT5200,Efco MT-5200 Professional Petrol Chainsaw (46cm Guide Bar),0810209020651
EF-DS2410S,Efco DS2410-S Petrol Brushcutter,
EF-DS2410T,Efco DS2410-T Petrol Brushcutter,
MANT-4222,Mantis Aerator Attachment | 4222,
MANT-3222,Mantis Lawn-Edger Attachment | 3222,
MANT-6222,Mantis Planter & Furrower Attachment | 6222,
MANT-4333,Mantis Kick-Stand Attachment | 4333,
MANT-3333,Mantis Plough Attachment  | 3333,
MANT-5222,Mantis Dethatcher Attachment | 5222,
MANT-9222,Mantis Wheel-Kit | 9222,
MANT-811005,Mantis Tiller Storage-Rack | 811005,
EF-EH48,Efco EH48 Hedgetrimmer Attachment,0810209021238
EF-EH50,Efco EH50 Hedgetrimmer Attachment,3000314220863
EF-EP90,Efco EP90 Pruner Attachment,3000315102045
EF-EP100,Efco EP100 Pruner Attachment,0000000000000
EF-KA25,Efco KA25 Vacuum Kit - for SA2500 Leaf Blower,0000000000000
BERT-BTR-340H,Bertolini BTR-340H 350kg-Capacity Tracked Transporter (Honda Engine),8026619073022
BERT-BTR-450,Bertolini BTR-450 450kg-Capacity Tracked Transporter (Honda Engine),
MASP-464791,Masport 250 ST SP Combination 3-in-1 Self-Propelled Petrol Lawnmower,9414974658050
MASP-450916,Masport Lawn Edger,9414974509161
MASP-457950,Masport RRSP 18 Self-Propelled Petrol Rear-Roller Lawnmower,
MF-S421R-HP,Mountfield S421R-HP Hand-Propelled Petrol Rear-Roller Lawnmower,8008984817395
SNAP-SPX210,Snapper SPX210 Side-Discharge V-Twin Garden Tractor with Hydrostatic Drive,
SNAP-SPX110,Snapper SPX110 Side-Discharge V-Twin Garden Tractor with Hydrostatic Drive,
STIG-107CM-RUB-SCRAPER,Stiga Rubber Scraper Bar for 107cm Snow Blade | 13-3904-61,7313321307714
MF-TOW-BAR-92,Mountfield/Stiga Tow-Bar - for 92cm Rear-Collect Tractors | 299900081/0,7313321305024
MF-DEFLECTOR-TC102-122,Mountfield/Stiga Rear Deflector - for 92cm/102cm/122cm Tractors | 299900016/0,7313321306823
MF-BUMPER-299900361-0,Mountfield/Stiga Front Bumper - for 98cm & 108cm Tractor Mowers | 299900361/0,8008984564619
MF-299900135/22,Mountfield/Stiga Mulching Plug - for 66cm Ride-On Mowers | 299900135/0,8008984618145
MF-299900036/0,Mountfield/Stiga Mulching Plug - for 72cm Ride-On Mowers | 299900036/0,7313321302405
MF-MULCH-PLUG-NJ102-TRACTORS,Mountfield/Stiga Mulching Plug – for 102cm Rear-Collect Tractors | 299900045/0,7313321301958
MF-299900055/0,Mountfield/Stiga Mulching Plug – for 102cm Rear-Collect Tractors | 299900055/0,7313321306847
MF-MULCH-PLUG-TC122,Mountfield/Stiga Mulching Plug - for 122cm Rear-Collect Tractors | 299900046/0,7313321302191
STIG-DEFLECTOR-99900310-0,Mountfield/Stiga Rear Deflector - for 84cm & 98cm Tractors | 299900310/0,8008984508439
STIG-DEFLECTOR-99900051/0,Mountfield/Stiga Rear Deflector - for 92cm & 102cm Tractors | 299900051/0,7313321305017
STIG-2F6220745/ST2,Stiga Park 700 W V-Twin Front-Cut Ride-On Lawnmower (Excluding Deck),8008984852778
STIG-2F6120545/ST2,Stiga Park 500 Front-Cut Ride-On Lawnmower (Excluding Deck),8008984852242
LF-GTS1300L,Lawnflite-Pro GTS1300L Petrol Chipper-Shredder,5050581002523
MTD-MULCH-PLUG-196-589-678,MTD Mulching-Plug - for 53cm MTD Optima & Cub Cadet Mowers (196-589-678),4008423855920
MTD-O38VO,MTD Optima O38VO Petrol Scarifier,4008423857429
MTD-GCS3800-35,MTD GCS3800/35 Petrol Chainsaw (35cm Guide Bar),4008423857023
MTD-GCS4600-45,MTD GCS4600/45 Petrol Chainsaw (45cm Guide Bar),4008423857047
MTD-ECS1800-35,MTD ECS180035-SSE Electric Chainsaw (35cm Guide Bar),4008423842814
MTD-HT61E-KIT,MTD HT61E-KIT Electric Hedgetrimmer,0000000000000
LF-PRO-REAR-DEFLECTOR-71901-924,Lawnflite-Pro Rear Deflector - for Lawnflite-Pro Rear-Collect Mowers (71901-924),
FLY-FEGPLUS360V,Flymo EasiGlide Plus 360V Electric Hover Mower,7392930542594
MTD-GCS4100-40,MTD GCS4100/40 Petrol Chainsaw (40cm Guide Bar),4008423857030
LF-O35VO,Lawnflite O35VO Petrol Scarifier,
MF-299900385/0,Mountfield/Stiga Tow Bar - for 98cm & 108cm Side-Discharge Tractors | 299900385/0,8008984564626
WS-1111200WR,Wilkinson Sword Carbon-Steel Digging Spade | 1111200WR,
WS-1111201WR,Wilkinson Sword Carbon-Steel Digging Fork | 1111201WR,
WS-1111202WR,Wilkinson Sword Carbon-Steel Border Spade | 1111202WR,
WS-1111203WR,Wilkinson Sword Carbon-Steel Border Fork | 1111203WR,
WS-1111206WR,Wilkinson Sword Carbon-Steel Garden Rake | 1111206WR,5050581001564
WS-1111207WR,Wilkinson Sword Carbon-Steel Lawn Rake | 1111207WR,5050581001571
WS-1111205WR,Wilkinson Sword Carbon-Steel Dutch Hoe | 1111205WR,5050581001557
WS-1111111W,Wilkinson Sword Stainless-Steel Digging Spade | 1111111W,5050581000307
WS-1111112W,Wilkinson Sword Stainless-Steel Digging Fork | 1111112W,5050581000314
WS-1111113W,Wilkinson Sword Stainless-Steel Border Spade | 1111113W,5050581000321
WS-1111114W,Wilkinson Sword Stainless-Steel Border Fork | 1111114W,5050581000338
WS-1111116W,Wilkinson Sword Stainless-Steel Swoe-Style Hoe | 1111116W,5050581000352
WS-1111117W,Wilkinson Sword Stainless-Steel Soil Rake | 1111117W,5050581000369
WS-1111118W,Wilkinson Sword Stainless-Steel Dutch Hoe | 1111118W,5050581000376
ST-HSA-66,STIHL HSA 66 36v Cordless Hedgetrimmer (50cm Blades),
ST-HSA-86-45,STIHL HSA 86 36v Cordless Hedgetrimmer (45cm Blades),
ST-HSA-86-62,STIHL HSA 86 36v Cordless Hedgetrimmer (62cm Blades),
WOLF-RAX,WOLF-Garten RAX Multi-Purpose Scissors,4009269721608
MTD-OPTIMA-46-SPB-HW,MTD Optima 46 SPB HW 3-in-1 Self-Propelled Petrol Lawnmower,4008423855555
MTD-OPTIMA-53-SPH-HW,MTD Optima 53SPH-HW 4-in-1 Self-Propelled Petrol Lawnmower (with Honda Engine),4008423858570
MTD-OPTIMA-53SPB-HW-IS,MTD Optima 53SPBHWIS 3-in-1 Self-Propelled Petrol Lawnmower with Electric Start,4008423865455
MTD-GHT4528,MTD GHT4528 Petrol Hedgetrimmer (with 45cm Blades),4008423872842
WS-1111120W,Wilkinson Sword Stainless-Steel Lawn Rake | 1111120W,5050581000390
EIN-GE-PH-2555-A,Einhell GE-PH 2555-A Petrol Hedgetrimmer with Twist Handle,
STIG-2D5809521/ST2,Stiga Park Combi 95 Q QuickFlip Cutter Deck | 2D5809521/ST2,
STIG-PARK-95-COMBI-EL,Stiga Park Combi 95 Q Plus QuickFlip Cutter Deck | 2D6209521/ST2,
STIG-2D6210021/ST2,Stiga Park Combi 100 Q Plus QuickFlip Cutter Deck | 2D6210021/ST2,8008984832442
STIG-2D6311021/ST2,Stiga Park Combi Pro 110 Q Plus QuickFlip Cutter Deck | 2D6311021/ST2,8008984852860
STIG-2D6312521/ST2,Stiga Park Combi Pro 125 Q Plus QuickFlip Cutter Deck | 2D6312521/ST2,8008984852877
STIG-155H-TITAN-DOD,Stiga 155H Titan DOD Cutter-Deck (13-7825-24),
STIG-2T0785481/ST1,Stiga Estate 792 W Rear-Collect V-Twin Garden Tractor with Hydrostatic Drive,
STIG-2T0940681/ST1,Stiga Estate 9102 W Rear-Collect V-Twin Garden Tractor with Hydrostatic Drive,
STIG-2T0210481/ST2,Stiga Combi 372 Compact Rear-Collect Ride-On Mower with Hydrostatic Drive,8008984852181
ECH-CS-2511WESC,Echo CS-2511WESC Petrol Chainsaw (25cm Guide Bar),4934110705530
ECH-CS-621SX,Echo CS-621SX Petrol Chainsaw (50cm Guide Bar),3666973000071
ECH-CS-362TES-30,Echo CS-362TES Top-Handle Petrol Arborist's Chainsaw (30cm Guide Bar),4934110701969
ECH-CS-362TES,Echo CS-362TES Top-Handle Petrol Arborist's Chainsaw (35cm Guide Bar),0000000000000
ECH-SRM-222ES,Echo SRM-222ES Petrol Brushcutter,4934110710718
ECH-SRM-237TESL,Echo SRM-237TESL High-Torque Petrol Brushcutter,0000000000000
ECH-SRM-3611TU,Echo SRM-3611TU High-Torque Petrol Brushcutter,4934110707831
ECH-SRM-3021TESU,Echo SRM-3021TESU High-Torque Petrol Brushcutter,0000000000000
ECH-SRM-520ESU,Echo SRM-520ESU Petrol Brushcutter,4934110704380
ECH-RM-520ES,Echo RM-520ES Backpack Brushcutter,4934110704649
ECH-SRM-2621TESL,Echo SRM-2621TESL High-Torque Petrol Brushcutter,0000000000000
ECH-SRM-2621TESU,Echo SRM-2621TESU High-Torque Petrol Brushcutter,4934110707732
ECH-SRM-237TESU,Echo SRM-237TESU High-Torque Petrol Brushcutter,4260382996773
ECH-SRM-3021TESL,Echo SRM-3021TESL High-Torque Petrol Brushcutter,0000000000000
ECH-SRM-420TESU,Echo SRM-420TESU High-Torque Petrol Brushcutter,4260382990542
STIG-298471048/ST2,Stiga Multiclip 547 Hand-Propelled Petrol Mulching Lawnmower,008984851962
STIG-298472048/ST2,Stiga Multiclip 547 S Self-Propelled Petrol Mulching Lawnmower,8008984851979
ECH-GT-222ES,Echo GT-222ES Curved-Shaft Petrol Grass-Trimmer,4934110704823
MASP-464778,Masport Widecut 800 AL SP Combination 3-in-1 Self-Propelled Petrol Lawnmower with Aluminium Deck,9414974647788
ECH-HC-2320,Echo HC-2320 Petrol Hedgetrimmer,4934110711098
ECH-HCR-185ES,Echo HCR-185ES Petrol Hedgetrimmer,4934110704748
ECH-PB-265ESLT,Echo PB-2625ESLT Backpack Blower,4260382990719
OM-OM108L/16KH,Oleo-Mac OM108L/16KH Side-Discharge Lawn Tractor with Hydrostatic Drive,3000314274910
SIMP-1695946,Simplicity Mulch-Kit for Regent XL/SLT200 (1695946),
SIMP-1695776,Simplicity Triple-Bag Collector for Regent XL/SLT200 (1695776),
SIMP-1694958,Simplicity Mulch-Kit for Broadmoor SLT300 (1694958),
SIMP-1696358,Simplicity Triple-Bag Collector - for Broadmoor SYT410 & Conquest SYT500 | 1696358,0000000000000
SIMP-1696450,Simplicity Turbo for Broadmoor SLT300 (1696450),
GW-GWG40TL,Greenworks G40TL 40v Cordless Mini-Tiller (Machine Only),6952909001067
EIN-TE-CD-18-2-LI-I,Einhell TE-CD 18-2 LI-I Power X-Change Cordless Hammer Drill | 4513834,4006825614695
FLY-FES300R,Flymo EasiStore 300R Electric 4-Wheel Roller Lawnmower,
SOL-416,Solo 416 Motorised Backpack-Sprayer,4015966416013
SOL-433H,Solo 433H Petrol Backpack Sprayer,4015966433034
STIG-2T2620481/ST2,Stiga Estate 598 Rear-Collect Lawn Tractor with Hydrostatic Drive,
EIN-TE-CD-18-2i,Einhell TE-CD 18-2i Cordless Hammer Drill | 4513790,
OM-GST-250,Oleo-Mac GST-250 Top-Handle Petrol Arborist's Chainsaw (25cm Guide Bar),7426883754978
EIN-5.2AH-BAT,Einhell 18v/5.2Ah Power X-Change Battery | 4511437,
MF-S46-PD-LI,Mountfield S46-PD LI 4-in-1 Power-Driven Cordless Lawnmower,8008984510913
MF-SP505R-V,Mountfield SP505R-V Variable-Speed Petrol Rear-Roller Lawnmower (with Honda Engine),8008984854581
MF-SP555RV,Mountfield SP555R-V Variable-Speed Petrol Rear-Roller Lawnmower (with Honda Engine),8008984854505
MF-287120153/M16,Mountfield MMT 2605 5-in-1 Petrol Multi-Tool,
ST-AP200(2),STIHL AP200 36v 151Wh/4Ah Lithium-Ion Battery,
ST-AP300(2),STIHL AP300 36v 227Wh/6Ah Lithium-Ion Battery,
ST-AL100(2),STIHL AL100 Standard Charger,
ST-AL300(2),STIHL AL300 Quick Charger,0795711413828
ST-AL500(2),STIHL AL500 Super Charger,
CC-XT2-PS107,Cub Cadet XT2PS107 Side-Discharge V-Twin Garden Tractor with Hydrostatic Drive,4008423872286
CC-XT2-PS117,Cub Cadet XT2QS117 Side-Discharge V-Twin Garden Tractor with Hydrostatic Drive,4008423872255
LF-76RDHE,Lawnflite Mini-Rider 76-RDHE Compact Rear-Collect Ride-On Mower with Hydrostatic Drive,
LF-RG145,Lawnflite RG145 Side-Discharge Lawn Tractor with Transmatic Drive,
LF-LG200H,Lawnflite LG200H Side-Discharge V-Twin Garden Tractor with Hydrostatic Drive,4008423859959
OM-G53-VK-ALLROAD-PLUS-4,Oleo-Mac G53-VK AllRoad Plus-4 4-in-1 Variable-Speed Petrol Lawnmower,3000315111245
FLY-FCONTOUR650E,Flymo Contour 650E 3-in-1 Electric Grass-Trimmer,
CC-XT3-QS137,Cub Cadet XT3QS137 Heavy-Duty Side-Discharge V-Twin Garden Tractor with Hydrostatic Drive,4008423872323
LF-HWLT,Lawnflite HWLT Wheeled Trimmer-Mower,
OM-BC241S,Oleo-Mac BC-241S Ultralight Petrol Brushcutter,7426883760382
OM-EH48,Oleo-Mac EH48 Hedgecutter Attachment,
OM-EP100,Oleo-Mac EP100 Pruner Attachment,3000313886336
OM-BC-241HL,Oleo-Mac BC-241HL Heavy-Duty Long-Reach Petrol Hedgecutter,3000317815738
OM-BCH-400T,Oleo-Mac BCH-400T Premium Professional Brushcutter,8026619063719
OM-BC-270S,Oleo-Mac BC-270S Heavy-Duty Petrol Brushcutter,3000317815950
OM-EH50,Oleo-Mac EH50 Hedgecutter Attachment,
OM-BV162,Oleo-Mac BV163 Petrol Backpack Leaf-Blower,8026619078232
RB-EP20,Redback 40v/2Ah Lithium-Ion Battery | EP20,6945372101167
EP40,Redback 40v/4Ah Lithium-Ion Battery | EP40,6945372101174
RB-EP60,Redback 40v/6Ah Lithium-Ion Battery | EP60,6945372101181
RB-EC20,Redback 40v Quick Battery Charger | EC20,6945372101198
RB-EC50,Redback 40v Super-Fast Battery Charger | EC50,6945372101204
RB-E522D,Redback E522D Cordless Hedgetrimmer (Tool Only),
RB-E920D,Redback 40v Cordless Pole-Hedgetrimmer | E920D | Tool Only,4260449124859
RB-EA01,Redback Power Belt for 40v Batteries | EA01,6945372101228
LFP-MZSGTS9999980,Lawnflite-Pro Tow Bar for GTS1300L Chipper,0000000000000
LFP-GT1300CH,Lawnflite-Pro Swivel Chute for GTS1300L Chipper,0000000000000
SIMP-1696072,Simplicity Mulch Kit - Cover Only - for SLT110 | 1696072,0000000000000
SNAP-1695776,Snapper Triple-Bag Collector - for SPX210 | 1695776,0000000000000
SNAP-1695642,Snapper Turbo - for Triple-Bag Collector | 1695642,0000000000000
MF-Mulch-Plug-299900374/0,Mountfield/Stiga Mulching Kit with Blades - for 98cm Rear-Collect Tractors | 299900374/0,8008984510081
MTD-196-749A678,MTD/Lawnflite/Cub Cadet Mulch-Kit (196-749A678),4008423836080
MTD-196-750A678,MTD/Lawnflite/Cub Cadet Rear-Deflector (196-750A678),4008423836097
GW-G40B2,Greenworks 40v/2Ah Lithium-Ion Battery | G40B2,6952909053165
MF-299900370/1,Mountfield/Stiga Mulching Kit with Blades - for 84cm Rear-Collect Tractors | 299900370/1,8008984622265
STIG-283321008/ST2,Stiga BC 740 B Petrol Brushcutter,8008984853911
STIG-SRC-36V,Stiga SRC 36 V Petrol Front-Tine Tiller,8008984821484
LF-196-334-600,MTD/Lawnflite/Cub Cadet Mulch-Kit & Deflector - for 76cm Rear-Collect Ride-On Mowers | 196-334-600,4008423862829
STIG-SMT-226,Stiga SMT-226 Petrol Multi-Tool,8008984636071
ECH-PB-580,Echo PB-580 Backpack Leaf Blower,4934110705035
LF-196-707-678,Lawnflite Mulch-Kit & Deflector (196-707-678),
STIG-287110102/ST2,Stiga GT 330 A Curved-Shaft Petrol Grass-Trimmer,8008984853379
STIG-PRUN-ATTACH-226,Stiga Tree-Pruner Attachment for Split-Shaft Brushcutters | 232511810/15,8008984634688
STIG-HT-ATTACH-226,Stiga Hedgetrimmer Attachment for Split-Shaft Brushcutters | 232511710/15,8008984634671
STIG-287121102/ST2,Stiga BC 330 AB Petrol Brushcutter,8008984853836
STIG-252422008/ST2,Stiga SHT 670 Professional Petrol Hedgetrimmer (60cm Blades),
MASP-464923,Masport 150 ST Combination Hand-Propelled Petrol Lawnmower,9414974649232
MASP-464946,Masport 150 ST SP Combination Self-Propelled Petrol Lawnmower,9414974649461
MASP-482949,Masport 575 AL SP Combination 4-in-1 Self-Propelled Petrol Lawnmower with Aluminium Deck,9414974658395
SNAP-2691705,Snapper RPX310 Rear-Collect V-Twin Garden Tractor with Hydrostatic Drive,
CS-501SX/45,Echo CS-501SX Petrol Chainsaw (45cm Guide Bar),4260382996605
LON-LC3500I,Loncin LC3500I Inverter Generator,
AP-S390H,Apache S390H Petrol Scarifier with Collector (Honda Engine),5055485036759
STIG-2T0985481/ST1,Stiga Estate 9102 WX 4WD Rear-Collect V-Twin Garden Tractor with Hydrostatic Drive,
STIG-2T1835481/ST1,Stiga Tornado 7108 W Side-Discharge V-Twin Garden Tractor with Hydrostatic Drive,8008984852501
2T1950381/ST1,Stiga Tornado 9121 W Side-Discharge V-Twin Garden Tractor with Hydrostatic Drive,
AGFA-45-0546,Agri-Fab Smart-Sweep 132cm Towed Lawn & Leaf Sweeper | 45-0546,4005261310446
AGFA-45-0544,Agri-Fab 102cm Towed Spike-Aerator | 45-0544,
MASP-467779,Masport 575 AL SP Combination 4-in-1 Self-Propelled Petrol Lawnmower with InStart®,
MASP-457954,Masport Rotarola RRSP 18 InStart® Self-Propelled Rear-Roller Lawnmower with Electric Start,
MASP-478751,Masport Contractor 21 3-in-1 Variable-Speed Petrol Lawnmower with Low-Vibration Handlebar,
MM-43PD,MowMaster 43PD-SSEK 3-in-1 Self-Propelled Petrol Lawnmower,
SNAP-SXDCS,Snapper SXDCS 82v Cordless Chainsaw (Tool Only),0047282089064
SNAP-SXDST,Snapper SXDST 82v Cordless Grass-Trimmer (Tool Only),0047282076453
SNAP-SXDHT,Snapper SXDHT 82v Cordless Hedgetrimmer (Tool Only),0047282076750
SNAP-SXDBL,Snapper SXDBL 82v Cordless Leaf-Blower (Tool Only),0047282076484
SNAP-BSB-2AH,Snapper BSB 82v (2Ah) Lithium-Ion Battery,4068201274978
SNAP-BSB-4AH,Snapper BSB 82v (4Ah) Lithium-Ion Battery,0841821019860
SNAP-BRSC,Snapper BRSC 82v Battery Charger,
OM-G53-PK-SD,Oleo-Mac G53-PK SD Comfort Hand-Propelled Petrol Lawnmower with Side-Discharge,
OM-G48-PK-SD,Oleo-Mac G48-PK SD Comfort Hand-Propelled Petrol Lawnmower with Side-Discharge,8026619060558
EF-93/16KH,Efco EF93/16K Rear-Collect Lawn Tractor with Hydrostatic Drive,0000000000000
CC-LR1MS76,Cub Cadet LR1MS76 Compact Side-Discharge Ride-On Mower with Transmatic Drive,
STIG-287220002/ST1,Stiga BC 535 Petrol Brushcutter,
MTD-OEM-190A-116,MTD/Lawnflite/Cub Cadet Mulch-Kit (OEM-190A-116),4008423819632
RB-E142Q-4AH,Redback E142Q-4Ah Cordless Lawnmower (Special Offer),
STIG-1911-9293-01,Stiga 24v Battery Charger | 1911-9293-01,
STIG-SBT4080AE,Stiga SBT4080AE 80v/4.0Ah Battery | 1111-9309-01,
STIG-80V-HARNESS,Stiga 80v Battery Harness,0000000000000
STIG-COLLECTOR-SWS-800G,Stiga Collection Box for SWS 800 G Self-Propelled Sweeper | 290802020/16,8008984640528
STIG-290802030/16,Stiga Front Blade for SWS 800 G Self-Propelled Sweeper | 290802030/16,8008984640542
STIG-SWS-800G,Stiga SWS 800 G Self-Propelled Sweeper,
STIG-SILEX-ROTOV,Stiga Silex Rear-Mounted Rotovator Attachment | 290950020/10,
STIG-SCYTHE,Stiga Silex Double-Bladed Scythe Attachment | 290950030/10,
STIG-SILEX-PLOUGH,Stiga Silex Ridging-Plough Attachment  | 290950060/10,
STIG-BRUSH-COLLECTOR,Stiga Silex Brush & Collector Attachment | 290950040/10,8008984583795
STIG-SILEX-SNOW-BLADE,Stiga Silex Snow-Blade Attachment | 290950050/10,8008984585591
STIG-SILEX-BRUSH,Stiga Silex Brush Attachment | 290950070/10,8008984588592
STIG-EXT-SHAFT-226,Stiga Extension Pole for Split-Shaft Brushcutters | 232511610/16,8008984783256
STIG-240381402/ST1,Stiga CS 540 Petrol Chainsaw (35cm Guide Bar),8008984853461
STIG-240381602/ST1,Stiga CS 540 Petrol Chainsaw (40cm Guide Bar),8008984853478
STIG-240461802/ST1,Stiga CS 750 Petrol Chainsaw (45cm Guide Bar),8008984853522
STIG-240521802/ST1,Stiga CS 755 Petrol Chainsaw (45cm Guide Bar),8008984853553
CC-Z1-137,Cub Cadet Z1137 Zero-Turn Ride-On Mower,4008423874273
CC-Z5-152,Cub Cadet Z5152 Zero-Turn Ride-On Mower,4008423872415
STIG-SWP577,Stiga SWP 577 Hand-Propelled Sweeper,8008984800618
STIG-SWP475,Stiga SWP 475 Hand-Propelled Sweeper,8008984800601
STIG-SWP355,Stiga SWP 355 Hand-Propelled Sweeper,8008984800595
STIG-HPS345R,Stiga HPS 345 R Electric Pressure-Washer,
STIG-HPS235R,Stiga HPS 235 R Electric Pressure-Washer,8008984837478
STIG-HPS550R,Stiga HPS 550 R Electric Pressure-Washer,8008984807396
STIG-HPS650RG,Stiga HPS 650 RG Electric Pressure-Washer,
STIG-2T2100481/ST1,Stiga Estate 384 Rear-Collect Lawn Tractor with Hydrostatic Drive,
SIMP-SZT250,Simplicity Courier™ SZT250 Zero-Turn Ride-On Mower (with Striping Rollers),0000000000000
C-2691696,Simplicity Courier™ SZT350 Zero-Turn Ride-On Mower,
BERT-BTR-1750D,Bertolini BTR-1750D 550kg-Capacity Tracked Transporter (Honda Engine),0000000000000
BERT-BTR-550D,Bertolini BTR-550D 550kg-Capacity Tracked Transporter (Honda Engine),0000000000000
WS-1111219W,Wilkinson Sword Adjustable Lawn-Rake | 1111219W,5050581001700
WOLF-PC145FS,WOLF-Garten PC145FS Folding Pruning-Saw,4008423 867411
WS-1111234WR,Wilkinson Sword Carbon-Steel Draw Hoe | 1111234WR,5050581001977
SNAP-ZTX275,Snapper ZTX275 Zero-Turn Ride-On Mower,3570523427648
SNAP-ZTX350,Snapper ZTX350 Zero-Turn Ride-On Mower,3570523326545
RAC-TDT5070-1,Racing 5070T 4-in-1 Hi-Wheel Self-Propelled Petrol Lawnmower,
HAR-LMG53SHLV-T,Harry LMG53SHLV-T 4-in-1 Variable-Speed Lawnmower,
HAR-LMG46P-B,Harry LMG46P-B 3-in-1 Hand-Propelled Petrol Lawnmower,
HAN-HP-120,Handy Fuel Mixing-Bottle,
HAN-HP-144,Handy 500ml 2-Stroke Mineral Oil,0000000000000
OIL-2STOKE500ML,500ml 2-Stroke Semi-Synthetic Oil,
HAN-HP-177,Handy 500ml Chainsaw Chain-Oil,
HAN-CS-OIL-5-LITRES,Handy 5-litres Chainsaw Chain-Oil,
HAN-HP-199,Handy Sure-Start Fuel Additive - 250ml,
HAN-HP-140,Handy 600ml SAE30 Lawnmower Engine-Oil,0000
HAN-HP-142,Handy 5-litres SAE30 4-Stroke Engine Oil,
HAN-HP-195,Handy 600ml 10W/30 4-Stroke Engine Oil,0000000000000
RB-E137C-MOWER-ONLY,Redback 40v/37cm Hand-Propelled Cordless Lawnmower | E137C | Machine Only,6945372101105
ZOM-BAT-CHARGER,Zomax 58v Battery Charger,0660042457066
ZOM-58V-2AH,Zomax 58v/2Ah Lithium-Ion Battery,
ZOM-58V-4AH,Zomax 58v/4Ah Lithium-Ion Battery,
ZOM-DC501-58V,Zomax DC501 58v Cordless Chainsaw | 40cm Guide-Bar (Tool Only),
ZOM-DG511-58V,Zomax DG511 58v Cordless Grass-Trimmer (Tool Only),0660042457035
ZOM-DB521-58V,Zomax DB521 58v Cordless Leaf-Blower (Tool Only),
ZOM-DH531-58V,Zomax DH531 58v Cordless Hedgetrimmer (Tool Only),0660042457028
TCK-LEAF-COLLECTOR,TCK Leaf-Collector Attachment for Lawnmowers,
RB-E142CV,Redback E142CV 40v Self-Propelled Cordless Lawnmower (Tool Only),0000000000000
RB-E146CVSET,Redback 40v/46cm Self-Propelled Cordless Lawnmower | E146CVSET,6945372102447
RB-E148CVSET,Redback 40v/48cm Self-Propelled Cordless Lawnmower | E148CVSET,4260586991727
HAY-LAWNMOWER-COVER,Hayter Lawnmower Cover,
EPB-19A30018100,Cub Cadet Triple-Bag Collector - for XT3QS127 & XT3QS137 (19A30018100),
CC-Z7183,Cub Cadet Z7183 Pro Zero-Turn Ride-On Mower,4008423881929
CUB-19A70040100,Cub Cadet Triple-Bag Collector - for XZ3122 (19A70040100),43033565054
MF-SP53H,Mountfield SP53 Elite 3-in-1 Self-Propelled Petrol Lawnmower (with Honda Engine),8008984843349
MF-SP53,Mountfield SP53 3-in-1 Self-Propelled Petrol Lawnmower,8008984843400
RAC-5096-AC,Racing 5096-AC 4-in-1 Hi-Wheel Self-Propelled Petrol Lawnmower,
RAC-4001T,Racing 4001T 4-in-1 Self-Propelled Petrol Lawnmower,
RAC-4KIT-B,Racing 4KIT-B 4-in-1 Petrol Multi-Tool,3661602012395
RAC-4545PCS-1,Racing 4545PCS-1 Petrol Chainsaw (45cm Guide Bar),
RAC-53PCS-1,Racing 53PCS-2 Petrol Chainsaw (50cm Guide Bar),3661602008763
RAC-26PHT-2,Racing 26-PHT Petrol Hedgetrimmer with Rotating Handle,3661602008787
RAC-42PB-2,Racing 42PB Petrol Brushcutter,
RAC139PTIL,Racing 139PTIL63 Petrol Front-Tine Tiller,3661602011428
TRT4645ORG-1,TCK TRT4645ORG-1 Petrol Chainsaw with Free Starter-Kit (45cm Guide Bar),
BVT50-A,TCK BVT50-A Petrol Chipper-Shredder,
TRT53BE,TCK TRT53BE Petrol Chainsaw (50cm Guide Bar),
FST212,Feider FST212 Petrol Lawn Scarifier,3661602022424
MF-2T2005403/CAS,SLIGHTLY USED - Mountfield MTF 84 M Rear-Collect Lawn Tractor with Manual Drive,
RAC-62PR,Racing 62PR Ultra-Compact Rear-Collect Ride-On Mower with Manual Drive (Key Start),3661602023759
FRT7550M,Feider FRT-7550M Compact Rear-Collect Ride-On Mower with Manual Drive,3661602023780
AGFA-45-0533,Agri-Fab 295kg-Capacity Poly Tipping-Cart | 45-0533,52613105429
AGFA-45-0532,Agri-Fab 39kg-Capacity Pro Hand-Propelled Broadcast Spreader | 45-0532,0052613104804
FBT400,Feider FBT400 Heavy-Duty Petrol Chipper-Shredder,
TCK-GOF,TCK Gofer 2-in-1 Petrol Mini Tiller & Wheeled Grass-Trimmer,3661602011954
2L0486038/M19,Mountfield SP46 Elite 3-in-1 Self-Propelled Petrol Lawnmower (with Honda Engine),8008984816169
MF-HP42,Mountfield HP42 Hand-Propelled Petrol Lawnmower,8008984815858
MF-SP42,Mountfield SP42 Self-Propelled Petrol Lawnmower,8008984815865
FRT75BS125,Feider FRT75BS125  Rear-Collect Ride-On Mower with Manual Drive & Briggs Engine,
MF-SP46,Mountfield SP46 Self-Propelled Petrol Lawnmower,8008984839090
RAC-1440ET,Racing 1440ET Electric Mini-Tiller,3661602014917
RAC3000EB,Racing 3000EB Electric Blower-Vac,3661602009180
SIMP-SLT110,Simplicity Regent SLT110 Side-Discharge V-Twin Garden Tractor with Hydrostatic Drive,9145368986595
OM-OM103/16K,Oleo-Mac OM103/16K Rear-Collect Lawn Tractor with Hydrostatic Drive,8026619068318
SIMP-1696073,Simplicity Twin-Bag Collector - Fits Regent XL/SLT110 & SLT175 | 1696073,
FD-FTDT461ZT,Feider FTDT461ZT Self-Propelled 4-in-1 Zero-Turn Petrol Lawnmower,3661602040220
HYU-HY-M400P,Hyundai 99cc/40cm Hand-Propelled Petrol Lawnmower | HYM400P,600231974073
HYU-HY-M430SP,Hyundai 139cc/42cm 3-in-1 Self-Propelled Petrol Lawnmower | HYM430SP,600231973991
HYU-HY-M460SP,Hyundai 139cc/46cm 4-in-1 Self-Propelled Petrol Lawnmower | HYM460SP,
HYU-HY-M460SPE,Hyundai 139cc/46cm 4-in-1 Self-Propelled Petrol Lawnmower with Electric Start | HYM460SPE,
FNY003,Nylon Round Trimmer-Line  - Replacement Strimmer Line - 1.6mm x 15m - JR FNY003,3760011421580
FNY005,Nylon Round Trimmer-Line -Replacement Strimmer Line -  2mm x 15m -JR FNY005,3760011421603
FNY020,Premium Round Nylon Trimmer-Line - Replacement Strimmer Line - 2.4mm x 87m-  JR FNY020,3760011421757
FNY022,Premium Round Trimmer-Line- Replacement Strimmer Line - 3mm x 56m -JR FNY022,3760011421771
FNY024,JR FNY024 3.3mm x 45m Premium Round Nylon Trimmer-Line,
FNY035,Square Nylon Trimmer-Line - Replacement Strimmer Line - 1.6mm x 89m -JR FNY035,3760011421900
FNY037,Square Nylon Trimmer-Line -Replacement Strimmer Line  - 2mm x 65m - JR FNY037,3760011421924
FNY038,Square Nylon Trimmer-Line - Replacement Strimmer Line -  2.4mm x 12m - JR FNY038,3760011421931
FNY039,Square Nylon Trimmer-Line - Replacement Strimmer Line - 2.4mm x 45m - JR FNY039,3760011421948
FNY040,Square Nylon Trimmer-Line - Replacement Strimmer Line - ( 3mm x 9m ) JR FNY040,3760011421955
FNY042,Square Nylon Trimmer-Line - Replacement Strimmer -  3.3mm x 9m - JR FNY042,3760011421979
FNY044,Square Nylon Trimmer-Line - Replacement Strimmer Line - 4mm x 9m - JR FNY044,3760011421993
HYU-HY-M510SP,Hyundai 196cc/51cm 4-in-1 Self-Propelled Petrol Lawnmower | HYM510SP,
HYU-HY-M510SPE,Hyundai 196cc/51cm 4-in-1 Variable-Speed Petrol Lawnmower with Electric Start | HYM510SPE,
TFN012,Universal Aluminium Trimmer-Head for 30cc+ Brushcutters - Suitable for 3.3 to 4.7mm Line -JR TFN012,3760011422891
TFN002,Twin-Line Tap & Go Cutter-Head for 30-35cc Brushcutters - Contains 2.4mm Round Line - JR TFN002,3760011422792
TFN004,Pro Twin-Line Tap & Go Cutter-Head for 30-35cc Brushcutters -  2.4mm Round Line - JR TFN004,
TFN005,13cm Twin-Line Tap & Go Cutter-Head for 30-35cc Brushcutters - Contains 2.4mm Round Line- JR TFN005,3760011422822
TFN040,Twin-Line Tap & Go Cutter-Head for 30-35cc Brushcutters - Contains 2.4mm Round Line - JR TFN040,3760011423058
TFN041,Universal Pro Combi Quad Line-Head with Blade for 35-50cc Brushcutters - JR TFN041,3760011423157
TFN042,Universal Pro Combi Quad Line-Head with Blade for 30-40cc Brushcutters - JR TFN042,3760011423164
TFN045,Twin-Line Tap & Go Cutter-Head for 30-35cc Brushcutters - Contains 2.4mm Round Line - JR TFN045,3760011423195
DDS001,2-Tooth Metal Brushcutter-Blade  - JR DDS001,3760011421290
DDS002,2-Tooth Metal Brushcutter-Blade - JR DDS002,3760011421306
DDS004,3-Tooth Metal Brushcutter-Blade - JR DDS004,3760011421313
DDS005,3-Tooth Metal Brushcutter-Blade - JR DDS005,3760011421320
DDS007,3-Tooth Metal Brushcutter-Blade -,3760011421337
DDS008,3-Tooth Metal Brushcutter-Blade JR DDS008,3760011421344
DDS009,4-Tooth Metal Brushcutter-Blade - JR DDS009,3760011421351
DDS010,4-Tooth Metal Brushcutter-Blade - JR DDS010,3760011421368
DDS012,8-Tooth Metal Brushcutter-Blade - JR DDS012,
DDS013,8-Tooth Metal Brushcutter-Blade - JR DDS013,
DDS015,60-Tooth Metal Brushcutter-Blade  -  25.5cm x 1.4mm - JR DDS015,3760011421399
DDS016,80 Tooth Metal Brushcutter-Blade -  25.5cm x 1.9mm -  JR DDS016,
PRT001,Professional Ear-Protectors - JR PRT001,3760011422570
PRT002,Ear Protectors  JR PRT002,3760011422587
PRT003,Transparent Protection-Visor- JR PRT003,3760011422594
PRT004,Mesh Protection-Visor - JR PRT004,3760011422600
PRT010,Professional Transparent Protection-Visor with Flip-Up Screen - JR PRT010,3760011422662
PRT007,Professional Mesh Protection-Visor with Flip-Up Screen -JR PRT007,
PRT014,Mesh Protection-Visor with Ear Defenders - JR PRT014,3760011422709
PRT021,Garden Safety-Kit - JR PRT021,3760011424710
PRT016,"Safety-Kit  JR PRT016 - Suited to Chainsaw, brushcutter or Log Splitter users",3760011422723
PRT011,Full Forest-Helmet- JR PRT011,3760011422679
PRT015,Protective Chainsaw-Leggings - JR PRT015,3760011422716
CG001,"JR CG001 Guide-Bar & Chain Combi-Pack 3/8"" P 1.3mm (25cm / 40 Links)",3760011420613
CG002,"JR CG002 Guide-Bar & Chain Combi-Pack 3/8"" P 1.3mm (30cm / 44 Links) -JR CG002",3760011420620
CG003,"JR CG003 Guide-Bar & Chain Combi-Pack 3/8"" P 1.3mm (30cm / 45 Links)",3760011420637
CG004,"Guide-Bar & Chain Combi-Pack 3/8"" P 1.3mm (35cm / 50 Links)",
CG005,"Guide-Bar & Chain Combi-Pack 3/8"" P 1.3mm (35cm / 50 Links)  JR CG005",3760011420651
CG006,"Guide-Bar & Chain Combi-Pack 3/8"" P 1.3mm (35cm / 52 Links) - JR CG006",3760011420668
CG007,"Guide-Bar & Chain Combi-Pack 3/8"" P 1.3mm (40cm / 57 Links) - JR CG007",3760011420675
CG008,"Guide-Bar & Chain Combi-Pack 3/8"" P 1.3mm (40cm / 56 Links) - JR CG008",3760011420682
CG009,"Guide-Bar & Chain Combi-Pack 3/8"" P 1.3mm (40cm / 56 Links) - JR CG009",3760011420699
CG011,"Guide-Bar & Chain Combi-Pack 3/8"" P 1.3mm (45cm / 62 Links) - JR CG011",3760011420712
CG012,"Guide-Bar & Chain Combi-Pack 0.325"" P 1.6mm (40cm / 62 Links) - JR CG012",3760011420729
CG013,"Guide-Bar & Chain Combi-Pack 0.325"" P 1.5mm (38cm / 64 Links) - JR CG013",
CG014,"Guide-Bar & Chain Combi-Pack 0.325"" P 1.4mm (45cm / 72 Links) - JR CG014",
CT00,"JR CT00 Chainsaw Chain 0.250"" P 1.3mm (25cm / 60 Links)",3760011420842
CT01,"Chainsaw Chain 3/8"" P 1.1mm (20cm / 33 Links)- JR CT01",
CT02,"Chainsaw Chain 3/8"" P 1.1mm (20cm / 33 Links)- JR CT02",
CT03,"JR CT03 Chainsaw Chain 3/8"" P 1.1mm (30cm / 44 Links)",3760011420873
CT04,"JR CT04 Chainsaw Chain 3/8"" P 1.1mm (35cm / 50 Links)",3760011420880
CT05,"JR CT05 Chainsaw Chain 3/8"" P 1.1mm (35cm / 52 Links)",3760011420897
CT06,"JR CT06 Chainsaw Chain 3/8"" P 1.3mm (25cm / 40 Links)",3760011420903
CT07,"JR CT07 Chainsaw Chain 3/8"" P 1.3mm (30cm / 44 Links)",3760011420910
CT09,"JR CT09 Chainsaw Chain 3/8"" P 1.3mm (30cm / 47 Links)",3760011420934
CT10,"JR CT10 Chainsaw Chain 3/8"" P 1.3mm (35cm / 49 Links)",3760011420941
CT11,"JR CT11 Chainsaw Chain 3/8"" P 1.3mm (35cm / 50 Links)",3760011420958
CT12,"JR CT12 Chainsaw Chain 3/8"" P 1.3mm (35cm / 52 Links)",3760011420965
CT13,"JR CT13 Chainsaw Chain 3/8"" P 1.3mm (40cm / 54 Links)",3760011420972
CT14,"JR CT14 Chainsaw Chain 3/8"" P 1.3mm (40cm / 55 Links)",3760011420989
CT15,JR CT15 40cm Chainsaw Chain (56 Links),3760011420996
CT16,"JR CT16 Chainsaw Chain 3/8"" P 1.3mm (40cm / 57 Links)",3760011421009
CT17,"JR CT17 Chainsaw Chain 3/8"" P 1.3mm (40cm / 57 Links)",3760011421016
CT18,"JR CT18 Chainsaw Chain 3/8"" P 1.3mm (45cm / 62 Links)",3760011421023
CT26,"JR CT26 Chainsaw Chain 0.325"" P 1.5mm (45cm / 72 Links)",3760011421108
CT27,"JR CT43 Chainsaw Chain 0.325"" P 1.5mm (50cm / 76 Links)",3760011421115
CT28,"JR CT28 Chainsaw Chain 0.325"" P 1.5mm (55cm / 86 Links)",3760011421122
CT38,"JR CT38 Chainsaw Chain 3/8"" P 1.5mm (45cm / 68 Links)",
CT41,"JR CT41 Chainsaw Chain 3/8"" P 1.6mm (40cm / 60 Links)",
CT44,"Chainsaw Chain 3/8"" P 1.6mm (43cm / 60 Links) -JR CT44",3760011421283
HAR001,Brushcutter Shoulder-Harness (Single) - JR HAR001,3760011423317
HAR002,Quick-Release Brushcutter Shoulder-Harness (Single) - JR HAR002,
HAR003,Quick-Release Brushcutter Shoulder-Harness (Double) - JR HAR003,3760011423331
HAR004,Quick-Release Brushcutter Shoulder-Harness for Left-Handers (Double)- JR HAR004,
HAR005,Comfort Plus Brushcutter Shoulder-Harness (Double) - JR HAR005,3760011423270
HAR006,Comfort Pro Brushcutter Shoulder-Harness (Double) - JR HAR006,
HAR007,Comfort Pro Brushcutter Shoulder Harness (Double) - JR HAR007,3760011423294
HAR008,Comfort Pro Brushcutter Shoulder-Harness (Double) - JR HAR008,3760011423300
JR-BC001,Protective Cover for Lawnmowers - JR BCH001,
BCH002,Protective Cover for Ride-on Mowers - Medium - JR BCH002,
C-BCH003,JR BCH003 Protective Cover for 102cm+ Tractor Mowers,3760011424536
BCH004,Protective Cover for Generators - JR BCH004,3760011424543
BCH005,Protective Cover for Snow Throwers- JR BCH005,3760011424550
EF-LR53VK,Efco LR53-VK AllRoad Plus-4 4-in-1 Self-Propelled Petrol Lawnmower with Variable-Speed Drive,8026619064273
HYU-HY-SC210,Hyundai 212cc/40cm Petrol Lawn Scarifier | HYSC210,
HYU-HY-M430SPE,Hyundai 139cc/42cm 3-in-1 Self-Propelled Petrol Lawnmower with Electric Start | HYM430SPE,5056275704339
ENG-THEN,Energizer® THEN 40v Cordless Hedgetrimmer (Tool Only),
ENG-TDE-40N,Energizer® TDE-40N 40v 3-in-1 Cordless Lawnmower (Inc. Battery & Charger),3661602048844
ENG-TDE-46N,Energizer® TDE-46N 40v 4-in-1 Hi-Wheel Cordless Lawnmower (Inc. Battery & Charger),3661602023360
ENG-BA4,Energizer® BA4 40v Lithium-Ion Battery,3661602023384
EZ40VCH-UK,Energizer® CHUK 40v Battery Charger,3661602023407
PRIM-JR-200,Primo Oval JR200 Ceramic BBQ Grill Starter Package (Code 7740),
FD-TR4870,Feider TR4870 Variable-Speed Petrol Rear-Roller Lawnmower,3661602024251
FD-TR5220,Feider TR5220 Variable-Speed Petrol Rear-Roller Lawnmower,3661602024268
STIG-294513548/ST1,Stiga Twinclip 950 VE 4-in-1 Variable-Speed Petrol Lawnmower with Electric Start,8008984852709
STIG-294568038/ST2,Stiga Twinclip 955 B Self-Propelled Petrol Lawnmower with Blade-Brake Clutch & Honda Engine,8008984852723
HYU-HY-M530SPER,Hyundai Self-Propelled 196cc/53cm Petrol Roller Lawnmower with Electric Start | HYM530SPER,5056275717797
ZOM-DM541,Zomax DM541 58v Cordless Variable-Speed Lawnmower (Inc. Batteries & Charger),0000000000000
ZOM-DP551,Zomax DP551 58v Cordless Pole-Saw (Tool Only),0660042457004
ZOM-DP552,Zomax DP552 58v Long-Reach Cordless Hedgetrimmer (Tool Only),0000000000000
TAN-B4-9-1.6,Tanaka Brushcutter Blade (B4/9/1.6),
LA-LFS700,Prestige Large Round Firepit,
LA-LFS702,Prima Steel FireBowl,
LA-LFS706,Hestia Firepit,
LA-LFS703,Signa Fire-Basket with BBQ Grill,
LA-LFS750,Earth Fire Globe,
LA-LFS751,Deer Fire Globe,
LA-LFS105,Explorer Steel-Barrel Charcoal BBQ,
LA-BA0017C,"17"" Kettle Charcoal BBQ",
LA-BA0022A,"22"" Kettle Charcoal BBQ C/W Wheels",
LA-LFS253,Half-Barrel Charcoal BBQ,
OLY-39-014,"Olympia 14"" Bolt Cutter, Centre Cut - (39-014)",0025997390149
OLY-64-011,Roughneck Micro-Pick/Mattock with Fibreglass Handle | 64-011,0025997640114
OLY-64-396,Big Mutt Pro Multi-Purpose Scraper with Wooden Handle | 64-396,0025997643962
OLY-64-398,"Big MUTT Pro with 9""x7"" Blade and 64"" Steel Handle",
OLY-64-400,"Gorilla 14"" & 24"" Bar Set  - 64-400",0025997644006
OLY-64-562,Roughneck Telegraph-Pole Digger Bar | 64-562,
OLY-64-585,Roughneck Bent-Tip Digger Bar | 64-585,0025997645850
OLY-65-504/001,Roughneck Wood Grenade Log-Splitting Wedge | Single Pack | 65-504/001,0025997655040
OLY-65-644,Roughneck Axe with Double-Injected Fibreglass Handle | 65-644,0025997656443
OLY-65-690,Roughneck 'Logger's Mate' Saw Bench | 65-690,0025997656900
OLY-65-908,Gorilla Sledge Hammer 8lb,0025997659086
OLY-65-910,Roughneck ‘Gorilla’ 4.5kg/10lbs Sledgehammer | 65-910,
OLY-66-812,Roughneck 30cm Bow Hacksaw with Additional HSS Blade | 66-812,0025997668125
OLY-66-821,Roughneck 53cm Pointed-Tip Bow Saw with Small Straight Teeth | 66-821,0025997668217
OLY-66-822,Roughneck 53cm Standard-Tip Bow Saw with Small Straight Teeth | 66-822,0025997668224
OLY-66-824,"Roughneck 24"" Bow Saw fitted with Small Straight Teeth",0025997668248
OLY-66-830,Roughneck 76cm Standard-Tip Bow Saw with Small Straight Teeth | 66-830,0025997668309
OLY-66-840,Roughneck 30cm Green-Wood Bow-Saw Blade with Big Raker Teeth | 66-840,02599766840 8
OLY-66-842,Roughneck 53cm Green-Wood Bow-Saw Blade with Big Raker Teeth | 66-842,0025997668422
OLY-66-844,Roughneck 61cm Green-Wood Bow-Saw Blade with Big Raker Teeth | 66-844,0025997668446
OLY-66-852,Roughneck 53cm Seasoned-Wood Bow-Saw Blade with Small Straight Teeth | 66-852,0025997668521
OLY-66-854,Roughneck 61cm Seasoned-Wood Bow-Saw Blade with Small Straight Teeth | 66-854,
OLY-66-856,Roughneck 76cm Seasoned-Wood Bow-Saw Blade with Small Straight Teeth | 66-856,
OLY-67-755,Roughneck Small Post-Hole Rammer | 67-755,0025997677554
OLY-68-006,Roughneck Square-End Micro Shovel | 68-006,002599680066
OLY-68-008,Roughneck Micro Garden-Fork | 68-008,0025997680080
OLY-68-146,"Roughneck Square Point Shovel 36"" D- Handle (68-146)",025997681469
OLY-68-260,Roughneck Auger-Type Post-Hole Digger | 68-260,0025997682602
LA-LFS500,Portable Camping Gas BBQ,
LA-LFS687Q,Cuba 2-Burner Gas BBQ c/w Side Shelves,
LA-LFS684,St Vincent 3+1 Burner Gas BBQ c/w Side Burner,
LA-LFS688BLK,Grenada 4+1 Burner Gas BBQ c/w Side Burner,
LA-LFS680,Bahama Stainless-Steel Gas BBQ Island,
LA-LFS683,Dominica 5 +1 Burner Gas BBQ c/w Side Burner,
RAC-30PB-1,Racing 30PB Petrol Brushcutter,
EZ40VTREN,Energizer® TREN 40v Cordless Chainsaw (Tool Only),3661602023339
EZ40VSEN,Energizer® SEN 40v Cordless Leaf-Blower (Tool Only),3661602023322
EZ40VELPN,Energizer® ELPN 40v Cordless Pole-Saw (Tool Only),3661602023315
FD-T5175ES,Feider T5175ES 4-in-1 Hi-Wheel Self-Propelled Petrol Lawnmower with Electric Start,3661602025494
FD-T4640ES,Feider T4640ES 4-in-1 Self-Propelled Petrol Lawnmower with Electric Start,3661602025500
FD-BTR55,Feider BTR55 Mini Wheeled Grass-Trimmer,3661602025517
FD-TD55,Feider TD55 Backpack Leaf Blower,3661602025524
FD-BRE40V,Feider BRE40V Battery-Powered Electric Wheelbarrow,3661602025722
C-FAST175P,Feider FAST175P Hand-Propelled Wheeled Garden Vacuum,3661602025692
C-FAST175T,Feider FAST175T Self-Propelled Wheeled Garden Vacuum,3661602025678
C-FSC,Feider Powered Rake Attachment (for FAST175T Garden Vacuum),3661602025630
C-FBR,Feider Powered Brush Attachment (for FAST175T Garden Vacuum),3661602025616
FD-FTU,Feider Hose Kit (for FAST175 Garden Vacuums),3661602025654
FD-FT200,Feider FT200 Scythe-Bar Mower,3661602025913
FBVES2800-UK,Feider FBVES2800 Electric Garden Shredder,3661602025975
FBT220,Feider FBT220 Petrol Chipper-Shredder,3661602025876
C-FBT270,Feider FBT270 Petrol Chipper-Shredder,3661602025883
SMP-SAPPHIRE54GREEN,Sapphire 5x4 Metal Apex Green Shed,
SMP-SAPPHIRE54ANTH,Sapphire 5x4 Metal Apex Anthracite Shed,5055280405699
SMP-SAPPHIRE64GREEN,Sapphire 6x4 Metal Apex Green Shed,5055280405705
SMP-SAPPHIRE64ANTH,Sapphire 6x4 Metal Apex Anthracite Shed,5055280405712
SMP-SAPPHIRE86GREEN,Sapphire 8x6 Metal Apex Green Shed,5055280405743
SMP-SAPPHIRE86ANTH,Sapphire 8x6 Metal Apex Anthracite Shed,5055280405750
SMP-SAFFRONAPEX88,Saffron 8x8 Vinyl Shed,5055280400663
SMP-SAFFRONLEANTO48,Saffron 4x8 Vinyl Lean To Shed,
SMP-LFT745,Lifetime 7x4.5 Heavy Duty Plastic Shed,5055280403312
SMP-LFT85,Lifetime 8x5 Heavy Duty Plastic Shed - NEW EDITION,
SMP-LFT875,Lifetime 8x7.5 Heavy Duty Plastic Shed - SPECIAL EDITION,
SMP-LFT810SPECIAL,Lifetime 10x8 Heavy Duty Plastic Shed - Single Entrance NEW EDITION,5055280404760
SMP-LFT8125SPECIAL,Lifetime 12.5' x 8' Heavy Duty Plastic Shed - NEW EDITION,5055280404883
SMP-LFT815SPECIAL,Lifetime 15 x 8 Heavy Duty Plastic Shed - Single Entry,5055280404258
FRE7050,Feider FRE7050 Battery-Powered Electric Ride-On Mower,3661602023971
FD-FBE-4T,Feider FBE-4T 4-Ton Electric Log-Splitter,3661602025869
FD-FBE-5TS,Feider FBE-5TS 5-Ton Electric Log-Splitter with Stand,3661602025845
FD-FBE-7TS,Feider FBE-7TS 7-Ton Electric Log-Splitter with Stand,3661602025821
FBT420,Feider FBT420 Petrol Chipper,3661602025890
FD-FBE-8T100,Feider FBE-8T100 8-Tonne Electric Log Splitter,3661602025807
FBAE200-2,Feider FBA-E200 Self-Propelled Powered Snow & Leaf Sweeper,
FBAE200ES-2,Feider FBA-E200ES Self-Propelled Powered Sweeper with Electric Start,3661602025937
FCOL,Feider FCOL Collection Box (for FBA-E200/ES Sweeper),
FPEL,Feider FPEL Dozer-Blade Attachment (for FBA-E200/ES Sweeper),3661602025961
FTDNT,Feider FTDNT 2-Stage Snow-Blower Attachment (for FBA-E200/ES Sweeper),3661602025944
FD-FBT-10T100,Feider FBT-10T100 10-Tonne Petrol Log-Splitter,3661602025784
HYU-HY-W3000P2,Hyundai 212cc/2800psi Petrol Pressure-Washer | HYW3000P2,
RAC-4000P-LA,Racing 4000P Hand-Propelled Petrol Lawnmower,
EZ20VCBC-UK,Energizer® CBC 20v 2-in-1 Cordless Grass-Trimmer & Lawn Edger (Inc. Battery & Charger),3661602042255
EZ20VELPC-UK,Energizer® ELPC 20v Cordless Pole-Saw (Inc. Battery & Charger),3661602042231
EZ20VSEC-UK,Energizer® SEC 20v Cordless Leaf-Blower (Inc. Battery & Charger),3661602024787
EZ20VTHC-UK,Energizer® THC 20v Cordless Hedgetrimmer (Inc. Battery & Charger),3661602024749
EZ20VTHPC-UK,Energizer® THPC 20v Cordless Long-Reach Hedgetrimmer (Inc. Battery & Charger),
2033,Feider TR4870 Variable-Speed Rear-Roller Lawnmower | Refurbished Model,
STIG-2T0610481/ST1,Stiga Tornado 398 Side-Discharge Lawn Tractor with Hydrostatic Drive,
OR-SH71H,Orec SH71H Professional Field & Brush Mower,
HAR-BC220SS,Harry BC220SS Petrol Brushcutter,0000000000000
FAST200T,Feider FAST200T 2-Speed Industrial-Duty Leaf & Litter Vacuum (Hard Surface),3661602026330
OR-HR531,Orec HR531 Flail Mower,3570521316364
JR-PTR006,Protective Goggles - JR PTR006,
JR-PTR008,Protective Glasses - JR PTR008,
JR-DDS020,Weeder Disc for Brushcutters  JR DDS020 (  230mm),3760011423379
JR-DDS021,Weeder Disc for Brushcutters (255mm )- JR DDS021,
JR-TFN039,Universal Aluminium Trimmer Head with 3mm Line - JR TFN039,3760011423041
JR-TFN047,Universal Eco Combi Quad Line-Head with Blade for 30cc Brushcutters- JR TFN047,3760011424697
JR-TFN046,Replacement Blade (for TFN047 Line-Head) -JR TFN046,3760011424703
JR-TFN043,Replacement Blade (for TFN041 Line-Head)- JR TFN043,
JR-TFN044,Replacement Blade (for TFN042 Line-Head) - JR TFN044,
JR-PRT005,Professional Lift-Up Brushcutter Visor with Dual Shield - JR PRT005,
JR-BOU001,Spark Plug - JR BOU001 ( Equivalent to CHAMPION RJ19LM OR NGK BR21LM),3760011423485
BOU004,Spark Plug - JR BOU004 ( Equivalent to NGK BPR5ES OR CHAMPION RN11YC),3760011423515
SNAP-ZTX105,Snapper ZTX105 Zero-Turn Ride-On Mower,3570523581906
C-2T2630481/ST2,Stiga Estate 598 W Rear-Collect V-Twin Garden Tractor with Hydrostatic Drive,
RAC-5073T,Racing 5073T 4-in-1 Hi-Wheel Self-Propelled Petrol Lawnmower,
OM-OM124S/22H,Oleo-Mac OM124S/22H Heavy-Duty Rear-Collect V-Twin Garden Tractor with Hydrostatic Drive,0000000000000
OM-GV53-TK-ALLROAD-PLUS-4,Oleo-Mac GV53-TK AllRoad Plus-4 4-in-1 Self-Propelled Petrol Lawnmower,
EF-IP1750S,Efco IP1750S Electric Cold-Water Pressure Washer,8800212994959
EM-BT155,Bertolini BT155 Compact Petrol Front-Tine Cultivator,
EF-IP1150S,Efco IP1150S Electric Cold-Water Pressure Washer,8026619025113
LF-LRM19PDR,Lawnflite LRM19PDR Self-Propelled Petrol Rear-Roller Lawnmower,000000000
SNAP-2691704,Snapper RPX210 Rear-Collect V-Twin Garden Tractor with Hydrostatic Drive,
FAJ130,Feider Legacy 'Pent' Metal Garden Shed  1.3 m² - One side roof ( FAJ130),3661602026347
FAJ200A,Feider Premium Metal Garden Legacy Apex Shed  2 m² - Double side roof ( FAJ200A),3661602026361
FAJ240P,Feider Premium Metal Garden Legacy Apex Shed  2.4 m² - Double side roof ( FAJ240P),3661602026354
FAJ700A,Feider Premium Large Metal Garden Legacy Apex Shed 7 m² - Double side roof ( FAJ700A),3661602026385
FAJ400A,Feider Premium Metal Garden Legacy Shed - Apex Shed -  4 m²  Double side roof ( FAJ400A ),3661602026378
CHIP-C257,Chipperfield C25-7 Ultra-Compact Rear-Collect Ride-On Mower with Manual Drive,3661602027559
SI-SRD310,Simplicity Regent SRD310 Rear-Collect V-Twin Garden Tractor with Hydrostatic Drive,0000000000000
SIM-SZT275,Simplicity Courier™ SZT275 Zero-Turn Ride-On Mower,0000000000000
JR-0FT001,3 Tier Steel Saw Horse Solid Steel  JR-FT001,3760011422563
JR-AFC0001,Chainsaw File - JR Spares - 3.5mm  Chain Saw Sharpener - JR-AFC0001,3760011420040
JR-AFC0002,Chainsaw File - JR Spares - 4mm  Chain Saw Sharpener - JR-AFC0002,
JR-AFC0003,Chainsaw File - JR Spares - 4.8mm  Chain Saw Sharpener - JR-AFC0003,
JR-AFC0004,Chainsaw File - JR Spares - 5.5mm  Chain Saw Sharpener - JR-AFC0004,3760011420071
JR-AFC0005,Chainsaw File Handle - JR Spares - Universal Handle for  Chainsaw Sharpener - JR-AFC0005,
JR-AFC0012,Flat Chainsaw File - JR Spares - 15cm x 1.6cm Chain Saw Sharpener - JR-AFC0012,3760011420156
JR-ROU001,Lawnmower Spare Wheel 15cm-  JR Spares - Universal Fit with 3 x ring adapters 8-10-12-12.8mm JR-ROU001,3760011422730
JR-ROU002,Lawnmower Spare Wheel 18cm-  JR Spares - Universal Fit with 3 x ring adapters 8-10-12-12.8mm JR-ROU002,3760011422747
JR-ROU003,Lawnmower Spare Wheel 20cm-  JR Spares - Universal Fit with 3 x ring adapters 8-10-12-12.8mm JR-ROU003,3760011422754
JR-AFC0013,Chainsaw Chain Grinding Wheel Stone 100mm x 16mm x 3.2mm  - JR-AFC0013,
JR-AFC0014,Chainsaw Chain Grinding Wheel Stone 100mm x 22mm x 3.2mm - JR-AFC0014,3760011420163
JR-AFC0015,Chainsaw Chain Grinding Wheel Stone 100mm x 10mm x 3.2mm- JR-AFC0015,3760011420187
JR-AFC0016,Chainsaw Chain Grinding Wheel Stone 100mm x 10mm x 3.2mm - JR-AFC0016,
JR-BOU022,Spark Plug - JR BOU0022 (Equivalent to CHAMPION RZ7C OR NGK CMR6H),3760011420545
FAA008,Lawn Mower Air Filter -  JR Spares - JR-FAA0008 fits Briggs and Stratton,3760011421481
OY-64-511,Gorilla 10'' Bonsai Bar wide tip - 64-511,0025997645119
OY-64-961,Roughneck 'Gorilla' 5-Piece Wrecking-Bar Set | 64-961,0293297578075
FD-FAST175PED,Feider FAST175P Push Wheeled Garden Vacuum Leaf Collector (Ex-Demo / Serviced),3661602025692
MASP-465741,Masport 200 ST L Hand-Propelled Petrol Lawnmower,9414974657411
MASP-465743,Masport 300 AL L Hand-Propelled Petrol Lawnmower with Aluminium Deck,9414974657435
MF-STRIPINGKIT,Mountfield/Stiga Lawn-Striping Kit for 4WD Rear-Collect Tractors | 2I2120000/18,
OM-GSH-400,Oleo-Mac GSH-400-14 Petrol Chainsaw (35cm Guide Bar),7438643454998
MF-HP185,Mountfield HP185 Petrol Lawnmower,8008984815872
OM-4175169A,Oleo Mac 5 Litre Red Plastic Jerry Can for Fuel,
MF-SP41,Mountfield SP41 Self-Propelled Petrol Lawnmower,8008984845145
CP-JERRYCAN5|L,5 Litre Green Plastic Jerry Can for Fuel - Petrol Can,
OM-OM84/14.5KH,Oleo-Mac OM84/14.5KH Rear-Collect Lawn Tractor with Hydrostatic Drive,
ST-RE110,STIHL RE110 Electric High-Pressure Washer,
ST-RE120,STIHL RE120-Plus Electric High-Pressure Washer,
MF-SP185,Mountfield SP185 3-in-1 Self-Propelled Petrol Lawnmower,8008984856332
RAC-4545PCS-2,Racing 4545PCS-2 Petrol Chainsaw (45cm Guide Bar),3661602006066
RAC-500EHT-1,Racing 500EHT-1 Electric Hedgetrimmer,3661602022950
RAC-RAC4IN1E1UK,Racing RAC4IN1E-UK | 4 in 1 Electric Multi-tool  900w,3661602017147
RAC-2000WB,Racing 2000WB Electric Thermal Weed-Burner,3661602022974
MF-HP41,Mountfield HP41 Hand-Propelled Petrol Lawnmower,8008984844964
RAC-52PB,Racing 52PB Petrol Brushcutter,3661602006196
FTDT5096-AC,Feider 5096-AC 4-in-1 Hi-Wheel Self-Propelled Petrol Lawnmower,3661602027535
FD-FTDT5070-AC,Feider 5070-AC 4-in-1 Hi-Wheel Self-Propelled Petrol Lawnmower,3661602022813
HY-C1600E,Hyundai 1600w Electric Chainsaw - 35cm Guide Bar | HYC1600E,5056275756109
HY-C2400E,Hyundai 2400w Electric Chainsaw - 40cm Guide Bar | HYC2400E,5056275756055
HY-CH7070E2,Hyundai 208cc Electric-Start Petrol Wood-Chipper | HYCH7070E-2,
HY-M3300E,Hyundai 1200w/33cm 3-in-1 Electric 4-Wheel Rear-Roller Lawnmower | HYM3300E,5056275757977
HY-M3800E,Hyundai 1600w/38cm Electric 4-Wheel Rear-Roller Mulching Lawnmower | HYM3800E,600231974196
HY-HY1000SI,Hyundai 1000w Petrol Inverter Generator | HY1000Si,0732422005966
HY-100-A,Hyundai 420cc 4-Stroke Petrol Water-Pump | HY100,5056275722852
HY3200SEi,Hyundai 3200w Petrol Inverter Generator | HY3200SEi,0719239573024
LA-505-317,Lifestyle Wooden Garden Bench - 3 Seater Bench   1.5m,
HY- HY3500RVi,Hyundai 3500w Motorhome/RV Petrol Leisure Generator | HY3500RVi,600231974226
HY-HYLS8000V,Hyundai 3000w/8-Tonne Vertical Electric Log-Splitter | HYLS8000V,8800213328791
HY-HYW3100P2,Hyundai 212cc/3100psi Petrol Pressure-Washer | HYW3100P2,719239573048
FNHPT240,Feider FNHPT240 Petrol Pressure-Washer,3661602026453
HY-HYW4000P,Hyundai 420cc/4000psi Professional Petrol Pressure-Washer | HYW4000P,610696780225
HY-HY2175,Hyundai 18v/1.5Ah Li-Ion Cordless Drill with 89-Piece Drill Accessory-Kit | HY2175,
LA-LFS209,Lifestyle TEK Portable Gas Barbecue | LFS209,
HY-85403003,"Pressure Surface Cleaner BE  Whirl-A-Way 16"" Rotary - 85.403.003",
HY-85403005,"Pressure Surface Cleaner BE  Whirl-A-Way 18"" Rotary - 85.403.005",
HY-85403009,"Pressure Flat Surface Cleaner Stainless Steel  BE  Whirl-A-Way 20"" Rotary with Castor Wheels  - 85.403.009",
HY-85.403.010,"Pressure Surface Cleaner Stainless Steel  BE  Whirl-A-Way 24"" Rotary - 85.403.010",
HY-HYTC9003,Hyundai 7-Drawer Caster-Mounted Roller Cabinet | HYTC9003,
HY-HYM3200E,Hyundai 1000w/32cm Electric Lawnmower | HYM3200E,5056275755904
HY-HYTR250E,Hyundai 250w Electric Grass-Trimmer | HYTR250E,5056275755898
HY-HY4500SEI,Hyundai 4000w Petrol Inverter Generator | HY4500SEi,05056275754839
HY-HY2000Si,Hyundai 2000w Portable Petrol Inverter Generator | HY2000Si,0870350020016
HY-HYM430SPER,Hyundai 139cc/42cm Self-Propelled Petrol Rear-Roller Lawnmower with Electric Start | HYM430SPER,5056275756079
MF-2L0536133/MC,Mountfield SP51H 3-in-1 Self-Propelled Petrol Lawnmower (with Honda Engine),
OM-250-T,Oleo-Mac Sparta 250-T Low-Emission Petrol Brushcutter,
HY-HYTD300,Hyundai 196cc/300kg-Capacity Tracked Power-Barrow | HYTD300,
HY-HYTD500,Hyundai 196cc/500kg-Capacity Tracked Power-Barrow | HYTD500,5056275758899
HY-HYMD500,Hyundai 196cc/500kg 4WD Power-Barrow | HYMD500,
STIG-2F6230745/ST2,Stiga Park 700 WX 4WD V-Twin Front-Cut Ride-On Lawnmower (Excluding Deck),8008984852785
HY-DHY50E,Hyundai 296cc Electric-Start Diesel Water-Pump | DHY50E,719239572829
HY-HY70100P,Hyundai 212cc/90L/145psi Petrol Air-Compressor | HY70100P,700621496083
C-HP-196,1 Litre 10W/30 Lawnmower Engine Oil  - 4 Stroke Oil,5060012808471
C-EZN2000,Energizer 2000w/160bar Electric Pressure-Washer | EZN2000-UK,3661602029027
EZN2200,Energizer 2200w/170bar Electric Pressure-Washer | EZN2200,3661602029034
FD-TR4240,Feider TR4240 Self-Propelled Petrol Rear-Roller Lawnmower,3661602028815
FTDTR4240ES,Feider TR4240ES Self-Propelled Petrol Rear-Roller Lawnmower with Electric Start,3661602028822
FST200PRO,Feider FST200 PRO 2-in-1 Petrol Lawn Scarifier/Aerator,3661602028839
FD-FTDE1200R,Feider FTDE1200R Electric 4-Wheeled Rear-Roller Lawnmower,3661602028792
FD-FTDE1600R,Feider FTDE1600R Electric 4-Wheeled Rear-Roller Lawnmower,3661602028808
RAC-4661PL,Racing 4661PL 4-in-1 Self-Propelled Petrol Lawnmower,3661602047441
RAC-2600EB-UK-A,Racing 2600EB Electric Blower-Vac,
RAC-25PB,Racing 25PB Petrol Brushcutter,3661602006264
RAC-2040ECS-UK,Racing 2040ECS Electric Chainsaw (40cm Guide Bar),3661602022967
LF-RC125,Lawnflite RC125 Rear-Collect Lawn Tractor with Transmatic Drive,4008423854848
MF-S421R-PD,Mountfield S421R-PD Self-Propelled Petrol Rear-Roller Lawnmower,8008984817401
FELPRO25,Feider PRO 25 Top-Handle Petrol Arborist's Chainsaw Kit (25cm Guide Bar),
FTRTPRO40,Feider PRO 40 Petrol Chainsaw  Kit (40cm Guide Bar),3661602030306
FTRTPRO55,Feider PRO 55 Petrol Chainsaw (51cm Guide-Bar),
FTRTPRO45,Feider PRO 45 Petrol Chainsaw Kit (46cm Guide Bar),3661602030313
OKO-TyreSealant,OKO Garden Power Tyre Puncture Sealant,
RAC-5176SPM,Racing 5176SPM 4-in-1 Self-Propelled Petrol Lawnmower,3661602047434
DCBT4F,"TCK 4 in 1 Petrol Multi-Tool  -  Strimmer, Brushcutter,  Hedge Trimmer and Pole Saw DCBT4F",
SJE10,TCK SJE10 Reciprocating Handheld Saw,
FAST175-BAG,Feider FAST175 Replacement Bag for Feider FAST Wheeled Garden-Vacuums,3661602027542
LOPPER35TRE,TCK Lopper35TRE Electric Chainsaw (35cm Guide Bar),3661602009258
OLY-OLPSD36LI,Olympia Power Tools OLPSD36LI Cordless Lithium-ion Screwdriver 3.6V 1 x 1.3Ah Li-ion,5057902091105
OLY-OLPCD20VLI,Olympia Power Tools OLPCD20VLI Cordless Combi Drill 20V 1 x 1.5Ah Li-ion,5057902090207
OLY-OLPDD20VLI,Olympia Power Tools DD20VLI Cordless Drill Driver 20V 1 x 1.5Ah Li-ion,5057902090207
FASBE1600-UK,Feider FASBE 1600-UK Hand-Propelled Electric Wheeled Garden-Vacuum,3661602030276
HAR-TS40S,Harry TS40-S 2-in-1 Petrol Lawn Scarifier/Aerator,
JR-OFT003,JR Chainsaw Collection Tray | Chainsaw Acessories - OFT003,3760011424673
HY-HY3800LE-LPG,Hyundai 3.2kW/4.00kVa* Dual-Fuel Electric-Start Site Generator | HY3800LE-LPG,8800213315661
HY-DHY6000SE,Hyundai 5200w Silenced Standby Diesel-Generator | DHY6000SE,6040001600025
HY-DHY125KSE,Hyundai 125kVA / 50Hz Three-Phase Diesel Generator | DHY125KSE,
TON-TPSS125,Tondu TPSS125 57kg-Capacity Walk-Behind Spreader,5050581002837
TON-LTS125,Tondu LTS125 57kg-Capacity Tow-Behind Spreader,505081002882
OLY-OLPJS450,Olympia Power Tools OLPJS450 Jigsaw 450W 240V,5057902093406
OLY-OLPAG115500,Olympia Tools Electric Angle Grinder (09-410),4006825538236
FMTB50,Feider FMTB50 Petrol Front-Tine Tiller,3661602030221
FMTB80,Feider FMTB80 Petrol Front-Tine Tiller,3661602030238
FMTCPRO100,Feider FMTC-PRO100 Professional Petrol Front-Tine Tiller,3661602030245
RAC-PBB50,Racing PBB50 Petrol Backpack Blower,
RAC-PBB75,Racing PBB75 Petrol Backpack Blower,3661602029331
STIG-2T2200481/ST1,Stiga Estate 384e Battery-Powered Rear-Collect Lawn Tractor with Stepless Electronic Drive,
STIG-S300,Stiga e-Ride S300 Battery-Powered Side-Discharge Lawn Tractor with Stepless Electronic Drive,8008984842175
AP-MS50,Apache MS50 Plate Compactor,0660042457097
RAC-4545PCSWITHKIT,Racing 4545PCS-1 Petrol Chainsaw (45cm Guide Bar) + Free Kit,
AP-660042457103,Apache MS60 Plate Compactor,0660042457103
AP-P70,Apache P70 Two-Wheel Tractor (Excluding Attachments),0000000000000
STIG-BIOSILENT2500,Stiga Bio Silent SH2500 Low-Noise Electric Garden-Shredder,
MAR-MCV3101S12,Maruyama MCV3101S Petrol Chainsaw (30.5cm Guide Bar),
MAR-MCV3101TS10,"Maruyama Petrol Top Handle Chainsaw 10"" (25cm)  - MCV3101TS(10)",
STIG-1188048490,Stiga 6m Extension Mains-Cable | 118804849/0,7313323151988
WEB-WEESS,Webb Electric Silent Garden Shredder with Box - 2800W - WEESS,5055661903981
WEB-WEPWT,Webb 56cm (22”) Petrol Wheeled Line Trimmer - WEPWT,5055661903943
MF-2T2200483/M22,Mountfield Freedom 30e Battery-Powered Rear-Collect Lawn Tractor with Stepless Electronic Drive,8008984844094
AP-MS100,Apache MS100 Plate Compactor,0660042457110
FMTC100,Feider FMTC100 Petrol Front-Tine Tiller,3661602028419
BEL-BR-060-00000,Belrobotics BigMow Robotic Lawn Mower - Special Order,
BEL-BR-060-00003,Belrobotics ParcMow Robotic Lawn Mower - Special Order,
DAN-LM5360HXAR-PRO-HS,Danarm LM5360HXAR-PRO-HS Petrol Rear-Roller Lawnmower (with Honda Engine),
LF-LS72300EHKIT,Lawnflite LS72300EH 7-Tonne Electric Log-Splitter,5055995589790
SNAP-ESXDUC82,Snapper ESXDUC 82v Battery-Powered Electric Wheelbarrow (Machine Only),0047282121009
LF-LS52200EH-KIT,Lawnflite LS52200EH 5-Tonne Electric Log-Splitter,5050581003681
LF-LS83000EV,Lawnflite LS83000EV 8-Tonne Vertical Electric Log-Splitter,0000000000000
SRD-SRD360,Simplicity Regent SRD360 Rear-Collect V-Twin Garden Tractor with Hydrostatic Drive,
SPEC-SP22139,Spectrum 181kg-Capacity Steel Tipping Trailer | SP22139,
RAC-12VCOMBI-UK,Racing 12VCOMBI-UK 3-in-1 Cordless Multi-Tool,3661602030368
HAN-THGT500,The Handy 225kg (500lb) Towed Trailer / Tractor Cart,5060012803780
HY-HYSW1000,Hyundai 173cc/100cm Self-Propelled Yard Sweeper | HYSW1000,
FD-FDBT50,Feider FDBT50 Heavy-Duty Petrol Brushcutter,3661602022165
HY-HYCM160,Hyundai 160-litre/650w Portable Electric Cement-Mixer | HYCM160,8800213313971
MF-MTR50Li,Mountfield MTR 50 Li 48v 2-in-1 Cordless Grass-Trimmer & Lawn Edger (Tool Only),
MF-294426063/M21,Mountfield Princess 42 Li 48v Cordless 4-Wheel Rear-Roller Lawnmower (Inc. Battery & Charger),8008984844346
MF-2L0536803/M22,Mountfield Empress 51 Li 4-in-1 Self-Propelled Cordless Lawnmower (Inc. 2 x Batteries & Charger),8008984854369
MF-2L0432803/M21,Mountfield Empress 41 Li 48v 4-in-1 Self-Propelled Cordless Lawnmower (Machine Only),
MF-299489073/M22,Mountfield Empress 46 Li KIT 4-in-1 Self-Propelled Cordless Lawnmower (Inc. 2 x Batteries & Charger),8008984854352
MF-291302063/M21,Mountfield Electress 30 Li 20v Hand-Propelled Cordless Lawnmower (Inc. Battery & Charger),8008984845152
MF-291342063/M21,Mountfield Electress 34 Li KIT 20v Hand-Propelled Cordless Lawnmower (Inc. Batteries & Charger),
MF-291382063/M21,Mountfield Electress 38 Li KIT 20v Hand-Propelled Cordless Lawnmower (Inc. Batteries & Charger),
MF-274015004/ST1,Mountfield B450 48v/5Ah Freedom 500 Lithium-Ion Battery,8008984841352
MF-274014004/ST1,Mountfield B440 48v/4Ah Freedom 500 Lithium-Ion Battery,8008984841345
MF-278021000/21,Mountfield C 415 SU Freedom 500 Standard Charger,8008984841383
MF-278031008/ST1,Mountfield SFC 530 AE Freedom 500 Quick Charger,8008984811980
MF-278200003/M21,Mountfield MBC 50 Li 48v Cordless Brushcutter (Tool Only),8008984842809
MF-278500003/M21,Mountfield MBL 50 Li Cordless Leaf-Blower (Tool Only),8008984842830
MF-278410003/M21,Mountfield MCS 50 Li Cordless Chainsaw (Tool Only),8008984842823
MF-278300003/M21,Mountfield MHT 50 Li 48v Cordless Hedgetrimmer (Tool Only),
MF-278710033/M21,Mountfield MPH 50 Li 48v Cordless Long-Reach Hedgetrimmer (Tool Only),
MF-278710043/M21,Mountfield MPP 50 Li 48v Cordless Pole-Pruner (Tool Only),
MF-278012000/21,Mountfield B420 48v/2Ah Freedom 500 Lithium-Ion Battery,8008984841338
MF-271504203/MUK,Mountfield MAB 20 Li Cordless Leaf-Blower,8008984844636
MF-271302203/MUK,Mountfield MHT 20 Li KIT 20v Cordless Hedgetrimmer (Inc. Battery & Charger),8008984844629
MF-271724203/MUK,"Mountfield MMT 20 Li KIT 20v Cordless Multi-Tool (Inc, Battery & Charger)",
MF-271102203/MUK,Mountfield MTR 20 Li KIT 20v Cordless Grass-Trimmer (Inc. Battery & Charger),
RAC-6196PRRS,Racing 6196PRRS Ultra-Compact Side-Discharge Ride-On Mower with Manual Drive (Recoil Start),3661602044969
OM-TR-91E,Oleo-Mac TR-91E Curved-Shaft Electric Grass-Trimmer,8026619008499
OM-GST-360,Oleo-Mac GST-360 Top-Handle Petrol Arborist's Chainsaw (30cm Guide Bar),
OM-GS-451-16,Oleo-Mac GS-451-16 Petrol Chainsaw (41cm Guide Bar),8026619062972
OM-GS-411-325,Oleo-Mac GS-411-325 Petrol Chainsaw (41cm Guide Bar with .325” Chain).,8026619062712
OM-GSH-510,Oleo-Mac GSH-510 Petrol Chainsaw (46cm Guide Bar),3000319074720
OM-GSH-560,Oleo-Mac GSH-560 Petrol Chainsaw (51cm Guide Bar),3000319074737
OM-HC-605E,Oleo-Mac HC-605E Electric Hedgetrimmer (60cm Blades),8026619046439
OM-HC-750E,Oleo-Mac HC-750E Electric Hedgetrimmer (70cm Blades),8026619028497
OM-HC-246P,Oleo-Mac HC-246P Petrol Hedgetrimmer (60cm Blades),7426994792265
OM-BC-241H,Oleo-Mac BC-241H Long-Reach Petrol Hedgetrimmer,8026619065683
OM-HCS-247P,Oleo-Mac HCS-247P Professional Petrol Hedgecutter (with 75cm Single-Sided Blades),8026619060480
OM-HC-247P,Oleo-Mac HC-247P Petrol Hedgetrimmer (70cm Blades),7426994794344
OM-KA30,Oleo-Mac KA30 Vacuum Conversion-Kit,
OM-BCH-250S,Oleo-Mac BCH-250S Petrol Brushcutter,8026619071752
OIL-SAE30GROUNDSMAN1L,Groundsman Sae 30 Oil 1 Litre  Bottle - Lawn Mower and Machine Oil - Rock Oil,5032908001594
OM-BCH-250T,Oleo-Mac BCH-250T Petrol Brushcutter,8026619021979
RAC-5675ES-1,Racing 5675ES-1 Self-Propelled Petrol Lawnmower with Electric Start,3661602019288
OM-BC-300T,Oleo-Mac BC-300T Petrol Brushcutter,3000317188009
OM-BC-300S,Oleo-Mac BC-300S Petrol Brushcutter,3000317815967
OM-BC-350S,Oleo-Mac BC-350S Professional Petrol Brushcutter,3000317816025
OM-BC-350T,Oleo-Mac BC-350T Professional Petrol Brushcutter,3000314216965
OM-BC-360-4T,Oleo-Mac Sparta BC-360-4T 4-Stroke Low-Emission Professional Brushcutter,8026619039356
OM-BC-400T,Oleo-Mac BC-400T Professional Petrol Brushcutter,7426883760412
OM-755,Oleo-Mac Master 755 Professional Petrol Brushcutter,0000000000000
OM-TR-61E,Oleo-Mac TR-61E Curved-Shaft Electric Grass-Trimmer,3000313976105
OM-441-T,Oleo-Mac Sparta 441-T Petrol Brushcutter,
FD-FTDT511ZT,Feider FTDT511ZT 4-in-1 Self-Propelled Zero-Turn Petrol Lawnmower,3661602040237
OM-K-40P,Oleo-Mac K-40P Hand-Propelled Electric Lawnmower,
OM-G44-PE,Oleo-Mac G44-PE Comfort-Plus Hand-Propelled Electric Lawnmower,
FD-FTDT561ZT,Feider FTDT561ZT 4-in-1 Self-Propelled Zero-Turn Petrol Lawnmower,3661602040244
OM-G44-TK,Oleo-Mac G44-TK Comfort-Plus Self-Propelled Petrol Lawnmower,
OM-G48-TBQ,Oleo-Mac G48-TBQ Comfort-Plus Self-Propelled Petrol Lawnmower,
OM-G48-TK-ALLROAD,Oleo-Mac G48-TK AllRoad Plus-4 4-in-1 Self-Propelled Petrol Lawnmower,
OM-G48-TBR,Oleo-Mac G48-TBR AllRoad Plus-4 4-in-1 Self-Propelled Petrol Lawnmower,8026619036669
OM-G48-TBXE,Oleo-Mac G48-TBXE AllRoad Plus-4 4-in-1 Self-Propelled Petrol Lawnmower with Electric Start,3000314274651
OM-MAX-48TK,Oleo-Mac MAX 48TK AllRoad ALU Self-Propelled Petrol Lawnmower with Aluminium Deck,3000314273364
OM-MAX-48-TBX,Oleo-Mac MAX 48-TBX AllRoad ALU Self-Propelled Petrol Lawnmower with Aluminium Deck,0000000000000
OM-MAX-53-TBX,Oleo-Mac MAX 53-TBX AllRoad ALU Self-Propelled Petrol Lawnmower with Aluminium Deck,8026619054540
OM-MAX-53-THX,Oleo-Mac MAX 53-THX AllRoad ALU Self-Propelled Petrol Lawnmower with Aluminium Deck (Honda Engine),8026619064037
OM-DEB-519,Oleo-Mac DEB519 Self-Propelled Wheeled Brushcutter,
OM-DEB-5159,Oleo-Mac DEB5159 Variable-Speed Wheeled Brushcutter,3000317188030
OM-WB-52-VBR6,Oleo-Mac WB-52-VBR6 Field & Brush Mower,8026619070236
RAC-52C-DORG,Racing 52C-DORG 4-in-1 Petrol Backpack Multi-Tool,3661602025340
OM-54030001,Oleo-Mac Bi-2.5 OM 40v/2.5Ah Lithium-Ion Battery | 54030001,
OM-54030002,Oleo-Mac Bi-5.0 OM 40v/5Ah Lithium-Ion Battery | 54030002,
OM-54030007,Oleo-Mac CRG 40v Battery Charger | 54030007,
OM-BCI-30-KIT,Oleo-Mac BCi-30 KIT 40v Cordless Grass-Trimmer (Inc. Battery & Charger),8026619065317
OM-GRI-44P-KIT,Oleo-Mac GRi-44P KIT 40v Cordless Lawnmower,0000000000000
OM-BVI-60-KIT,Oleo-Mac BVi-60 KIT 40v Cordless Leaf-Blower (Inc. Battery & Charger),894504775484
OM-HCI-45-KIT,Oleo-Mac HCi-45 KIT 40v Cordless Hedgetrimmer (Inc. Battery & Charger),
OIL-10W30GROUNDSMAN1L,Groundsman 10W30 Oil 1 Litre  Bottle - Lawn Mower and Machine Oil - Rock Oil,
OM-BCI-30,Oleo-Mac BCi-30 40v Cordless Grass-Trimmer (Tool Only),8026619081447
OM-GRI-44P,Oleo-Mac GRi-44P 40v Cordless Lawnmower (Tool Only),
OM-BVI-60,Oleo-Mac BVi-60 40v Cordless Leaf-Blower (Tool Only),7426994788879
OM-HCI-45,Oleo-Mac HCi-45 40v Cordless Hedgetrimmer (Tool Only),0000000000000
OM-WB-65-HR-11,Oleo-Mac WB-65 HR-11 Professional Flail Mower (Honda Engine),
R-RTN437,Feider HomePro Petrol Chainsaw  55cc - Oregon Chain and Guide Bar (51cm Guide-Bar),3661602030320
STIG-255127002/ST1-1,Stiga SBL 327 V Petrol Blower-Vac,8008984853652
R-RTN58,Atco GTL48HR Twin 4WD Ride On Lawn Tractor,
MAR-MX22E,Maruyama MX22E Petrol Brushcutter,0000000000000
MAR-MX27E,Maruyama MX27E Petrol Brushcutter,
MAR-MX27EH,Maruyama MX27EH Petrol Brushcutter,
MAR-MX36EH,Maruyama MX36EH Petrol Brushcutter,0000000000000
MAR-BCV5201,Maruyama BCV5201 Low-Vibration Petrol Brushcutter,0000000000000
MAR-AHT2630D-L,Maruyama AHT2630D-L Long-Reach Petrol Hedgetrimmer,0000000000000
MAR-HT237D,Maruyama HT237D Petrol Hedgetrimmer,
MAR-HT239D,Maruyama HT239D Low-Vibration Petrol Hedgetrimmer,
DAN-LM5360HXA-PRO,Danarm LM5360HXA-PRO Four-Wheel Petrol Lawnmower (with Honda Engine),0000000000000
DAN-LM5360HXAR,Danarm LM5360HXAR Petrol Rear-Roller Lawnmower (with Honda Engine),0000000000000
OM-BC550,Oleo-Mac Master BC550 Professional Petrol Brushcutter,8026619073251
MAK-DHR202Z,Makita DHR202Z 18V LXT Li-Ion Cordless SDS+ Rotary Hammer Drill (Body Only),
MAK-DBO180Z,Makita DBO180Z 18V LXT Li-ion Cordless 125mm Random Orbit Sander (Body Only),
CP-Deal-106,MAKITA DC18RC 18V LXT LI-ION BATTERY FAST CHARGER - 7.2 / 14.4 / 18V,
C-EZN1200-UK,Energizer 1200w/100bar Electric Pressure-Washer | EZN1200-UK,3661602041081
C-EZN1600,Energizer 1600w/130bar Electric Pressure-Washer | EZN1600-UK,3661602041098
RAC-450EPHT,Racing 450EPHT Electric Long-Reach Hedgetrimmer,
MF-MHT2322,Mountfield MHT 2322 Petrol Hedgetrimmer,8008984840706
SPEC-SP22134,Spectrum 295kg-Capacity Push / Tow Poly Tipping-Cart | SP22134,
SPEC-SP31508,Spectrum 57kg-Capacity Towed Broadcast Spreader | SP31508,
SPEC-SP31101,Spectrum 102cm Towed Dethatching Rake | SP31101,
RAC-RACBTE800-UK,Racing BTE800 Portable Electric Cement-Mixer,3661602043467
R-RTN567,Mountfield SP41 - Self-Propelled Petrol Lawn Mower,8008984604773
LF-196-398-000,MTD/Lawnflite/Cub Cadet Hitch Kit - for Rear-Collect Ride-On Mowers | 196-398-000,0000000000000
LF-196-397-000,MTD/Lawnflite/Cub Cadet Hitch Kit - for Side-Discharge Mini-Riders (196-397-000),4008423914719
R-RTN623,Masport 575 AL SP Combo 4-in-1 Self-Propelled Petrol Lawnmower,
RAC-RAC3001TEB,Racing 3001TEB Handheld Electric Blower-Vac with Integrated Shredder,3661602030375
R-RTN631,Stiga Twinclip 55 SH BBC Self-Propelled Lawnmower with Blade-Brake Clutch,
R-RTN632,Racing RAC450 EPHT -Electric Hedgecutters – Long Reach Hedgecutters & Hedgetrimmers,
R-RTN641,Racing Self-Propelled Petrol Lawnmower  45.6 cm ( 18'')  Cut -  RAC4660PL-1,3661602019479
EIN-2342390,Einhell TC-VC 1815 S Wet/Dry Vacuum | 2342390,4006825620979
EIN-4258237,Einhell TC-RH 900 Corded Rotary Hammer | 4258237,4006825593242
EIN-4258682,Einhell TC-ID 650E Corded Impact-Drill | 4258682,4006825647754
EIN-4513501,Einhell TE-SD 3.6/1 Li Cordless Screwdriver | 4513501,4006825622744
EIN-4513914,Einhell TC-CD 18/35 Li Power X-Change Cordless Drill-Driver | 4513914,4006825607321
EIN-4510034,Einhell TE-CI 18/1 Li-Solo Power X-Change Cordless Impact-Driver - Tool Only | 4510034,4006825618907
EIN-4513949,Einhell TE-CD 18/50 Li-i Kit Power X-Change Cordless Combi Impact-Drill | 4513949,4006825649345
EIN-4430855,Einhell TE-AG 115/600 Corded Angle-Grinder | 4430855,4006825593402
EIN-4431110,Einhell TE-AG 18/115 Li-Solo Power X-Change Cordless Angle-Grinder - Tool Only | 4431110,4006825602593
EIN-4520179,Einhell TH-HA 2000/1 Corded Heat-Gun | 4520179,4006825593235
EIN-4465040,Einhell TE-MG 200 CE Corded Multi-Tool | 4465040,4006825577204
EIN-4465160,Einhell VARRITO Power X-Change Cordless Multi-Tool – Tool Only | 4465160,4006825618648
EIN-4511516,Einhell 18v/2.5Ah Power X-Change Battery | 4511516,4006825650518
EIN-4511396,Einhell 18v/4Ah Power X-Change Battery | 4511396,4006825610376
EIN-4512097,Einhell 18v/2.5Ah Power X-Change Starter-Kit | 4512097,4006825646962
EIN-4512042,Einhell 18v/4Ah Power X-Change Starter-Kit | 4512042,4006825613704
EIN-4460610,Einhell TH-OS 1016 Corded Multi-Sander | 4460610,4006825592481
EIN-4460708,Einhell TE-OS 18/150 Li-Solo Power X-Change Cordless Multi-Sander - Tool Only (4460708),4006825651218
EIN-4321160,Einhell TE-JS 100 Corded Pendulum Jigsaw | 4321160,
EIN-4321200,Einhell TE-JS 18 Li-Solo Power X-Change Cordless Pendulum Jigsaw (4321200),4006825640052
EIN-4326170,Einhell TE-AP 750 E All-Purpose Corded Reciprocating Saw | 4326170,4006825632682
EIN-4326300,Einhell TE-AP 18 Li-Solo Power X-Change All-Purpose Cordless Reciprocating Saw - Tool Only | 4326300,4006825601381
MAR-BL3110,Maruyama BL3110 Handheld Petrol Leaf-Blower,0000000000000
EIN-4330937,Einhell TC-CS 1400 Corded Circular-Saw | 4330937,4006825593310
EIN-4331220,Einhell TE-CS 18/150 Li-Solo Power X-Change Cordless Circular-Saw - Tool Only | 4331220,
EIN-4340415,Einhell TC-TS 200 Corded Table-Saw | 4340415,4006825647266
EIN-4345320,Einhell TE-PL 900 Corded Handheld Planer | 4345320,4006825645668
CC-19A30030100,Cub Cadet 200-Litre Twin-Bagger (19A30030100),4008423879636
CC-33ABA7CS603,Cub Cadet XT2ES107 Battery-Powered Side-Discharge Garden Tractor with Stepless Electronic Drive,4008423899719
MB-MB3500,Meccanica Benassi MB 3500 Tracked Transporter,9145368973076
MB-MB5000,Meccanica Benassi MB 5000 Tracked Transporter,9145368973083
CC-13C8A1CR603,Cub Cadet XT1OR106 Rear-Collect Lawn Tractor with Hydrostatic Drive,4008423872231
CC-196-550-000,Cub Cadet Mulching-Kit - for 106cm XT1/XT2/XT3-Series Direct-Collect Tractors (196-550-000),
MF-299900006/0,Mountfield/Stiga Tow Bar – for 92cm/102cm/122cm Rear-Collect Tractors | 299900006/0,7313321306830
MF-299900341/0,Mountfield/Stiga Mulching Plug – for 98cm Side-Discharge Tractors | 299900341/0,8008984632547
STIG-299900395/0,Stiga Tow Bar – for 84cm & 98cm Rear-Collect Tractors | 299900395/0,8008984508446
RB-EK700-PLUS,Redback 40v Cordless Multi-Tool | EK700-PLUS,4260586996838
FD-FCBE350,Feider FCBE350 Electric Grass-Trimmer,3661602026163
FD-FTRE2240,Feider FTRE2240 Electric Chainsaw (41cm Guide Bar),3661602025777
FAS3000-A,Feider FAS3000-A Electric Blower-Vac,3661602025746
R-RTN702,Racing 4660PL Self-Propelled Petrol Lawnmower,3661602019479
R-RTN660,Racing 5675ES-1 Self-Propelled Petrol Lawnmower with Electric Start,3661602019288
MF-299900346/0,Mountfield/Stiga Mulching Plug – for 108cm Side-Discharge Tractors | 299900346/0,8008984632561
EMAK-PDI,Pre Delivery Inspection ( PDI) EMAK,
HY-HYCP5030,Hyundai 87cc Petrol Plate-Compactor | HYCP5030,0747150287850
2L0536048/M21,Mountfield SP53 Self-Propelled 3-in-1 Petrol Lawnmower,
HYU-HYVI10030,Hyundai 3000w Wet & Dry Filtration Vacuum | HYVI10030,8800213327541
ST-HS82-T-1,STIHL HS82 T Professional Petrol Hedgetrimmer (60cm Blades),0886661263066
R-RTN533,Racing 4660PL Self-Propelled Petrol Lawnmower,3661602019479
STIG-2I0300000/17,Mountfield/Stiga Mulching-Kit with Blades - for 121cm Side-Discharge Tractors | 2I0300000/17,8008984790674
STIG-2I0000000/17,Stiga Trailer Hitch - for 121cm Side-Discharge Tractors | 2I0000000/17,8008984789852
HYU-HYSC1800E,Hyundai 1800w/38cm Electric Scarifier | HYSC1800E,
HYU-HYWP4300X,Hyundai 43cc 2-Stroke Petrol Water Pump | HYWP4300X,5056275758998
HYU-DHY8000SELR,Hyundai 6000w Long-Run Diesel Generator | DHY8000SELR,610370632338
STIG-299901077/0,Stiga Mulching-Kit with Blades - for 122cm Rear-Collect Tractors | 299901077/0,8008984564930
STIG-299900073/0,Mountfield/Stiga Mulching-Kit with Blades - for 102cm Tractors | 299900073/0,8008984524378
STIG-255127002/ST1,Stiga BL 530 V Petrol Blower-Vac,
STIG-255127092/ST2,Stiga BL 530 Petrol Leaf-Blower,
STIG-255175102/ST1,Stiga BL 980 R Backpack Blower,8008984853690
STIG-287120102/ST2,Stiga BC 330 A Petrol Brushcutter,8008984853829
STIG-287221002/ST1,Stiga BC 535 B Petrol Brushcutter,
STIG-287321002/ST1,Stiga BC 545 B Petrol Brushcutter,
MF-271012000/21,Mountfield B22 20v/2Ah Freedom 100 Battery,8008984841154
MF-271014000/21,Mountfield B24 20v/4Ah Freedom 100 Battery,8008984841161
MF-271021100/21,Mountfield C 215 DU 20v Freedom 100 Dual Standard Charger,8008984841222
RAC-25PB-1,Racing 25PB Petrol Brushcutter,3661602006264
FD-FAST175P-RTN751,Feider FAST175P Hand-Propelled Wheeled Garden Vacuum - Pre-Owned RTN751,3661602025692
FD-FTDE1200R-1-RTN752,Feider FTDE1200R Electric 4-Wheeled Rear-Roller Lawnmower - Pre-Owned RTN752,3661602028792
RFB-2024,Racing 450EPHT Long-Reach Electric Hedgetrimmer |Refurbished Model (RFB-2024),3661602022998
HY-HY30100V,Hyundai 2200w/100-Litre V-Twin Electric Air-Compressor | HY30100V,
STIG-2D5808511/ST2,Stiga Park Combi 85 M Q QuickFlip Cutter-Deck | 2D5808511/ST2,
ECH-CS-2511TESC,Echo CS-2511TESC Top-Handle Petrol Arborist's Chainsaw (25cm Guide Bar),4934110703994
MF-182180091/0,Mountfield/Stiga Battery Charger for Ride-Ons & Tractor Mowers |  1134-9250-01,7313324007543
HYU-P3500PWA,Hyundai 212cc/3000psi Petrol Pressure-Washer | P3500PWA,
Echo-PRS-231M,Echo PRS-231M Rotary-Scissor Brushcutter Attachment,
ECH-HC-2810ESR,Echo HC-2810ESR Petrol Hedgetrimmer,0000000000000
ECH-CS-7310SX-50,Echo CS-7310SX Petrol Chainsaw (50cm Guide Bar),6018641344333
ECH-CS-7310SX-70,Echo CS-7310SX Petrol Chainsaw (70cm Guide Bar),
ECH-CS-4310SX-33,Echo CS-4310SX Petrol Chainsaw (33cm Guide Bar),4934110708135
ECH-CS-621SX-45,Echo CS-621SX Petrol Chainsaw (45cm Guide Bar),4934110711371
ECH-CS-621SX-60,Echo CS-621SX Petrol Chainsaw (60cm Guide Bar),0000000000000
ECH-CS-4510ES-38,Echo CS-4510ES Petrol Chainsaw (38cm Guide Bar),4260382996803
ECH-CS310ES-35,Echo CS-310ES Petrol Chainsaw (35cm Guide Bar),
HYU-HYBV3000E,Hyundai 3000w Electric Blower-Vac | HYBV3000E,5056275755522
HYU-HPS-600,Hyundai 1000w Portable Power Station | HPS-600,3661602029386
HYU-CBB5830-1,Hyundai Carry/Shoulder Bag for HPS-300 & HPS-600 | CBB5830-1,
HYU-90-700-150,Hyundai 68-Litre ATV/Quad Bike-Mountable Weed Sprayer | 90.700.150,
CC-XT1OR95,Cub Cadet XT1OR95 Rear-Collect Lawn Tractor with Hydrostatic Drive,4008423872217
CC-XT1OS107,Cub Cadet XT1OS107 Side-Discharge Lawn Tractor with Hydrostatic Drive,4008423872248
FD-FAS300-A,FD-FAS300-A,
MF-2I0205000/19,Mountfield/Stiga Mulching Plug - for 84cm Rear-Collect Tractors | 2I0205000/19,8008984819108
SIM-1696374,Mulch Ninja Blade Kit,
HYU-HY3800LEK-2,Hyundai 3200w Open-Frame Electric-Start Petrol Generator | HY3800LEK-2,0000000000000
HYU-HYEA5200X,Hyundai 52cc 3-in-1 Petrol Earth-Auger with Borer & Drill Attachments | HYEA5200X,8800213315791
HYU-DHY18COM-1,"Hyundai 18,000w/1500rpm Single-Phase Diesel Generator | DHY18COM-1",
HYU-DHY28KSE,"Hyundai 22,000w/1500rpm 3-Phase Diesel Generator | DHY28KSE",700621496236
HYU-DHY34KSE,"Hyundai 27,500w/1500rpm Three-Phase Diesel Generator | DHY34KSE",700621496274
19158015,Blade - Fits Feider FTDT5175ES Lawnmower | MowDirect,
"(JR-CT17) SAW CHAIN 40CM X 57 LINKS GAUGE 0.050"" 1.3MM)","(JR-CT17) SAW CHAIN 40CM X 57 LINKS GAUGE 0.050"" 1.3MM)",
(JR-CT27) CHAINSAW CHAIN 50CM (76 LINKS),JR-CT27 CHAINSAW CHAIN 50CM (76 LINKS),
(JR-PRT014) PRO MESH VISOR ANTI NOISE EARMUFF SET,(JR-PRT014) PRO MESH VISOR ANTI NOISE EARMUFF SET,
(JR-PRT005) PRO VISOR MESH/CLEAR SCREEN FLIP UP ADJUSTABLE 26DB,(JR-PRT005) PRO VISOR MESH/CLEAR SCREEN FLIP UP ADJUSTABLE 26DB,
THLS-4G,The Handy 4-Ton Horizontal Electric Log-Splitter | THLS 4G,5060012807528
NMBOAHM38G,BOSCH AHM38G HAND PUSH CYLINDER MOWER,
JR-AFC0006,CHAINSAW DEPTH GAUGE (JR-AFC0006),3760011420095
JR-AFC0019,CHAINSAW SHARPENER (JR-AFC0019),3760011420224
JR-AFC0018,SHARPENING GUIDE (JR-AFC0018),
JR-AFC0017,SHARPENING GUIDE CHAINSAW MOUNTED,3760011420200
JR-AFC0024,SHARPENING KIT,3760011420279
JR-AFC0023,MAINS CHAINSAW SHARPENER,3760011420262
JR-AFC0020,ELECTRIC CHAINSAW GRINDER (JR-AFC0020),3760011420231
JR-AFC0026,SHARPENING KIT 5.5MM,
JR-AFC0025,SHARPENING KIT 4.8MM,
JR-CARB0002,FUEL PIPE INNER DIAMETER 3.2MM OUTER 7MM L30CM (JR-CARB0002),3760011420569
JR-CARB0001,FUEL PIPE INNER DIAMETER 6.35MM OUTER 12.7MM L30CM,3760011420552
JR-CLB001,PLUG SPANNER 1MM BOX F/H 19MM 21MM,3760011424574
JR-CARB0006,PRIMER BR496115 694395,3760011420606
JR-CARB0005,PRIMER BR494408 694394,3760011420590
JR-CARB0003,FUEL PIPE INNER DIAMETER 4.5MM OUTER 10MM L30CM (JR-CARB0003),3760011420576
JR-CLB002,PLUG SPANNER BOX9.5MM M/L 19MM 21MM (JR-CLB002),
JR-CLB003,PLUG SPANNER FLAT SCREWDRIVER 13MM 19MM CHAINSAW (JR-CLB003),
JR-CLB004,PLUG SPANNER,
JR-CLB008,SPARKPLUG BOX SPANNER LONG REACH 16MM 19MM,3760011424642
JR-CLB006,PLUG SPANNER FLAT SCREW DRIVER 11MM 16MM,
JR-CLB007,PLUG SPANNER FLAT SCREWDRIVER 17MM 19MM,3760011424635
JR-CLB005,PLUG SPANNER FLAT SCREWDIVER 17MM 21MM,3760011424611
JR-FAA003,QUANTUM AIR FILTER  | JR FAA003,3760011421429
JR-CLB009,SPARKPLUG BOX SPANNER LONG REACH C/W BAR 19MM 21MM,
JR-FAA0004,AIR FILTER BR690610 498596 697029,3760011421443
JR-FAA001,AIR FILTER JR-FAA001,
JR-FAH0002,OIL FILTER LONG VARIOUS,3760011421559
JR-FAE0001,FUEL FILTER RIDER -                        WP73112,3760011421528
JR-LAN0004,RECOIL HANDLE,3760011422327
JR-LAN0007,RECOIL ROPE D3MM L1.8M,3760011422358
JR-LAN0006,RECOIL HANDLE + ROPE BRIGGS COMMON ENGINES AND TECUMSEH,3760011422341
JR-LAN0008,RECOIL ROPE D3.5MM L1.8M,3760011422365
JR-LAN0009,RECOIL ROPE D4MM L1.8M,3760011422372
JR-LAN0010,RECOIL ROPE D4.5mm L1.8m,3760011422389
JR-LAN0011,RECOIL ROPE D5MM L1.8M,3760011422396
JR-LTD0011,MOWER BLADE MULCHING 81004146/0 L476MM BORE 18.3MM SPA 65MM,3760011422518
JR-LTD0008,BLADE 81004115/0 81004116/0 L330MM B18.3 SPACING 45MM,3760011422488
JR-LTD0009,MOWER BLADE CASTEL 81004117/0 81004142/0 664.004.117 L370MM,3760011422495
JR-LTD0010,BLADE 81004346/3 TC92 L460MM BORE 18.5MM TR81004366/2,3760011422501
JR-LTD0012,BLADE 81004381/1 1111-9726-01 1136-1029-01 L504MM S18.3MM,3760011422525
JR-LTD0013,BLADE 82004342/0 1136-1032-01 L620MM BORE18.5MM SPACING 65MM,3760011422532
JR-LTD0016,MOWER BLADE TORO 50CM 112-8841-03 FITS 29639 29642 29643,3760011422556
JR-LTD0015,BLADE TORO 55CM 108-9783-03 20655 20658 20954 20955 20956 58,3760011422549
JR-OFT0001,SAW HORSE,3760011422563
JR-OFT002,JR OFT 002 CHAINSAW STAND SMALL,3760011424666
JR-PRT006,ANTI NOISE PLASTIC SCREEN GOGGLES ELASTICATED,
OUT003,2 Stroke Carburettor Adjusting Tool | JR-OUT003,3760011423225
JR-PRT008,SAFETY GLASSES PLASTIC,
JR-SLT0003,BLADE HUB 125463200/0 H 36MM DI 20MM  F72 TC92 TC102 TC122,3760011422778
JR-PRT009,PRO SAFETY GLASSES PLASTIC,
JR-SLT0001,ADAPTABLE BLADE HUB 22465607/0 1224656073 NG464TR TRE NG 484,
HY-HYTC9004,Hyundai 305-Piece 7-Drawer Castor-Mounted Roller Cabinet | HYTC9004,5056275722975
PDI-CHARGE,PDI & Fully Assembled Delivery,
SIMP-1696909,Simplicity Mulch-Kit Inc. Eliminator®Blades - for SYT410 | 1696909,0000000000000
HAR-LMG42P-A,Harry LMG42P-A 3-in-1 Hand-Propelled Petrol Lawnmower,000000000000
HAR-LMG42S-A,Harry LMG42S-A 3-in-1 Self-Propelled Petrol Lawnmower,
HAR-LMG46S-B,Harry LMG46S-B 3-in-1 Self-Propelled Petrol Lawnmower,0000000000000
HAR-LMG53SHL-T,Harry LMG53SHL-T 4-in-1 Self-Propelled Hi-Wheel Petrol Lawnmower,0000000000000
17338046,"Lawnmower Blade - 50.2cm | Fits Feider & Racing 20"" Models",3664142164166
EF-EF124S/22H,Efco EF124S/22H Heavy-Duty Rear-Collect V-Twin Garden Tractor with Hydrostatic Drive,
EF-EF123S/22V,Efco EF123S/22V Rear-Collect V-Twin Garden Tractor with Hydrostatic Drive,
EM-ST300,Emak ST300 15m Mains Extension-Cable,001000911
PDI-CHARGE-50,PDI & Fully Assembled Delivery,
OM-DEB518,Oleo-Mac DEB518 Self-Propelled Wheeled Brushcutter,
RAC-610EHT,Racing 610EHT Electric Hedgetrimmer,3661602011077
RAC-550EGT,Racing 550EGT Electric Grass-Trimmer,3661602015044
RAC-PO450UK,Racing PO450UK Corded Electric Sander,3661602018380
RAC-900UK,Racing 900UK Corded Electric Planer,3661602018410
RAC-SC1200UK,Racing SC1200UK Corded Electric Circular-Saw,3661602018427
PALLET-DELIVERY-CHARGE-1,Pallet Delivery Charge,
QUICK-DELIVERY,1 -2 Working Day Delivery,
FD-FTDT5070-AC-JUBILEE,Feider 5070-AC Self-Propelled Petrol Lawnmower | Jubilee Special Offer,3661602022813
FD-FTDT5096-AC-JUBILEE,Feider 5096-AC Self Propelled Petrol Lawnmower | Jubilee Special Offer,3661602027535
HYU-H60,Hyundai 60w Portable Solar-Powered Charging Unit | H60,
FTDTR4870ES,Feider TR4870ES Variable-Speed Petrol Rear-Roller Lawnmower with Electric Start,3661602040732
FD-TR5220ES,Feider TR5220ES Variable-Speed Petrol Rear-Roller Lawnmower with Electric Start,3661602040749
RAC-RACR50PW,Racing Blue RAC50PW Robot Mower,
RAC-RAC50PW-1,Racing Blue RAC50PW-1 Robotic Lawnmower,
SIMP-SLT175,Simplicity Regent SLT175 Side-Discharge V-Twin Garden Tractor with Hydrostatic Drive,0000000000000
STIG-278131808/St1,Stiga Fast Charger | Fits E-Ride Models,
ECH-DPB-310,Echo DPB-310 40v Cordless Leaf-Blower (Tool Only),4934110780025
ECH-DHC-310,Echo DHC-310 40v Cordless Hedgetrimmer (Tool Only),
ECH-DSRM-310L,Echo DSRM-310L 40v Cordless Grass-Trimmer (Tool Only),4934110780001
ECH-DLM-310/46SP,Echo DLM-310/46SP 40v 3-in-1 Self-Propelled Cordless Lawnmower with Variable Speed (Machine Only),4934110780063
ECH-DLM-310/46P,Echo DLM-310/46P 40v 3-in-1 Hand-Propelled Cordless Lawnmower (Machine Only),4934110780056
ECH-DLM-310/35P,Echo DLM-310/35P 40v 2-in-1 Hand-Propelled Cordless Lawnmower (Machine Only),4934110780049
ECH-DCS-310,Echo DCS-310 40v Cordless Chainsaw – 30cm Guide Bar (Tool Only),
ECH-LC-3604,Echo LC-3604 40v Battery Charger,4934110780094
ECH-LBP-36-150,Echo LBP-36-150 40v/4Ah Lithium-Ion Battery,4934110780087
ECH-LBP-36-80,Echo LBP-36-80 40v/2Ah Lithium-Ion Battery,4934110780070
RAC-5114F-A,Racing 5114F-A Comfort-Turn 4-in-1 Self-Propelled Petrol Lawnmower,3661602023001
RAC-5174F,Racing 5174F Comfort-Turn 4-in-1 Self-Propelled Petrol Lawnmower,3661602046291
RAC-2024000,"Battery Charger - for Feider, Racing & Chipperfield Compact Ride-Ons | 20244000",3664142304159
RACST264T,Racing ST264T 4-Stroke Petrol Leaf-Blower,3661602043948
RAC-1030ELA,Racing 1030ELA Hand-Propelled Electric Lawnmower,
FTDEC220V-4A,Feider FTDEC220V-4A 3-in-1 Hand-Propelled Cordless Lawnmower,3661602026637
RAC-6196PR,Racing 6196PR Ultra-Compact Side-Discharge Ride-On Mower with Manual Drive (Key Start),36610602045027
ECH-DCS-2500T,Echo DCS-2500T 56v Top-Handle Cordless Arborist's Chainsaw – 25cm Guide Bar (Tool Only),4934110706025
ECH-DCS-3500,Echo DCS-3500 56v Professional Cordless Chainsaw – 35cm Guide Bar (Tool Only),4934110710190
ECH-DSRM-2600/L,Echo DSRM-2600/L 56v Professional Cordless Brushcutter (Tool Only),
ECH-DSRM-2600/U,Echo DSRM-2600/U 56v Professional Cordless Brushcutter (Tool Only),4934110707978
ECH-DHC-200,Echo DHC-200 56v Professional Cordless Hedgetrimmer (Tool Only),
ECH-DPAS-2600,Echo DPAS-2600 56v Professional Cordless Multi-Tool Power Unit,0000000000000
RFB-2083,Redback Self-Propelled Cordless Lawnmower 46cm Cut 40v - 6Ah | E146CV | Refurbished Model,6945372102447
ECH-MTA-DTB,Echo MTA-DTB Cordless Multi-Tool Grass-Trimmer Attachment,
ECH-MTA-DAH,Echo MTA-DAH Cordless Multi-Tool Hedgetrimmer Attachment (54cm Blades),4934110710060
ECH-MTA-DPP,Echo MTA-DPP Cordless Multi-Tool Pole-Pruner Attachment,0000000000000
ECH-LBP-50-150,Echo LBP-50-150 56v/2.5Ah Lithium-Ion Battery,4934110711449
ECH-LBP-560-900,Echo LBP-560-900 56v/16Ah Harness-Mounted Lithium-Ion Battery,
ECH-LCJQ-560,Echo LCJQ-560 56v Battery Charger,
EZ40VBEUN,Energizer® BEUN 40v Cordless Brushcutter (Inc. Battery & Charger),3661602044075
EZ40VTDE46TC-UK,Energizer® TDE-46TC 40v 4-in-1 Variable-Speed Hi-Wheel Cordless Lawnmower (Inc. Battery & Charger),3661602045287
STIGA-7108E,Stiga Tornado 7108e Battery-Powered Side-Discharge Garden Tractor with Stepless Electronic Drive,
BB-PRO-88,BucketBarrow PRO88 Multi-Purpose Trade Wheelbarrow,
RAC-RACR50PW-2,Racing Blue RAC50PW Robot Mower,
BB-URBAN88-KIT,BucketBarrow URBAN88 KIT Multi-Purpose Garden & DIY Wheelbarrow,
BB-PRO130D-KIT,BucketBarrow PRO130d KIT Multi-Purpose Trade Wheelbarrow,9353337000160
BIO-WILDPOD,BioScapes WildPod® Multi-Habitat Planter,
BIO-NATUREARK,BioScapes NatureArk® Multi-Habitat Planter,
BIO-BIOCUBE,BioScapes BioCube® Multi-Habitat Planter,
BIO-DEADWOOD,BioScapes Deadwood Material – 600 Litres,
BIO-EXP-CLAY,BioScapes Expanded Clay – 100 Litres,
BIO-TOPSOIL,BioScapes Multipurpose Topsoil – 600 Litres,
BIO-WELL-PLAT,BioScapes Wellbeing Platform,
BIO-DB-BRACKET,BioScapes Display-Board Brackets,
BIO-DB,BioScapes BioCube® Display Board,
STIG-2F5820241/S16,Stiga Park 300 M Front-Cut Ride-On Lawnmower (Excluding Deck),8008984505865
HAN-WP02571BPK,Handy Universal Bump Feed Head c/w Ad. Bolts,
FRTF220-1,Feider RTF220 Pro Two-Wheel Rear-Tine Rotary Cultivator,3661602025906
STIG-372E,Stiga Swift 372e Battery-Powered Rear-Collect Ride-On Lawnmower with Stepless Electronic Drive,8008984852570
STIG-278100008/ST3,Stiga GT 500e 48v Cordless Grass-Trimmer (Tool Only),8008984854390
STIG-291342168/UKS,Stiga Collector 136e KIT 20v Cordless Lawnmower (Inc. 2 x Batteries & Charger),8008984852099
STIG-278720008/ST3,Stiga MT 500e 48v Cordless Multi-Tool (Tool Only),8008984855373
MF-2T1210403/CAS,Mountfield MTF 108H SD Side-Discharge Lawn Tractor with Hydrostatic Drive,
DEMKIT,JR 8-Piece Demolition Kit | DEMKIT,3661602041210
MF-2T2620403/CAS,Mountfield MTF 98H Rear-Collect Lawn Tractor with Hydrostatic Drive,8008984856677
MF-2T0210483/M22-1,Mountfield MTF 72 H Compact Rear-Collect Ride-On Mower with Hydrostatic Drive,8008984851825
MF-2T0515403/CAS,Mountfield MTF 98M SD Side-Discharge Lawn Tractor with Manual Drive,8008984856707
MF-2T2105403/CAS,Mountfield MTF 84 H Rear-Collect Lawn Tractor with Hydrostatic Drive,8008984856189
ECH-LBP-50-250,Echo LBP-50-250 56v/5Ah Lithium-Ion Battery,0000000000000
278012000/21,Stiga B420 48v/2Ah ePower Lithium-Ion Battery | 278012000/21,8008984841338
274014004/ST1,Stiga E440 48v/4Ah ePower Lithium-Ion Battery 274014004/ST1,8008984866775
STIG-274015004/ST1,Stiga E450 48v/5Ah ePower Lithium-Ion Battery | 274015004/ST1,8008984866782
STIG-278031200/22-1,Stiga C 415 DU 48v/1.5A ePower Dual Standard Charger | 278021200/21,8008984841574
STIG-278031000/21,Stiga C 430 FU 48v/3.0A ePower Single Fast Charger | 278031000/21,8008984841390
STIG-278031200/22,Stiga C 430 DFU 48v/3.0A ePower Dual Fast Charger | 278031200/22,8008984856899
5060094341163,BioScapes WildPod Mini,
WEBV26,Webb V26 Petrol Blower-Vac,
PSU,"SCH Large Capacity Leaf Collection Suction Unit *Unit only, trailer and/or kit must be  purchased separately*",
PSUTK,SCH PSUTK Trailer Kit for PSU Collection Unit,
TRCL,SCH TRCL Collector/Trailer - Capacity 10 cwt,
MB-RL-428,Meccanica Benassi RL 428 Petrol Front-Tine Tiller with Rear PTOs (Honda Engine) - Please call to check delivery schedule,6018643861845
MB-MF-226,Meccanica Benassi MF 226 Scythe Mower,8854575624695
STIG-298302068/UKS,Stiga Aero 132e KIT 20v Cordless Hover Mower (Inc. 2 x Batteries & Charger),
Stiga Combi 336e Cordless Mower,Stiga Combi 336e 48v 3-in-1 Hand-Propelled Cordless Lawnmower (Machine Only),8008984854512
STIG-274012004/ST1,Stiga E420 48v/2Ah ePower Lithium-Ion Battery | 274012004/ST1,8008984866768
STIG-277014008/ST1,Stiga E440 48v/4Ah ePower Lithium-Ion Battery | 277014008/ST1,8008984844223
FM42,SCH FM42 107cm Tow-Behind Flail Mower,
FM48,SCH FM48 122cm Tow-Behind Flail Mower,0000000000000
EPB,"SCH Equestrian Powered 36"" Brush - EPB",EPB
PAS-2620ES,Echo PAS-2620ES Petrol Multi-Tool Power Unit,
SCH BT1 Bin Trailer,SCH BT1 Bin Trailer,SCH-BT1
SCH RR3 Rotary Raker,SCH RR3 Rotary Raker,SCH-RR3
SCH LWBM Large Waste Bin Mover,SCH LWBM Large Waste Bin Mover,SCH-LWBM
PSUFT,SCH PSUFT Road Legal Version of PSU Leaf Suction Unit,
TRCLH,SCH TRCLH Wandering Hose-Kit (for TPSU Leaf-Vacuum Trailer),
TPSU(1),SCH TPSU(1) Hydraulic Trailer-Mounted Leaf-Collection Unit (Single-Pipe Hydraulics),TPSU(1)
TPSU(2),SCH TPSU(2) Hydraulic Trailer-Mounted Leaf-Collection Unit (Double-Pipe Hydraulics),
TPSU(E),SCH TPSU(E) Hydraulic Trailer-Mounted Leaf-Collection Unit (Integral Electric Hydraulics),
LFS843,LIFESTYLE TAHITI II 13KW PYRAMID FLAME HEATER,5060057623756
LFS844,LIFESTYLE TAHITI II 13KW BLACK PYRAMID FLAME HEATER,
LFS822,LIFESTYLE SANTORINI 11KW RETRACTABLE PATIO HEATER,5060057620120
LFS840,ENDERS® COMMERCIAL 14KW PATIO HEATER,4000591054839
LFS691,LIFESTYLE VERONA ALFRESCO GAS PIZZA OVEN,5060057623534
LFS256,LIFESTYLE BIG HORN PELLET SMOKER + GRILL,5060057623831
LFS904,LIFESTYLE OUTDOOR ELECTRIC DRINKS COOLER,5060057623565
CC-LR2NR76,Cub Cadet LR2NR76 Compact Rear-Collect Ride-On Mower with Hydrostatic Drive,
OM-PPH250,Oleo-Mac PPH250 Petrol Pole-Pruner,8026619080587
OM-BCH-500T,Oleo-Mac BCH-500T Petrol Brushcutter,6098449590545
FD-FRT-12565ZT,Feider FRT-12565ZT Zero-Turn Ride-On Mower,3661602050779
FRT90EA,Feider FRT90EA Rear-Collect Lawn Tractor with Manual Drive,3661602049131
FD-FRT90EL,Feider FRT90EL Side-Discharge Lawn Tractor with Manual Drive,3661602044013
FD-FRT100EA,Feider FRT100EA Rear-Collect Lawn Tractor with Manual Drive,
FD-FRT100EL,Feider FRT100EL Side-Discharge Lawn Tractor with Manual Drive,3661602044013
RACT90EA,Racing RACT90EA Rear-Collect Lawn Tractor,3661602049407
STIG-294519048/ST1,Stiga Twinclip 950 VR Variable-Speed Petrol Rear-Roller Lawnmower,8008984860599
STIG-2T2800481/ST2,Stiga Estate 798e Battery-Powered Rear-Collect Lawn Tractor with Stepless Electronic Drive,
STIG-294563538/ST2,Stiga Twinclip 955 VE 4-in-1 Variable-Speed Petrol Lawnmower with Electric Start & Honda Engine,8008984852716
STIG-2L0486848/ST2,Stiga Combi 748 S 4-in-1 Self-Propelled Petrol Lawnmower,
STIG-294380068/ST2,Stiga Combi 340 C 3-in-1 Hand-Propelled Electric Lawnmower,
STIG-2L0536848/ST2,Stiga Combi 753 S 4-in-1 Self-Propelled Petrol Lawnmower,
STIG-2L0536548/ST2,Stiga Combi 753 SE 4-in-1 Self-Propelled Petrol Lawnmower with Electric Start,
STIG-2L0482048/ST2,Stiga Collector 548 S Self-Propelled Petrol Lawnmower,8008984851955
STIG-298471848/ST2,Stiga Multiclip 547 D Hand-Propelled Petrol Mulching Lawnmower with Side-Discharge,8008984853584
STIG-294513998/UKS,Stiga Twinclip 950e V 48v 4-in-1 Variable-Speed Cordless Lawnmower (Inc. Batteries & Charger),8008984860643
STIG-294557548/ST1,Stiga Combi 955 VE 4-in-1 Variable-Speed Petrol Lawnmower with Electric Start,8008984852297
AT-2L0432147/MC,Atco Classic 16S 3-in-1 Self-Propelled Petrol Lawnmower,8008984857841
AT-2L0486047/MC,Atco Classic 18S 3-in-1 Self-Propelled Petrol Lawnmower,8008984857957
AT-2L0536047/MC,Atco Classic 20S 3-in-1 Self-Propelled Petrol Lawnmower,8008984857933
MB-RL2,Meccanica Benassi RL2 Petrol Front-Tine Tiller - Please call to check delivery schedule,8945047832363
MB-RL-45,Meccanica Benassi RL 45 Petrol Front-Tine Tiller - please contact us for delivery times,9145368972758
MB-RL-312,Meccanica Benassi RL 312 Petrol Front-Tine Tiller - Please contact us to check delivery times,9145368997560
MB-RL-426,Meccanica Benassi RL 426 Petrol Front-Tine Tiller (Honda Engine)  - Please call to check delivery time,0000000000000
FRT70EA,Feider FRT70EA Rear-Collect Lawn Tractor with Manual Drive,3661602049124
RAC49CS4T,Racing RAC49CS4T 4-Stroke Petrol Chainsaw,3661602043955
RAC-TT50-3M,Racing TT50-3M 3-in-1 Petrol Earth-Auger with Borer & Drill Attachments,3661602047489
RAC-6224PR,Racing 6224PR Ultra-Compact Rear-Collect Ride-On Mower with Manual Drive (Key Start),3661602049391
RAC-BT26,Racing Blue BT26 Curved-Shaft Petrol Grass-Trimmer,3661602011541
FRT70EL,Feider FRT70EL Side-Discharge Lawn Tractor with Manual Drive,
FLY-FES340RLI,Flymo EasiStore 340 Li Cordless 4-Wheel Roller Lawnmower,7392930297265
FG8500RS,Feider 8500w Single-Phase Open-Frame Petrol Generator | FG8500RS,3661602049223
FG8500ES,Feider 8500w Three-Phase Open-Frame Petrol Generator with Electric Start | FG8500ES,3661602049230
FRE7548V,Feider FRE7548V Battery-Powered Electric Ride-On Mower,3661602049506
FLY-FEGPLUS330V,Flymo EasiGlide Plus 330V Electric Hover Mower,7392930542570
FLY-FEC45018VK2,Flymo EasiCut 450 18v Cordless Hedgetrimmer (45cm Blades),7392930760868
FLY-FEASITRIM18VK2,Flymo EasiTrim 250 KIT 18v 2-in-1 Cordless Grass-Trimmer & Lawn Edger (Inc. Battery & Charger),
STIG-277200008/ST1,Stiga SBC 700 AE 48v Cordless Brushcutter with 'Loop' Handle (Tool Only),8008984844100
STIG-277300008/ST1,Stiga SHT 700 AE 48v Cordless Hedgetrimmer (Tool Only),
STIG-277500008/ST1,Stiga SAB 700 AE 48v Cordless Leaf-Blower (Tool Only),8008984844131
CT-HB20G,Charles Taylor Traditional 3-Seater Wooden Bench with Green Cushion | HB20G,5060674542553
CT-HB20GR,Charles Taylor Traditional 3-Seater Wooden Bench with Grey Cushion | HB20GR,5060674543956
CT-HB20B,Charles Taylor Traditional 3-Seater Wooden Bench with Burgundy Cushion | HB20B,5060674542560
CT-HB01G,Charles Taylor Twin Wooden Garden ‘Love’ Seats with Green Cushions | HB01G,
CT-HB01GR,Charles Taylor Twin Wooden Garden ‘Love’ Seats with Grey Cushions | HB01GR,
CT-HB01B,Charles Taylor Twin Wooden Garden ‘Love’ Seats with Burgundy Cushions | HB01B,5060674541556
CT-HB19G,Charles Taylor Traditional 2-Seater Wooden Bench with Green Cushions | HB19G,5060674542546
CT-GB19GR,Charles Taylor Traditional 2-Seater Wooden Bench with Grey Cushions | HB19GR,5060674543949
CT-HB19B,Charles Taylor Traditional 2-Seater Wooden Bench with Burgundy Cushions | HB19B,5060674540191
CT-HB09G,Charles Taylor Traditional Wooden 4-Seater Circular Table Set with Green Cushions & Parasol | HB09G,5060674543031
CT-HB09GR,Charles Taylor Traditional Wooden 4-Seater Circular Table Set with Grey Cushions & Parasol | HB09GR,5060674544342
CT-HB09B,Charles Taylor Traditional Wooden 4-Seater Circular Table Set with Burgundy Cushions & Parasol | HB09B,5060674543048
CT-HB213,Charles Taylor 3-Tiered Country-Kitchen Herb Garden Planter | HB213,5060674544663
ECH-DHCA-310,Echo DHCA-310 40v Long-Reach Cordless Hedgetrimmer (Tool Only),
CT-HB14G,Charles Taylor Traditional Wooden 6-Seater Rectangular Table Set with Green Cushions & Parasol | HB14G,5060674543130
CT-HB14GR,Charles Taylor Traditional Wooden 6-Seater Rectangular Table Set with Grey Cushions & Parasol | HB14GR,5060674544397
CT-HB14B,Charles Taylor Traditional Wooden 6-Seater Rectangular Table Set with Burgundy Cushions & Parasol | HB14B,5060674543147
SIMP-SYT510-SE,Simplicity Conquest SYT510 Special-Edition Garden Tractor (with Lawn-Striping Rollers),0000000000000
CT-HB224,Charles Taylor 4-Seater Wooden Alfresco Bar Set | HB224,
CT-GS11,Charles Taylor 6-Seater Wooden Picnic Table | GS11,
CT-HB133G,Charles Taylor ‘Dorset’ 2-Seater Wooden Swing with Green Cushions & Detachable Roof Cover | HB133G,
CT-HB133GR,Charles Taylor ‘Dorset’ 2-Seater Wooden Swing with Grey Cushions & Detachable Roof Cover | HB133GR,
CT-HB133B,Charles Taylor ‘Dorset’ 2-Seater Wooden Swing with Burgundy Cushions & Detachable Roof Cover | HB133B,5060674542881
MF-327107506/0,Mountfield Side-Discharge Chute - for MTF 66 MQ | 327107506/0,7313323035066
YF-LS-G35W,Yard Force LS G35W 40v Cordless Chainsaw (Tool Only),6939500729880
MF-SP160R,Mountfield SP160R Self-Propelled Petrol Rear-Roller Lawnmower,8008984848313
FTDT5096ES,Feider FTDT5096ES 4-in-1 Self-Propelled Petrol Lawnmower with Electric Start,3661602049902
RAC-4639T,Racing 4639T 4-in-1 Self-Propelled Petrol Lawnmower,3661602050250
RAC-2538PGT,Racing 2538PGT Curved-Shaft Petrol Grass-Trimmer,3661602005397
SNAP-SPX275,Snapper SPX275 Rear-Collect V-Twin Garden Tractor with Hydrostatic Drive,3570523582415
SNAP-84007244,Snapper CentreCut™ Full-Height Mulching Baffle - for ZTX275 | 84007244,
FTDER22V1B,Feider FTDER22V1B 22v Robotic Lawnmower (Inc. 1 x Battery),3661602050755
FTDER22V2B,Feider FTDER22V2B 22v Robotic Lawnmower (Inc. 2 x Batteries),3661602050762
STIG-2F7062505/ST1,Stiga Gyro 500e ‘Drive-by-Wire’ Electric Battery-Powered Axial Ride-On Lawnmower,8008984853089
STIG-2F7063605/ST1,Stiga Gyro 700e ‘Drive-by-Wire’ Electric Battery-Powered Axial Ride-On Lawnmower,8008984853102
STIG-2F7064705/ST1,Stiga Gyro 900e ‘Drive-by-Wire’ Electric Battery-Powered Axial Ride-On Lawnmower,8008984853126
PDI-CHARGE-2,PDI & Fully Assembled Tractor Delivery,
GW-G40LM41,Greenworks G40LM41 40v/41cm Cordless Lawnmower (Machine Only),
GW-G40LM35K2,Greenworks G40LM35K2 40v/35cm Cordless Lawnmower (Inc. 2Ah Battery & Charger),
GW-G40LM41K2,Greenworks G40LM41K2 40v/41cm Cordless Lawnmower (Inc. 2Ah Battery & Charger),
GW-G40LM35K2X,Greenworks G40LM35K2X 40v/35cm Cordless Lawnmower (Inc. 2 x 2Ah Batteries & Charger),6952909018379
GW-G40LM41K2X,Greenworks G40LM41K2X 40v/41cm Cordless Lawnmower (Inc. 2 x 2Ah Batteries & Charger),6952909018003
FRT62,Feider FRT62 Ultra-Compact Rear-Collect Ride-On Mower with Manual Drive,3661602049490
GW-GD40SC36,Greenworks GD40SC36 40v 2-in-1 Cordless Scarifier & Dethatcher (Machine Only),6952909061078
GW-G40CS30,Greenworks G40CS30 40v Cordless Chainsaw – 30cm Guide Bar (Tool Only),6952909000169
GW-G40CS30K2,Greenworks G40CS30K2 40v Cordless Chainsaw – 30cm Guide Bar (Inc. 2Ah Battery & Charger),6952909013145
GW-GD40CS15,Greenworks GD40CS15 40v DigiPro Cordless Chainsaw – 35cm Guide Bar (Tool Only),6952909053400
GW-GD40CS15K2,Greenworks GD40CS15K2 40v DigiPro Cordless Chainsaw – 35cm Guide Bar (Inc. 2Ah Battery & Charger),6952909070940
GW-GD40CS18,Greenworks GD40CS18 40v DigiPro Cordless Chainsaw – 40cm Guide Bar (Tool Only),6952909059204
GW-GD40CS18K4,Greenworks GD40CS18K4 40v DigiPro Cordless Chainsaw – 40cm Guide Bar (Inc. 4Ah Battery & Charger),6952909059204
GW-G40GC,Greenworks G40GC 40v/100kg-Capacity Battery-Powered Garden Cart (Machine Only),6952909008806
GW-G60B2,Greenworks 60v/2Ah Lithium-Ion Battery | G60B2,6952909015545
GW-G60B4,Greenworks 60v/4Ah Lithium-Ion Battery | G60B4,6952909015552
GW-G60B5,Greenworks 60v/5Ah Lithium-Ion Battery | G60B5,6952909031361
GW-G60UC,Greenworks 60v Battery Charger | G60UC,6952909015569
GW-G60X2UC6,Greenworks 60v Twin-Port Battery Charger | G60X2UC6,6952909072227
GW-GD60BPB,Greenworks GD60BPB 60v DigiPro Battery-Powered Backpack Blower (Tool Only),6952909016740
GW-GD60AB,Greenworks GD60AB 60v DigiPro Cordless Leaf-Blower (Tool Only),6952909015576
GW-GD60BCB,Greenworks GD60BCB 60v DigiPro Cordless Brushcutter (Tool Only),6952909067087
GW-GD60LT,Greenworks GD60LT 60v DigiPro Cordless Grass-Trimmer (Tool Only),
GW-GD60BC,Greenworks GD60BC 60v DigiPro Cordless Brushcutter (Tool Only),6952909069166
GW-GD60HT,Greenworks GD60HT 60v DigiPro Cordless Hedgetrimmer (Tool Only),6952909015620
GW-GD60PHT51,Greenworks GD60PHT51 60v DigiPro Cordless Long-Reach Hedgetrimmer (Tool Only),
MF-2L0536033/MC,Mountfield SP53H 3-in-1 Self-Propelled Petrol Lawnmower (with Honda Engine),8008984817999
GW-GD60CS40,Greenworks GD60CS40 60v DigiPro Cordless Chainsaw - 40cm Guide Bar (Tool Only),6952909015613
GW-GD60PS25,Greenworks GD60PS25 60v DigiPro Cordless Pole-Pruner – 25cm Guide Bar (Tool Only),6952909070506
GW-GD60LM46SP,Greenworks GD60LM46SP 60v/46cm DigiPro 4-in-1 Self-Propelled Variable-Speed Cordless Lawnmower (Machine Only),6952909015606
GW-GD60LM46SPK4,Greenworks GD60LM46SPK4 60v/46cm DigiPro 4-in-1 Self-Propelled Variable-Speed Cordless Lawnmower (Inc. 4Ah Battery & Charger),
GW-GD60LM51SP,Greenworks GD60LM51SP 60v/51cm DigiPro 4-in-1 Self-Propelled Variable-Speed Cordless Lawnmower (Machine Only),
GW-GD60EA,Greenworks GD60EA 60v DigiPro Cordless Earth Auger (Tool Only),6952909078373
GW-GDC60,Greenworks GDC60 60v/70bar Cordless Pressure-Washer (Tool Only),
GW-GOPTIMOW10,Greenworks Optimow®10 24v Robotic Lawnmower (for Lawns up to 1000m2),6952909054889
GW-GOPTIMOW15,Greenworks Optimow®15 24v Robotic Lawnmower (for Lawns up to 1500m2),
CC-196-967-678,MTD/Lawnflite/Cub Cadet 12v Battery Charger – for Lawn Tractors with Trigger-Charge Function (196-967-678),4008423835694
CC-196-399-000,Cub Cadet Tow-Bar for LT-Series Rear-Collect Lawn Tractors (196-399-000),4008423914733
STIG-271504218/UKS,Stiga BL 100e KIT 20v Cordless Leaf-Blower (Inc. Battery & Charger),
STIG-271504298/UKS,Stiga VS 100e KIT 20v Cordless Blower-Vac (Inc. 2 x Batteries & Charger),8008984854147
STIG-271012008/ST1,Stiga E22 20v/2Ah ePower Lithium-Ion Battery | 271012008/ST1,8008984843912
STIG-271014008/ST1,Stiga E24 20v/4Ah ePower Lithium-Ion Battery | 271014008/ST1,8008984843929
STIG-271021100/21,Stiga C 215 DU 20v ePower Twin-Port Battery Charger | 271021100/21,8008984841222
STIG-271021000/21,Stiga C 215 SU 20v ePower Single-Port Battery Charger | 271021000/21,8008984841208
STIG-271102218/UKS,Stiga GT 100e KIT 20v 2-in-1 Cordless Grass-Trimmer & Lawn Edger (Inc. Battery & Charger),8008984854437
FST264T,Feider FST264T 4-Stroke Petrol Leaf-Blower,
FTRT494T,Feider FTRT494T 4-Stroke Petrol Chainsaw (41cm Guide Bar),3661602043764
FTDT5170ZT,Feider FTDT5170ZT Comfort-Turn 4-in-1 Self-Propelled Petrol Lawnmower with Front Castor-Wheels,3661602049926
STIG-271302218/UKS,Stiga HT 100e KIT 20v Cordless Hedgetrimmer (Inc. Battery & Charger),8008984855229
STIG-271724218/UKS,Stiga MT 100e KIT 20v Cordless Multi-Tool (Inc. Battery & Charger),
STIG-213851142/ST1,Stiga SRC 685 RG Petrol Front-Tine Tiller,8008984813960
2T0785483/M22,Mountfield MTF 92 H Rear-Collect V-Twin Garden Tractor with Hydrostatic Drive,8008984853003
FTREN220V,Feider FTREN220V 2 x 20v Cordless Chainsaw – 35cm Guide Bar (Tool Only),3661602025401
STIG-283220008/ST1,Stiga BC 730 Petrol Brushcutter,8008984853393
STIG-283221008/ST1,Stiga BC 730 B Petrol Brushcutter,8008984853409
STIG-283424008/ST2,Stiga BC 750 B Petrol Brushcutter,8008984853935
STIG-283524008/ST3,Stiga BC 760 B Petrol Brushcutter,8008984853966
STIG-277500008/ST2,Stiga BL 700e 48v Cordless Leaf-Blower (Tool Only),
EIN-4257214,Einhell Power X-Change 18v Cordless Combi Drill/Impact Driver Twin Pack | 4257214,
EIN-4257238,Einhell TC-CK 18 Li KIT 18v Cordless Drill/Angle Grinder Twin Pack | 4257238,4006825646504
OLY-09-050,Olympia 600w Corded Hammer Drill | 09-050,5057902090504
OLY-09-210,Olympia 135w Corded Orbital Sander | 09-210,5057902092102
OLY-09-510,Olympia 2000w Corded Heat Gun | 09-510,5057902095103
STIG-278500008/ST2,Stiga SAB 500 AE 48v Cordless Leaf-Blower (Tool Only),8008984844407
STIG-279050008/ST1,Stiga SBH 900 E Backpack Battery Harness,8008984844339
STIG-277017008/ST1,Stiga E475 48v/7.5Ah ePower Lithium-Ion Battery | 277017008/ST1,
STIG-279710038/ST1,Stiga SPH 900 AE 48v Cordless Long-Reach Hedgetrimmer (Tool Only),
STIG-278300008/ST3,Stiga HT 500e 48v Cordless Hedgetrimmer (Tool Only),
STIG-279500008/ST2,Stiga BL 900e 48v Cordless Leaf-Blower (Tool Only),8008984853768
STIG-277210008/ST1,Stiga SBC 700 D AE 48v Cordless Brushcutter with ‘Cowhorn’ Handle (Tool Only),8008984844117
STIG-277430008/ST1,Stiga CS 700e 48v Cordless Chainsaw – 35cm Guide Bar (Tool Only),8008984855397
STIG-277015008/ST1,Stiga E450 48v/5Ah ePower Lithium-Ion Battery | 277015008/ST1,
STIG-278420008/ST2,Stiga SPR 500 AE 48v Cordless Top-Handle Arborist’s Chainsaw - 30cm Guide Bar (Tool Only),8008984844421
STIG-240271002/ST2,"Stiga PR 730 Top-Handle Petrol Arborist’s Chainsaw with 3/8"" Chain (25cm Guide Bar)",8008984853362
STIG-240271012/ST2,"Stiga PR 730 C Top-Handle Petrol Arborist’s Chainsaw with 1/4"" Chain (25cm Guide Bar)",
STIG-290401208/S15,Stiga SCM 240 R Rear-Deflect Manual Cylinder Mower,8008984632585
STIG-290409218/S15,Stiga 18-Litre Grass Collector for Rear-Deflect Manual Cylinder Mowers | 290409218/S15,8008984633971
STIG-290401608/S15,Stiga SCM 440 FS Front-Deflect Manual Cylinder-Mower,8008984632592
STIG-290409618/S15,Stiga 20-Litre Grass Collector for Front-Deflect Manual Cylinder-Mowers | 290409618/S15,
STIG-240421602/ST1,Stiga CS 545 Petrol Chainsaw (40cm Guide Bar),8008984853508
STIG-240461802/S17,Stiga SP 466 Petrol Chainsaw (45cm Guide Bar),
STIG-252421008/ST2,Stiga HT 525 Petrol Hedgetrimmer (60cm Blades),
STIG-279300008/ST1,Stiga SHT 900 AE 48v Cordless Hedgetrimmer (Tool Only),
STIG-211400248/ST1,Stiga SVP 40 G Petrol Scarifier,8008984838482
EZ20VSJN,Energizer® EZ20VSJN 20v Cordless Garden Pruner/Mini-Chainsaw (Tool Only),3661602048097
STIG-290002132/14,Stiga SV 213 E 1300w/32cm 2-in-1 Electric Scarifier/Aerator,8008984622401
STIG-1911-9291-01,Stiga 15m Power Cable for Mains-Electric Scarifiers/Aerators | 1911-9291-01,
STIG-213601041/ST1,Stiga SRC 585 RG Petrol Front-Tine Tiller,8008984860773
STIG-219000080/15,Stiga Tyres Kit for SRC 685 RG Front-Tine Tiller | 219000080/15,8008984633995
STIG-219000120/18,Stiga Half Side Plough for SRC 685 RG Front-Tine Tiller | 219000120/18,8008984825437
STIG-219000130/18,Stiga Double Side Plough for SRC 685 RG Front-Tine Tiller | 219000130/18,8008984825444
STIG-219000140/18,Stiga Iron Wheels Kit for SRC 685 RG Front-Tine Tiller | 219000140/18,8008984825659
STIG-13-3926-11,Stiga 107cm Towed Leaf-Sweeper/Collector for Stiga Park Front-Cut Ride-On Mowers | 13-3926-11,7313321309619
STIG-2A0000000/S16,Stiga Protective Cover for Park Front-Cut Ride-On Mowers | 2A0000000/S16,8008984781696
STIG-13-3916-61,Stiga Dust Cover for 85cm Front-Mounted Sweeper | 13-3916-61,7313321308902
STIG-13-0952-11,Stiga 75kg-Capacity Poly Combi-Cart  | 13-0952-11,7313321303426
STIG-13-0955-11,Stiga 38kg-Capacity Towed Broadcast Spreader | 13-0955-11,
STIG-278500008/ST3,Stiga BL 500e 48v Cordless Leaf-Blower (Tool Only),
STIG-299900750/1,Stiga PTO Kit – for Stiga Tractor Mowers | 299900750/1,8008984790964
STIG-299900260/0,Stiga 56cm Towed Poly Ballast Roller | 299900260/0,7313321306397
STIG-299900150/0,Stiga Rear Counterweight for 92cm Rear-Collect Tractors | 299900150/0,7313321306946
STIG-2A6107010/S17,Stiga 107cm Towed Grass & Leaf Collector for Stiga Park Front-Cut Ride-On Mowers | 2A6107010/S17,8008984787315
STIG-219602532/S17,Stiga SWS 600 G Self-Propelled Sweeper,8008984783805
STIG-290602020/16,Stiga Collection Box for SWS 600 G Self-Propelled Sweeper | 290602020/16,8008984640511
STIG-290602030/16,Stiga Front Blade for SWS 600 G Self-Propelled Sweeper | 290602030/16,8008984640535
STIG-277710048/ST2,Stiga PS 700e 48v Cordless Pole-Pruner (Tool Only),
STIG-277710038/ST2,Stiga PH 700e 48v Cordless Long-Reach Hedgetrimmer (Tool Only),
STIG-277710038/ST1,Stiga SPH 700 AE 48v Cordless Long-Reach Hedgetrimmer (Tool Only),8008984844148
271302208/UKS,Stiga SHT 100 AE KIT 20v Cordless Hedgetrimmer (Inc. Battery & Charger),8008984844896
STIG-279350008/ST2,Stiga HT 900e 48v Cordless Hedgetrimmer (Tool Only),8008984855458
STIG-277300008/ST2,Stiga HT 700e 48v Cordless Hedgetrimmer (Tool Only),8008984854932
FRT6224,Feider FRT6224 Ultra-Compact Rear-Collect Ride-On Mower with Manual Drive,
STIG-279210008/ST1,Stiga SBC 900 D AE 48v Cordless Brushcutter with ‘Cowhorn’ Handle (Tool Only),8008984844179
STIG-278200008/ST2,Stiga SBC 500 AE 48v Cordless Brushcutter with ‘Loop’ Handle (Tool Only),8008984844377
STIG-279500008/ST1,Stiga SAB 900 AE 48v Cordless Leaf-Blower (Tool Only),8008984844193
STIG-277200008/ST2,Stiga BC 700e 48v Cordless Brushcutter with ‘Loop’ Handle (Tool Only),
STIG-277210008/ST2,Stiga BC 700e B 48v Cordless Brushcutter with ‘Cowhorn’ Handle (Tool Only),
STIG-279210008/ST2,Stiga BC 900e B 48v Cordless Brushcutter with ‘Cowhorn’ Handle (Tool Only),
STIG-278420008/ST3,Stiga PR 700e 48v Cordless Top-Handle Arborist’s Chainsaw - 30cm Guide Bar (Tool Only),
FD-FRT7550M-SD,Feider FRT7550M-SD Compact Side-Discharge Ride-On Mower with Manual Drive,3661602023780
FRT75BS125-SD,Feider FRT75BS125-SD Compact Side-Discharge Ride-On Mower with Manual Drive & Briggs Engine,3661602018434
STIG-291302168/UKS,Stiga Collector 132e KIT 20v Cordless Lawnmower (Inc. Battery & Charger),8008984854543
STIG-291382168/UKS,Stiga Collector 140e KIT 20v Cordless Lawnmower (Inc. 2 x Batteries & Charger),8008984854567
STIG-294346068/UKS,Stiga Combi 336e KIT 48v 3-in-1 Hand-Propelled Cordless Lawnmower (Inc. Battery & Charger),
STIG-294386068/UKS,Stiga Combi 340e KIT 48v 3-in-1 Hand-Propelled Cordless Lawnmower (Inc. Battery & Charger),
STIG-294426068/UKS,Stiga Combi 344e KIT 48v 3-in-1 Hand-Propelled Cordless Lawnmower (Inc. Battery & Charger),8008984862227
RAC511BSRP-A,Racing 511BSRP Comfort-Turn 4-in-1 Self-Propelled Petrol Lawnmower,3661602025357
FHBV1300,"Feider FHBV1300 Multi-Surface Steam Cleaner 1300 w, 1.5 bar",3661602030818
STIG-2L0486008/UKS,Stiga Collector 548e S KIT 48v Self-Propelled Cordless Lawnmower (Inc. 2 x Batteries & Charger),8008984862234
STIG-2L0537978/UKS,Stiga Combi 753e V KIT 48v 4-in-1 Variable-Speed Cordless Lawnmower (Inc. 2 x Batteries & Charger),
STIG-294519198/ST1,Stiga Twinclip 950e VR KIT 48v Variable-Speed Cordless Rear-Roller Lawnmower (Inc. 2 x Batteries & Charger),8008984860650
STIG-294340068/ST1,Stiga Combi 336c 3-in-1 Hand-Propelled Electric Lawnmower,8008984853669
STIG-294569048/ST1,Stiga Twinclip 955 VR Variable-Speed Petrol Rear-Roller Lawnmower,8008984860605
STIG-2L0432048/ST2,Stiga Collector 543 S Self-Propelled Petrol Lawnmower,8008984860247
STIG-2L0487838/ST2,Stiga Combi 748 V 4-in-1 Variable-Speed Petrol Lawnmower (with Honda Engine),
STIG-2L0537838/ST2,Stiga Combi 753 V 4-in-1 Variable-Speed Petrol Lawnmower (with Honda Engine),8008984852167
STIG-294557848/ST2,Stiga Combi 955 V 4-in-1 Variable-Speed Petrol Lawnmower,8008984852280
FHT22,Feider FHT22 Petrol Hedgetrimmer (60cm Blades),3661602056382
STIG-2T1215481/ST1,Stiga Tornado 5108 Side-Discharge Garden Tractor with Hydrostatic Drive,8008984852471
STIG-2L0487978/ST1,Stiga Combi 748e V KIT 48v 4-in-1 Variable-Speed Cordless Lawnmower (Inc. Batteries & Charger),
RACD314TB-A,Racing D314TB-A 4-Stroke Petrol Brushcutter,3661602043986
RAC52BPB-2,Racing 52BPB-2 Petrol Backpack Blower,3661602021014
FSDT75,Feider FSDT75 4-Stroke Petrol Backpack Blower,3661602043733
JRS200,JR 200-Litre Collapsible Rain Barrel | JRS200,3661602050175
JRS380,JR 380-Litre Collapsible Rain Barrel | JRS380,
JRS500,JR 500-Litre Collapsible Rain Barrel | JRS500,3661602050182
JRS750,JR 750-Litre Collapsible Rain Barrel | JRS750,3661602050199
FD-X-RANGE,Feider X-RANGER 250w Aluminium-Frame Electric Bicycle,3032651935629
STIG-2T2205481/ST2,Stiga Estate 584e Battery-Powered Rear-Collect Lawn Tractor with Stepless Electronic Drive,
BOU012,Spark Plug - JR BOU012 ( Equivalent to NGK BPR5ES OR CHAMPION RN11YC),3760011423515
FD-FRT7550M-SD-BAG,Feider 170-Litre Grassbag – for FRT7550M-SD Side-Discharge Ride-On Mower,
FD-FRT-75BS125-SD-BAG,Feider 170-Litre Grassbag – for FRT75BS125-SD Compact Side-Discharge Ride-On Mower,0000000000000
AT-299439077/AT1,Atco Liner 16S Li KIT 48v Cordless Self-Propelled Roller Lawnmower (Inc. Batteries & Charger),8008984853980
AT-299489077/AT1,Atco Liner 18S Li KIT 48v Cordless Self-Propelled Roller Lawnmower (Inc. Batteries & Charger),8008984853997
TG40S,Spectrum TG40S Self-Propelled Petrol Lawnmower,5065022450092
TG46S,Spectrum TG46S 3-in-1 Self-Propelled Petrol Lawnmower,5065022450122
TG46SE,Spectrum TG46SE 3-in-1 Self-Propelled Petrol Lawnmower with Electric Start,5065022450139
TG51SE,Spectrum TG51SE 3-in-1 Self-Propelled Petrol Lawnmower with Electric Start,5065022450214
TG56SE,Spectrum TG56SE 3-in-1 Self-Propelled Petrol Lawnmower with Electric Start,5065022450160
AP-905270100,Apache Sickle Bar Attachment – for P70 Two-Wheel Tractor,0000000000000
AP-907290000,Apache Drum-Mower Attachment – for P70 Two-Wheel Tractor,0000000000000
AP-907230600,Apache Brush Attachment – for P70 Two-Wheel Tractor,0000000000000
AP-9052530000,Apache Snow Blade Attachment – for P70 Two-Wheel Tractor,0000000000000
AP-907970000,Apache Rear-Mounted Tiller/Cultivator Attachment – for P70 Two-Wheel Tractor,0000000000000
AT-2T2110447/AT2,Atco GT 30H Rear-Collect Lawn Tractor with Hydrostatic Drive,8008984851757
AT-2T2630447/AT2,Atco GT 38H Rear-Collect V-Twin Garden Tractor with Hydrostatic Drive,8008984851764
AT-2T0785447/AT1,Atco GTX 36H Rear-Collect V-Twin Garden Tractor with Hydrostatic Drive,
MF-281220003/21,Mountfield BC 425 HJ 4-Stroke Petrol Brushcutter (Honda Engine),
MF-281221003/21,Mountfield BC 425 HD 4-Stroke Petrol Brushcutter (Honda Engine),
MF-281321003/21,Mountfield BC 435 HD 4-Stroke Petrol Brushcutter (Honda Engine),8008984840515
MF-281320003/21,Mountfield BC 435 H 4-Stroke Petrol Brushcutter (Honda Engine),8008984840508
MF-281520003/21,Mountfield BC 450 H 4-Stroke Petrol Brushcutter (Honda Engine),8008984840522
MF-281521003/21,Mountfield BC 450 HD 4-Stroke Petrol Brushcutter (Honda Engine),
MF-281210003/21,Mountfield TR 425 HJ 4-Stroke Curved-Shaft Petrol Grass-Trimmer (Honda Engine),8008984843646
OR-RM830,Orec Rabbit RM830 Single-Cylinder Ride-On Brushcutter with Hydrostatic Drive,6098449765714
FMT560,Feider FMT560 Wheeled Brushcutter,3661602046253
RAC6625PR,Racing 6625PR Compact Rear-Collect Ride-On Mower with Manual Drive,
RAC6625SDPR,Racing 6625SDPR Compact Side-Discharge Ride-On Mower with Manual Drive,
DAN-71901-218,Danarm Mulch Kit – for 48cm/53cm 4-Wheeled & Roller Lawnmowers | 71901-218,0000000000000
DAN-71901-924,Danarm Side-Discharge Deflector – for 53cm 4-Wheeled & Roller Lawnmowers | 71901-924,0000000000000
DC24-4,Spectrum DC24-4 Ultra-Compact Rear-Collect/Side-Discharge Ride-On Mower with Manual Drive,5065022450429
FTDT4125,Feider FTDT4125 Self-Propelled Petrol Lawnmower,3661602061096
FNHV2000,"Feider FHNV2000 Multi-Surface Steam Cleaner 2000 w, 4 bar",3661602025180
C-294569037/AT1,Atco Liner 22SH V Variable-Speed Petrol Rear-Roller Lawnmower (Honda Engine),8008984866935
C-294519037/AT1,Atco Liner 19SH V Variable-Speed Petrol Rear-Roller Lawnmower (Honda Engine),
STIG-2T0780481/ST1,Stiga Estate 792 Rear-Collect Lawn Tractor with Hydrostatic Drive,
MB-RF-101,Meccanica Benassi RF 101 Wheeled Brushcutter,0000000000000
827M-RET,Mountfield MTF 66 MQ Compact Rear-Collect Ride-On Mower with Manual Drive (Ex-Display),8008984847804
C-2T0053404/A22,Alpina AT2 66 QA Compact Rear-Collect & Side-Discharge Ride-On Mower with Manual Drive,8008984851313
MF-2T0210483/M22,Mountfield 1328H Compact Rear-Collect Ride-On Mower with Hydrostatic Drive,8008984851825
MF-2T0510483/M25,Mountfield 1538M-SD Side-Discharge Lawn Tractor with Manual Drive,8008984869103
MF-2T0620483/M25,Mountfield 1538H-SD Side-Discharge Lawn Tractor with Hydrostatic Drive,8008984869110
MF-2T0830483/M25,Mountfield 1738H Rear-Collect V-Twin Garden Tractor with Hydrostatic Drive,8008984869660
MF-2T0980483/M25,Mountfield 2240H Rear-Collect V-Twin Garden Tractor with Hydrostatic Drive,8008984869387
MF-2T1210483/M25,Mountfield 1543H-SD Side-Discharge Lawn Tractor with Hydrostatic Drive,8008984869127
1330M-XDISP,Mountfield T30M Rear-Collect Lawn Tractor with Manual Drive - Ex Demo,8008984869042
MF-2T2120483/M25,Mountfield 1530H Rear-Collect Lawn Tractor with Hydrostatic Drive,8008984868878
MF-2T2620483/M25,Mountfield 1538H Rear-Collect Lawn Tractor with Hydrostatic Drive,8008984869097
MF-2T2630483/M22,Mountfield 1638H Rear-Collect V-Twin Garden Tractor with Hydrostatic Drive,8008984851542
MF-827M,Mountfield 827M Compact Rear-Collect & Side-Discharge Ride-On Mower with Manual Drive,8008984869905
C-SP53H-E,Mountfield SP53H-E Elite 3-in-1 Self-Propelled Petrol Lawnmower (with Electric-Start Honda Engine),5065022450481
SEAL-LS520H,Sealey LS520H Horizontal Electric Log-Splitter | 5-Tonne/2200w,5051747384941
SEAL-PWM1300,Sealey PWM1300 Petrol Pressure Washer | 150bar/360L/hr,5054511636000
SEAL-PWM2500SP,Sealey PWM2500SP Professional Self-Priming Petrol Pressure Washer | 220bar/450L/hr,0
DM26C,Spectrum DM26C Curved-Shaft Petrol Grass and weed Strimmer,5065022450023
DM26H,Spectrum DM26H Petrol Brushcutter and Strimmer,5065022450047
DM26L,Spectrum DM26L Petrol Brushcutter and Strimmer,5065022450030
DM26PB,Spectrum DM26PB Petrol Leaf Blower,5065022450016
DM26PBV,Spectrum DM26PBV Petrol Blower-Vac,5065022450443
SP22111-4,Spectrum 181kg-Capacity Poly Tipping Cart | SP22111-4,5065022450429
SP22124,Spectrum 227kg-Capacity Steel Tipping Trailer | SP22124,9506272847721
C-SP22125,Spectrum 408kg-Capacity High-Sided Steel Tipping Trailer | SP22125,5065022450436
C-SP22144,Spectrum 272kg-Capacity Poly Tipping Trailer | SP22144,5065022450344
C-SP31105,Spectrum 97cm Towed Lawn & Leaf Sweeper | SP31105,5065022450085
C-SP31109,"Spectrum 122cm - 42"" Towed Lawn & Leaf Sweeper | SP31109",5065022450078
C-SP31128,Spectrum 137cm Towed Lawn & Leaf Sweeper | SP31128,5065022450061
SP31130,Spectrum 122cm Steel Towed Spike-Type Roller Aerator | SP31130,5065022450054
STIG-210870042/ST2,Stiga Silex 87 G Scythe Mower,8008984849419
STIG-278102208/UKS,Stiga GT 500e KIT 48v Cordless Grass-Trimmer (Inc. Battery & Charger),8008984854406
STIG-278302208/UKS,Stiga HT 500e KIT 48v Cordless Hedgetrimmer (Inc. Battery & Charger),8008984854956
STIG-278502208/UKS,Stiga BL 500e KIT 48v Cordless Leaf-Blower (Inc. Battery & Charger),8008984853737
STIG-294513998/ST1,Stiga Twinclip 950e V KIT 48v 4-in-1 Variable-Speed Cordless Lawnmower (Inc. Batteries & Charger),8008984860643
STIG-2F5820245/ST1,Stiga Park 300 LC Front-Cut Ride-On Lawnmower (Inc. 85cm Manual-Lift Deck),0
STIG-2F5820425/ST1,Stiga Park 300 RC Front-Cut Ride-On Lawnmower (Inc. 95cm Electric-Lift Deck),0
TY8000V,Spectrum TY8000V Electric Upright 8-Tonne log Splitter,5065022450313
C-TB51S11,Ruikaili TB51S11 Self-Propelled Petrol Lawnmower | Special Offer,5065022450467
SW420-EXPERT,Spectrum SW420-Expert 2-in-1 Petrol Lawn Scarifier/Aerator,5065022450337
C-TY7000H,Spectrum TY7000H 7 Tonne Log Splitter,5065022450306
C-TY5000H,Spectrum TY5000H 5 Tonne Log Splitter,5065022450290
D-Sealey-LS550V,Sealey LS550V Vertical Electric Log Splitter | 6-Tonne | 3000W,
TG40PD,Spectrum TG40PD Self-Propelled Petrol Lawnmower,5065022450108
TG51PD,Spectrum TG51PD Self-Propelled Petrol Lawnmower,5065022450146
TG60FTTR,"Spectrum TG60FTTR Front-Tine Petrol Cultivator — 212cc, 7HP, 30/60cm Adjustable Width",5065022450207
C-2T2000404/A22,Alpina AT4 84AST 2-in-1 Lawn Tractor,8008984856660
C-2T0510404/A22,Alpina AT3 98AST Side Discharge Lawn Tractor,8008984851177
C-STF600-PRO,Spectrum STF600-PRO Flail Mower,5065022450221
TG48-PRO,Spectrum TG48-PRO Honda Powered Petrol Self Propelled Lawnmower - 4 blade,5065022450177
TG40SE,Spectrum TG40SE Self-Propelled Petrol Lawnmower with Electric Start,5065022450115
C-CL20-R-DUO,Spectrum CL20-R-DUO 2mm Round Strimmer Line,5065022450238
C-CL24-R-DUO,Spectrum CL24-R-DUO 2.4mm Round Strimmer Line,5065022450245
C-CL27-R-DUO,Spectrum CL27-R-DUO 2.7mm Round Strimmer Line,5065022450252
C-CL30-R-DUO,CL40R,5065022450269
CL40-R-DUO,Spectrum CL40-R-DUO 4.0mm Round Strimmer Line,5065022450276
C-299439047/AT1,Atco Liner 16S Self-Propelled Petrol Rear-Roller Lawnmower,8008984839106
C-TY5-7STAND,Spectrum TY5-7 Log Splitter Stand,
C-JCY20G,Sealey JCY20G Green Metal Jerry Can - 20 Litres,5054630362590
C-PFC-SPOUT,Spectrum Metal Jerry Can Spout - PFC-SPOUT,5065022450405
PFC-10G-M,Spectrum PFC-10G-M Jerry Can – 10 Litre,5065022450382
C-PFC-10R-P,Spectrum PFC-10R-P Anti Spill Petrol Can – 10 Litre,5065022450368
PFC-20G-M,Spectrum PFC-20G-M Jerry Can – 20 Litre,5065022450399
C-PFC-20R-P,Spectrum PFC-20R-P Anti Spill Petrol Can – 20 Litre,5065022450375
C-PFC-5R-P,Spectrum PFC-5R-P Anti Spill Petrol Can – 5 Litre,5065022450351
STIGA-398M,Stiga Tornado 398M Side-Discharge Lawn Tractor,
TG50-UTILITY,Spectrum TG50-Utility Lawnmower,5065022450191
GNP560-WT,Spectrum GNP560-WT Wheeled Trimmer,5065022450450
C-T92H,Harry T92H Rear-Collect Lawn Tractor with Hydrostatic Transmission,5391549590011
T84H,Harry T84H Rear-Collect Lawn Tractor with Hydrostatic Drive,5391549590004
C-2T0610483/M22,Mountfield MTF 98H-SD Side-Discharge Lawn Tractor with Hydrostatic Drive,8008984851870
C-HF2317HME,Honda HF 2317 HME Garden Tractor,
C-HF2417HME,HF 2417 HME Premium Lawn Tractor with Versamow® Mulching,
C-DC24-4,*SHOP SOILED* Spectrum DC24-4 Ultra-Compact Rear-Collect/Side-Discharge Ride-On Mower with Manual Drive,5065022450429
C-299489037/AT9,Atco Liner 18SH Self-Propelled Petrol Rear-Roller Lawnmower,8008984817746
C-2T2000404/A22,SLIGHTY SCRATCHED BUT NO GRASS CUT! Alpina AT4 84AST 2-in-1 Lawn Tractor,8008984856660
MIIMO-1000B,Honda Miimo 1000B Robot Lawn Mower,
HRM-1500BC,HONDA HRM 1500BC Live Miimo Robotic Lawnmower,
HRM-2500BC,HONDA Miimo HRM 2500BC Live Robot Lawnmower,
HRM-4000BC-LIVE,HONDA Miimo HRM4000BC-LIVE Robotic Lawn Mower,
HHB25EW,HONDA HHB 25 E Petrol Handheld Leaf Blower,
HHH25S75ET,Honda HHH 25S 75E Hedge Trimmer,
HHB-36-BXB,Honda HHB 36 BXB 36v Cordless Blower,
UMK-425-LE,Honda UMK 425 LE 4-Stroke Brush Cutter,
HRX476QY,Honda HRX 476 QY Self-Propelled Rear Roller Petrol Lawn Mower,
HRN-536-VY,Honda HRN 536 VY Self-Propelled Petrol Lawn Mower,
HRD536QY,Honda HRD 536 QX Self-Propelled Rear Roller Petrol Lawn Mower,
HRD-536-HX,Honda HRD 536 HX Self-Propelled Petrol Lawn Mower,
HHC36-BXB,Honda HHC36 BXB Cordless Chainsaw,
HF-2417-HTE,Honda HF 2417 HTE Premium Garden Tractor,
CV3680XA,Honda CV3680XABM Fast Battery Charger,
FG320,Honda FG320 Petrol Compact Tiller,
HRG416SK,Honda Izy HRG 416 SK Self Propelled Petrol Lawn Mower,
HRG-466-PK,Honda Izy HRG 466 PK Petrol Lawn Mower,
HRG466SK,Honda Izy HRG 466 SK Self-Propelled Petrol Lawn Mower,
HRG466SKEP,Honda Izy HRG 466 SKEP Self-propelled Petrol Lawnmower with Mulching,
MF-2T2630483/M22,SHOP SOILED Mountfield 1638H Rear-Collect V-Twin Garden Tractor with Hydrostatic Drive - INCLUDING FREE PETROL BLOWER VAC WORTH £119.95!!,8008984851542
HFT200,Feider HFT200 Scythe-Bar Mower,3661602048172
TG56-PRO,"Spectrum TG56-Pro Variable Speed, Honda Engine, Petrol Lawnmower - 4 Blade",
WEBB-WBV,Webb Walk-Behind Vacuum,
CS-4010/38,Echo CS-4010/38 2-Stroke Petrol Chainsaw - 38cm bar,
C-TG50-UTILITY-AMZ,Spectrum TG50-Utility Lawnmower (Amazon),5065022450191
C-DM26PBV-AMZ,Spectrum DM26PBV Petrol Blower-Vac (Amazon),5065022450443
C-TG51PD-AMZ,Spectrum TG51PD Self-Propelled Petrol Lawnmower (Amazon),5065022450146
C-TG40SE-AMZ,Spectrum TG40SE Self-Propelled Petrol Lawnmower with Electric Start (Amazon),5065022450115
C-PFC-5R-P-AMZ,Spectrum PFC-5R-P Anti Spill Petrol Can – 5 Litre (Amazon),5065022450351
C-PFC-10R-P-AMZ,Spectrum PFC-10R-P Anti Spill Petrol Can – 10 Litre (Amazon),5065022450368
C-PFC-20R-P-AMZ,Spectrum PFC-20R-P Anti Spill Petrol Can – 20 Litre (Amazon),5065022450375
C-TG40PD-AMZ,Spectrum TG40PD Self-Propelled Petrol Lawnmower (Amazon),5065022450108
WEISWB,Webb WEISWB Electric Garden Shredder with 40L Collection Box – 2500W,
WEESR,Webb WEESR 2 in 1 Electric Scarifier & Lawn Rake,
WEPS400,Webb WEPS400 40cm (16″) Petrol Lawn Scarifier & Raker,
SWC420,Sealey SWC420 Petrol Chipper-Shredder,
SP45203,Spectrum 48″ Towed Steel Garden Lawn Roller - SP45203,5065022450504
TY7000SW,"Spectrum TY7000SW Self-Propelled Powered broom, Leaf Sweeper, Debris and Snow Sweeper",5065022450535
HRN536VK,Honda HRN 536 VK Self-Propelled Petrol Lawn Mower,
AT-2T2110447/AT2,**SHOP SOILED** Atco GT 30H Rear-Collect Lawn Tractor with Hydrostatic Drive,8008984851757
LBP-56V125,ECHO LBP-56V125 Battery Charger (56V)  ,
PAS-2620ES,ECHO PAS-2620ES Petrol  Multi Tool Power Unit  ,
MTA-AH-HD,ECHO MTA-AH-HD Hedge Trimmer Attachment  ,
XHT-240,Castel Garden XHT 240 4 Wheel-Drive Rear-Collect V-Twin Garden Tractor with Hydrostatic Drive,
QG20P,Spectrum 'Qingain' QG20P Push Petrol Lawnmower – WITH FREE BLADE WORTH £39.95!,
QG20SP,Spectrum QG20SP  Petrol Self Propelled Lawnmower – WITH FREE BLADE WORTH £39.95!,
QG18SP,Spectrum Qingain QG18SP Self Propelled Petrol Lawnmower - WITH FREE BLADE WORTH £24.95!,
QG18P,Spectrum Qingain QG18P Hand Propelled Petrol Lawnmower - WITH FREE BLADE WORTH £24.95!,
SEALEY-WPP2,"Sealey 2"" Petrol-Powered High-Lift Emergency Water Pump Kit",
WH20XT,HONDA WH20 Self Priming Water Pump,
WT30,HONDA WT30 3″ Petrol Water Pump,
EU22I,Honda EU22i Petrol Inverter Generator,
EG3600CL,Honda EG3600CL Specialist Framed Generator - 3.6KW,
CS-4920ES/45,Echo CS-4920 Petrol 2-Stroke Chainsaw (45cm Bar),
THSS100,The Handy 45kg (100lb) Salt Spreader,
CL40-SQ,Spectrum CL40-R-SQ 4.0mm Square Strimmer Line,
TY31506,Spectrum TY31506 Collection Box,5065022450542
UMS-425-LN,UMS 425 LN 4-stroke Bent Shaft Petrol Brushcutter,
TY5-7 WEDGE,Spectrum TY5-7 4 Way Log Splitter Wedge,
TY8VWEDGE,Spectrum TY8V 4 Way Log Splitter Wedge,
PARK-900-WX,Stiga Park 900 WX 4WD V-Twin Front-Cut Ride-On Lawnmower Including Combi Pro 125 QF Deck,8008984852792
Park700WX_110Combi,Stiga Park 700 WX 4WD V-Twin Front-Cut Ride-On Lawnmower Including Combi Pro 110 QF Deck,8008984852785
PARK500W_100COMBI,Stiga Park 500 W V-Twin Front-Cut Ride-On Lawnmower Including Combi 100 Q Plus Deck,
2T1315481/ST1,Stiga Estate 7122 W Rear-Collect V-Twin Garden Tractor with Hydrostatic Drive,8008984869196
2T0980473/C22,Castel Garden PTX 210 HD Rear-Collect V-Twin Garden Tractor with Hydrostatic Drive,8008984851672
TG561-SWT,Spectrum TG561-SWT Self Propelled Wheeled Trimmer,5065022450511
2T2010483/M25,Mountfield 1330M Gear Drive 2-in-1 Lawn Tractor,8008984869042
MF-827M-XDISP,Mountfield MTF66MQ Compact Rear-Collect & Side-Discharge Ride-On Mower with Manual Drive Ex Demo model,8008984869905
CS-3410,Echo CS-3410 Petrol 2-Stroke Chainsaw,
FAST175P-RET,Feider FAST175P Hand-Propelled Wheeled Garden Vacuum (Ex-Demo),3661602025692
GC-SC4240P-RTN,Einhell GC-SC 4240-P Petrol Lawn Scarifier - Refurbished,4006825638073
HF2625HTEH,Honda HF 2625 HTE Premium Lawn Tractor,
KT400-3 PRO,Spectrum KT400-3 Pro 3-in-1 Petrol Lawn Scarifier/Aerator/Sweeper-Groomer,5065022450573
R210,Rato Horizontal Engine,
FST212-RTN,Feider FST212 Petrol Lawn Scarifier - RTN,3661602022424
DCT38H,"Spectrum DCT38H 38"" Lawn Tractor with Hydrostatic Drive",5065022450528
C-MTF66-MQ,Mountfield MTF66M Compact Rear-Collect & Side-Discharge Ride-On Mower with Gear Drive,8008984509856
C-HRTF220,Feider HRTF220 Pro Two-Wheel Rear-Tine Rotary Cultivator,3661602049346
SVC-PUNCTURE-PREV,Pre-delivery Puncture Prevention Service,
DCT38M-RDM,"Spectrum DCT38M-RDM  38"" Lawn Tractor with Manual Drive",5065022450603
DCT38M-SDM,"Spectrum DCT38M-SDM  38"" Side Discharge and Mulch Lawn Tractor with Manual Drive",5065022450610
1330M-XDISP,Mountfield T30M Rear-Collect Lawn Tractor with Manual Drive - Ex Demo,8008984869042
ACC-DEFL-84CM,Rear Deflector Flor 84cm Mountfield/Stiga Tractors,
TG561-SWT-AMZ,Spectrum TG561-SWT Self Propelled Wheeled Trimmer (Amazon),5065022450511
SBS460CLM,Spectrum SBS460CLM 46cm Self-Propelled Cordless Lawn Mower — Bare Tool (Batteries & Charger Sold Separately),5065022450634
SBS40CB,Spectrum SBS40CB 40V 4.0Ah Lithium-Ion Battery Pack,5065022450689
SBSCBC,Spectrum SBSCBC 40V Standard Battery Charger (0.5A),5065022450719
SBSCSC,Spectrum SBSCSC 40V Fast Battery Charger (2A),5065022450696
SBS480CBV,Spectrum SBS480CBV 40V Cordless Leaf Blower Vacuum — Bare Tool (Battery & Charger Sold Separately),5065022450641
SBS240CPHT,"Spectrum SBS240CPHT 40V Cordless Pole Hedge Trimmer, 46cm Blade — Bare Tool (Battery & Charger Sold Separately)",5065022450665
SBSCDC,Spectrum SBSCDC 40V Dual Battery Charger (2A Fast Charge),5065022450702
SBS20CB,Spectrum SBS20CB 40V 2.0Ah Lithium-Ion Battery Pack,5065022450672
SBS220CHM,Spectrum SBS220CHM 22cm Cordless Handy Mower — Bare Tool (Battery & Charger Sold Separately),5065022450627
SBS560CHT,"Spectrum SBS560CHT 40V Cordless Hedge Trimmer, 45cm Blade — Bare Tool (Battery & Charger Sold Separately)",5065022450658
TG46SE-AMZ,Spectrum TG46SE 3-in-1 Self-Propelled Petrol Lawnmower with Electric Start (Amazon),5065022450139
SBS460CLM-BUNDLE,"Spectrum 5-Piece Cordless Garden Tool Kit — Self-Propelled Mower, Hedge Trimmer, Pole Trimmer, Handy Mower & Blower Vac",
SBS480CBV-KIT,Spectrum SBS480CBV 40V Cordless Leaf Blower Vacuum — Complete Kit (4.0Ah Battery + Fast Charger),5061122340158
SBS240CPHT-KIT,Spectrum SBS240CPHT 40V Cordless Pole Hedge Trimmer — Complete Kit (4.0Ah Battery + Fast Charger),5061122340172
SBS220CHM-KIT,Spectrum SBS220CHM 22cm Cordless Handy Mower — Complete Kit (2.0Ah Battery + Charger),5061122340141
SBS560CHT-KIT,Spectrum SBS560CHT 40V Cordless Hedge Trimmer — Complete Kit (2.0Ah Battery + Charger),5061122340165
SBS460CLM-KIT,Spectrum SBS460CLM 46cm Self-Propelled Cordless Lawn Mower — Complete Kit (2× 4.0Ah Battery + Charger),5061122340134
LPW2200,"Spectrum LPW2200 Electric Pressure Washer — 2200W, 170 Bar, Cleaning Kit Included",5065022450733
LPW1600,"Spectrum LPW1600 Electric Pressure Washer — 1600W, 130 Bar",5065022450726
a2488cdc-c2d3-4860-b7bf-9ceba5e90fe3,Mountfield T30M Gear Drive 2-in-1 Lawn Tractor with Free Trailer,
2T2010483/M25,Mountfield T30M Gear Drive 2-in-1 Lawn Tractor,8008984869042
TG480RTTR,"Spectrum TG480RTTR Rear-Tine Petrol Cultivator — 211cc, 48cm Working Width",5061122340196
TG45SC,"Spectrum TG45SC Petrol Scarifier & Aerator — 223cc, 45cm, 2-in-1",5061122340127
TG45SC-E,"Spectrum TG45SC-E Petrol Scarifier & Aerator — 223cc, 45cm, Electric Key Start",5061122340189
100134O,"Spectrum 100134O Replacement Concrete Mixer Drum — fits Belle, Build Buddy & Screwfix Mixers",5065022450740
100134O-AMZ,"Spectrum 100134O Replacement Concrete Mixer Drum — fits Belle, Build Buddy & Screwfix Mixers",5065022450740
100134S,"Spectrum 100134S Replacement Concrete Mixer Drum — fits Belle, Build Buddy & Screwfix Mixers",5065022450771
100134Y,"Spectrum  100134Y Replacement Concrete Mixer Drum — fits Belle, Build Buddy & Screwfix Mixers",5065022450764
HCS870,"Chipperfield HCS870 Petrol Scythe-Bar Mower — 87cm, 196cc Loncin Engine",5061122340295
