numasuite_sku,current_shopify_sku,proposed_sku,match_method,confidence,numasuite_title,shopify_title,numasuite_ean,shopify_barcode,needs_review,review_reason
17338046,17338046,17338046,sku-verbatim,100.0,BLADE 502MM X 57MM     [FITS 5175SPM],"Lawnmower Blade - 50.2cm | Fits Feider & Racing 20"" Models",,3664142164166,no-op,already aligned
2L0486038/M19,2L0486038/M19,2L0486038/M19,sku-verbatim,100.0,MOUNTFIELD SP46 ELITE SELF-PROPELLED LAWNMOWER (HONDA ENGINE),Mountfield SP46 Elite 3-in-1 Self-Propelled Petrol Lawnmower (with Honda Engine),,8008984816169,no-op,already aligned
2L0536048/M21,2L0536048/M21,2L0536048/M21,sku-verbatim,100.0,MOUNTFIELD SP53 3-in-1 SELF-PROPELLED PETROL LAWNMOWER,Mountfield SP53 Self-Propelled 3-in-1 Petrol Lawnmower,,,no-op,already aligned
2T0785483/M22,2T0785483/M22,2T0785483/M22,sku-verbatim,100.0,MOUNTFIELD MTF 92H HYDROSTATIC DRIVE,Mountfield MTF 92 H Rear-Collect V-Twin Garden Tractor with Hydrostatic Drive,,8008984853003,no-op,already aligned
2T1950381/ST1,2T1950381/ST1,2T1950381/ST1,sku-verbatim,100.0,STIGA TORNADO 9121 W SIDE DISCHARGE TRACTOR,Stiga Tornado 9121 W Side-Discharge V-Twin Garden Tractor with Hydrostatic Drive,,,no-op,already aligned
2T2010483/M25,2T2010483/M25,2T2010483/M25,sku-verbatim,100.0,MOUNTFIELD 1330M REAR-COLLECT LAWN TRACTOR WITH MANUAL DRIVE,Mountfield T30M Gear Drive 2-in-1 Lawn Tractor,,8008984869042,no-op,already aligned
AP-S390H,AP-S390H,AP-S390H,sku-verbatim,100.0,APACHE S390H PETROL SCARIFIER (HONDA ENGINE),Apache S390H Petrol Scarifier with Collector (Honda Engine),,5055485036759,no-op,already aligned
BCH002,BCH002,BCH002,sku-verbatim,100.0,PROTECTIVE COVER (MEDIUM),Protective Cover for Ride-on Mowers - Medium - JR BCH002,,,no-op,already aligned
BOU012,BOU012,BOU012,sku-verbatim,100.0,"JR BOU012 Compatible with Champion RDJ8J, NGK BMR6F, Torch N6RC, Bosch HS6E, Denso T20MU",Spark Plug - JR BOU012 ( Equivalent to NGK BPR5ES OR CHAMPION RN11YC),,3760011423515,no-op,already aligned
CS-501SX/45,CS-501SX/45,CS-501SX/45,sku-verbatim,100.0,"ECHO CS-501SX CHAINSAW 18""""",Echo CS-501SX Petrol Chainsaw (45cm Guide Bar),,4260382996605,no-op,already aligned
CT26,CT26,CT26,sku-verbatim,100.0,"JR CT26 Chainsaw chain - Chain pitch 0.325"" - Number of pacers 72 - Gauge 0.058 (1.5mm) 45 cm""","JR CT26 Chainsaw Chain 0.325"" P 1.5mm (45cm / 72 Links)",,3760011421108,no-op,already aligned
DC24-4,DC24-4,DC24-4,sku-verbatim,100.0,SPECTRUM DC24-4 RIDE ON MOWER,Spectrum DC24-4 Ultra-Compact Rear-Collect/Side-Discharge Ride-On Mower with Manual Drive,,5065022450429,no-op,already aligned
DDS008,DDS008,DDS008,sku-verbatim,100.0,JR DDS008 Brushcutter discs 255 mm 2 mm - Disk (teeth) 3,3-Tooth Metal Brushcutter-Blade JR DDS008,,3760011421344,no-op,already aligned
DM26C,DM26C,DM26C,sku-verbatim,100.0,SPECTRUM DM26C CURVED-SHALF PETROLGRASS-TRIMMER,Spectrum DM26C Curved-Shaft Petrol Grass and weed Strimmer,,5065022450023,no-op,already aligned
DM26H,DM26H,DM26H,sku-verbatim,100.0,SPECTRUM DM26H PETROL BRUSHCUTTER,Spectrum DM26H Petrol Brushcutter and Strimmer,,5065022450047,no-op,already aligned
DM26L,DM26L,DM26L,sku-verbatim,100.0,SPECTRUM DM26L PETROL BRUSHCUTTER,Spectrum DM26L Petrol Brushcutter and Strimmer,,5065022450030,no-op,already aligned
DM26PB,DM26PB,DM26PB,sku-verbatim,100.0,SPECTRUM DM26PB PETROL LEAF BLOWER,Spectrum DM26PB Petrol Leaf Blower,,5065022450016,no-op,already aligned
DM26PBV,DM26PBV,DM26PBV,sku-verbatim,100.0,SPECTRUM DM26PBV PETROL BLOWER-VAC,Spectrum DM26PBV Petrol Blower-Vac,,5065022450443,no-op,already aligned
EZ40VCH-UK,EZ40VCH-UK,EZ40VCH-UK,sku-verbatim,100.0,EnergizerÂ® EZ40VCH-UK 40v Battery Charger,Energizer® CHUK 40v Battery Charger,,3661602023407,no-op,already aligned
EZ40VTDE46TC-UK,EZ40VTDE46TC-UK,EZ40VTDE46TC-UK,sku-verbatim,100.0,ENERGIZER EZ40VTDE46TC-UK VARIABLE SPEED CORDLESS LAWNMOWER,Energizer® TDE-46TC 40v 4-in-1 Variable-Speed Hi-Wheel Cordless Lawnmower (Inc. Battery & Charger),,3661602045287,no-op,already aligned
FAA008,FAA008,FAA008,sku-verbatim,100.0,"Lawn Mower Air Filter fits Briggs and Stratton 9B902, 98902, 98982, 10A902, 10b902 and 10A982",Lawn Mower Air Filter -  JR Spares - JR-FAA0008 fits Briggs and Stratton,,3760011421481,no-op,already aligned
FAST175P-RET,FAST175P-RET,FAST175P-RET,sku-verbatim,100.0,FEIDER FAST175P - RETURN MODEL,Feider FAST175P Hand-Propelled Wheeled Garden Vacuum (Ex-Demo),,3661602025692,no-op,already aligned
FBAE200-2,FBAE200-2,FBAE200-2,sku-verbatim,100.0,FEIDER FBA-E200 SELF-PROPELLED POWERED SNOW & LEAF SWEEPER,Feider FBA-E200 Self-Propelled Powered Snow & Leaf Sweeper,,,no-op,already aligned
FBT220,FBT220,FBT220,sku-verbatim,100.0,FEIDER FBT220 CHIPPER SHREDDER,Feider FBT220 Petrol Chipper-Shredder,,3661602025876,no-op,already aligned
FCOL,FCOL,FCOL,sku-verbatim,100.0,FEIDER FCOL COLLECTION BOX  FITS FBA-E200 MODELS,Feider FCOL Collection Box (for FBA-E200/ES Sweeper),,,no-op,already aligned
FELPRO25,FELPRO25,FELPRO25,sku-verbatim,100.0,FEIDER FELPRO25 TOP HANDLE CHAINSAW,Feider PRO 25 Top-Handle Petrol Arborist's Chainsaw Kit (25cm Guide Bar),,,no-op,already aligned
FG8500ES,FG8500ES,FG8500ES,sku-verbatim,100.0,FEIDER  FG8500ES 8500W GENERATOR,Feider 8500w Three-Phase Open-Frame Petrol Generator with Electric Start | FG8500ES,,3661602049230,no-op,already aligned
FG8500RS,FG8500RS,FG8500RS,sku-verbatim,100.0,FEIDER 8500W SINGLE-PHASE OPEN-FRAME PETROL GENERATOR,Feider 8500w Single-Phase Open-Frame Petrol Generator | FG8500RS,,3661602049223,no-op,already aligned
FHBV1300,FHBV1300,FHBV1300,sku-verbatim,100.0,FEIDER FHBV1300 MULTI-SURFACE STEAM CLEANER,"Feider FHBV1300 Multi-Surface Steam Cleaner 1300 w, 1.5 bar",,3661602030818,no-op,already aligned
FHT22,FHT22,FHT22,sku-verbatim,100.0,FEIDER FHT22 PETROL HEDGETRIMMER (60CM BLADES),Feider FHT22 Petrol Hedgetrimmer (60cm Blades),,3661602056382,no-op,already aligned
FMT560,FMT560,FMT560,sku-verbatim,100.0,FEIDER FMT560 WHEELED BRUSHCUTTER,Feider FMT560 Wheeled Brushcutter,,3661602046253,no-op,already aligned
FMTB50,FMTB50,FMTB50,sku-verbatim,100.0,FEIDER FMTB50 PETROL CULTIVATOR,Feider FMTB50 Petrol Front-Tine Tiller,,3661602030221,no-op,already aligned
FMTB80,FMTB80,FMTB80,sku-verbatim,100.0,FEIDER FMTB80 PETROL CULTIVATOR,Feider FMTB80 Petrol Front-Tine Tiller,,3661602030238,no-op,already aligned
FNY003,FNY003,FNY003,sku-verbatim,100.0,NYLON ROUND STRIMMER-LINE 1.6MM X 15MM,Nylon Round Trimmer-Line  - Replacement Strimmer Line - 1.6mm x 15m - JR FNY003,,3760011421580,no-op,already aligned
FNY005,FNY005,FNY005,sku-verbatim,100.0,JR FNY005 Nylon Round Trimmer-Line -Replacement Strimmer Line - 2mm x 15m,Nylon Round Trimmer-Line -Replacement Strimmer Line -  2mm x 15m -JR FNY005,,3760011421603,no-op,already aligned
FNY020,FNY020,FNY020,sku-verbatim,100.0,ROUND NYLON TRIMMER LINE - 2.4MM X 87M,Premium Round Nylon Trimmer-Line - Replacement Strimmer Line - 2.4mm x 87m-  JR FNY020,,3760011421757,no-op,already aligned
FNY022,FNY022,FNY022,sku-verbatim,100.0,JR FNY022 Premium Round Trimmer-Line- Replacement Strimmer Line - 3mm x 56m,Premium Round Trimmer-Line- Replacement Strimmer Line - 3mm x 56m -JR FNY022,,3760011421771,no-op,already aligned
FNY024,FNY024,FNY024,sku-verbatim,100.0,JR 3.3MM STRIMMER LINE,JR FNY024 3.3mm x 45m Premium Round Nylon Trimmer-Line,,,no-op,already aligned
FNY035,FNY035,FNY035,sku-verbatim,100.0,1.6MM X 89M SQUARE NYLON TRIMMER LINE,Square Nylon Trimmer-Line - Replacement Strimmer Line - 1.6mm x 89m -JR FNY035,,3760011421900,no-op,already aligned
FNY037,FNY037,FNY037,sku-verbatim,100.0,JR FNY037 Square Nylon Trimmer-Line - Replacement Strimmer Line - 2.4mm x 12m,Square Nylon Trimmer-Line -Replacement Strimmer Line  - 2mm x 65m - JR FNY037,,3760011421924,no-op,already aligned
FNY039,FNY039,FNY039,sku-verbatim,100.0,JR FNY039 STRIMMER LINE,Square Nylon Trimmer-Line - Replacement Strimmer Line - 2.4mm x 45m - JR FNY039,,3760011421948,no-op,already aligned
FNY040,FNY040,FNY040,sku-verbatim,100.0,JR FNY040 Square Nylon Trimmer-Line - Replacement Strimmer Line - ( 3mm x 9m ),Square Nylon Trimmer-Line - Replacement Strimmer Line - ( 3mm x 9m ) JR FNY040,,3760011421955,no-op,already aligned
FNY042,FNY042,FNY042,sku-verbatim,100.0,JR FNY042 Square Nylon Trimmer Line - Replacement Strimmer - 3.3mm x 9m,Square Nylon Trimmer-Line - Replacement Strimmer -  3.3mm x 9m - JR FNY042,,3760011421979,no-op,already aligned
FNY044,FNY044,FNY044,sku-verbatim,100.0,JR FNY044 Square Nylon Trimmer-Line - Replacement Strimmer Line - 4mm x 9m,Square Nylon Trimmer-Line - Replacement Strimmer Line - 4mm x 9m - JR FNY044,,3760011421993,no-op,already aligned
FRT6224,FRT6224,FRT6224,sku-verbatim,100.0,FEIDER FRT6224 ULTRA-COMPACT RIDE-ON MOWER,Feider FRT6224 Ultra-Compact Rear-Collect Ride-On Mower with Manual Drive,,,no-op,already aligned
FRT7550M,FRT7550M,FRT7550M,sku-verbatim,100.0,FEIDER FRT-7550M COMPACT REAR COLLECT RIDE ON MOWER,Feider FRT-7550M Compact Rear-Collect Ride-On Mower with Manual Drive,,3661602023780,no-op,already aligned
FRT75BS125,FRT75BS125,FRT75BS125,sku-verbatim,100.0,FEIDER FRT75BS125 RIDE ON LAWNMOWER,Feider FRT75BS125  Rear-Collect Ride-On Mower with Manual Drive & Briggs Engine,,,no-op,already aligned
FST200PRO,FST200PRO,FST200PRO,sku-verbatim,100.0,FEIDER FST200PRO PETROL SCARIFIER,Feider FST200 PRO 2-in-1 Petrol Lawn Scarifier/Aerator,,3661602028839,no-op,already aligned
FST212,FST212,FST212,sku-verbatim,100.0,FEIDER FST212 PETROL LAWN SCARIFER,Feider FST212 Petrol Lawn Scarifier,,3661602022424,no-op,already aligned
FST264T,FST264T,FST264T,sku-verbatim,100.0,FEIDER FST264T 4 STROKE PETROL BLOWER,Feider FST264T 4-Stroke Petrol Leaf-Blower,,,no-op,already aligned
FTDT4125,FTDT4125,FTDT4125,sku-verbatim,100.0,FEIDER FTDT4125 PETROL LAWNMOWER,Feider FTDT4125 Self-Propelled Petrol Lawnmower,,3661602061096,no-op,already aligned
FTDT5096ES,FTDT5096ES,FTDT5096ES,sku-verbatim,100.0,FEIDER FTDT5096ES KEY START LAWNMOWER,Feider FTDT5096ES 4-in-1 Self-Propelled Petrol Lawnmower with Electric Start,,3661602049902,no-op,already aligned
FTDTR4240ES,FTDTR4240ES,FTDTR4240ES,sku-verbatim,100.0,FEIDER TR4240ES REAR-ROLLER LAWNMOWER W/ ELECTRIC START,Feider TR4240ES Self-Propelled Petrol Rear-Roller Lawnmower with Electric Start,,3661602028822,no-op,already aligned
FTDTR4870ES,FTDTR4870ES,FTDTR4870ES,sku-verbatim,100.0,FEIDER TR4870ES VARIABLE-SPEED REAR-ROLLER LAWNMOWER W/ ELECTRIC START,Feider TR4870ES Variable-Speed Petrol Rear-Roller Lawnmower with Electric Start,,3661602040732,no-op,already aligned
FTRT494T,FTRT494T,FTRT494T,sku-verbatim,100.0,FEIDER FTRT494-T 4-STROKE PETROL CHAINSAW (41CM GUIDE BAR),Feider FTRT494T 4-Stroke Petrol Chainsaw (41cm Guide Bar),,3661602043764,no-op,already aligned
FTRTPRO40,FTRTPRO40,FTRTPRO40,sku-verbatim,100.0,FEIDER FTRTPRO40 CHAINSAW,Feider PRO 40 Petrol Chainsaw  Kit (40cm Guide Bar),,3661602030306,no-op,already aligned
FTRTPRO45,FTRTPRO45,FTRTPRO45,sku-verbatim,100.0,FEIDER FTRTPRO45 CHAINSAW,Feider PRO 45 Petrol Chainsaw Kit (46cm Guide Bar),,3661602030313,no-op,already aligned
JRS200,JRS200,JRS200,sku-verbatim,100.0,JR JRS200 200-LITRE COLLAPSIBLE RAIN BARREL,JR 200-Litre Collapsible Rain Barrel | JRS200,,3661602050175,no-op,already aligned
JRS380,JRS380,JRS380,sku-verbatim,100.0,JR JRS380 380-LITRE COLLAPSIBLE RAIN BARREL,JR 380-Litre Collapsible Rain Barrel | JRS380,,,no-op,already aligned
JRS500,JRS500,JRS500,sku-verbatim,100.0,JR JRS500 500-LITRE COLLAPSIBLE RAIN BARREL,JR 500-Litre Collapsible Rain Barrel | JRS500,,3661602050182,no-op,already aligned
JRS750,JRS750,JRS750,sku-verbatim,100.0,JR JRS750 750-LITRE COLLAPSIBLE RAIN BARREL,JR 750-Litre Collapsible Rain Barrel | JRS750,,3661602050199,no-op,already aligned
MF-271102203/MUK,MF-271102203/MUK,MF-271102203/MUK,sku-verbatim,100.0,MOUNTFIELD MTR 20 Li KIT 20v CORDLESS TRIMMER (INC B&C),Mountfield MTR 20 Li KIT 20v Cordless Grass-Trimmer (Inc. Battery & Charger),,,no-op,already aligned
MTA-AH-HD,MTA-AH-HD,MTA-AH-HD,sku-verbatim,100.0,ECHO PAS-2620 LONG REACH HEDGETRIMMER ATTACHMENT,ECHO MTA-AH-HD Hedge Trimmer Attachment,,,no-op,already aligned
PRT016,PRT016,PRT016,sku-verbatim,100.0,JR BRUSHCUTTER PRO SAFETY KIT,"Safety-Kit  JR PRT016 - Suited to Chainsaw, brushcutter or Log Splitter users",,3760011422723,no-op,already aligned
RAC139PTIL,RAC139PTIL,RAC139PTIL,sku-verbatim,100.0,RACING RAC139PTIL PETROL FRONT-TINE TILLER,Racing 139PTIL63 Petrol Front-Tine Tiller,,3661602011428,no-op,already aligned
RAC3000EB,RAC3000EB,RAC3000EB,sku-verbatim,100.0,RACING 3000EB ELECTRIC BLOWER-VAC,Racing 3000EB Electric Blower-Vac,,3661602009180,no-op,already aligned
RAC49CS4T,RAC49CS4T,RAC49CS4T,sku-verbatim,100.0,RACING RAC49CS4T 4-STROKE,Racing RAC49CS4T 4-Stroke Petrol Chainsaw,,3661602043955,no-op,already aligned
RAC6625PR,RAC6625PR,RAC6625PR,sku-verbatim,100.0,RACING 6625PR RIDER,Racing 6625PR Compact Rear-Collect Ride-On Mower with Manual Drive,,,no-op,already aligned
RAC6625SDPR,RAC6625SDPR,RAC6625SDPR,sku-verbatim,100.0,RACING 6625SDPR SIDE DISCHARGE RIDER,Racing 6625SDPR Compact Side-Discharge Ride-On Mower with Manual Drive,,,no-op,already aligned
RACST264T,RACST264T,RACST264T,sku-verbatim,100.0,RACING ST264T 4-STROKE PETROL LEAF BLOWER,Racing ST264T 4-Stroke Petrol Leaf-Blower,,3661602043948,no-op,already aligned
SP22111,SP22111,SP22111,sku-verbatim,100.0,SPECTRUM SP22111 TOWED TRAILER,Spectrum 227kg-Capacity Poly Tipping-Cart / Wheelbarrow |  SP22111,,5065022450412,no-op,already aligned
SP22111-4,SP22111-4,SP22111-4,sku-verbatim,100.0,SPECTRUM SP22111-4 181KG POLY TIPPING CART,Spectrum 181kg-Capacity Poly Tipping Cart | SP22111-4,,5065022450429,no-op,already aligned
SP22124,SP22124,SP22124,sku-verbatim,100.0,SPECTRUM SP22124 227kg CAPACITY STEEL TRAILER,Spectrum 227kg-Capacity Steel Tipping Trailer | SP22124,,9506272847721,no-op,already aligned
SP31130,SP31130,SP31130,sku-verbatim,100.0,SPECTRUM SP31130 122CM TOWED SPIKE-TYPE ROLLER AERATOR,Spectrum 122cm Steel Towed Spike-Type Roller Aerator | SP31130,,5065022450054,no-op,already aligned
SWC420,SWC420,SWC420,sku-verbatim,100.0,SEALEY 420CC 15HP WOOD CHIPPER 100MM CAPACITY,Sealey SWC420 Petrol Chipper-Shredder,,,no-op,already aligned
TG40S,TG40S,TG40S,sku-verbatim,100.0,SPECTRUM TG40S LAWNMOWER,Spectrum TG40S Self-Propelled Petrol Lawnmower,,5065022450092,no-op,already aligned
TG46S,TG46S,TG46S,sku-verbatim,100.0,SPECTRUM TG46S LAWNMOWER,Spectrum TG46S 3-in-1 Self-Propelled Petrol Lawnmower,,5065022450122,no-op,already aligned
TG46SE,TG46SE,TG46SE,sku-verbatim,100.0,SPECTRUM TG46SE KEY START LAWNMOWER,Spectrum TG46SE 3-in-1 Self-Propelled Petrol Lawnmower with Electric Start,,5065022450139,no-op,already aligned
TG51SE,TG51SE,TG51SE,sku-verbatim,100.0,SPECTRUM TG51SE KEY START LAWNMOWER,Spectrum TG51SE 3-in-1 Self-Propelled Petrol Lawnmower with Electric Start,,5065022450214,no-op,already aligned
TG56SE,TG56SE,TG56SE,sku-verbatim,100.0,SPECTRUM TG56SE KEY START LAWNMOWER,Spectrum TG56SE 3-in-1 Self-Propelled Petrol Lawnmower with Electric Start,,5065022450160,no-op,already aligned
CS-4010/38,CS-4010/38,CS-4010/38,sku-verbatim,100.0,"ECHO CS-4010/38 PETROL CHAINSAW 15"" 41CC""",Echo CS-4010/38 2-Stroke Petrol Chainsaw - 38cm bar,,,no-op,already aligned
LFP-553HRS-PROHS,LFP-553HRS-PROHS,LFP-553HRS-PROHS,sku-verbatim,100.0,LAWNFLITE PRO 553HRS-PROHS PROFESSIONAL SHAFT DRIVEN RR MOWER,Lawnflite-Pro 553HRS-PROHS Professional Shaft-Driven Petrol Rear-Roller Lawnmower (with Honda Engine),,5050581002448,no-op,already aligned
2T0980473/C22,2T0980473/C22,2T0980473/C22,sku-verbatim,100.0,CASTEL GARDEN PTX 210 HD LAWN TRACTOR,Castel Garden PTX 210 HD Rear-Collect V-Twin Garden Tractor with Hydrostatic Drive,,8008984851672,no-op,already aligned
2T1315481/ST1,2T1315481/ST1,2T1315481/ST1,sku-verbatim,100.0,STIGA ESTATE 7122 W REAR COLLECT V-TWIN GARDEN TRACTOR WITH HYDROSTATIC DRIVE,Stiga Estate 7122 W Rear-Collect V-Twin Garden Tractor with Hydrostatic Drive,,8008984869196,no-op,already aligned
274014004/ST1,274014004/ST1,274014004/ST1,sku-verbatim,100.0,STIGA E440 BATTERY 4.0AH 48V,Stiga E440 48v/4Ah ePower Lithium-Ion Battery 274014004/ST1,,8008984866775,no-op,already aligned
CL40-R-DUO,CL40-R-DUO,CL40-R-DUO,sku-verbatim,100.0,SPECTRUM CL40-R-DUO 4.0MM STRIMMER LINE,Spectrum CL40-R-DUO 4.0mm Round Strimmer Line,,5065022450276,no-op,already aligned
CL40-SQ,CL40-SQ,CL40-SQ,sku-verbatim,100.0,SPECTRUM CL40-SQ 4.0MM SQUARE STRIMMER LINE,Spectrum CL40-R-SQ 4.0mm Square Strimmer Line,,,no-op,already aligned
CV3680XA,CV3680XA,CV3680XA,sku-verbatim,100.0,HONDA CV3680XA 36V CHARGER,Honda CV3680XABM Fast Battery Charger,,,no-op,already aligned
LBP-56V125,LBP-56V125,LBP-56V125,sku-verbatim,100.0,ECHO BATTERY PACK 2.5AH 126WH,ECHO LBP-56V125 Battery Charger (56V),,,no-op,already aligned
FG320,FG320,FG320,sku-verbatim,100.0,HONDA FG320 PETROL COMPACT TILLER,Honda FG320 Petrol Compact Tiller,,,no-op,already aligned
GNP560-WT,GNP560-WT,GNP560-WT,sku-verbatim,100.0,SPECTRUM GNP560-WT WHEELED TRIMMER,Spectrum GNP560-WT Wheeled Trimmer,,5065022450450,no-op,already aligned
HF2625HTEH,HF2625HTEH,HF2625HTEH,sku-verbatim,100.0,HONDA HF 2625 HTE PREMIUM LAWN TRACTOR,Honda HF 2625 HTE Premium Lawn Tractor,,,no-op,already aligned
HHB25EW,HHB25EW,HHB25EW,sku-verbatim,100.0,HONDA HHB 25 E PETROL LEAF BLOWER,HONDA HHB 25 E Petrol Handheld Leaf Blower,,,no-op,already aligned
HHH25S75ET,HHH25S75ET,HHH25S75ET,sku-verbatim,100.0,HONDA HHH25S 75ET PETROL HEDGETRIMMER,Honda HHH 25S 75E Hedge Trimmer,,,no-op,already aligned
HRG416SK,HRG416SK,HRG416SK,sku-verbatim,100.0,HONDA IZY HRG 416 SK PETROL LAWN MOWER,Honda Izy HRG 416 SK Self Propelled Petrol Lawn Mower,,,no-op,already aligned
HRX476QY,HRX476QY,HRX476QY,sku-verbatim,100.0,HONDA HRX 476 QY ROLLER LAWNMOWER,Honda HRX 476 QY Self-Propelled Rear Roller Petrol Lawn Mower,,,no-op,already aligned
MASP-478751,MASP-478751,MASP-478751,sku-verbatim,100.0,MASPORT CONTRACTOR 21 VARIABLE SPEED PETROL MOWER,Masport Contractor 21 3-in-1 Variable-Speed Petrol Lawnmower with Low-Vibration Handlebar,,,no-op,already aligned
PFC-10G-M,PFC-10G-M,PFC-10G-M,sku-verbatim,100.0,SPECTRUM PFC-10G-M FUEL CAN - 10 LTR METAL.,Spectrum PFC-10G-M Jerry Can – 10 Litre,,5065022450382,no-op,already aligned
PFC-20G-M,PFC-20G-M,PFC-20G-M,sku-verbatim,100.0,SPECTRUM PFC-20G-M FUEL CAN - 20 LTR METAL,Spectrum PFC-20G-M Jerry Can – 20 Litre,,5065022450399,no-op,already aligned
SW420-EXPERT,SW420-EXPERT,SW420-EXPERT,sku-verbatim,100.0,SPECTRUM SW420 EXPERT 2 IN 1 PETROL SCARIFIER,Spectrum SW420-Expert 2-in-1 Petrol Lawn Scarifier/Aerator,,5065022450337,no-op,already aligned
T84H,T84H,T84H,sku-verbatim,100.0,"HARRY T84H TRACTOR 33"" DECK 432CC ENGINE""",Harry T84H Rear-Collect Lawn Tractor with Hydrostatic Drive,,5391549590004,no-op,already aligned
TG40PD,TG40PD,TG40PD,sku-verbatim,100.0,SPECTRUM TG40PD SELF PROPELLED PETROL LAWNMOWER,Spectrum TG40PD Self-Propelled Petrol Lawnmower,,5065022450108,no-op,already aligned
TG40SE,TG40SE,TG40SE,sku-verbatim,100.0,SPECTRUM TG40SE LAWNMOWER WITH ELECTRIC START,Spectrum TG40SE Self-Propelled Petrol Lawnmower with Electric Start,,5065022450115,no-op,already aligned
TG48-PRO,TG48-PRO,TG48-PRO,sku-verbatim,100.0,SPECTRUM TG48-PRO VARIABLE SPEED PETROL LAWNMOWER,Spectrum TG48-PRO Honda Powered Petrol Self Propelled Lawnmower - 4 blade,,5065022450177,no-op,already aligned
TG50-UTILITY,TG50-UTILITY,TG50-UTILITY,sku-verbatim,100.0,SPECTRUM TG50-UTILITY LAWNMOWER,Spectrum TG50-Utility Lawnmower,,5065022450191,no-op,already aligned
TG51PD,TG51PD,TG51PD,sku-verbatim,100.0,SPECTRUM TG51PD SELF-PROPELLED PETROL LAWNMOWER,Spectrum TG51PD Self-Propelled Petrol Lawnmower,,5065022450146,no-op,already aligned
TG56-PRO,TG56-PRO,TG56-PRO,sku-verbatim,100.0,SPECTRUM TG56-PRO LAWNMOWER,"Spectrum TG56-Pro Variable Speed, Honda Engine, Petrol Lawnmower - 4 Blade",,,no-op,already aligned
TG60FTTR,TG60FTTR,TG60FTTR,sku-verbatim,100.0,SPECTRUM TG60FTTR PETROL CULTIVATOR,"Spectrum TG60FTTR Front-Tine Petrol Cultivator — 212cc, 7HP, 30/60cm Adjustable Width",,5065022450207,no-op,already aligned
TY8000V,TY8000V,TY8000V,sku-verbatim,100.0,SPECTRUM TY8000V 8-TONNE VERTICAL ELECTRIC LOG SPLITTER,Spectrum TY8000V Electric Upright 8-Tonne log Splitter,,5065022450313,no-op,already aligned
OM-755,OM-755,OM-755,sku-verbatim,100.0,OLEO MAC MASTER 755 PROFESSIONAL BRUSHCUTTER,Oleo-Mac Master 755 Professional Petrol Brushcutter,,0000000000000,no-op,already aligned
FBT420,FBT420,FBT420,sku-verbatim,100.0,FEIDER FBT420 PETROL CHIPPER SHREDDER,Feider FBT420 Petrol Chipper,,3661602025890,no-op,already aligned
HFT200,HFT200,HFT200,sku-verbatim,100.0,FEIDER HFT200 PETROL SCYTHE-BAR MOWER,Feider HFT200 Scythe-Bar Mower,,3661602048172,no-op,already aligned
EG3600CL,EG3600CL,EG3600CL,sku-verbatim,100.0,Honda EG3600CL Petrol Generator,Honda EG3600CL Specialist Framed Generator - 3.6KW,,,no-op,already aligned
EU22I,EU22I,EU22I,sku-verbatim,100.0,Honda EU22i-110V Petrol Inverter Generator,Honda EU22i Petrol Inverter Generator,,,no-op,already aligned
WEESR,WEESR,WEESR,sku-verbatim,100.0,WEBB 2 IN 1 ELECTRIC SCARIFIER & LAWN RAKE,Webb WEESR 2 in 1 Electric Scarifier & Lawn Rake,,,no-op,already aligned
FRT75BS125-SD,FRT75BS125-SD,FRT75BS125-SD,sku-verbatim,100.0,FEIDER FRT75BS125-SD SIDE EJECT RIDE-ON MOWER (B&S ENGINE),Feider FRT75BS125-SD Compact Side-Discharge Ride-On Mower with Manual Drive & Briggs Engine,,3661602018434,no-op,already aligned
SP45203,SP45203,SP45203,sku-verbatim,100.0,"Spectrum SP45203 48"" Towed Steel Lawn Roller""",Spectrum 48″ Towed Steel Garden Lawn Roller - SP45203,,5065022450504,no-op,already aligned
TG561-SWT,TG561-SWT,TG561-SWT,sku-verbatim,100.0,SPECTRUM TG561-SWT SELF PROPELLED WHEELED TRIMMER,Spectrum TG561-SWT Self Propelled Wheeled Trimmer,,5065022450511,no-op,already aligned
CS-4920ES/45,CS-4920ES/45,CS-4920ES/45,sku-verbatim,100.0,"ECHO CS-4920ES/45 PETROL CHAINSAW 49CC 45CM / 18"" BAR",Echo CS-4920 Petrol 2-Stroke Chainsaw (45cm Bar),,,no-op,already aligned
WT30,WT30,WT30,sku-verbatim,100.0,"HONDA WT30 PETROL WATER PUMP 3""",HONDA WT30 3″ Petrol Water Pump,,,no-op,already aligned
WEPS400,WEPS400,WEPS400,sku-verbatim,100.0,"WEBB WEPS400 16"" PETROL SCARIFIER & RAKE",Webb WEPS400 40cm (16″) Petrol Lawn Scarifier & Raker,,,no-op,already aligned
QG18P,QG18P,QG18P,sku-verbatim,100.0,SPECTRUM QG18P HAND PROPELLED LAWNMOWER,Spectrum Qingain QG18P Hand Propelled Petrol Lawnmower - WITH FREE BLADE WORTH £24.95!,,,no-op,already aligned
QG18SP,QG18SP,QG18SP,sku-verbatim,100.0,SPECTRUM QG18SP SELF PROPELLED LAWNMOWER,Spectrum Qingain QG18SP Self Propelled Petrol Lawnmower - WITH FREE BLADE WORTH £24.95!,,,no-op,already aligned
QG20SP,QG20SP,QG20SP,sku-verbatim,100.0,SPECTRUM QG20SP SELF PROPELLED LAWNMOWER,Spectrum QG20SP  Petrol Self Propelled Lawnmower – WITH FREE BLADE WORTH £39.95!,,,no-op,already aligned
QG20P,QG20P,QG20P,sku-verbatim,100.0,SPECTRUM QG20P HAND PROPELLED LAWNMOWER,Spectrum 'Qingain' QG20P Push Petrol Lawnmower – WITH FREE BLADE WORTH £39.95!,,,no-op,already aligned
TY7000SW,TY7000SW,TY7000SW,sku-verbatim,100.0,SPECTRUM TY7000SW PETROL SWEEPER,"Spectrum TY7000SW Self-Propelled Powered broom, Leaf Sweeper, Debris and Snow Sweeper",,5065022450535,no-op,already aligned
TY8VWEDGE,TY8VWEDGE,TY8VWEDGE,sku-verbatim,100.0,SPECTRUM TY8V 4 WAY LOG SPLITTER WEDGE,Spectrum TY8V 4 Way Log Splitter Wedge,,,no-op,already aligned
TY31506,TY31506,TY31506,sku-verbatim,100.0,SPECTRUM TY31506 SWEEPER COLLECTION BOX,Spectrum TY31506 Collection Box,,5065022450542,no-op,already aligned
WH20XT,WH20XT,WH20XT,sku-verbatim,100.0,"HONDA WH20XT 2"" WATER PUMP",HONDA WH20 Self Priming Water Pump,,,no-op,already aligned
GC-SC4240P-RTN,GC-SC4240P-RTN,GC-SC4240P-RTN,sku-verbatim,100.0,EINHELL GC-SC4240P PETROL SCARIFIER - REFURBSIHED MODEL,Einhell GC-SC 4240-P Petrol Lawn Scarifier - Refurbished,,4006825638073,no-op,already aligned
THSS100,THSS100,THSS100,sku-verbatim,100.0,THE HANDY THSS100 SALT SPREADER 45KG (100LB),The Handy 45kg (100lb) Salt Spreader,,,no-op,already aligned
TG46SE-AMZ,TG46SE-AMZ,TG46SE-AMZ,sku-verbatim,100.0,SPECTRUM TG46SE KEY START LAWNMOWER - AMAZON FULFILLED,Spectrum TG46SE 3-in-1 Self-Propelled Petrol Lawnmower with Electric Start (Amazon),,5065022450139,no-op,already aligned
KT400-3 PRO,KT400-3 PRO,KT400-3 PRO,sku-verbatim,100.0,SPECTRUM KT400-3 PRO SCARIFIER,Spectrum KT400-3 Pro 3-in-1 Petrol Lawn Scarifier/Aerator/Sweeper-Groomer,,5065022450573,no-op,already aligned
DCT38H,DCT38H,DCT38H,sku-verbatim,100.0,"SPECTRUM DCT38H LAWN TRACTOR 38"" / 96CM","Spectrum DCT38H 38"" Lawn Tractor with Hydrostatic Drive",,5065022450528,no-op,already aligned
DCT38M-RDM,DCT38M-RDM,DCT38M-RDM,sku-verbatim,100.0,SPECTRUM DCT38M-RDM 2-IN-1 LAWN TRACTOR WITH GEAR DRIVE,"Spectrum DCT38M-RDM  38"" Lawn Tractor with Manual Drive",,5065022450603,no-op,already aligned
DCT38M-SDM,DCT38M-SDM,DCT38M-SDM,sku-verbatim,100.0,SPECTRUM DCT38M-SDM 2-IN-1 SIDE DISCHARGE GARDEN TRACTOR WITH GEAR DRIVE,"Spectrum DCT38M-SDM  38"" Side Discharge and Mulch Lawn Tractor with Manual Drive",,5065022450610,no-op,already aligned
827M-RET,827M-RET,827M-RET,sku-verbatim,100.0,MOUNTFIELD 827M - EX DEMO,Mountfield MTF 66 MQ Compact Rear-Collect Ride-On Mower with Manual Drive (Ex-Display),,8008984847804,no-op,already aligned
SBS220CHM,SBS220CHM,SBS220CHM,sku-verbatim,100.0,SPECTRUM BY SWIFT SBS220CHM CORDLESS HANDY MOWER,Spectrum SBS220CHM 22cm Cordless Handy Mower — Bare Tool (Battery & Charger Sold Separately),,5065022450627,no-op,already aligned
SBS460CLM,SBS460CLM,SBS460CLM,sku-verbatim,100.0,SPECTRUM BY SWIFT SBS460CLM CORDLESS LAWN MOWER,Spectrum SBS460CLM 46cm Self-Propelled Cordless Lawn Mower — Bare Tool (Batteries & Charger Sold Separately),,5065022450634,no-op,already aligned
SBS480CBV,SBS480CBV,SBS480CBV,sku-verbatim,100.0,SPECTRUM BY SWIFT SBS480CBV CORDLESS BLOWER VAC,Spectrum SBS480CBV 40V Cordless Leaf Blower Vacuum — Bare Tool (Battery & Charger Sold Separately),,5065022450641,no-op,already aligned
SBS560CHT,SBS560CHT,SBS560CHT,sku-verbatim,100.0,SPECTRUM BY SWIFT SBS560CHT CORDLESS HEDGE TRIMMER,"Spectrum SBS560CHT 40V Cordless Hedge Trimmer, 45cm Blade — Bare Tool (Battery & Charger Sold Separately)",,5065022450658,no-op,already aligned
SBS240CPHT,SBS240CPHT,SBS240CPHT,sku-verbatim,100.0,SPECTRUM BY SWIFT SBS240CPHT CORDLESS POLE HEDGE TRIMMER,"Spectrum SBS240CPHT 40V Cordless Pole Hedge Trimmer, 46cm Blade — Bare Tool (Battery & Charger Sold Separately)",,5065022450665,no-op,already aligned
SBS20CB,SBS20CB,SBS20CB,sku-verbatim,100.0,SPECTRUM BY SWIFT SBS20CB 2.0AH BATTERY,Spectrum SBS20CB 40V 2.0Ah Lithium-Ion Battery Pack,,5065022450672,no-op,already aligned
SBS40CB,SBS40CB,SBS40CB,sku-verbatim,100.0,SPECTRUM BY SWIFT SBS40CB 4.0AH BATTERY,Spectrum SBS40CB 40V 4.0Ah Lithium-Ion Battery Pack,,5065022450689,no-op,already aligned
SBSCBC,SBSCBC,SBSCBC,sku-verbatim,100.0,SPECTRUM BY SWIFT SBSCBC STANDARD CHARGER,Spectrum SBSCBC 40V Standard Battery Charger (0.5A),,5065022450719,no-op,already aligned
SBSCSC,SBSCSC,SBSCSC,sku-verbatim,100.0,SPECTRUM BY SWIFT SBSCSC FAST CHARGER,Spectrum SBSCSC 40V Fast Battery Charger (2A),,5065022450696,no-op,already aligned
SBSCDC,SBSCDC,SBSCDC,sku-verbatim,100.0,SPECTRUM BY SWIFT SBSCDC FAST DUAL CHARGER,Spectrum SBSCDC 40V Dual Battery Charger (2A Fast Charge),,5065022450702,no-op,already aligned
EP40,EP40,EP40,sku-verbatim,100.0,REDBACK EP40 4.0AH BATTERY,Redback 40v/4Ah Lithium-Ion Battery | EP40,,6945372101174,no-op,already aligned
TG45SC,TG45SC,TG45SC,sku-verbatim,100.0,"SPECTRUM TG45SC PETROL SCARIFIER 2-IN-1, RECOIL START","Spectrum TG45SC Petrol Scarifier & Aerator — 223cc, 45cm, 2-in-1",,5061122340127,no-op,already aligned
TG45SC-E,TG45SC-E,TG45SC-E,sku-verbatim,100.0,"TG45SC-E PETROL SCARIFIER 2-IN-1, ELECTRIC KEY START","Spectrum TG45SC-E Petrol Scarifier & Aerator — 223cc, 45cm, Electric Key Start",,5061122340189,no-op,already aligned
TG480RTTR,TG480RTTR,TG480RTTR,sku-verbatim,100.0,SPECTRUM TG480RTTR REAR TINE CULTIVATOR,"Spectrum TG480RTTR Rear-Tine Petrol Cultivator — 211cc, 48cm Working Width",,5061122340196,no-op,already aligned
LPW1600,LPW1600,LPW1600,sku-verbatim,100.0,SPECTRUM LPW1600 ELECTRIC PRESSURE WASHER,"Spectrum LPW1600 Electric Pressure Washer — 1600W, 130 Bar",,5065022450726,no-op,already aligned
LPW2200,LPW2200,LPW2200,sku-verbatim,100.0,SPECTRUM LPW2200 ELECTRIC PRESSURE WASHER,"Spectrum LPW2200 Electric Pressure Washer — 2200W, 170 Bar, Cleaning Kit Included",,5065022450733,no-op,already aligned
TG561-SWT-AMZ,TG561-SWT-AMZ,TG561-SWT-AMZ,sku-verbatim,100.0,SPECTRUM TG561-SWT WHEELED TRIMMER - AMAZON FULFILLED,Spectrum TG561-SWT Self Propelled Wheeled Trimmer (Amazon),,5065022450511,no-op,already aligned
465774,465774,465774,sku-verbatim,100.0,MASPORT CONTRACTOR 625 AL LAWNMOWER,Masport Contractor 625 AL Hand-Propelled Petrol Lawnmower with Low-Vibration Handlebar,,,no-op,already aligned
457946,457946,457946,sku-verbatim,100.0,MASPORT ROTAROLA RRSP 22H SELF PROPELLED REAR ROLLER LAWM MOWER (HONDA ENGINE),Masport RRSP 22H Self-Propelled Petrol Rear-Roller Lawnmower (with Honda Engine),,,no-op,already aligned
100134O,100134O,100134O,sku-verbatim,100.0,CHIPPERFIELD 100134O SEAM WELDED MIXER DRUM - ORANGE,"Spectrum 100134O Replacement Concrete Mixer Drum — fits Belle, Build Buddy & Screwfix Mixers",,5065022450740,no-op,already aligned
100134Y,100134Y,100134Y,sku-verbatim,100.0,CHIPPERFIELD 100134Y SEAM WELDED CONCRETE MIXER DRUM - YELLOW,"Spectrum  100134Y Replacement Concrete Mixer Drum — fits Belle, Build Buddy & Screwfix Mixers",,5065022450764,no-op,already aligned
100134S,100134S,100134S,sku-verbatim,100.0,CHIPPERFIELD 100134S 2 PIECE PRESSED CONCRETE MIXER DRUM - SILVER,"Spectrum 100134S Replacement Concrete Mixer Drum — fits Belle, Build Buddy & Screwfix Mixers",,5065022450771,no-op,already aligned
100134O-AMZ,100134O-AMZ,100134O-AMZ,sku-verbatim,100.0,CHIPPERFIELD 100134O SEAM WELDED MIXER DRUM - ORANGE (AMAZON),"Spectrum 100134O Replacement Concrete Mixer Drum — fits Belle, Build Buddy & Screwfix Mixers",,5065022450740,no-op,already aligned
HCS870,HCS870,HCS870,sku-verbatim,100.0,CHIPPERFIELD HCS870 PETROL SCYTHE-BAR MOWER,"Chipperfield HCS870 Petrol Scythe-Bar Mower — 87cm, 196cc Loncin Engine",,5061122340295,no-op,already aligned
139PTIL-63C-RET,RAC139PTIL,139PTIL-63C-RET,tfidf+rapidfuzz,98.01,RACING 139PTIL63-C PETROL FRONT TINE TILLER - EX DEMO,Racing 139PTIL63 Petrol Front-Tine Tiller,,3661602011428,yes,no NumaSuite EAN
19052001,17338046,19052001,tfidf+rapidfuzz,68.56,"ROLLER HALF - FITS FEIDER 21"" ROLLER MODELS","Lawnmower Blade - 50.2cm | Fits Feider & Racing 20"" Models",,3664142164166,yes,no NumaSuite EAN; title score 68.6 < 85.0
19157065,19158015,19157065,tfidf+rapidfuzz,70.58,BLADE               FITS FTDT4640(ES),Blade - Fits Feider FTDT5175ES Lawnmower | MowDirect,,,yes,no NumaSuite EAN; title score 70.6 < 85.0
22301018,R210,22301018,tfidf+rapidfuzz,28.65,BELT,Rato Horizontal Engine,,,yes,no NumaSuite EAN; title score 28.6 < 85.0
232511610/16,STIG-EXT-SHAFT-226,232511610/16,tfidf+rapidfuzz,87.77,STIGA EXTENSION POLE FOR SPLIT SHAFT BRUSHTCUTTERS,Stiga Extension Pole for Split-Shaft Brushcutters | 232511610/16,,8008984783256,yes,no NumaSuite EAN
283321008/ST2,STIG-283321008/ST2,283321008/ST2,tfidf+rapidfuzz,100.0,STIGA BC 740 B PETROL BRUSHCUTTER,Stiga BC 740 B Petrol Brushcutter,,8008984853911,yes,no NumaSuite EAN
2T1210483/M25,MF-2T1210483/M25,2T1210483/M25,tfidf+rapidfuzz,89.33,MOUNTFIELD 1543H SD HYDROSTATIC LAWN AND GARDEN TRACTOR,Mountfield 1543H-SD Side-Discharge Lawn Tractor with Hydrostatic Drive,,8008984869127,yes,no NumaSuite EAN
5818430-01,STIG-SILEX-SNOW-BLADE,5818430-01,tfidf+rapidfuzz,55.07,GENUINE HUSQVARNA BLADE BOSS,Stiga Silex Snow-Blade Attachment | 290950050/10,,8008984585591,yes,no NumaSuite EAN; title score 55.1 < 85.0
799579,FAA008,799579,tfidf+rapidfuzz,92.97,BRIGGS AND STRATTON AIR FILTER,Lawn Mower Air Filter -  JR Spares - JR-FAA0008 fits Briggs and Stratton,,3760011421481,yes,no NumaSuite EAN
B593934,ACC-DEFL-84CM,B593934,tfidf+rapidfuzz,43.72,STARTER MOTOR,Rear Deflector Flor 84cm Mountfield/Stiga Tractors,,,yes,no NumaSuite EAN; title score 43.7 < 85.0
BDDELCHARGES,SBSCSC,BDDELCHARGES,tfidf+rapidfuzz,44.41,CHARGES FOR VEHICLE CHARGES - MARCH 2024,Spectrum SBSCSC 40V Fast Battery Charger (2A),,5065022450696,yes,no NumaSuite EAN; title score 44.4 < 85.0
BDMARKETINGCHARGE,SBSCDC,BDMARKETINGCHARGE,tfidf+rapidfuzz,41.01,MARKETING CHARGES - SOCIAL MEDIA,Spectrum SBSCDC 40V Dual Battery Charger (2A Fast Charge),,5065022450702,yes,no NumaSuite EAN; title score 41.0 < 85.0
BOU009,BOU004,BOU009,tfidf+rapidfuzz,54.71,"JR BOU009 Replaces: Bosch WSR6F, Champion RCJ7Y, Denso W20MP-U, NGK BPMR7A, Torch L7RTC",Spark Plug - JR BOU004 ( Equivalent to NGK BPR5ES OR CHAMPION RN11YC),,3760011423515,yes,no NumaSuite EAN; title score 54.7 < 85.0
02071496,STIG-2F7062505/ST1,02071496,tfidf+rapidfuzz,72.65,DRIVE BELT,Stiga Gyro 500e ‘Drive-by-Wire’ Electric Battery-Powered Axial Ride-On Lawnmower,,8008984853089,yes,no NumaSuite EAN; title score 72.6 < 85.0
02071497,ACC-DEFL-84CM,02071497,tfidf+rapidfuzz,36.38,BELT - CUTTING                 (BELTA39),Rear Deflector Flor 84cm Mountfield/Stiga Tractors,,,yes,no NumaSuite EAN; title score 36.4 < 85.0
0300010609,100134Y,0300010609,tfidf+rapidfuzz,34.52,SCREW,"Spectrum  100134Y Replacement Concrete Mixer Drum — fits Belle, Build Buddy & Screwfix Mixers",,5065022450764,yes,no NumaSuite EAN; title score 34.5 < 85.0
0306030036,HAR004,0306030036,tfidf+rapidfuzz,78.19,HARNESS BELT,Quick-Release Brushcutter Shoulder-Harness for Left-Handers (Double)- JR HAR004,,,yes,no NumaSuite EAN; title score 78.2 < 85.0
0340040014,SVC-PUNCTURE-PREV,0340040014,tfidf+rapidfuzz,40.15,DON'T USE,Pre-delivery Puncture Prevention Service,,,yes,no NumaSuite EAN; title score 40.1 < 85.0
04041450,STIG-278131808/St1,04041450,tfidf+rapidfuzz,59.57,CHAIN   FITS FTRT494,Stiga Fast Charger | Fits E-Ride Models,,,yes,no NumaSuite EAN; title score 59.6 < 85.0
04121135,SIMP-1696909,04121135,tfidf+rapidfuzz,62.84,BLADES                  [FITS FBT70],Simplicity Mulch-Kit Inc. Eliminator®Blades - for SYT410 | 1696909,,0000000000000,yes,no NumaSuite EAN; title score 62.8 < 85.0
06541-VB5-A01,STIG-278131808/St1,06541-VB5-A01,tfidf+rapidfuzz,58.87,DRIVE CABLE -                                  FITS HRD536,Stiga Fast Charger | Fits E-Ride Models,,,yes,no NumaSuite EAN; title score 58.9 < 85.0
092317,STIG-278131808/St1,092317,tfidf+rapidfuzz,57.09,FUEL CAP    FITS FRT7550M,Stiga Fast Charger | Fits E-Ride Models,,,yes,no NumaSuite EAN; title score 57.1 < 85.0
1000,R210,1000,tfidf+rapidfuzz,31.36,DISPOSABLES,Rato Horizontal Engine,,,yes,no NumaSuite EAN; title score 31.4 < 85.0
1011,ACC-DEFL-84CM,1011,tfidf+rapidfuzz,37.46,FRT75BS125 CUTTING BELT,Rear Deflector Flor 84cm Mountfield/Stiga Tractors,,,yes,no NumaSuite EAN; title score 37.5 < 85.0
1015CX,SEAL-LS520H,1015CX,tfidf+rapidfuzz,58.58,TROLLEY JACK 1.5 TONNE SHORT CHASSIS,Sealey LS520H Horizontal Electric Log-Splitter | 5-Tonne/2200w,,5051747384941,yes,no NumaSuite EAN; title score 58.6 < 85.0
106-8397,17338046,106-8397,tfidf+rapidfuzz,57.97,BATERY -                              FITS TORO RECYCLER 20797,"Lawnmower Blade - 50.2cm | Fits Feider & Racing 20"" Models",,3664142164166,yes,no NumaSuite EAN; title score 58.0 < 85.0
11000118,RAC-2024000,11000118,tfidf+rapidfuzz,77.86,BATTERY TRAY,"Battery Charger - for Feider, Racing & Chipperfield Compact Ride-Ons | 20244000",,3664142304159,yes,no NumaSuite EAN; title score 77.9 < 85.0
11000121,AP-905270100,11000121,tfidf+rapidfuzz,58.92,WHEEL TRIM -                           TG46SE,Apache Sickle Bar Attachment – for P70 Two-Wheel Tractor,,0000000000000,yes,no NumaSuite EAN; title score 58.9 < 85.0
11000176,FMTB50,11000176,tfidf+rapidfuzz,62.63,FRONT PANEL -                             FITS TG51SE,Feider FMTB50 Petrol Front-Tine Tiller,,3661602030221,yes,no NumaSuite EAN; title score 62.6 < 85.0
11006-152,DAN-71901-924,11006-152,tfidf+rapidfuzz,60.38,GENUINE DANARM STAY,Danarm Side-Discharge Deflector – for 53cm 4-Wheeled & Roller Lawnmowers | 71901-924,,0000000000000,yes,no NumaSuite EAN; title score 60.4 < 85.0
11013-0752,JR-FAA001,11013-0752,tfidf+rapidfuzz,72.32,"KAWASAKI FR651V, FR691V, FS484V AIR FILTER",AIR FILTER JR-FAA001,,,yes,no NumaSuite EAN; title score 72.3 < 85.0
11013-7046,SVC-PUNCTURE-PREV,11013-7046,tfidf+rapidfuzz,59.24,GENUINE KAWASKI PRE FILTER,Pre-delivery Puncture Prevention Service,,,yes,no NumaSuite EAN; title score 59.2 < 85.0
110513,STIG-PIVOT-WHEELS-130H-SWEEPER,110513,tfidf+rapidfuzz,69.61,FRONT WHEEL BEARING     TORO,Stiga Titan Front Wheel Kit for RB130H Sweeper (13-7924-11),,,yes,no NumaSuite EAN; title score 69.6 < 85.0
111-1150,2T2010483/M25,111-1150,tfidf+rapidfuzz,47.56,GENUINE HAYTER 41 CABLE VARIATOR,Mountfield T30M Gear Drive 2-in-1 Lawn Tractor,,8008984869042,yes,no NumaSuite EAN; title score 47.6 < 85.0
111-1151,CC-XM3ER53,111-1151,tfidf+rapidfuzz,55.36,GENUINE HAYTER 41 CLUTCH CABLE,Cub Cadet XM3ER53 3-in-1 Variable-Speed Petrol Lawnmower with Blade-Brake Clutch,,4008423891966,yes,no NumaSuite EAN; title score 55.4 < 85.0
1111-3038-01,19158015,1111-3038-01,tfidf+rapidfuzz,79.95,BLADE   FITS SP550,Blade - Fits Feider FTDT5175ES Lawnmower | MowDirect,,,yes,no NumaSuite EAN; title score 80.0 < 85.0
1111201WR,WS-1111201WR,1111201WR,tfidf+rapidfuzz,92.47,WILKINSON DIGGING FORK,Wilkinson Sword Carbon-Steel Digging Fork | 1111201WR,,,yes,no NumaSuite EAN
1111203WR,WS-1111114W,1111203WR,tfidf+rapidfuzz,93.22,WILKINSON BORDER FORK,Wilkinson Sword Stainless-Steel Border Fork | 1111114W,,5050581000338,yes,no NumaSuite EAN
1119216035/0,JR-ROU001,1119216035/0,tfidf+rapidfuzz,53.15,BEARING 6001 2RS (12 X 28 X 8),Lawnmower Spare Wheel 15cm-  JR Spares - Universal Fit with 3 x ring adapters 8-10-12-12.8mm JR-ROU001,,3760011422730,yes,no NumaSuite EAN; title score 53.1 < 85.0
112139100/0,TG45SC-E,112139100/0,tfidf+rapidfuzz,53.82,WOODRUFF KEY,"Spectrum TG45SC-E Petrol Scarifier & Aerator — 223cc, 45cm, Electric Key Start",,5061122340189,yes,no NumaSuite EAN; title score 53.8 < 85.0
112154220/0,R210,112154220/0,tfidf+rapidfuzz,37.69,FLANGED NUT,Rato Horizontal Engine,,,yes,no NumaSuite EAN; title score 37.7 < 85.0
112154330/0,WH20XT,112154330/0,tfidf+rapidfuzz,57.82,LOW SELF LOCKING NUT,HONDA WH20 Self Priming Water Pump,,,yes,no NumaSuite EAN; title score 57.8 < 85.0
112156602/0,OM-MAX-53-THX,112156602/0,tfidf+rapidfuzz,57.58,NUT - DECK HANGER,Oleo-Mac MAX 53-THX AllRoad ALU Self-Propelled Petrol Lawnmower with Aluminium Deck (Honda Engine),,8026619064037,yes,no NumaSuite EAN; title score 57.6 < 85.0
112293200/0,R210,112293200/0,tfidf+rapidfuzz,36.97,HEXAGON NUT,Rato Horizontal Engine,,,yes,no NumaSuite EAN; title score 37.0 < 85.0
112521350/0,FNHPT240,112521350/0,tfidf+rapidfuzz,81.65,WASHER M8,Feider FNHPT240 Petrol Pressure-Washer,,3661602026453,yes,no NumaSuite EAN; title score 81.7 < 85.0
112540260/0,FNHPT240,112540260/0,tfidf+rapidfuzz,60.82,INNER TOOTHED WASHER,Feider FNHPT240 Petrol Pressure-Washer,,3661602026453,yes,no NumaSuite EAN; title score 60.8 < 85.0
112608600/0,JR-CARB0001,112608600/0,tfidf+rapidfuzz,55.35,CIRCLIP D=12 UNI 7435 C60,FUEL PIPE INNER DIAMETER 6.35MM OUTER 12.7MM L30CM,,3760011420552,yes,no NumaSuite EAN; title score 55.4 < 85.0
112728300/0,R-RTN533,112728300/0,tfidf+rapidfuzz,55.41,SELF TAPPING SCREW,Racing 4660PL Self-Propelled Petrol Lawnmower,,3661602019479,yes,no NumaSuite EAN; title score 55.4 < 85.0
112728697/0,R-RTN533,112728697/0,tfidf+rapidfuzz,55.41,SELF TAPPING SCREW,Racing 4660PL Self-Propelled Petrol Lawnmower,,3661602019479,yes,no NumaSuite EAN; title score 55.4 < 85.0
112728903/0,BCH005,112728903/0,tfidf+rapidfuzz,63.35,DRIVE COVER SCREWS,Protective Cover for Snow Throwers- JR BCH005,,3760011424550,yes,no NumaSuite EAN; title score 63.4 < 85.0
112737450/0,100134Y,112737450/0,tfidf+rapidfuzz,34.52,SCREW,"Spectrum  100134Y Replacement Concrete Mixer Drum — fits Belle, Build Buddy & Screwfix Mixers",,5065022450764,yes,no NumaSuite EAN; title score 34.5 < 85.0
1134-0433-00,ACC-DEFL-84CM,1134-0433-00,tfidf+rapidfuzz,35.38,MUFFLER GASKET,Rear Deflector Flor 84cm Mountfield/Stiga Tractors,,,yes,no NumaSuite EAN; title score 35.4 < 85.0
1134-4190-01,FST212-RTN,1134-4190-01,tfidf+rapidfuzz,36.98,GEARBOX FAN,Feider FST212 Petrol Lawn Scarifier - RTN,,3661602022424,yes,no NumaSuite EAN; title score 37.0 < 85.0
1134-9116-01,STIG-107CM-RUB-SCRAPER,1134-9116-01,tfidf+rapidfuzz,65.03,BLADE BAR ASSEMBLY 85C,Stiga Rubber Scraper Bar for 107cm Snow Blade | 13-3904-61,,7313321307714,yes,no NumaSuite EAN; title score 65.0 < 85.0
1134-9119-01,STIG-13-3917-61,1134-9119-01,tfidf+rapidfuzz,79.48,BLADE TIP KIT STIGA PARK,Stiga 120cm Snow-Blade Attachment for Park Front-Cut Ride-On Mowers | 13-3917-61,,,yes,no NumaSuite EAN; title score 79.5 < 85.0
1134-9130-01,STIG-13-3917-61,1134-9130-01,tfidf+rapidfuzz,79.48,BLADE TIP KIT STIGA PARK,Stiga 120cm Snow-Blade Attachment for Park Front-Cut Ride-On Mowers | 13-3917-61,,,yes,no NumaSuite EAN; title score 79.5 < 85.0
1134-9172-01,STIG-2F7062505/ST1,1134-9172-01,tfidf+rapidfuzz,63.66,PTO DRIVE BELT,Stiga Gyro 500e ‘Drive-by-Wire’ Electric Battery-Powered Axial Ride-On Lawnmower,,8008984853089,yes,no NumaSuite EAN; title score 63.7 < 85.0
1134-9220-01,JR-LTD0008,1134-9220-01,tfidf+rapidfuzz,60.23,"WINGED BLADE 84CM/30"" (BLADE PACK)""",BLADE 81004115/0 81004116/0 L330MM B18.3 SPACING 45MM,,3760011422488,yes,no NumaSuite EAN; title score 60.2 < 85.0
1134-9225-01,MF-Mulch-Plug-299900374/0,1134-9225-01,tfidf+rapidfuzz,76.47,"MULCHING BLADE 98CM/38"" [STIGA PACK]""",Mountfield/Stiga Mulching Kit with Blades - for 98cm Rear-Collect Tractors | 299900374/0,,8008984510081,yes,no NumaSuite EAN; title score 76.5 < 85.0
1134-9226-01,STIG-TITAN-PLOUGH-13-7938-11,1134-9226-01,tfidf+rapidfuzz,57.14,"WINGED BLADE 98CM/38""""",Stiga Titan 140H Snow Plough Blade (13-7938-11),,7313321307097,yes,no NumaSuite EAN; title score 57.1 < 85.0
1134-9228-01,AGFA-45-0294,1134-9228-01,tfidf+rapidfuzz,60.65,"WINGED BLKADE 102CM/40"" PACK""",Agri-Fab 102cm Spring-Tine Dethatcher | 45-0294,,,yes,no NumaSuite EAN; title score 60.6 < 85.0
1134-9231-01,MF-299900346/0,1134-9231-01,tfidf+rapidfuzz,72.08,MULCHING BLADE 108CM/ 43 PACK,Mountfield/Stiga Mulching Plug – for 108cm Side-Discharge Tractors | 299900346/0,,8008984632561,yes,no NumaSuite EAN; title score 72.1 < 85.0
1134-9245-01,Park700WX_110Combi,1134-9245-01,tfidf+rapidfuzz,61.48,PTO BELT [4WD PARK 100CD],Stiga Park 700 WX 4WD V-Twin Front-Cut Ride-On Lawnmower Including Combi Pro 110 QF Deck,,8008984852785,yes,no NumaSuite EAN; title score 61.5 < 85.0
1134-9250-01,MF-182180091/0,1134-9250-01,tfidf+rapidfuzz,91.63,MOUNTFIELD/STIGA/ATCO BATTERY CHARGER FOR RIDE-ONS,Mountfield/Stiga Battery Charger for Ride-Ons & Tractor Mowers |  1134-9250-01,,7313324007543,yes,no NumaSuite EAN
1137-0914-01,SBSCBC,1137-0914-01,tfidf+rapidfuzz,41.26,TANK BRACKET,Spectrum SBSCBC 40V Standard Battery Charger (0.5A),,5065022450719,yes,no NumaSuite EAN; title score 41.3 < 85.0
1143114,R210,1143114,tfidf+rapidfuzz,28.65,BELT,Rato Horizontal Engine,,,yes,no NumaSuite EAN; title score 28.6 < 85.0
114366134/0,FST212-RTN,114366134/0,tfidf+rapidfuzz,38.45,LABEL - ADJUST LEVER,Feider FST212 Petrol Lawn Scarifier - RTN,,3661602022424,yes,no NumaSuite EAN; title score 38.4 < 85.0
1145112,19158015,1145112,tfidf+rapidfuzz,55.04,BELT FITS FTDTR4870,Blade - Fits Feider FTDT5175ES Lawnmower | MowDirect,,,yes,no NumaSuite EAN; title score 55.0 < 85.0
1148112,19158015,1148112,tfidf+rapidfuzz,57.68,BELT FITS FTDTR5220ES,Blade - Fits Feider FTDT5175ES Lawnmower | MowDirect,,,yes,no NumaSuite EAN; title score 57.7 < 85.0
1149147,GW-GD60LM46SP,1149147,tfidf+rapidfuzz,74.77,PULLEY - VARIABLE SPEED IDLER,Greenworks GD60LM46SP 60v/46cm DigiPro 4-in-1 Self-Propelled Variable-Speed Cordless Lawnmower (Machine Only),,6952909015606,yes,no NumaSuite EAN; title score 74.8 < 85.0
115-4669,R210,115-4669,tfidf+rapidfuzz,45.19,GENUINE TORO BELT,Rato Horizontal Engine,,,yes,no NumaSuite EAN; title score 45.2 < 85.0
1159,AP-985000000,1159,tfidf+rapidfuzz,63.08,BRIGGS & STRATTON CARBURETTOR DIAPHRAGM & GASKET KIT,Apache RTT3 Two-Wheel Rear-Tine Rotary Cultivator (Briggs & Stratton Engine),,8025004012967,yes,no NumaSuite EAN; title score 63.1 < 85.0
1162,FAA008,1162,tfidf+rapidfuzz,63.85,BRIGGS & STRATTON SPRING & CLASSIC PRIMER BULB,Lawn Mower Air Filter -  JR Spares - JR-FAA0008 fits Briggs and Stratton,,3760011421481,yes,no NumaSuite EAN; title score 63.9 < 85.0
118120064/0,274014004/ST1,118120064/0,tfidf+rapidfuzz,83.09,BATTERY 12V 4AH,Stiga E440 48v/4Ah ePower Lithium-Ion Battery 274014004/ST1,,8008984866775,yes,no NumaSuite EAN; title score 83.1 < 85.0
118120068/0,MF-182180091/0,118120068/0,tfidf+rapidfuzz,65.63,BATTERY 12V 18AH LEAD ACID STIGA,Mountfield/Stiga Battery Charger for Ride-Ons & Tractor Mowers |  1134-9250-01,,7313324007543,yes,no NumaSuite EAN; title score 65.6 < 85.0
118204210/0,ZOM-BAT-CHARGER,118204210/0,tfidf+rapidfuzz,78.15,BATTERY CHARGER E100-E200 (WORKSHOP USE),Zomax 58v Battery Charger,,0660042457066,yes,no NumaSuite EAN; title score 78.2 < 85.0
118206013/0,MF-2L0432803/M21,118206013/0,tfidf+rapidfuzz,62.25,CONTROLLER - LI 48V,Mountfield Empress 41 Li 48v 4-in-1 Self-Propelled Cordless Lawnmower (Machine Only),,,yes,no NumaSuite EAN; title score 62.2 < 85.0
118210023/0,TG45SC-E,118210023/0,tfidf+rapidfuzz,51.83,IGNITION KEY [2],"Spectrum TG45SC-E Petrol Scarifier & Aerator — 223cc, 45cm, Electric Key Start",,5061122340189,yes,no NumaSuite EAN; title score 51.8 < 85.0
118450075/1,TG480RTTR,118450075/1,tfidf+rapidfuzz,40.96,STARTING SWITCH,"Spectrum TG480RTTR Rear-Tine Petrol Cultivator — 211cc, 48cm Working Width",,5061122340196,yes,no NumaSuite EAN; title score 41.0 < 85.0
118550199/0,JR-FAA001,118550199/0,tfidf+rapidfuzz,66.5,AIR FILTER - 1538H - 1538M-SD,AIR FILTER JR-FAA001,,,yes,no NumaSuite EAN; title score 66.5 < 85.0
118550321/0,JR-FAA0004,118550321/0,tfidf+rapidfuzz,69.82,AIR FILTER - 1530H - 1228H,AIR FILTER BR690610 498596 697029,,3760011421443,yes,no NumaSuite EAN; title score 69.8 < 85.0
118550421/0,JR-FAA0004,118550421/0,tfidf+rapidfuzz,97.0,AIR FILTER,AIR FILTER BR690610 498596 697029,,3760011421443,yes,no NumaSuite EAN
118550427/0,JR-FAE0001,118550427/0,tfidf+rapidfuzz,97.0,FUEL FILTER,FUEL FILTER RIDER -                        WP73112,,3760011421528,yes,no NumaSuite EAN
118550704/0,JR-FAA0004,118550704/0,tfidf+rapidfuzz,97.0,AIR FILTER,AIR FILTER BR690610 498596 697029,,3760011421443,yes,no NumaSuite EAN
118550945/0,JR-FAA0004,118550945/0,tfidf+rapidfuzz,80.08,AIR FILTER   OUTER,AIR FILTER BR690610 498596 697029,,3760011421443,yes,no NumaSuite EAN; title score 80.1 < 85.0
118550946/0,JR-FAA0004,118550946/0,tfidf+rapidfuzz,80.08,AIR FILTER    INNER,AIR FILTER BR690610 498596 697029,,3760011421443,yes,no NumaSuite EAN; title score 80.1 < 85.0
118551138/0,SBSCDC,118551138/0,tfidf+rapidfuzz,58.34,CHARGE COIL ASSEMBLY,Spectrum SBSCDC 40V Dual Battery Charger (2A Fast Charge),,5065022450702,yes,no NumaSuite EAN; title score 58.3 < 85.0
118551157/0,JR-FAA0004,118551157/0,tfidf+rapidfuzz,72.75,AIR FILTER - 827M - 66MQ,AIR FILTER BR690610 498596 697029,,3760011421443,yes,no NumaSuite EAN; title score 72.7 < 85.0
118551406/0,JR-FAA001,118551406/0,tfidf+rapidfuzz,66.5,AIR FILTER - 1330M - 1538M-SD,AIR FILTER JR-FAA001,,,yes,no NumaSuite EAN; title score 66.5 < 85.0
118551414/0,STIG-372E,118551414/0,tfidf+rapidfuzz,81.65,ELECTRONIC COIL,Stiga Swift 372e Battery-Powered Rear-Collect Ride-On Lawnmower with Stepless Electronic Drive,,8008984852570,yes,no NumaSuite EAN; title score 81.7 < 85.0
118551531/0,HAY-LAWNMOWER-COVER,118551531/0,tfidf+rapidfuzz,59.39,ROCKER COVER GASKET - 1438M-SD - 1530H,Hayter Lawnmower Cover,,,yes,no NumaSuite EAN; title score 59.4 < 85.0
118551534/0,MASP-19028-OLYMPIC-660,118551534/0,tfidf+rapidfuzz,68.48,CYLINDER HEAD COVER,Masport Olympic 660 Petrol Cylinder Mower,,3665733000245,yes,no NumaSuite EAN; title score 68.5 < 85.0
118551535/0,R210,118551535/0,tfidf+rapidfuzz,35.86,HEXAGONAL BOLT,Rato Horizontal Engine,,,yes,no NumaSuite EAN; title score 35.9 < 85.0
118551566/0,JR-FAH0002,118551566/0,tfidf+rapidfuzz,67.38,OIL FILLER,OIL FILTER LONG VARIOUS,,3760011421559,yes,no NumaSuite EAN; title score 67.4 < 85.0
118551590/0,JR-FAA0004,118551590/0,tfidf+rapidfuzz,97.0,AIR FILTER,AIR FILTER BR690610 498596 697029,,3760011421443,yes,no NumaSuite EAN
118738276/0,TPSU(2),118738276/0,tfidf+rapidfuzz,54.6,EXHASUT PIPE CONNECTION,SCH TPSU(2) Hydraulic Trailer-Mounted Leaf-Collection Unit (Double-Pipe Hydraulics),,,yes,no NumaSuite EAN; title score 54.6 < 85.0
118801766/0,JR-FAA0004,118801766/0,tfidf+rapidfuzz,97.0,AIR FILTER,AIR FILTER BR690610 498596 697029,,3760011421443,yes,no NumaSuite EAN
118803934/0,FAJ700A,118803934/0,tfidf+rapidfuzz,73.15,DOUBLE SCREW,Feider Premium Large Metal Garden Legacy Apex Shed 7 m² - Double side roof ( FAJ700A),,3661602026385,yes,no NumaSuite EAN; title score 73.1 < 85.0
1188048490,STIG-1188048490,1188048490,tfidf+rapidfuzz,98.5,STIGA 6m EXTENSION MAINS CABLE,Stiga 6m Extension Mains-Cable | 118804849/0,,7313323151988,yes,no NumaSuite EAN
11920000,JR-LAN0006,11920000,tfidf+rapidfuzz,68.32,RECOIL FOR 139PTIL,RECOIL HANDLE + ROPE BRIGGS COMMON ENGINES AND TECUMSEH,,3760011422341,yes,no NumaSuite EAN; title score 68.3 < 85.0
119216035/0,LPW1600,119216035/0,tfidf+rapidfuzz,36.02,BEARING 6001 2RS,"Spectrum LPW1600 Electric Pressure Washer — 1600W, 130 Bar",,5065022450726,yes,no NumaSuite EAN; title score 36.0 < 85.0
119216036/0,SBSCSC,119216036/0,tfidf+rapidfuzz,40.15,BEARING 6201-2RS NR C3,Spectrum SBSCSC 40V Fast Battery Charger (2A),,5065022450696,yes,no NumaSuite EAN; title score 40.1 < 85.0
119410609/1LC,SVC-PUNCTURE-PREV,119410609/1LC,tfidf+rapidfuzz,37.45,MICRO SWITCH KEDU,Pre-delivery Puncture Prevention Service,,,yes,no NumaSuite EAN; title score 37.4 < 85.0
119410618/0,TG480RTTR,119410618/0,tfidf+rapidfuzz,35.6,MICRO SWITCH,"Spectrum TG480RTTR Rear-Tine Petrol Cultivator — 211cc, 48cm Working Width",,5061122340196,yes,no NumaSuite EAN; title score 35.6 < 85.0
119410622/0,FD-BTR55,119410622/0,tfidf+rapidfuzz,57.76,GRASS BOX MICRO SWITCH,Feider BTR55 Mini Wheeled Grass-Trimmer,,3661602025517,yes,no NumaSuite EAN; title score 57.8 < 85.0
119410622/1,TG480RTTR,119410622/1,tfidf+rapidfuzz,35.6,MICRO SWITCH,"Spectrum TG480RTTR Rear-Tine Petrol Cultivator — 211cc, 48cm Working Width",,5061122340196,yes,no NumaSuite EAN; title score 35.6 < 85.0
119410623/0,HCS870,119410623/0,tfidf+rapidfuzz,37.07,MICRO SWITCH N.C.,"Chipperfield HCS870 Petrol Scythe-Bar Mower — 87cm, 196cc Loncin Engine",,5061122340295,yes,no NumaSuite EAN; title score 37.1 < 85.0
119410633/0,ACC-DEFL-84CM,119410633/0,tfidf+rapidfuzz,36.14,MICRO SWITCH N.O,Rear Deflector Flor 84cm Mountfield/Stiga Tractors,,,yes,no NumaSuite EAN; title score 36.1 < 85.0
12000292,SVC-PUNCTURE-PREV,12000292,tfidf+rapidfuzz,40.62,DONT USE,Pre-delivery Puncture Prevention Service,,,yes,no NumaSuite EAN; title score 40.6 < 85.0
12031476,TG45SC-E,12031476,tfidf+rapidfuzz,46.13,KEY IGNITION - FRT90EA,"Spectrum TG45SC-E Petrol Scarifier & Aerator — 223cc, 45cm, Electric Key Start",,5061122340189,yes,no NumaSuite EAN; title score 46.1 < 85.0
12031501,CC-XM3ER53,12031501,tfidf+rapidfuzz,65.91,BLADE RAC62PR,Cub Cadet XM3ER53 3-in-1 Variable-Speed Petrol Lawnmower with Blade-Brake Clutch,,4008423891966,yes,no NumaSuite EAN; title score 65.9 < 85.0
12031508,EIN-4512097,12031508,tfidf+rapidfuzz,57.16,Throttle control (kit) 120mm - RAC62PR,Einhell 18v/2.5Ah Power X-Change Starter-Kit | 4512097,,4006825646962,yes,no NumaSuite EAN; title score 57.2 < 85.0
12031537,17338046,12031537,tfidf+rapidfuzz,55.31,STEERING ROD -                    FITS RAC62PR,"Lawnmower Blade - 50.2cm | Fits Feider & Racing 20"" Models",,3664142164166,yes,no NumaSuite EAN; title score 55.3 < 85.0
12031542,TG561-SWT,12031542,tfidf+rapidfuzz,35.58,SAFETY SWITCH,Spectrum TG561-SWT Self Propelled Wheeled Trimmer,,5065022450511,yes,no NumaSuite EAN; title score 35.6 < 85.0
122170820/0,SP31130,122170820/0,tfidf+rapidfuzz,71.24,ROLLER SPACER,Spectrum 122cm Steel Towed Spike-Type Roller Aerator | SP31130,,5065022450054,yes,no NumaSuite EAN; title score 71.2 < 85.0
122465608/3,STIG-290802030/16,122465608/3,tfidf+rapidfuzz,73.65,BLADE BOSS,Stiga Front Blade for SWS 800 G Self-Propelled Sweeper | 290802030/16,,8008984640542,yes,no NumaSuite EAN; title score 73.6 < 85.0
122465618/0,DDS002,122465618/0,tfidf+rapidfuzz,66.28,BLADE BOSS     D=22.2,2-Tooth Metal Brushcutter-Blade - JR DDS002,,3760011421306,yes,no NumaSuite EAN; title score 66.3 < 85.0
122465630/0,JR-SLT0003,122465630/0,tfidf+rapidfuzz,59.59,BLADE BOSS D=25MM,BLADE HUB 125463200/0 H 36MM DI 20MM  F72 TC92 TC102 TC122,,3760011422778,yes,no NumaSuite EAN; title score 59.6 < 85.0
122465639/2,19158015,122465639/2,tfidf+rapidfuzz,64.15,BLADE BOSS    MTF,Blade - Fits Feider FTDT5175ES Lawnmower | MowDirect,,,yes,no NumaSuite EAN; title score 64.2 < 85.0
1231,CS-4010/38,1231,tfidf+rapidfuzz,58.41,"COUNTAX/WESTWOOD 36"" & 38"""" BLADE SET""",Echo CS-4010/38 2-Stroke Petrol Chainsaw - 38cm bar,,,yes,no NumaSuite EAN; title score 58.4 < 85.0
124487995/0,SVC-PUNCTURE-PREV,124487995/0,tfidf+rapidfuzz,34.08,CLIP UNI,Pre-delivery Puncture Prevention Service,,,yes,no NumaSuite EAN; title score 34.1 < 85.0
124487998/0,CS-3410,124487998/0,tfidf+rapidfuzz,32.45,R-CLIP,Echo CS-3410 Petrol 2-Stroke Chainsaw,,,yes,no NumaSuite EAN; title score 32.5 < 85.0
125160048/0,MF-327107506/0,125160048/0,tfidf+rapidfuzz,59.34,SPACER MTF,Mountfield Side-Discharge Chute - for MTF 66 MQ | 327107506/0,,7313323035066,yes,no NumaSuite EAN; title score 59.3 < 85.0
125430220/0,R210,125430220/0,tfidf+rapidfuzz,34.56,SPRING - GEARBOX,Rato Horizontal Engine,,,yes,no NumaSuite EAN; title score 34.6 < 85.0
125430263/0,TG561-SWT,125430263/0,tfidf+rapidfuzz,38.95,SEAT SWITCH SPRING,Spectrum TG561-SWT Self Propelled Wheeled Trimmer,,5065022450511,yes,no NumaSuite EAN; title score 39.0 < 85.0
125430264/1,R210,125430264/1,tfidf+rapidfuzz,38.36,SEAT SPRING,Rato Horizontal Engine,,,yes,no NumaSuite EAN; title score 38.4 < 85.0
125463200/0,STIG-290802030/16,125463200/0,tfidf+rapidfuzz,73.65,BLADE BOSS,Stiga Front Blade for SWS 800 G Self-Propelled Sweeper | 290802030/16,,8008984640542,yes,no NumaSuite EAN; title score 73.6 < 85.0
125510056/1,STIG-2F5820425/ST1,125510056/1,tfidf+rapidfuzz,67.23,DECK HANGER - FRONT RIGHT,Stiga Park 300 RC Front-Cut Ride-On Lawnmower (Inc. 95cm Electric-Lift Deck),,0,yes,no NumaSuite EAN; title score 67.2 < 85.0
125510068/0,DCT38M-RDM,125510068/0,tfidf+rapidfuzz,33.23,FULCRUM PIN,"Spectrum DCT38M-RDM  38"" Lawn Tractor with Manual Drive",,5065022450603,yes,no NumaSuite EAN; title score 33.2 < 85.0
125601554/0,CP-JERRYCAN5|L,125601554/0,tfidf+rapidfuzz,72.79,PLASTIC PULLEY,5 Litre Green Plastic Jerry Can for Fuel - Petrol Can,,,yes,no NumaSuite EAN; title score 72.8 < 85.0
125601612/0,JR-PRT008,125601612/0,tfidf+rapidfuzz,59.44,PLASTIC DRIVE PULLY [NTN BEARING] -1330M - 1538H,SAFETY GLASSES PLASTIC,,,yes,no NumaSuite EAN; title score 59.4 < 85.0
125795001/1,JR-CARB0001,125795001/1,tfidf+rapidfuzz,60.2,FUEL TANK CAP,FUEL PIPE INNER DIAMETER 6.35MM OUTER 12.7MM L30CM,,3760011420552,yes,no NumaSuite EAN; title score 60.2 < 85.0
125840011/1,SVC-PUNCTURE-PREV,125840011/1,tfidf+rapidfuzz,39.19,LOCKING RUBBER TIE,Pre-delivery Puncture Prevention Service,,,yes,no NumaSuite EAN; title score 39.2 < 85.0
127034091/0,2T2010483/M25,127034091/0,tfidf+rapidfuzz,51.68,GEAR ROD - 66RDB - 827H,Mountfield T30M Gear Drive 2-in-1 Lawn Tractor,,8008984869042,yes,no NumaSuite EAN; title score 51.7 < 85.0
127510126/0,SBS40CB,127510126/0,tfidf+rapidfuzz,35.33,PIN BOLT,Spectrum SBS40CB 40V 4.0Ah Lithium-Ion Battery Pack,,5065022450689,yes,no NumaSuite EAN; title score 35.3 < 85.0
127604015/0,HF2625HTEH,127604015/0,tfidf+rapidfuzz,42.25,TRACTION PULLEY,Honda HF 2625 HTE Premium Lawn Tractor,,,yes,no NumaSuite EAN; title score 42.2 < 85.0
127840058/2,C-HRTF220,127840058/2,tfidf+rapidfuzz,43.14,TIE ROD,Feider HRTF220 Pro Two-Wheel Rear-Tine Rotary Cultivator,,3661602049346,yes,no NumaSuite EAN; title score 43.1 < 85.0
13-3902-11,STIG-13-3902-11,13-3902-11,tfidf+rapidfuzz,98.5,STIGA FLAIL MOWER ATTACHMENT (WITH ELECTRIC HEIGHT ADJUSTMENT) FOR PARK FRONT CUT RIDE ON MOWERS,Stiga Flail-Mower Attachment (with Electric Height-Adjustment) for Park Front-Cut Ride-On Mowers | 13-3902-11,,7313321306663,yes,no NumaSuite EAN
13-3906-11,STIG-13-3906-11,13-3906-11,tfidf+rapidfuzz,86.98,STIGA 100KG CAPACITY GALVANISED STEEL TRAILER,Stiga 100kg-Capacity Professional Galvanised-Steel Cart | 13-3906-11,,7313321307844,yes,no NumaSuite EAN
130150050-0001,CS-3410,130150050-0001,tfidf+rapidfuzz,35.71,CONN ROD ASSEMBLY,Echo CS-3410 Petrol 2-Stroke Chainsaw,,,yes,no NumaSuite EAN; title score 35.7 < 85.0
131-9683-03,JR-LTD0016,131-9683-03,tfidf+rapidfuzz,62.82,GENUINE TORO RECYCLER BLADE,MOWER BLADE TORO 50CM 112-8841-03 FITS 29639 29642 29643,,3760011422556,yes,no NumaSuite EAN; title score 62.8 < 85.0
1315,LFP-553HWS,1315,tfidf+rapidfuzz,73.59,"COBRA, DANARM, LAWNFLITE PRO 21"" BLADE""","Lawnflite-Pro 553HWS Professional Self-Propelled Petrol Lawnmower (with 2-Speed Drive, Blade-Brake Clutch & Honda Engine)",,,yes,no NumaSuite EAN; title score 73.6 < 85.0
133-8183-03,JR-LTD0011,133-8183-03,tfidf+rapidfuzz,58.4,"BLADE RECYCLING 21""""",MOWER BLADE MULCHING 81004146/0 L476MM BORE 18.3MM SPA 65MM,,3760011422518,yes,no NumaSuite EAN; title score 58.4 < 85.0
135061407/1,2T2010483/M25,135061407/1,tfidf+rapidfuzz,40.31,TRANSMISSION BELT AX31 - 1228H - 1328H [A31],Mountfield 1330M Gear Drive 2-in-1 Lawn Tractor,,8008984869042,yes,no NumaSuite EAN; title score 40.3 < 85.0
135061423/0G,DCT38M-RDM,135061423/0G,tfidf+rapidfuzz,58.06,DECK DRIVE BELT A49 [GATES] - 1328H,"Spectrum DCT38M-RDM  38"" Lawn Tractor with Manual Drive",,5065022450603,yes,no NumaSuite EAN; title score 58.1 < 85.0
135061428/0,2T2010483/M25,135061428/0,tfidf+rapidfuzz,56.43,DECK DRIVE BELT A41 - 827M - 66MQ,Mountfield 1330M Gear Drive 2-in-1 Lawn Tractor,,8008984869042,yes,no NumaSuite EAN; title score 56.4 < 85.0
135061430/0,2T2010483/M25,135061430/0,tfidf+rapidfuzz,54.36,TRANSMISSION BELT A35 1/2,Mountfield T30M Gear Drive 2-in-1 Lawn Tractor,,8008984869042,yes,no NumaSuite EAN; title score 54.4 < 85.0
135061504/0,MF-2T0620483/M25,135061504/0,tfidf+rapidfuzz,57.01,TRAPEZOIDAL BELT A77 - 1538H-SD,Mountfield 1538H-SD Side-Discharge Lawn Tractor with Hydrostatic Drive,,8008984869110,yes,no NumaSuite EAN; title score 57.0 < 85.0
135061508/0,DCT38M-RDM,135061508/0,tfidf+rapidfuzz,61.21,DECK DRIVE BELT- 1330M (AA SECTION),"Spectrum DCT38M-RDM  38"" Lawn Tractor with Manual Drive",,5065022450603,yes,no NumaSuite EAN; title score 61.2 < 85.0
135061509/0,MF-2T2630483/M22,135061509/0,tfidf+rapidfuzz,65.71,DECK DRIVE BELT AA96 - 1538H - 1638H TWIN,Mountfield 1638H Rear-Collect V-Twin Garden Tractor with Hydrostatic Drive,,8008984851542,yes,no NumaSuite EAN; title score 65.7 < 85.0
135062014/0,MF-2T0510483/M25,135062014/0,tfidf+rapidfuzz,59.0,TRANSMISSION BELT A97 EPDM - 1538M-SD,Mountfield 1538M-SD Side-Discharge Lawn Tractor with Manual Drive,,8008984869103,yes,no NumaSuite EAN; title score 59.0 < 85.0
135062018/0,2T2010483/M25,135062018/0,tfidf+rapidfuzz,45.57,TRANSMISSION BELT A98 [MEGADYNE] - 1330M -1530M,Mountfield 1330M Gear Drive 2-in-1 Lawn Tractor,,8008984869042,yes,no NumaSuite EAN; title score 45.6 < 85.0
135062019/0,SBS560CHT-KIT,135062019/0,tfidf+rapidfuzz,50.77,TRANSMISSION BELT A96 1/2 [HYDRO-GEAR] - 1436H - 1540H,Spectrum SBS560CHT 40V Cordless Hedge Trimmer — Complete Kit (2.0Ah Battery + Charger),,5061122340165,yes,no NumaSuite EAN; title score 50.8 < 85.0
135062020/1,2T2010483/M25,135062020/1,tfidf+rapidfuzz,40.02,TRANSMISSION BELT 4L 980 [MEGADYNE] - 1538H - 1430H [A96],Mountfield 1330M Gear Drive 2-in-1 Lawn Tractor,,8008984869042,yes,no NumaSuite EAN; title score 40.0 < 85.0
135062813/1,STIG-2T0985481/ST1,135062813/1,tfidf+rapidfuzz,60.74,DECK DRIVE BELT B55 K - ESTATE 5102 HW,Stiga Estate 9102 WX 4WD Rear-Collect V-Twin Garden Tractor with Hydrostatic Drive,,,yes,no NumaSuite EAN; title score 60.7 < 85.0
135063710/0,TG45SC,135063710/0,tfidf+rapidfuzz,28.02,BELT Z25,"Spectrum TG45SC Petrol Scarifier & Aerator — 223cc, 45cm, 2-in-1",,5061122340127,yes,no NumaSuite EAN; title score 28.0 < 85.0
135063900/0,R210,135063900/0,tfidf+rapidfuzz,38.61,TRAPEZOIDAL BELT Z28,Rato Horizontal Engine,,,yes,no NumaSuite EAN; title score 38.6 < 85.0
135064394/0,19158015,135064394/0,tfidf+rapidfuzz,51.85,V-BELT FITS SP5555V,Blade - Fits Feider FTDT5175ES Lawnmower | MowDirect,,,yes,no NumaSuite EAN; title score 51.9 < 85.0
135065605/0,FAJ240P,135065605/0,tfidf+rapidfuzz,56.56,DOUBLE TOOTHED DECK BELT 102CM - 1440H - 1540H,Feider Premium Metal Garden Legacy Apex Shed  2.4 m² - Double side roof ( FAJ240P),,3661602026354,yes,no NumaSuite EAN; title score 56.6 < 85.0
137-7040,SVC-PUNCTURE-PREV,137-7040,tfidf+rapidfuzz,43.63,TENSIONER SPRING,Pre-delivery Puncture Prevention Service,,,yes,no NumaSuite EAN; title score 43.6 < 85.0
1401046,17338046,1401046,tfidf+rapidfuzz,55.2,STEERING RACK    FITS FRT7550,"Lawnmower Blade - 50.2cm | Fits Feider & Racing 20"" Models",,3664142164166,yes,no NumaSuite EAN; title score 55.2 < 85.0
1401099,17338046,1401099,tfidf+rapidfuzz,56.3,STEERING PINION GEAR     FITS FRT7550M,"Lawnmower Blade - 50.2cm | Fits Feider & Racing 20"" Models",,3664142164166,yes,no NumaSuite EAN; title score 56.3 < 85.0
14330033,OLY-64-398,14330033,tfidf+rapidfuzz,73.65,LOWER HANDLE,"Big MUTT Pro with 9""x7"" Blade and 64"" Steel Handle",,,yes,no NumaSuite EAN; title score 73.6 < 85.0
14330048,STIG-278131808/St1,14330048,tfidf+rapidfuzz,60.53,COIL AND LEAD    FITS FAST175,Stiga Fast Charger | Fits E-Ride Models,,,yes,no NumaSuite EAN; title score 60.5 < 85.0
147-2924,ACC-DEFL-84CM,147-2924,tfidf+rapidfuzz,42.87,TORO CUTTING BELT,Rear Deflector Flor 84cm Mountfield/Stiga Tractors,,,yes,no NumaSuite EAN; title score 42.9 < 85.0
15106000,ECH-LC-3604,15106000,tfidf+rapidfuzz,97.0,BATTERY CHARGER,Echo LC-3604 40v Battery Charger,,4934110780094,yes,no NumaSuite EAN
15301010,FAA008,15301010,tfidf+rapidfuzz,80.21,AIR FILTER    FITS FST212,Lawn Mower Air Filter -  JR Spares - JR-FAA0008 fits Briggs and Stratton,,3760011421481,yes,no NumaSuite EAN; title score 80.2 < 85.0
15336010,ST-FR460-TC-FEM,15336010,tfidf+rapidfuzz,58.84,ENGINE HOOD FTDT5070,STIHL FR460 TC-FEM Backpack Brushcutter with Self-Tuning Engine & Electro-Start,,,yes,no NumaSuite EAN; title score 58.8 < 85.0
16100-Z0L-023,MF-SP555V,16100-Z0L-023,tfidf+rapidfuzz,50.43,"Honda GC135, GC160, GCV135, GCV160 Carburettor",Mountfield SP555-V 3-in-1 Variable-Speed Petrol Lawnmower (with Honda Engine),,,yes,no NumaSuite EAN; title score 50.4 < 85.0
16100-ZM1-825,MF-281320003/21,16100-ZM1-825,tfidf+rapidfuzz,53.21,Genuine Honda GCV135 Carburettor Assy,Mountfield BC 435 H 4-Stroke Petrol Brushcutter (Honda Engine),,8008984840508,yes,no NumaSuite EAN; title score 53.2 < 85.0
16260Z02011000,FST212-RTN,16260Z02011000,tfidf+rapidfuzz,40.23,MUFFLER INSULATION,Feider FST212 Petrol Lawn Scarifier - RTN,,3661602022424,yes,no NumaSuite EAN; title score 40.2 < 85.0
16330011,FAA008,16330011,tfidf+rapidfuzz,76.65,AIR FILTER   FITS RAC5675ES,Lawn Mower Air Filter -  JR Spares - JR-FAA0008 fits Briggs and Stratton,,3760011421481,yes,no NumaSuite EAN; title score 76.7 < 85.0
16334083,HAN-HP-140,16334083,tfidf+rapidfuzz,72.92,ENGINE PULLY,Handy 600ml SAE30 Lawnmower Engine-Oil,,0000,yes,no NumaSuite EAN; title score 72.9 < 85.0
1673,TG480RTTR,1673,tfidf+rapidfuzz,37.77,"WALBRO WA, WT, WYJ, WYL Primer Bulb (ID 14mm, OD 16mm, H 14mm, Lip 18mm)","Spectrum TG480RTTR Rear-Tine Petrol Cultivator — 211cc, 48cm Working Width",,5061122340196,yes,no NumaSuite EAN; title score 37.8 < 85.0
1696908,SIMP-1694958,1696908,tfidf+rapidfuzz,64.53,"MULCH KIT - 52""      FITS SZT350""",Simplicity Mulch-Kit for Broadmoor SLT300 (1694958),,,yes,no NumaSuite EAN; title score 64.5 < 85.0
1703836SM,AP-985000000,1703836SM,tfidf+rapidfuzz,64.06,Genuine Briggs & Stratton Beltarbor Drie 50 V,Apache RTT3 Two-Wheel Rear-Tine Rotary Cultivator (Briggs & Stratton Engine),,8025004012967,yes,no NumaSuite EAN; title score 64.1 < 85.0
1707740SM,R210,1707740SM,tfidf+rapidfuzz,38.66,BELT - PTO,Rato Horizontal Engine,,,yes,no NumaSuite EAN; title score 38.7 < 85.0
17094037,FST212-RTN,17094037,tfidf+rapidfuzz,60.81,LAUNCH BELL   FST212,Feider FST212 Petrol Lawn Scarifier - RTN,,3661602022424,yes,no NumaSuite EAN; title score 60.8 < 85.0
17150-Z03011-00,FAA008,17150-Z03011-00,tfidf+rapidfuzz,67.92,SUBARU 173CC AIR FILTER,Lawn Mower Air Filter -  JR Spares - JR-FAA0008 fits Briggs and Stratton,,3760011421481,yes,no NumaSuite EAN; title score 67.9 < 85.0
17210-Z1T-621,FAA008,17210-Z1T-621,tfidf+rapidfuzz,67.17,GENUINE HONDA AIR FILTER,Lawn Mower Air Filter -  JR Spares - JR-FAA0008 fits Briggs and Stratton,,3760011421481,yes,no NumaSuite EAN; title score 67.2 < 85.0
17210-ZE1-505,JR-FAA001,17210-ZE1-505,tfidf+rapidfuzz,72.32,"HONDA GX140, GX160, GX200 PRO AIR FILTER",AIR FILTER JR-FAA001,,,yes,no NumaSuite EAN; title score 72.3 < 85.0
17210-ZE6-305,JR-FAA0004,17210-ZE6-305,tfidf+rapidfuzz,79.95,AIR FILTER     HONDA,AIR FILTER BR690610 498596 697029,,3760011421443,yes,no NumaSuite EAN; title score 80.0 < 85.0
17211-ZE7-W03,JR-FAA0004,17211-ZE7-W03,tfidf+rapidfuzz,79.5,HONDA AIR FILTER,AIR FILTER BR690610 498596 697029,,3760011421443,yes,no NumaSuite EAN; title score 79.5 < 85.0
1721532SM,2T2010483/M25,1721532SM,tfidf+rapidfuzz,45.94,BELT 83.1,Mountfield 1330M Gear Drive 2-in-1 Lawn Tractor,,8008984869042,yes,no NumaSuite EAN; title score 45.9 < 85.0
1727407SM,SBS460CLM-BUNDLE,1727407SM,tfidf+rapidfuzz,43.74,BELT -                                              KEVLAR     BELTA109.5,"Spectrum 5-Piece Cordless Garden Tool Kit — Self-Propelled Mower, Hedge Trimmer, Pole Trimmer, Handy Mower & Blower Vac",,,yes,no NumaSuite EAN; title score 43.7 < 85.0
17282019,JR-LAN0004,17282019,tfidf+rapidfuzz,97.0,RECOIL,RECOIL HANDLE,,3760011422327,yes,no NumaSuite EAN
17282021,TG561-SWT,17282021,tfidf+rapidfuzz,37.76,PRIMER BULB,Spectrum TG561-SWT Self Propelled Wheeled Trimmer,,5065022450511,yes,no NumaSuite EAN; title score 37.8 < 85.0
17299003,1330M-XDISP,17299003,tfidf+rapidfuzz,37.4,COIL AND LEAD,Mountfield T30M Rear-Collect Lawn Tractor with Manual Drive - Ex Demo,,8008984869042,yes,no NumaSuite EAN; title score 37.4 < 85.0
17338001,R210,17338001,tfidf+rapidfuzz,37.65,IGNITION COIL,Rato Horizontal Engine,,,yes,no NumaSuite EAN; title score 37.6 < 85.0
17338009,STIG-294568038/ST2,17338009,tfidf+rapidfuzz,92.32,ENGINE BRAKE,Stiga Twinclip 955 B Self-Propelled Petrol Lawnmower with Blade-Brake Clutch & Honda Engine,,8008984852723,yes,no NumaSuite EAN
17338028,R210,17338028,tfidf+rapidfuzz,28.65,BELT,Rato Horizontal Engine,,,yes,no NumaSuite EAN; title score 28.6 < 85.0
17338044,JR-LTD0015,17338044,tfidf+rapidfuzz,73.89,BLADE BOLT,BLADE TORO 55CM 108-9783-03 20655 20658 20954 20955 20956 58,,3760011422549,yes,no NumaSuite EAN; title score 73.9 < 85.0
17347033,DCT38H,17347033,tfidf+rapidfuzz,56.08,DRIVE SPROCKET SET - FTDT5096,"Spectrum DCT38H 38"" Lawn Tractor with Hydrostatic Drive",,5065022450528,yes,no NumaSuite EAN; title score 56.1 < 85.0
17352005,FTDER22V1B,17352005,tfidf+rapidfuzz,57.07,BATTERY -          FITS C25-7 / RAC62PR / RAC6224PR,Feider FTDER22V1B 22v Robotic Lawnmower (Inc. 1 x Battery),,3661602050755,yes,no NumaSuite EAN; title score 57.1 < 85.0
17355007,DAN-71901-924,17355007,tfidf+rapidfuzz,60.46,50mm side deflector- FITS FTDT5096 - FTDT5070,Danarm Side-Discharge Deflector – for 53cm 4-Wheeled & Roller Lawnmowers | 71901-924,,0000000000000,yes,no NumaSuite EAN; title score 60.5 < 85.0
17355023,HY-M3300E,17355023,tfidf+rapidfuzz,82.08,REAR WHEEL SET,Hyundai 1200w/33cm 3-in-1 Electric 4-Wheel Rear-Roller Lawnmower | HYM3300E,,5056275757977,yes,no NumaSuite EAN; title score 82.1 < 85.0
17356049,19158015,17356049,tfidf+rapidfuzz,67.23,BLADE                    [FITS 75BS125/7550M),Blade - Fits Feider FTDT5175ES Lawnmower | MowDirect,,,yes,no NumaSuite EAN; title score 67.2 < 85.0
17356051,FTDT5096-AC,17356051,tfidf+rapidfuzz,56.97,WHEEL ASSEMBLY 62PR,Feider 5096-AC 4-in-1 Hi-Wheel Self-Propelled Petrol Lawnmower,,3661602027535,yes,no NumaSuite EAN; title score 57.0 < 85.0
1736868,SRD-SRD360,1736868,tfidf+rapidfuzz,58.03,REGENT THROTTLE CHOKE,Simplicity Regent SRD360 Rear-Collect V-Twin Garden Tractor with Hydrostatic Drive,,,yes,no NumaSuite EAN; title score 58.0 < 85.0
1758511BMYP,JR-SLT0003,1758511BMYP,tfidf+rapidfuzz,70.93,"BLADE, RH, 38'",BLADE HUB 125463200/0 H 36MM DI 20MM  F72 TC92 TC102 TC122,,3760011422778,yes,no NumaSuite EAN; title score 70.9 < 85.0
1758512BMYP,JR-SLT0003,1758512BMYP,tfidf+rapidfuzz,70.93,"BLADE, LH, 38'",BLADE HUB 125463200/0 H 36MM DI 20MM  F72 TC92 TC102 TC122,,3760011422778,yes,no NumaSuite EAN; title score 70.9 < 85.0
1782,DCBT4F,1782,tfidf+rapidfuzz,53.46,SOLENOID - 4 POLE        (44814801),"TCK 4 in 1 Petrol Multi-Tool  -  Strimmer, Brushcutter,  Hedge Trimmer and Pole Saw DCBT4F",,,yes,no NumaSuite EAN; title score 53.5 < 85.0
18002000,19158015,18002000,tfidf+rapidfuzz,54.84,KEYS    FITS FRT7550M,Blade - Fits Feider FTDT5175ES Lawnmower | MowDirect,,,yes,no NumaSuite EAN; title score 54.8 < 85.0
18002002,ACC-DEFL-84CM,18002002,tfidf+rapidfuzz,44.16,STARTER RELAY,Rear Deflector Flor 84cm Mountfield/Stiga Tractors,,,yes,no NumaSuite EAN; title score 44.2 < 85.0
18002010,17338046,18002010,tfidf+rapidfuzz,55.08,STEERING RACK    FITS FRT7550M,"Lawnmower Blade - 50.2cm | Fits Feider & Racing 20"" Models",,3664142164166,yes,no NumaSuite EAN; title score 55.1 < 85.0
18002011,2T2010483/M25,18002011,tfidf+rapidfuzz,48.27,SEAT FRT7550M-1,Mountfield T30M Gear Drive 2-in-1 Lawn Tractor,,8008984869042,yes,no NumaSuite EAN; title score 48.3 < 85.0
18087060,19158015,18087060,tfidf+rapidfuzz,79.95,BLADE         [FITS 4000T],Blade - Fits Feider FTDT5175ES Lawnmower | MowDirect,,,yes,no NumaSuite EAN; title score 80.0 < 85.0
18087066,STIG-PIVOT-WHEELS-130H-SWEEPER,18087066,tfidf+rapidfuzz,72.92,FRONT WHEEL                                 [FITS 4000T],Stiga Titan Front Wheel Kit for RB130H Sweeper (13-7924-11),,,yes,no NumaSuite EAN; title score 72.9 < 85.0
18087071,SIMP-1696073,18087071,tfidf+rapidfuzz,67.57,GRASS BAG   FITS RAC,Simplicity Twin-Bag Collector - Fits Regent XL/SLT110 & SLT175 | 1696073,,,yes,no NumaSuite EAN; title score 67.6 < 85.0
18088047,SIM-1696374,18088047,tfidf+rapidfuzz,97.0,BLADE,Mulch Ninja Blade Kit,,,yes,no NumaSuite EAN
181004121/0,SBS560CHT,181004121/0,tfidf+rapidfuzz,83.1,BLADE - 45CM,"Spectrum SBS560CHT 40V Cordless Hedge Trimmer, 45cm Blade — Bare Tool (Battery & Charger Sold Separately)",,5065022450658,yes,no NumaSuite EAN; title score 83.1 < 85.0
181004144/0,19158015,181004144/0,tfidf+rapidfuzz,69.82,BLADE    FITS SP555R (2014),Blade - Fits Feider FTDT5175ES Lawnmower | MowDirect,,,yes,no NumaSuite EAN; title score 69.8 < 85.0
181004341/3,JR-LTD0008,181004341/3,tfidf+rapidfuzz,73.43,BLADE 41CM,BLADE 81004115/0 81004116/0 L330MM B18.3 SPACING 45MM,,3760011422488,yes,no NumaSuite EAN; title score 73.4 < 85.0
181004346/3,JR-LTD0010,181004346/3,tfidf+rapidfuzz,94.98,"BLADE   18""""",BLADE 81004346/3 TC92 L460MM BORE 18.5MM TR81004366/2,,3760011422501,yes,no NumaSuite EAN
181004365/3,SIM-1696374,181004365/3,tfidf+rapidfuzz,97.0,BLADE,Mulch Ninja Blade Kit,,,yes,no NumaSuite EAN
181004397/0,TFN042,181004397/0,tfidf+rapidfuzz,61.1,WINGED BLADE R46,Universal Pro Combi Quad Line-Head with Blade for 30-40cc Brushcutters - JR TFN042,,3760011423164,yes,no NumaSuite EAN; title score 61.1 < 85.0
181004415/0,STIG-294568038/ST2,181004415/0,tfidf+rapidfuzz,79.36,"TWINCLIP BLADE - 19"" CUT""",Stiga Twinclip 955 B Self-Propelled Petrol Lawnmower with Blade-Brake Clutch & Honda Engine,,8008984852723,yes,no NumaSuite EAN; title score 79.4 < 85.0
181004417/0,OLY-66-842,181004417/0,tfidf+rapidfuzz,83.21,"53CM 21"" BLADE""",Roughneck 53cm Green-Wood Bow-Saw Blade with Big Raker Teeth | 66-842,,0025997668422,yes,no NumaSuite EAN; title score 83.2 < 85.0
181004459/0,JR-LTD0011,181004459/0,tfidf+rapidfuzz,84.45,BLADE - MULCHING 53CM,MOWER BLADE MULCHING 81004146/0 L476MM BORE 18.3MM SPA 65MM,,3760011422518,yes,no NumaSuite EAN; title score 84.5 < 85.0
18123001,SBSCBC,18123001,tfidf+rapidfuzz,74.16,UK Battery Charger Fits C25-7,Spectrum SBSCBC 40V Standard Battery Charger (0.5A),,5065022450719,yes,no NumaSuite EAN; title score 74.2 < 85.0
18151067,JR-CARB0003,18151067,tfidf+rapidfuzz,63.61,FUEL PIPE KIT    FITS FSTD55,FUEL PIPE INNER DIAMETER 4.5MM OUTER 10MM L30CM (JR-CARB0003),,3760011420576,yes,no NumaSuite EAN; title score 63.6 < 85.0
18187035,19158015,18187035,tfidf+rapidfuzz,56.22,SCREW KIT    FITS FRT7550M,Blade - Fits Feider FTDT5175ES Lawnmower | MowDirect,,,yes,no NumaSuite EAN; title score 56.2 < 85.0
182004340/1,STIG-299900073/0,182004340/1,tfidf+rapidfuzz,58.62,LEFT WINGED BLADE 102CM TC/TCP - 1440H - 1540H,Mountfield/Stiga Mulching-Kit with Blades - for 102cm Tractors | 299900073/0,,8008984524378,yes,no NumaSuite EAN; title score 58.6 < 85.0
182004341/1,SIM-1696374,182004341/1,tfidf+rapidfuzz,55.52,RIGHT WINGED BLADE 102CM TC/TCP - 1440H - 1540H,Mulch Ninja Blade Kit,,,yes,no NumaSuite EAN; title score 55.5 < 85.0
182004346/0,JR-LTD0011,182004346/0,tfidf+rapidfuzz,63.58,LEFT MULCHING BLADE 98CM - 1538H-SD - 1438M,MOWER BLADE MULCHING 81004146/0 L476MM BORE 18.3MM SPA 65MM,,3760011422518,yes,no NumaSuite EAN; title score 63.6 < 85.0
182004358/0,JR-LTD0016,182004358/0,tfidf+rapidfuzz,59.49,RIGHT WINGED BLADE 84CM - 1330M - 1530M,MOWER BLADE TORO 50CM 112-8841-03 FITS 29639 29642 29643,,3760011422556,yes,no NumaSuite EAN; title score 59.5 < 85.0
182004359/0,JR-LTD0016,182004359/0,tfidf+rapidfuzz,59.9,LEFT WINGED BLADE 84CM - 1330M - 1530M,MOWER BLADE TORO 50CM 112-8841-03 FITS 29639 29642 29643,,3760011422556,yes,no NumaSuite EAN; title score 59.9 < 85.0
182004362/0,SIM-1696374,182004362/0,tfidf+rapidfuzz,56.72,RIGHT WINGED BLADE 98CM - 1538H - 1638H TWIN,Mulch Ninja Blade Kit,,,yes,no NumaSuite EAN; title score 56.7 < 85.0
182004363/0,SIM-1696374,182004363/0,tfidf+rapidfuzz,57.29,LEFT WINGED BLADE 98CM - 1538H - 1638H TWIN,Mulch Ninja Blade Kit,,,yes,no NumaSuite EAN; title score 57.3 < 85.0
182180051/0,CC-196-967-678,182180051/0,tfidf+rapidfuzz,84.67,BATTERY CHARGER 12V 200MA,MTD/Lawnflite/Cub Cadet 12v Battery Charger – for Lawn Tractors with Trigger-Charge Function (196-967-678),,4008423835694,yes,no NumaSuite EAN; title score 84.7 < 85.0
182180091/0,MF-182180091/0,182180091/0,tfidf+rapidfuzz,92.32,STIGA/MOUNTFIELD CHARGER,Mountfield/Stiga Battery Charger for Ride-Ons & Tractor Mowers |  1134-9250-01,,7313324007543,yes,no NumaSuite EAN
182180190/1,MF-182180091/0,182180190/1,tfidf+rapidfuzz,98.5,MOUNTFIELD/STIGA BATTERY CHARGER FOR RIDE-ONS & TRACTOR MOWERS,Mountfield/Stiga Battery Charger for Ride-Ons & Tractor Mowers |  1134-9250-01,,7313324007543,yes,no NumaSuite EAN
18236012,STIG-13-3909-11,18236012,tfidf+rapidfuzz,54.74,BELT 13 X 680   FST212,Stiga Manual Rear-Tool Lift Bracket | 13-3909-11,,,yes,no NumaSuite EAN; title score 54.7 < 85.0
18236020,FST212-RTN,18236020,tfidf+rapidfuzz,78.27,SCARIFIER CASSETTE    FST212,Feider FST212 Petrol Lawn Scarifier - RTN,,3661602022424,yes,no NumaSuite EAN; title score 78.3 < 85.0
18240004,JR-AFC0024,18240004,tfidf+rapidfuzz,62.04,BEARING KIT     FITS FST212,SHARPENING KIT,,3760011420279,yes,no NumaSuite EAN; title score 62.0 < 85.0
18250002,HY-M3300E,18250002,tfidf+rapidfuzz,62.44,WHEEL ASSEMBLY 175MM FEIFER/HYUNDAI,Hyundai 1200w/33cm 3-in-1 Electric 4-Wheel Rear-Roller Lawnmower | HYM3300E,,5056275757977,yes,no NumaSuite EAN; title score 62.4 < 85.0
18253014,RAC-6196PRRS,18253014,tfidf+rapidfuzz,70.74,RECOIL   FST212,Racing 6196PRRS Ultra-Compact Side-Discharge Ride-On Mower with Manual Drive (Recoil Start),,3661602044969,yes,no NumaSuite EAN; title score 70.7 < 85.0
182700001/0,JR-AFC0014,182700001/0,tfidf+rapidfuzz,69.61,ANTI-SCALP WHEEL D=100mm,Chainsaw Chain Grinding Wheel Stone 100mm x 22mm x 3.2mm - JR-AFC0014,,3760011420163,yes,no NumaSuite EAN; title score 69.6 < 85.0
18318025,TG561-SWT,18318025,tfidf+rapidfuzz,33.0,BELT - FTDT511ZT,Spectrum TG561-SWT Self Propelled Wheeled Trimmer,,5065022450511,yes,no NumaSuite EAN; title score 33.0 < 85.0
18319001,HY-M3300E,18319001,tfidf+rapidfuzz,82.08,Rear wheel set,Hyundai 1200w/33cm 3-in-1 Electric 4-Wheel Rear-Roller Lawnmower | HYM3300E,,5056275757977,yes,no NumaSuite EAN; title score 82.1 < 85.0
18320015,ACC-DEFL-84CM,18320015,tfidf+rapidfuzz,43.72,STARTER MOTOR,Rear Deflector Flor 84cm Mountfield/Stiga Tractors,,,yes,no NumaSuite EAN; title score 43.7 < 85.0
18320036,JR-AFC0024,18320036,tfidf+rapidfuzz,75.74,SPRING KIT,SHARPENING KIT,,3760011420279,yes,no NumaSuite EAN; title score 75.7 < 85.0
18323003,R-RTN631,18323003,tfidf+rapidfuzz,72.32,CLUTCH CABLE,Stiga Twinclip 55 SH BBC Self-Propelled Lawnmower with Blade-Brake Clutch,,,yes,no NumaSuite EAN; title score 72.3 < 85.0
18348005,RAC-2024000,18348005,tfidf+rapidfuzz,89.86,"CHARGER FOR FEIDER, CHIPPERFIELD AND RACING COMPACT RIDERS","Battery Charger - for Feider, Racing & Chipperfield Compact Ride-Ons | 20244000",,3664142304159,yes,no NumaSuite EAN
18352043,JR-FAA0004,18352043,tfidf+rapidfuzz,97.0,AIR FILTER,AIR FILTER BR690610 498596 697029,,3760011421443,yes,no NumaSuite EAN
18352050,SVC-PUNCTURE-PREV,18352050,tfidf+rapidfuzz,40.21,BELT TENSIONING PLATE,Pre-delivery Puncture Prevention Service,,,yes,no NumaSuite EAN; title score 40.2 < 85.0
18352052,2T0980473/C22,18352052,tfidf+rapidfuzz,37.05,STEERING COLUMN COWLING,Castel Garden PTX 210 HD Rear-Collect V-Twin Garden Tractor with Hydrostatic Drive,,8008984851672,yes,no NumaSuite EAN; title score 37.1 < 85.0
18353002,19158015,18353002,tfidf+rapidfuzz,61.33,MOWING BELT FITS FRT75BS125,Blade - Fits Feider FTDT5175ES Lawnmower | MowDirect,,,yes,no NumaSuite EAN; title score 61.3 < 85.0
184109500/0,17338046,184109500/0,tfidf+rapidfuzz,57.5,WINGED BLADE 72CM/28INCH,"Lawnmower Blade - 50.2cm | Fits Feider & Racing 20"" Models",,3664142164166,yes,no NumaSuite EAN; title score 57.5 < 85.0
184109505/0,OLY-66-812,184109505/0,tfidf+rapidfuzz,57.93,WINGED BLADE L=651MM - 66RDB - 827H,Roughneck 30cm Bow Hacksaw with Additional HSS Blade | 66-812,,0025997668125,yes,no NumaSuite EAN; title score 57.9 < 85.0
184996400,STIG-2F5820245/ST1,184996400,tfidf+rapidfuzz,53.97,COUNTAX PGC LIFT LEVER GRIP    (148996400),Stiga Park 300 LC Front-Cut Ride-On Lawnmower (Inc. 85cm Manual-Lift Deck),,0,yes,no NumaSuite EAN; title score 54.0 < 85.0
19050009,JR-FAA0004,19050009,tfidf+rapidfuzz,97.0,AIR FILTER,AIR FILTER BR690610 498596 697029,,3760011421443,yes,no NumaSuite EAN
19050019,DEMKIT,19050019,tfidf+rapidfuzz,56.33,SPRING KIT    FTDTR5220,JR 8-Piece Demolition Kit | DEMKIT,,3661602041210,yes,no NumaSuite EAN; title score 56.3 < 85.0
19050020,JR-LAN0004,19050020,tfidf+rapidfuzz,97.0,RECOIL,RECOIL HANDLE,,3760011422327,yes,no NumaSuite EAN
19051004,HAY-LAWNMOWER-COVER,19051004,tfidf+rapidfuzz,73.43,BELT COVER,Hayter Lawnmower Cover,,,yes,no NumaSuite EAN; title score 73.4 < 85.0
19051005,ACC-DEFL-84CM,19051005,tfidf+rapidfuzz,33.29,BELT V10 X 816 - FTDTR5220,Rear Deflector Flor 84cm Mountfield/Stiga Tractors,,,yes,no NumaSuite EAN; title score 33.3 < 85.0
19051007,HAN-THGR,19051007,tfidf+rapidfuzz,57.62,40 Links Transmission Chain - FTDTR ROLLER MODELS,The Handy TH-GR Garden Roller,,5060012803230,yes,no NumaSuite EAN; title score 57.6 < 85.0
19051011,SVC-PUNCTURE-PREV,19051011,tfidf+rapidfuzz,38.02,GEARBOX TENSION BRACKET,Pre-delivery Puncture Prevention Service,,,yes,no NumaSuite EAN; title score 38.0 < 85.0
19051013,R-RTN631,19051013,tfidf+rapidfuzz,72.32,CLUTCH CABLE,Stiga Twinclip 55 SH BBC Self-Propelled Lawnmower with Blade-Brake Clutch,,,yes,no NumaSuite EAN; title score 72.3 < 85.0
19051015,19158015,19051015,tfidf+rapidfuzz,56.46,THROTTLE CABLE   FITS TR4870,Blade - Fits Feider FTDT5175ES Lawnmower | MowDirect,,,yes,no NumaSuite EAN; title score 56.5 < 85.0
19051024,FELPRO25,19051024,tfidf+rapidfuzz,74.06,LOCKING HANDLE KIT,Feider PRO 25 Top-Handle Petrol Arborist's Chainsaw Kit (25cm Guide Bar),,,yes,no NumaSuite EAN; title score 74.1 < 85.0
19051027,SIM-1696374,19051027,tfidf+rapidfuzz,97.0,BLADE,Mulch Ninja Blade Kit,,,yes,no NumaSuite EAN
19051033,HAY-LAWNMOWER-COVER,19051033,tfidf+rapidfuzz,70.93,RIGHT COVER,Hayter Lawnmower Cover,,,yes,no NumaSuite EAN; title score 70.9 < 85.0
19051034,HAY-LAWNMOWER-COVER,19051034,tfidf+rapidfuzz,73.43,LEFT COVER,Hayter Lawnmower Cover,,,yes,no NumaSuite EAN; title score 73.4 < 85.0
19052000,DCT38H,19052000,tfidf+rapidfuzz,66.83,DRIVE FOR TR4870,"Spectrum DCT38H 38"" Lawn Tractor with Hydrostatic Drive",,5065022450528,yes,no NumaSuite EAN; title score 66.8 < 85.0
C-19052001,LPW1600,C-19052001,tfidf+rapidfuzz,35.4,NOW USE 19052001,"Spectrum LPW1600 Electric Pressure Washer — 1600W, 130 Bar",,5065022450726,yes,no NumaSuite EAN; title score 35.4 < 85.0
19052003,17338046,19052003,tfidf+rapidfuzz,52.98,BELT 9.5 X 760 FITS FTDTR4870,"Lawnmower Blade - 50.2cm | Fits Feider & Racing 20"" Models",,3664142164166,yes,no NumaSuite EAN; title score 53.0 < 85.0
19052005,SIM-1696374,19052005,tfidf+rapidfuzz,97.0,BLADE,Mulch Ninja Blade Kit,,,yes,no NumaSuite EAN
19067011,OIL-2STOKE500ML,19067011,tfidf+rapidfuzz,54.56,OIL DIPSTICK - FAST175,500ml 2-Stroke Semi-Synthetic Oil,,,yes,no NumaSuite EAN; title score 54.6 < 85.0
1911-9291-01,STIG-1911-9291-01,1911-9291-01,tfidf+rapidfuzz,97.0,STIGA 15M POWER CABLE,Stiga 15m Power Cable for Mains-Electric Scarifiers/Aerators | 1911-9291-01,,,yes,no NumaSuite EAN
19157043,FD-FT200,19157043,tfidf+rapidfuzz,64.78,BELT COVER FEIDER,Feider FT200 Scythe-Bar Mower,,3661602025913,yes,no NumaSuite EAN; title score 64.8 < 85.0
19157058,FELPRO25,19157058,tfidf+rapidfuzz,80.19,LOWER HANDLE FEIDER,Feider PRO 25 Top-Handle Petrol Arborist's Chainsaw Kit (25cm Guide Bar),,,yes,no NumaSuite EAN; title score 80.2 < 85.0
C-19157065,17338046,C-19157065,tfidf+rapidfuzz,70.97,BLADE 460MM X 57MM FEIDER,"Lawnmower Blade - 50.2cm | Fits Feider & Racing 20"" Models",,3664142164166,yes,no NumaSuite EAN; title score 71.0 < 85.0
19157074,19158015,19157074,tfidf+rapidfuzz,55.94,BLADE BOSS - FTDT4640ES,Blade - Fits Feider FTDT5175ES Lawnmower | MowDirect,,,yes,no NumaSuite EAN; title score 55.9 < 85.0
19158010,HAY-LAWNMOWER-COVER,19158010,tfidf+rapidfuzz,73.43,BELT COVER,Hayter Lawnmower Cover,,,yes,no NumaSuite EAN; title score 73.4 < 85.0
19158017,FAJ130,19158017,tfidf+rapidfuzz,56.25,SIDE EJECT FLAP,Feider Legacy 'Pent' Metal Garden Shed  1.3 m² - One side roof ( FAJ130),,3661602026347,yes,no NumaSuite EAN; title score 56.2 < 85.0
19168029,STIG-PIVOT-WHEELS-130H-SWEEPER,19168029,tfidf+rapidfuzz,77.02,FRONT WHEEL    FAST175,Stiga Titan Front Wheel Kit for RB130H Sweeper (13-7924-11),,,yes,no NumaSuite EAN; title score 77.0 < 85.0
19170014,STIG-287110102/ST2,19170014,tfidf+rapidfuzz,59.84,GEARBOX AND DRIVE SHAFT - FAST175T,Stiga GT 330 A Curved-Shaft Petrol Grass-Trimmer,,8008984853379,yes,no NumaSuite EAN; title score 59.8 < 85.0
19170017,STIG-2F7064705/ST1,19170017,tfidf+rapidfuzz,55.91,DRIVE BELT - FAST175T,Stiga Gyro 900e ‘Drive-by-Wire’ Electric Battery-Powered Axial Ride-On Lawnmower,,8008984853126,yes,no NumaSuite EAN; title score 55.9 < 85.0
19171000,TG561-SWT,19171000,tfidf+rapidfuzz,35.58,SAFETY SWITCH,Spectrum TG561-SWT Self Propelled Wheeled Trimmer,,5065022450511,yes,no NumaSuite EAN; title score 35.6 < 85.0
19192000,CS-3410,19192000,tfidf+rapidfuzz,40.48,FFT200 CONTROL CABLE,Echo CS-3410 Petrol 2-Stroke Chainsaw,,,yes,no NumaSuite EAN; title score 40.5 < 85.0
19192001,CC-XM3ER53,19192001,tfidf+rapidfuzz,59.45,Clutch cable FFT200,Cub Cadet XM3ER53 3-in-1 Variable-Speed Petrol Lawnmower with Blade-Brake Clutch,,4008423891966,yes,no NumaSuite EAN; title score 59.4 < 85.0
19193002,SBS220CHM-KIT,19193002,tfidf+rapidfuzz,30.85,BELT - FFT200,Spectrum SBS220CHM 22cm Cordless Handy Mower — Complete Kit (2.0Ah Battery + Charger),,5061122340141,yes,no NumaSuite EAN; title score 30.8 < 85.0
19197015,C-HRTF220,19197015,tfidf+rapidfuzz,91.53,REAR WHEEL FEIDER,Feider HRTF220 Pro Two-Wheel Rear-Tine Rotary Cultivator,,3661602049346,yes,no NumaSuite EAN
19197030,STIG-PIVOT-WHEELS-130H-SWEEPER,19197030,tfidf+rapidfuzz,69.61,FRONT WHEEL FBAE200 74MM,Stiga Titan Front Wheel Kit for RB130H Sweeper (13-7924-11),,,yes,no NumaSuite EAN; title score 69.6 < 85.0
19242004,2T2010483/M25,19242004,tfidf+rapidfuzz,33.12,IGNITION COIL    FBT70,Mountfield T30M Gear Drive 2-in-1 Lawn Tractor,,8008984869042,yes,no NumaSuite EAN; title score 33.1 < 85.0
19248001,17338046,19248001,tfidf+rapidfuzz,74.23,FUEL CAP     FITS RACING,"Lawnmower Blade - 50.2cm | Fits Feider & Racing 20"" Models",,3664142164166,yes,no NumaSuite EAN; title score 74.2 < 85.0
1925004,R210,1925004,tfidf+rapidfuzz,37.65,IGNITION COIL,Rato Horizontal Engine,,,yes,no NumaSuite EAN; title score 37.6 < 85.0
19303009,SBS240CPHT-KIT,19303009,tfidf+rapidfuzz,57.67,Complete Carburetor - FTDT5070,Spectrum SBS240CPHT 40V Cordless Pole Hedge Trimmer — Complete Kit (4.0Ah Battery + Fast Charger),,5061122340172,yes,no NumaSuite EAN; title score 57.7 < 85.0
19303010,GC-SC4240P-RTN,19303010,tfidf+rapidfuzz,36.72,LAUNCHER BELL,Einhell GC-SC 4240-P Petrol Lawn Scarifier - Refurbished,,4006825638073,yes,no NumaSuite EAN; title score 36.7 < 85.0
19303024,TG561-SWT,19303024,tfidf+rapidfuzz,42.85,PRIMER BULB - FTDT5096,Spectrum TG561-SWT Self Propelled Wheeled Trimmer,,5065022450511,yes,no NumaSuite EAN; title score 42.8 < 85.0
19304001,SBSCSC,19304001,tfidf+rapidfuzz,32.55,OPC CABLE FTDT5070,Spectrum SBSCSC 40V Fast Battery Charger (2A),,5065022450696,yes,no NumaSuite EAN; title score 32.6 < 85.0
19353000,STIG-BEACON-13-7933-11,19353000,tfidf+rapidfuzz,50.55,FIXING KIT FTDT5096,Stiga Titan Beacon Light Kit  (13-7933-11),,,yes,no NumaSuite EAN; title score 50.6 < 85.0
19354000,EF-KA25,19354000,tfidf+rapidfuzz,50.55,FIXING KIT FTDT5070,Efco KA25 Vacuum Kit - for SA2500 Leaf Blower,,0000000000000,yes,no NumaSuite EAN; title score 50.6 < 85.0
196-398-000,MTD-OEM-190-180A,196-398-000,tfidf+rapidfuzz,84.47,LAWNFLITE / CUB CADET TOW BAR,MTD/Lawnflite/Cub Cadet Twin-Bag Collector (OEM-190-180A),,4008423815849,yes,no NumaSuite EAN; title score 84.5 < 85.0
19A30018100,EPB-19A30018100,19A30018100,tfidf+rapidfuzz,98.5,CUB CADET TRIPLE BAG COLLECTOR FOR XT3QS127 & XT3QS137,Cub Cadet Triple-Bag Collector - for XT3QS127 & XT3QS137 (19A30018100),,,yes,no NumaSuite EAN
1E34F.11G,JR-LAN0004,1E34F.11G,tfidf+rapidfuzz,70.54,RECOIL STARTER -                               FITS DM26PB,RECOIL HANDLE,,3760011422327,yes,no NumaSuite EAN; title score 70.5 < 85.0
1E34F.9.1,STIG-278131808/St1,1E34F.9.1,tfidf+rapidfuzz,59.6,FUEL TANK -                                           FITS DM26H / L/ C,Stiga Fast Charger | Fits E-Ride Models,,,yes,no NumaSuite EAN; title score 59.6 < 85.0
1E34F.F13,STIG-278131808/St1,1E34F.F13,tfidf+rapidfuzz,58.61,CARBURETTOR -                                                FITS DM26PBV,Stiga Fast Charger | Fits E-Ride Models,,,yes,no NumaSuite EAN; title score 58.6 < 85.0
1E34FB.4.1-2,STIG-278131808/St1,1E34FB.4.1-2,tfidf+rapidfuzz,52.2,MAGNETO -                                                      FITS DM26PBV,Stiga Fast Charger | Fits E-Ride Models,,,yes,no NumaSuite EAN; title score 52.2 < 85.0
20000036A,JR-FAA001,20000036A,tfidf+rapidfuzz,73.15,AIR FILTER ASSY -                        FITS TG46S / TG46SE,AIR FILTER JR-FAA001,,,yes,no NumaSuite EAN; title score 73.1 < 85.0
20059011,JR-LAN0004,20059011,tfidf+rapidfuzz,69.38,EZN2200-UK HANDLE GUN,RECOIL HANDLE,,3760011422327,yes,no NumaSuite EAN; title score 69.4 < 85.0
20072017,19158015,20072017,tfidf+rapidfuzz,55.58,BELT                [FITS TR4870],Blade - Fits Feider FTDT5175ES Lawnmower | MowDirect,,,yes,no NumaSuite EAN; title score 55.6 < 85.0
20072029,DDS016,20072029,tfidf+rapidfuzz,65.36,BLADE 420MM X 57MM,80 Tooth Metal Brushcutter-Blade -  25.5cm x 1.9mm -  JR DDS016,,,yes,no NumaSuite EAN; title score 65.4 < 85.0
20072038,FD-FAST175PED,20072038,tfidf+rapidfuzz,75.36,GRASS COLLECTOR FRAME FEIDER,Feider FAST175P Push Wheeled Garden Vacuum Leaf Collector (Ex-Demo / Serviced),,3661602025692,yes,no NumaSuite EAN; title score 75.4 < 85.0
20072039,FD-FAST175PED,20072039,tfidf+rapidfuzz,77.52,GRASS COLLECTOR BAG FEIDER,Feider FAST175P Push Wheeled Garden Vacuum Leaf Collector (Ex-Demo / Serviced),,3661602025692,yes,no NumaSuite EAN; title score 77.5 < 85.0
20072040,STIG-278131808/St1,20072040,tfidf+rapidfuzz,71.9,CHARGER   FITS FTDTR4240ES,Stiga Fast Charger | Fits E-Ride Models,,,yes,no NumaSuite EAN; title score 71.9 < 85.0
20072049,SBSCDC,20072049,tfidf+rapidfuzz,35.82,BRIMBER BULB - FTDTR4240,Spectrum SBSCDC 40V Dual Battery Charger (2A Fast Charge),,5065022450702,yes,no NumaSuite EAN; title score 35.8 < 85.0
201026,STIG-107CM-RUB-SCRAPER,201026,tfidf+rapidfuzz,60.1,HAYTER HARRIER 41 BLADE,Stiga Rubber Scraper Bar for 107cm Snow Blade | 13-3904-61,,7313321307714,yes,no NumaSuite EAN; title score 60.1 < 85.0
211360043/M20,MF-MANOR-COMPACT-36,211360043/M20,tfidf+rapidfuzz,84.28,MANOR COMPACT 36 V TILLER,Mountfield Manor Compact 36 V Petrol Front-Tine Cultivator,,8008984618893,yes,no NumaSuite EAN; title score 84.3 < 85.0
211400248/ST1,STIG-211400248/ST1,211400248/ST1,tfidf+rapidfuzz,100.0,STIGA SVP 40 G PETROL SCARIFIER,Stiga SVP 40 G Petrol Scarifier,,8008984838482,yes,no NumaSuite EAN
21252024,19158015,21252024,tfidf+rapidfuzz,72.92,BLADE   FITS RAC5675ES,Blade - Fits Feider FTDT5175ES Lawnmower | MowDirect,,,yes,no NumaSuite EAN; title score 72.9 < 85.0
21252028,19158015,21252028,tfidf+rapidfuzz,56.35,BELT   FITS RAC5675ES,Blade - Fits Feider FTDT5175ES Lawnmower | MowDirect,,,yes,no NumaSuite EAN; title score 56.3 < 85.0
21295000,STIG-278131808/St1,21295000,tfidf+rapidfuzz,54.09,HOSE FITS FNHPT240,Stiga Fast Charger | Fits E-Ride Models,,,yes,no NumaSuite EAN; title score 54.1 < 85.0
21313002,RB-EC20,21313002,tfidf+rapidfuzz,71.24,CHARGER FOR RAC62PR,Redback 40v Quick Battery Charger | EC20,,6945372101198,yes,no NumaSuite EAN; title score 71.2 < 85.0
21344001,1330M-XDISP,21344001,tfidf+rapidfuzz,37.4,COIL & LEAD,Mountfield T30M Rear-Collect Lawn Tractor with Manual Drive - Ex Demo,,8008984869042,yes,no NumaSuite EAN; title score 37.4 < 85.0
21344009,JR-LAN0004,21344009,tfidf+rapidfuzz,97.0,RECOIL,RECOIL HANDLE,,3760011422327,yes,no NumaSuite EAN
21361000,JR-TFN046,21361000,tfidf+rapidfuzz,57.58,Blade engagement lever (62PR),Replacement Blade (for TFN047 Line-Head) -JR TFN046,,3760011424703,yes,no NumaSuite EAN; title score 57.6 < 85.0
213851142/ST1,STIG-213851142/ST1,213851142/ST1,tfidf+rapidfuzz,100.0,STIGA SRC 685 RG PETROL FRONT TINE TILLER,Stiga SRC 685 RG Petrol Front-Tine Tiller,,8008984813960,yes,no NumaSuite EAN
2157,FAA008,2157,tfidf+rapidfuzz,83.77,BRIGGS & STRATTON QUANTUM AIR FILTER,Lawn Mower Air Filter -  JR Spares - JR-FAA0008 fits Briggs and Stratton,,3760011421481,yes,no NumaSuite EAN; title score 83.8 < 85.0
219000080/15,STIG-219000080/15,219000080/15,tfidf+rapidfuzz,92.8,STIGA TYRE KIT FOR SRC 685 RG FRONT TINE TILLER,Stiga Tyres Kit for SRC 685 RG Front-Tine Tiller | 219000080/15,,8008984633995,yes,no NumaSuite EAN
219000120/18,STIG-219000120/18,219000120/18,tfidf+rapidfuzz,98.5,STIGA HALF SIDE PLOUGH FOR SRC 685 RG FRONT TINE TILLER,Stiga Half Side Plough for SRC 685 RG Front-Tine Tiller | 219000120/18,,8008984825437,yes,no NumaSuite EAN
219000130/18,STIG-219000130/18,219000130/18,tfidf+rapidfuzz,98.5,STIGA DOUBLE SIDE PLOUGH FOR SRC 685 RG FRONT TINE TILLER,Stiga Double Side Plough for SRC 685 RG Front-Tine Tiller | 219000130/18,,8008984825444,yes,no NumaSuite EAN
219000140/18,STIG-219000140/18,219000140/18,tfidf+rapidfuzz,98.5,STIGA IRON WHEELS KIT FOR SRC 685 RG FRONT TINE TILLER,Stiga Iron Wheels Kit for SRC 685 RG Front-Tine Tiller | 219000140/18,,8008984825659,yes,no NumaSuite EAN
22220001,FD-FCBE350,22220001,tfidf+rapidfuzz,83.29,GRASS BAG FEIDER,Feider FCBE350 Electric Grass-Trimmer,,3661602026163,yes,no NumaSuite EAN; title score 83.3 < 85.0
22220010,17338046,22220010,tfidf+rapidfuzz,55.17,STEERING EYELETS    FITS RACT90EA,"Lawnmower Blade - 50.2cm | Fits Feider & Racing 20"" Models",,3664142164166,yes,no NumaSuite EAN; title score 55.2 < 85.0
22220011,STIG-278131808/St1,22220011,tfidf+rapidfuzz,60.43,TRACK ROD   FITS RACT90EA,Stiga Fast Charger | Fits E-Ride Models,,,yes,no NumaSuite EAN; title score 60.4 < 85.0
22220025,RAC-2024000,22220025,tfidf+rapidfuzz,61.9,BATTERY FITS RACT90EA,"Battery Charger - for Feider, Racing & Chipperfield Compact Ride-Ons | 20244000",,3664142304159,yes,no NumaSuite EAN; title score 61.9 < 85.0
22220037,ACC-DEFL-84CM,22220037,tfidf+rapidfuzz,40.26,STEERING COLUMN RACT90EA,Rear Deflector Flor 84cm Mountfield/Stiga Tractors,,,yes,no NumaSuite EAN; title score 40.3 < 85.0
22220040,STIG-PIVOT-WHEELS-130H-SWEEPER,22220040,tfidf+rapidfuzz,60.64,STEERING WHEEL      FITS RACT90EA,Stiga Titan Front Wheel Kit for RB130H Sweeper (13-7924-11),,,yes,no NumaSuite EAN; title score 60.6 < 85.0
22220045,19158015,22220045,tfidf+rapidfuzz,51.23,RACK AND PINION   FITS RACT90EA,Blade - Fits Feider FTDT5175ES Lawnmower | MowDirect,,,yes,no NumaSuite EAN; title score 51.2 < 85.0
22220046,2T2010483/M25,22220046,tfidf+rapidfuzz,58.54,RACT90EA DRIVE BELT,Mountfield T30M Gear Drive 2-in-1 Lawn Tractor,,8008984869042,yes,no NumaSuite EAN; title score 58.5 < 85.0
2222CB,19158015,2222CB,tfidf+rapidfuzz,54.59,CUTTING BELT  FITS RACT90EA,Blade - Fits Feider FTDT5175ES Lawnmower | MowDirect,,,yes,no NumaSuite EAN; title score 54.6 < 85.0
22262005,RAC-2024000,22262005,tfidf+rapidfuzz,54.49,Seat 500mm Height 390mm Width 450mm FEIDER,"Battery Charger - for Feider, Racing & Chipperfield Compact Ride-Ons | 20244000",,3664142304159,yes,no NumaSuite EAN; title score 54.5 < 85.0
22262032,FMTC100,22262032,tfidf+rapidfuzz,61.38,On/off contactor 120mm FEIDER,Feider FMTC100 Petrol Front-Tine Tiller,,3661602028419,yes,no NumaSuite EAN; title score 61.4 < 85.0
22262035,RAC-2024000,22262035,tfidf+rapidfuzz,64.63,DASHBOARD FEIDER,"Battery Charger - for Feider, Racing & Chipperfield Compact Ride-Ons | 20244000",,3664142304159,yes,no NumaSuite EAN; title score 64.6 < 85.0
22262053,FST264T,22262053,tfidf+rapidfuzz,61.61,FEIDER propulsion controller,Feider FST264T 4-Stroke Petrol Leaf-Blower,,,yes,no NumaSuite EAN; title score 61.6 < 85.0
22287005,MF-327107506/0,22287005,tfidf+rapidfuzz,68.6,FTDT5096-AC SIDE CHUTE,Mountfield Side-Discharge Chute - for MTF 66 MQ | 327107506/0,,7313323035066,yes,no NumaSuite EAN; title score 68.6 < 85.0
22287027,STIG-PIVOT-WHEELS-130H-SWEEPER,22287027,tfidf+rapidfuzz,78.39,FRONT WHEEL FST212,Stiga Titan Front Wheel Kit for RB130H Sweeper (13-7924-11),,,yes,no NumaSuite EAN; title score 78.4 < 85.0
22290061,19158015,22290061,tfidf+rapidfuzz,72.01,BLADE    FITS FTDT5096ES,Blade - Fits Feider FTDT5175ES Lawnmower | MowDirect,,,yes,no NumaSuite EAN; title score 72.0 < 85.0
22301015,294386063/M26,22301015,tfidf+rapidfuzz,62.53,REAR WHEEL    FITS FTDTD5096ES,Mountfield Princess 38 Li KIT 48v Cordless 4-Wheel Rear-Roller Lawnmower (Inc. Battery & Charger),,8008984844018,yes,no NumaSuite EAN; title score 62.5 < 85.0
23041457,STIG-290802030/16,23041457,tfidf+rapidfuzz,73.65,BLADE BOSS,Stiga Front Blade for SWS 800 G Self-Propelled Sweeper | 290802030/16,,8008984640542,yes,no NumaSuite EAN; title score 73.6 < 85.0
23041460,R210,23041460,tfidf+rapidfuzz,28.65,BELT,Rato Horizontal Engine,,,yes,no NumaSuite EAN; title score 28.6 < 85.0
23073002,FD-TD55,23073002,tfidf+rapidfuzz,67.6,BACK PANEL FEIDER,Feider TD55 Backpack Leaf Blower,,3661602025524,yes,no NumaSuite EAN; title score 67.6 < 85.0
2320,JR-FAA001,2320,tfidf+rapidfuzz,73.15,AIR FILTER -              FITS HONDA GXV160K ENGINE,AIR FILTER JR-FAA001,,,yes,no NumaSuite EAN; title score 73.1 < 85.0
2376,JR-CLB001,2376,tfidf+rapidfuzz,55.64,"ZAMA PRIMER BULB (ID 16MM, OD 18MM, H 19MM, LIP 22MM)",PLUG SPANNER 1MM BOX F/H 19MM 21MM,,3760011424574,yes,no NumaSuite EAN; title score 55.6 < 85.0
2389,JR-FAE0001,2389,tfidf+rapidfuzz,74.72,MAKITA FUEL FILTER,FUEL FILTER RIDER -                        WP73112,,3760011421528,yes,no NumaSuite EAN; title score 74.7 < 85.0
24016017,MANT-9222,24016017,tfidf+rapidfuzz,66.78,WHEEL -                                FMT560,Mantis Wheel-Kit | 9222,,,yes,no NumaSuite EAN; title score 66.8 < 85.0
2402710128/ST2,STIG-240271012/ST2,2402710128/ST2,tfidf+rapidfuzz,89.75,STIGA PR 730 C TOP-HANDLE PETROL ARBORISTS CHAINSAW,"Stiga PR 730 C Top-Handle Petrol Arborist’s Chainsaw with 1/4"" Chain (25cm Guide Bar)",,,yes,no NumaSuite EAN
240381402/ST1,STIG-240381402/ST1,240381402/ST1,tfidf+rapidfuzz,100.0,STIGA CS 540 PETROL CHAINSAW 35CM GUIDE BAR,Stiga CS 540 Petrol Chainsaw (35cm Guide Bar),,8008984853461,yes,no NumaSuite EAN
240421602/ST1,STIG-240421602/ST1,240421602/ST1,tfidf+rapidfuzz,93.3,STIGA CS-545 CHAINSAW,Stiga CS 545 Petrol Chainsaw (40cm Guide Bar),,8008984853508,yes,no NumaSuite EAN
2523,CT-HB14GR,2523,tfidf+rapidfuzz,51.54,"RYOBIi PCN4040, PCN4545 CARBURETTOR DIAPHRAGM & GASKET SET",Charles Taylor Traditional Wooden 6-Seater Rectangular Table Set with Grey Cushions & Parasol | HB14GR,,5060674544397,yes,no NumaSuite EAN; title score 51.5 < 85.0
252421008/ST2,STIG-252421008/ST2,252421008/ST2,tfidf+rapidfuzz,84.65,STIGA HT 525 PETROL HEDGE TRIMMER,Stiga HT 525 Petrol Hedgetrimmer (60cm Blades),,,yes,no NumaSuite EAN; title score 84.7 < 85.0
252422008/ST2,STIG-252422008/ST2,252422008/ST2,tfidf+rapidfuzz,97.13,STIGA SHT 670 PROFESSIONAL HEDGETRIMMER (60CM BLADES),Stiga SHT 670 Professional Petrol Hedgetrimmer (60cm Blades),,,yes,no NumaSuite EAN
255127092/ST,STIG-255127002/ST1,255127092/ST,tfidf+rapidfuzz,97.65,STIGA BL 530 PETROL BLOWER STIGA,Stiga BL 530 V Petrol Blower-Vac,,,yes,no NumaSuite EAN
255175102/ST1,STIG-255175102/ST1,255175102/ST1,tfidf+rapidfuzz,98.13,STIGA BL 980R BACKPACK BLOWER,Stiga BL 980 R Backpack Blower,,8008984853690,yes,no NumaSuite EAN
2571,MF-271014000/21,2571,tfidf+rapidfuzz,63.03,BATTERY 12V FITS - 827M,Mountfield B24 20v/4Ah Freedom 100 Battery,,8008984841161,yes,no NumaSuite EAN; title score 63.0 < 85.0
2691696,C-2691696,2691696,tfidf+rapidfuzz,84.79,SIMPLICITY SZT350 ZERO TURN TRACTOR,Simplicity Courier™ SZT350 Zero-Turn Ride-On Mower,,,yes,no NumaSuite EAN; title score 84.8 < 85.0
271302218/UKS,STIG-271302218/UKS,271302218/UKS,tfidf+rapidfuzz,88.83,STIGA HT100e KIT 20v CORDLESS HEDGETRIMMER (INC B&C),Stiga HT 100e KIT 20v Cordless Hedgetrimmer (Inc. Battery & Charger),,8008984855229,yes,no NumaSuite EAN
271504203/MUK,MF-271504203/MUK,271504203/MUK,tfidf+rapidfuzz,92.1,MOUNTFIELD MAB 20 LI CORDLESS BLOWER (B&C INC),Mountfield MAB 20 Li Cordless Leaf-Blower,,8008984844636,yes,no NumaSuite EAN
271504218/UKS,STIG-271504218/UKS,271504218/UKS,tfidf+rapidfuzz,97.15,STIGA BL100e KIT 20V CORDLESS LEAF BLOWER (INC BATTERY & CHARGER),Stiga BL 100e KIT 20v Cordless Leaf-Blower (Inc. Battery & Charger),,,yes,no NumaSuite EAN
271504298/UKS,STIG-271504298/UKS,271504298/UKS,tfidf+rapidfuzz,100.0,STIGA VS 100E KIT 20v CORDLESS BLOWER-VAC (INC. 2 x BATTERIES & CHARGER),Stiga VS 100e KIT 20v Cordless Blower-Vac (Inc. 2 x Batteries & Charger),,8008984854147,yes,no NumaSuite EAN
271724218/UKS,STIG-271724218/UKS,271724218/UKS,tfidf+rapidfuzz,98.5,STIGA MT 100e KIT 20V CORDLESS MULTI-TOOL,Stiga MT 100e KIT 20v Cordless Multi-Tool (Inc. Battery & Charger),,,yes,no NumaSuite EAN
271936,(JR-PRT014) PRO MESH VISOR ANTI NOISE EARMUFF SET,271936,tfidf+rapidfuzz,51.81,DIAPHRAGM & GASKET SET,(JR-PRT014) PRO MESH VISOR ANTI NOISE EARMUFF SET,,,yes,no NumaSuite EAN; title score 51.8 < 85.0
272403S,FAA008,272403S,tfidf+rapidfuzz,77.05,BRIGGS & STRATTON 12HP-15HP PRE FILTER,Lawn Mower Air Filter -  JR Spares - JR-FAA0008 fits Briggs and Stratton,,3760011421481,yes,no NumaSuite EAN; title score 77.0 < 85.0
273302501/ST1,STIG-271302218/UKS,273302501/ST1,tfidf+rapidfuzz,82.19,STIGA HT 300E KIT CORDLESS HEDGE TRIMMER (B&C INC),Stiga HT 100e KIT 20v Cordless Hedgetrimmer (Inc. Battery & Charger),,8008984855229,yes,no NumaSuite EAN; title score 82.2 < 85.0
277210008/ST1,STIG-277210008/ST1,277210008/ST1,tfidf+rapidfuzz,98.53,STIGA SBC 700 D AE 40v CORDLESS BRUSHCUTTER COWHORN HANDLE [TOOL ONLY],Stiga SBC 700 D AE 48v Cordless Brushcutter with ‘Cowhorn’ Handle (Tool Only),,8008984844117,yes,no NumaSuite EAN
277710038/ST2,STIG-277710038/ST2,277710038/ST2,tfidf+rapidfuzz,100.0,STIGA PH 700e 48v CORDLESS LONG-REACH HEDGETRIMMER [TOOL ONLY],Stiga PH 700e 48v Cordless Long-Reach Hedgetrimmer (Tool Only),,,yes,no NumaSuite EAN
278200003/M21,MF-278200003/M21,278200003/M21,tfidf+rapidfuzz,100.0,MOUNTFIELD MBC 50 Li 48v CORDLESS BRUSHCUTTER (Tool Only),Mountfield MBC 50 Li 48v Cordless Brushcutter (Tool Only),,8008984842809,yes,no NumaSuite EAN
278300003/M21,MF-278300003/M21,278300003/M21,tfidf+rapidfuzz,100.0,MOUNTFIELD MHT 50 Li 48v CORDLESS HEDGETRIMMER (Tool Only),Mountfield MHT 50 Li 48v Cordless Hedgetrimmer (Tool Only),,,yes,no NumaSuite EAN
2784,JR-CLB004,2784,tfidf+rapidfuzz,63.68,UNIVERSAL SPARK PLUG CAP AND WIRE,PLUG SPANNER,,,yes,no NumaSuite EAN; title score 63.7 < 85.0
278500008/ST3,STIG-278500008/ST3,278500008/ST3,tfidf+rapidfuzz,97.92,STIGA BL 500e 40v CORDLESS LEAF BLOWER (TOOL ONLY),Stiga BL 500e 48v Cordless Leaf-Blower (Tool Only),,,yes,no NumaSuite EAN
278502208/UKS,STIG-278502208/UKS,278502208/UKS,tfidf+rapidfuzz,88.59,STIGA BL500e KIT 48v CORDLESS LEAF BLOWER (INC B&C),Stiga BL 500e KIT 48v Cordless Leaf-Blower (Inc. Battery & Charger),,8008984853737,yes,no NumaSuite EAN
281221003/21,MF-281221003/21,281221003/21,tfidf+rapidfuzz,96.0,MOUNTFIELD BC 425 HD BRUSHCUTTER (HONDA ENGINE),Mountfield BC 425 HD 4-Stroke Petrol Brushcutter (Honda Engine),,,yes,no NumaSuite EAN
28132100/21,MF-281321003/21,28132100/21,tfidf+rapidfuzz,93.93,MOUNTFIELD  BC 435 HD BRUSHCUTTER,Mountfield BC 435 HD 4-Stroke Petrol Brushcutter (Honda Engine),,8008984840515,yes,no NumaSuite EAN
281521003/21,MF-281521003/21,281521003/21,tfidf+rapidfuzz,96.77,MOUNTFIELD BC 450 HD PETROL BRUSHCUTTER (HONDA ENGINE),Mountfield BC 450 HD 4-Stroke Petrol Brushcutter (Honda Engine),,,yes,no NumaSuite EAN
287120153/M16,MF-287120153/M16,287120153/M16,tfidf+rapidfuzz,87.0,MOUNTFIELD MM2605 - 5 IN 1 MULTI-TOOL,Mountfield MMT 2605 5-in-1 Petrol Multi-Tool,,,yes,no NumaSuite EAN
287121102/ST2,STIG-287121102/ST2,287121102/ST2,tfidf+rapidfuzz,100.0,STIGA BC 330 AB PETROL BRUSHCUTTER,Stiga BC 330 AB Petrol Brushcutter,,8008984853836,yes,no NumaSuite EAN
287220002/ST1,STIG-287220002/ST1,287220002/ST1,tfidf+rapidfuzz,96.34,STIGA BC 535 PETROL LOOP HANDLE BRUSHCUTTER,Stiga BC 535 Petrol Brushcutter,,,yes,no NumaSuite EAN
2886,JR-LAN0004,2886,tfidf+rapidfuzz,71.24,"STIHL TS400 SERVICE KIT (Filters, Belt, Decomp, Handle, Shroud Cap, Plug)",RECOIL HANDLE,,3760011422327,yes,no NumaSuite EAN; title score 71.2 < 85.0
290001252/14,STIG-BIOSILENT2500,290001252/14,tfidf+rapidfuzz,96.13,STIGA BIO SILENT SH2500 ELECTRIC SHREDDER,Stiga Bio Silent SH2500 Low-Noise Electric Garden-Shredder,,,yes,no NumaSuite EAN
290002152/14,STIG-290002132/14,290002152/14,tfidf+rapidfuzz,90.71,STIGA SV 415 E 1500w/38CM 2-in-1 ELECTRIC SCARIFIER/AERATOR,Stiga SV 213 E 1300w/32cm 2-in-1 Electric Scarifier/Aerator,,8008984622401,yes,no NumaSuite EAN
290401208/S15,STIG-290401208/S15,290401208/S15,tfidf+rapidfuzz,88.6,STIGA SCM 240 R PUSH CYLINDER MOWER,Stiga SCM 240 R Rear-Deflect Manual Cylinder Mower,,8008984632585,yes,no NumaSuite EAN
290602020,STIG-290602020/16,290602020,tfidf+rapidfuzz,87.14,STIGA COLLECTION  BOX FOR SWS600G SWEEPER,Stiga Collection Box for SWS 600 G Self-Propelled Sweeper | 290602020/16,,8008984640511,yes,no NumaSuite EAN
291302063/M21,MF-291302063/M21,291302063/M21,tfidf+rapidfuzz,80.65,MOUNTFIELD ELECTRESS 30li CORDLESS MOWER WITH B&C,Mountfield Electress 30 Li 20v Hand-Propelled Cordless Lawnmower (Inc. Battery & Charger),,8008984845152,yes,no NumaSuite EAN; title score 80.6 < 85.0
291302168/UKS,STIG-291302168/UKS,291302168/UKS,tfidf+rapidfuzz,97.0,STIGA COLLECTOR 132E,Stiga Collector 132e KIT 20v Cordless Lawnmower (Inc. Battery & Charger),,8008984854543,yes,no NumaSuite EAN
291342063/M26,MF-291302063/M21,291342063/M26,tfidf+rapidfuzz,87.77,MOUNTFIELD ELECTRESS 34LI 20V HAND PROPELLED CORDLESS MOWER (INC B&C),Mountfield Electress 30 Li 20v Hand-Propelled Cordless Lawnmower (Inc. Battery & Charger),,8008984845152,yes,no NumaSuite EAN
291342168/UKS,STIG-291342168/UKS,291342168/UKS,tfidf+rapidfuzz,97.0,STIGA COLLECTOR 136e,Stiga Collector 136e KIT 20v Cordless Lawnmower (Inc. 2 x Batteries & Charger),,8008984852099,yes,no NumaSuite EAN
291380063/M22,MF-291382063/M21,291380063/M22,tfidf+rapidfuzz,94.27,MOUNTFIELD ELECTRESS 38 LAWNMOWER,Mountfield Electress 38 Li KIT 20v Hand-Propelled Cordless Lawnmower (Inc. Batteries & Charger),,,yes,no NumaSuite EAN
291501048/ST2,STIG-291501048/ST2,291501048/ST2,tfidf+rapidfuzz,96.43,STIGA MULTICLIP 550 HAND PROPELLED PETROL MULCHING MOWER,Stiga Multiclip 550 Hand-Propelled Petrol Mulching Lawnmower,,8008984851986,yes,no NumaSuite EAN
2936,LPW1600,2936,tfidf+rapidfuzz,39.3,INNER TUBE - 15X6.00-6,"Spectrum LPW1600 Electric Pressure Washer — 1600W, 130 Bar",,5065022450726,yes,no NumaSuite EAN; title score 39.3 < 85.0
294340063/M21,MF-PRINCESS-34,294340063/M21,tfidf+rapidfuzz,99.02,MOUNTFIELD PRINCESS 34 ELECTRIC 4-WHEEL ROLLER LAWN-MOWER,Mountfield Princess 34 Electric 4-Wheel Roller Lawnmower,,,yes,no NumaSuite EAN
294346063/M21,MF-34LI-F48,294346063/M21,tfidf+rapidfuzz,97.91,MOUNTFIELD PRINCESS 34 Li 48V CORDLESS 4-WHEEL REAR-ROLLER LAWNMOWER,Mountfield Princess 34 Li KIT 48v Cordless 4-Wheel Rear-Roller Lawnmower (Inc. Battery & Charger),,8008984843097,yes,no NumaSuite EAN
294346068/UKS,STIG-294346068/UKS,294346068/UKS,tfidf+rapidfuzz,88.01,STIGA COMBI 336e KIT 48v3-in-1 HAND PROPELLED CORDLESS MOWER (INC B&C),Stiga Combi 336e KIT 48v 3-in-1 Hand-Propelled Cordless Lawnmower (Inc. Battery & Charger),,,yes,no NumaSuite EAN
294380063/M21,MF-PRINCESS-38,294380063/M21,tfidf+rapidfuzz,87.77,MOUNTFIELD PRINCESS 38 CORDED LAWNMOWER,Mountfield Princess 38 Electric 4-Wheel Roller Lawnmower,,8008984843028,yes,no NumaSuite EAN
294386063/M21,294386063/M26,294386063/M21,tfidf+rapidfuzz,90.33,MOUNTFIELD PRINCESS 38 LI LAWNMOWER (B&C INC),Mountfield Princess 38 Li KIT 48v Cordless 4-Wheel Rear-Roller Lawnmower (Inc. Battery & Charger),,8008984844018,yes,no NumaSuite EAN
294386068/UKS,STIG-294386068/UKS,294386068/UKS,tfidf+rapidfuzz,82.8,STIGA COMBI 340e KIT 48v 3-IN-1 HP MOWER WITH B&C,Stiga Combi 340e KIT 48v 3-in-1 Hand-Propelled Cordless Lawnmower (Inc. Battery & Charger),,,yes,no NumaSuite EAN; title score 82.8 < 85.0
294513998/UKS,STIG-294513998/ST1,294513998/UKS,tfidf+rapidfuzz,84.95,STIGA TWINCLIP 950e V KIT 40V (INC BATTERY & CHARGER),Stiga Twinclip 950e V KIT 48v 4-in-1 Variable-Speed Cordless Lawnmower (Inc. Batteries & Charger),,8008984860643,yes,no NumaSuite EAN; title score 85.0 < 85.0
294519037-GROUNDFEST,C-294519037/AT1,294519037-GROUNDFEST,tfidf+rapidfuzz,82.28,ATCO LINER 19SH V LAWNMOWER - GROUNDFEST,Atco Liner 19SH V Variable-Speed Petrol Rear-Roller Lawnmower (Honda Engine),,,yes,no NumaSuite EAN; title score 82.3 < 85.0
294519037/AT1,C-294519037/AT1,294519037/AT1,tfidf+rapidfuzz,100.0,ATCO LINER 19SH V VARIABLE-SPEED PETROL REAR-ROLLER LAWNMOWER (HONDA ENGINE),Atco Liner 19SH V Variable-Speed Petrol Rear-Roller Lawnmower (Honda Engine),,,yes,no NumaSuite EAN
294519043/M22,MF-SP505R-V,294519043/M22,tfidf+rapidfuzz,98.5,MOUNTFIELD SP505R V VARIABLE SPEED PETROL REAR-ROLLER LAWNMOWER,Mountfield SP505R-V Variable-Speed Petrol Rear-Roller Lawnmower (with Honda Engine),,8008984854581,yes,no NumaSuite EAN
294519048/ST1,294386063/M26,294519048/ST1,tfidf+rapidfuzz,93.7,MOUNTFIELD PRINCESS 38 LI CORDLESS LAWNMOWER,Mountfield Princess 38 Li KIT 48v Cordless 4-Wheel Rear-Roller Lawnmower (Inc. Battery & Charger),,8008984844018,yes,no NumaSuite EAN
294519198/ST1,STIG-294519198/ST1,294519198/ST1,tfidf+rapidfuzz,94.29,STIGA TWINCLIP 950e VR KIT 48v VARIABLE SPEED CORDLESS REAR ROLLER MOWER,Stiga Twinclip 950e VR KIT 48v Variable-Speed Cordless Rear-Roller Lawnmower (Inc. 2 x Batteries & Charger),,8008984860650,yes,no NumaSuite EAN
294556043/M22,MF-HW531-PD,294556043/M22,tfidf+rapidfuzz,93.19,MOUNTFIELD HW531-PD SELF-PROPELLED PETROL LAWNMOWER,Mountfield HW531-PD 4-in-1 Self-Propelled Lawnmower,,8008984854482,yes,no NumaSuite EAN
294557848/ST2,STIG-294557848/ST2,294557848/ST2,tfidf+rapidfuzz,91.31,STIGA COMBI 955 V 4-in-1 VARIABLE SPEED MOWER,Stiga Combi 955 V 4-in-1 Variable-Speed Petrol Lawnmower,,8008984852280,yes,no NumaSuite EAN
294563033/M22,MF-SP555RV,294563033/M22,tfidf+rapidfuzz,84.71,MOUNTFIELD SP555V LAWNMOWER,Mountfield SP555R-V Variable-Speed Petrol Rear-Roller Lawnmower (with Honda Engine),,8008984854505,yes,no NumaSuite EAN; title score 84.7 < 85.0
294569037-GROUNDFEST,C-294569037/AT1,294569037-GROUNDFEST,tfidf+rapidfuzz,82.28,ATCO LINER 22SH V LAWNMOWER - GROUNDFEST,Atco Liner 22SH V Variable-Speed Petrol Rear-Roller Lawnmower (Honda Engine),,8008984866935,yes,no NumaSuite EAN; title score 82.3 < 85.0
294569037/AT20,C-294569037/AT1,294569037/AT20,tfidf+rapidfuzz,93.98,ATCO LINER 22SH V LAWNMOWER,Atco Liner 22SH V Variable-Speed Petrol Rear-Roller Lawnmower (Honda Engine),,8008984866935,yes,no NumaSuite EAN
297411043/M21,MF-HP41,297411043/M21,tfidf+rapidfuzz,100.0,MOUNTFIELD HP41 HAND PROPELLED PETROL LAWNMOWER,Mountfield HP41 Hand-Propelled Petrol Lawnmower,,8008984844964,yes,no NumaSuite EAN
297412043/M21,MF-SP41,297412043/M21,tfidf+rapidfuzz,97.22,MOUNTFIELD SP41 MOWER SELF PROPELLED PETROL LAWNMOWER,Mountfield SP41 Self-Propelled Petrol Lawnmower,,8008984845145,yes,no NumaSuite EAN
298302068/UKS,STIG-298302068/UKS,298302068/UKS,tfidf+rapidfuzz,92.12,STIGA AERO 132E KIT 20V CORDLESS HOVER MOWER (INC X2 B&C),Stiga Aero 132e KIT 20v Cordless Hover Mower (Inc. 2 x Batteries & Charger),,,yes,no NumaSuite EAN
298471048/ST2,STIG-298471048/ST2,298471048/ST2,tfidf+rapidfuzz,94.11,STIGA MULTICLIP 547 LAWNMOWER,Stiga Multiclip 547 Hand-Propelled Petrol Mulching Lawnmower,,008984851962,yes,no NumaSuite EAN
298471848/ST1,STIG-298471848/ST2,298471848/ST1,tfidf+rapidfuzz,97.0,STIGA MULTICLIP 547 D,Stiga Multiclip 547 D Hand-Propelled Petrol Mulching Lawnmower with Side-Discharge,,8008984853584,yes,no NumaSuite EAN
299434043/M19,MF-S421R-HP,299434043/M19,tfidf+rapidfuzz,93.15,MOUNTFIELD S421R HP REAR ROLLER LAWNMOWER,Mountfield S421R-HP Hand-Propelled Petrol Rear-Roller Lawnmower,,8008984817395,yes,no NumaSuite EAN
299439043/M19,MF-S421R-PD,299439043/M19,tfidf+rapidfuzz,87.12,MOUNTFIELD S421R PD PETEROL ROLLER LAWNMOWER,Mountfield S421R-PD Self-Propelled Petrol Rear-Roller Lawnmower,,8008984817401,yes,no NumaSuite EAN
299439077-GROUNDFEST,AT-299439077/AT1,299439077-GROUNDFEST,tfidf+rapidfuzz,76.02,ATCO LINER 16S LI CORDLESS LAWMOWER - GROUNDFEST,Atco Liner 16S Li KIT 48v Cordless Self-Propelled Roller Lawnmower (Inc. Batteries & Charger),,8008984853980,yes,no NumaSuite EAN; title score 76.0 < 85.0
299439077/AT1,AT-299439077/AT1,299439077/AT1,tfidf+rapidfuzz,84.2,ATCO LINER 16S LI SELF-PROPELLED REAR ROLLER CORDLESS LAWN MOWER KIT,Atco Liner 16S Li KIT 48v Cordless Self-Propelled Roller Lawnmower (Inc. Batteries & Charger),,8008984853980,yes,no NumaSuite EAN; title score 84.2 < 85.0
299489037/AT9,C-299489037/AT9,299489037/AT9,tfidf+rapidfuzz,88.95,ATCO LINER 18SH PETROL SELF-PROPELLED REAR-ROLLER LAWN MOWER (HONDA ENGINE),Atco Liner 18SH Self-Propelled Petrol Rear-Roller Lawnmower,,8008984817746,yes,no NumaSuite EAN
299489043/M19,MF-S461R-PD,299489043/M19,tfidf+rapidfuzz,93.38,MOUNTFIELD S461R-PD SELF PROPELLED PETROL ROLLER MOWER,Mountfield S461R-PD Self-Propelled Petrol Rear-Roller Lawnmower,,8008984817418,yes,no NumaSuite EAN
299489077-GROUNDFEST,AT-299489077/AT1,299489077-GROUNDFEST,tfidf+rapidfuzz,84.65,ATCO LINER 18S LI CORDLESS LAWNMOWER - GROUNDFEST,Atco Liner 18S Li KIT 48v Cordless Self-Propelled Roller Lawnmower (Inc. Batteries & Charger),,8008984853997,yes,no NumaSuite EAN; title score 84.7 < 85.0
299489077/AT1,AT-299489077/AT1,299489077/AT1,tfidf+rapidfuzz,76.79,ATCO LINER 18LI LI SELF-PROPELLED REAR ROLLER CORDLESS LAWN MOWER KIT 2 X 4AH,Atco Liner 18S Li KIT 48v Cordless Self-Propelled Roller Lawnmower (Inc. Batteries & Charger),,8008984853997,yes,no NumaSuite EAN; title score 76.8 < 85.0
299900006/0,a2488cdc-c2d3-4860-b7bf-9ceba5e90fe3,299900006/0,tfidf+rapidfuzz,72.12,MOUNTFIELD TRAILER HITCH KIT - MTF92H,Mountfield T30M Gear Drive 2-in-1 Lawn Tractor with Free Trailer,,,yes,no NumaSuite EAN; title score 72.1 < 85.0
299900016/0,MF-DEFLECTOR-TC102-122,299900016/0,tfidf+rapidfuzz,87.32,STIGA REAR DEFLECTOR FOR 92/102/122CM,Mountfield/Stiga Rear Deflector - for 92cm/102cm/122cm Tractors | 299900016/0,,7313321306823,yes,no NumaSuite EAN
299900036/0,MF-299900036/0,299900036/0,tfidf+rapidfuzz,83.53,72CM MULCHING KIT,Mountfield/Stiga Mulching Plug - for 72cm Ride-On Mowers | 299900036/0,,7313321302405,yes,no NumaSuite EAN; title score 83.5 < 85.0
299900046/0,MF-MULCH-PLUG-TC122,299900046/0,tfidf+rapidfuzz,97.0,STIGA MULCHING PLUG 122CM,Mountfield/Stiga Mulching Plug - for 122cm Rear-Collect Tractors | 299900046/0,,7313321302191,yes,no NumaSuite EAN
299900051/0,STIG-DEFLECTOR-99900051/0,299900051/0,tfidf+rapidfuzz,93.65,STIGA 92CM REAR DEFLECTOR,Mountfield/Stiga Rear Deflector - for 92cm & 102cm Tractors | 299900051/0,,7313321305017,yes,no NumaSuite EAN
299900055/0,SIMP-1694958,299900055/0,tfidf+rapidfuzz,77.98,122CM MULCH KIT,Simplicity Mulch-Kit for Broadmoor SLT300 (1694958),,,yes,no NumaSuite EAN; title score 78.0 < 85.0
299900081/0,MF-TOW-BAR-92,299900081/0,tfidf+rapidfuzz,91.21,92CM TOW BAR STIGA,Mountfield/Stiga Tow-Bar - for 92cm Rear-Collect Tractors | 299900081/0,,7313321305024,yes,no NumaSuite EAN
299900135/0,MF-299900135/22,299900135/0,tfidf+rapidfuzz,84.75,MOUNTFIELD MULCH PLUG 66CM,Mountfield/Stiga Mulching Plug - for 66cm Ride-On Mowers | 299900135/0,,8008984618145,yes,no NumaSuite EAN; title score 84.7 < 85.0
299900310/0,ACC-DEFL-84CM,299900310/0,tfidf+rapidfuzz,80.09,MTF 84H REAR DEFLECTOR,Rear Deflector Flor 84cm Mountfield/Stiga Tractors,,,yes,no NumaSuite EAN; title score 80.1 < 85.0
299900341/0,DAN-71901-218,299900341/0,tfidf+rapidfuzz,81.89,MULCH KIT 98CM,Danarm Mulch Kit – for 48cm/53cm 4-Wheeled & Roller Lawnmowers | 71901-218,,0000000000000,yes,no NumaSuite EAN; title score 81.9 < 85.0
299900346/0,MF-299900346/0,299900346/0,tfidf+rapidfuzz,74.15,MULCH PLUG FOR 108CM S/D,Mountfield/Stiga Mulching Plug – for 108cm Side-Discharge Tractors | 299900346/0,,8008984632561,yes,no NumaSuite EAN; title score 74.1 < 85.0
299900370/1,MF-299900370/1,299900370/1,tfidf+rapidfuzz,86.14,MULCHING KIT WITH BLADES FOR 84cm TRACTOR,Mountfield/Stiga Mulching Kit with Blades - for 84cm Rear-Collect Tractors | 299900370/1,,8008984622265,yes,no NumaSuite EAN
299900374/0,MF-Mulch-Plug-299900374/0,299900374/0,tfidf+rapidfuzz,97.0,MULCHING KIT WITH BLADES 98CM,Mountfield/Stiga Mulching Kit with Blades - for 98cm Rear-Collect Tractors | 299900374/0,,8008984510081,yes,no NumaSuite EAN
29990038/0,MF-299900038/1,29990038/0,tfidf+rapidfuzz,85.3,MULCHING KIT 92CM,Mountfield/Stiga Mulching Plug - for 92cm Rear-Collect Tractors | 299900038/1,,7313321302412,yes,no NumaSuite EAN
299900385/0,MF-299900385/0,299900385/0,tfidf+rapidfuzz,77.31,TOW BAR FOR 98CM & 10CM SIDE-DISHCARGE TRACTOR,Mountfield/Stiga Tow Bar - for 98cm & 108cm Side-Discharge Tractors | 299900385/0,,8008984564626,yes,no NumaSuite EAN; title score 77.3 < 85.0
299900395/0,MF-TOW-BAR-84CM-299900395-0,299900395/0,tfidf+rapidfuzz,85.68,TOW BAR FITS 84CM & 98CM,Mountfield Tow Bar - for 84cm & 98cm Rear-Collect Tractors | 299900395/0,,8008984508446,yes,no NumaSuite EAN
2A6107010/S17,STIG-2A6107010/S17,2A6107010/S17,tfidf+rapidfuzz,84.27,STIGA 107CM TOWED GRASS & LEAF COLLECTION FOR FRONT CUT R/O,Stiga 107cm Towed Grass & Leaf Collector for Stiga Park Front-Cut Ride-On Mowers | 2A6107010/S17,,8008984787315,yes,no NumaSuite EAN; title score 84.3 < 85.0
2D5809521/ST2,STIG-2D5809521/ST2,2D5809521/ST2,tfidf+rapidfuzz,84.6,STIGA PARK COMBI 95 Q QUICK FLIP DECK,Stiga Park Combi 95 Q QuickFlip Cutter Deck | 2D5809521/ST2,,,yes,no NumaSuite EAN; title score 84.6 < 85.0
2D6210021/ST2,STIG-2D6210021/ST2,2D6210021/ST2,tfidf+rapidfuzz,84.18,STIGA PARK COMBI 100 Q QUICK FLIP DECK,Stiga Park Combi 100 Q Plus QuickFlip Cutter Deck | 2D6210021/ST2,,8008984832442,yes,no NumaSuite EAN; title score 84.2 < 85.0
2D6312521/ST2,STIG-2D6312521/ST2,2D6312521/ST2,tfidf+rapidfuzz,83.13,STIGA PARK COMBI 125 Q QUICK FLIP DECK,Stiga Park Combi Pro 125 Q Plus QuickFlip Cutter Deck | 2D6312521/ST2,,8008984852877,yes,no NumaSuite EAN; title score 83.1 < 85.0
2F5820421/ST2,STIG-2F5820421/ST2,2F5820421/ST2,tfidf+rapidfuzz,100.0,STIGA PARK 300 FRONT-CUT RIDE-ON LAWNMOWER (EXCLUDING DECK),Stiga Park 300 Front-Cut Ride-On Lawnmower (Excluding Deck),,8008984852235,yes,no NumaSuite EAN
2F6120545/ST2,STIG-2F6120545/ST2,2F6120545/ST2,tfidf+rapidfuzz,100.0,STIGA PARK 500 FRONT-CUT RIDE-ON LAWNMOWER (Excluding Deck),Stiga Park 500 Front-Cut Ride-On Lawnmower (Excluding Deck),,8008984852242,yes,no NumaSuite EAN
2F6120645/ST2,STIG-2F6120545/ST2,2F6120645/ST2,tfidf+rapidfuzz,81.33,STIGA PARK 500 W OUT FRONT TRACTOR (EXCLUDING DECK),Stiga Park 500 Front-Cut Ride-On Lawnmower (Excluding Deck),,8008984852242,yes,no NumaSuite EAN; title score 81.3 < 85.0
2F6130645/ST2,STIG-2F6130645/ST2,2F6130645/ST2,tfidf+rapidfuzz,93.06,STIGA PARK 500 WX (EXCLUDING DECK),Stiga Park 500 WX 4WD V-Twin Front-Cut Ride-On Lawnmower (Excluding Deck),,8008984852761,yes,no NumaSuite EAN
2F6230745/ST2,Park700WX_110Combi,2F6230745/ST2,tfidf+rapidfuzz,90.85,STIGA PARK 700 WX 4WD V-TWIN FRONT CUT MOWER,Stiga Park 700 WX 4WD V-Twin Front-Cut Ride-On Lawnmower Including Combi Pro 110 QF Deck,,8008984852785,yes,no NumaSuite EAN
2F6230845/ST1,STIG-2F6230745/ST2,2F6230845/ST1,tfidf+rapidfuzz,93.13,STIGA PARK 700 WX 4WD V-TWIN FRONT CUT MOWER(EXCLUDING DECK),Stiga Park 700 WX 4WD V-Twin Front-Cut Ride-On Lawnmower (Excluding Deck),,8008984852785,yes,no NumaSuite EAN
2F6230845/ST2,STIG-2F6230625/ST2,2F6230845/ST2,tfidf+rapidfuzz,93.0,STIGA PARK 900 WX 4-WD WX V-TWIN FRONT CUT RIDE ON (EXCLUDING DECK),Stiga Park 900 WX 4WD V-Twin Front-Cut Ride-On Lawnmower (Excluding Deck),,8008984852792,yes,no NumaSuite EAN
2F6430831/ST2,STIG-2F6430831/ST2,2F6430831/ST2,tfidf+rapidfuzz,97.33,STIGA PARK PRO 900 WX 4WD V-TWIN FRONT CUT RIDE ON (EXCLUDING DECK),Stiga Park Pro 900 WX 4WD V-Twin Front-Cut Ride-On Lawnmower (Excluding Deck),,,yes,no NumaSuite EAN
2I0000000/17,STIG-2T1215481/ST1,2I0000000/17,tfidf+rapidfuzz,78.81,STIGA TOWBAR FOR 122CM SIDE DISCHARGE,Stiga Tornado 5108 Side-Discharge Garden Tractor with Hydrostatic Drive,,8008984852471,yes,no NumaSuite EAN; title score 78.8 < 85.0
2I0205000/19,MF-2I0205000/19,2I0205000/19,tfidf+rapidfuzz,70.89,MULCH PLUG  84CM -MP84,Mountfield/Stiga Mulching Plug - for 84cm Rear-Collect Tractors | 2I0205000/19,,8008984819108,yes,no NumaSuite EAN; title score 70.9 < 85.0
2I0205001/19,MF-299900341/0,2I0205001/19,tfidf+rapidfuzz,78.65,MULCH PLUG - 98CM,Mountfield/Stiga Mulching Plug – for 98cm Side-Discharge Tractors | 299900341/0,,8008984632547,yes,no NumaSuite EAN; title score 78.7 < 85.0
2I0300000/17,STIG-2I0300000/17,2I0300000/17,tfidf+rapidfuzz,81.15,MULCH KIT FOR 122CM SIDE DISCHARGE STIGA,Mountfield/Stiga Mulching-Kit with Blades - for 121cm Side-Discharge Tractors | 2I0300000/17,,8008984790674,yes,no NumaSuite EAN; title score 81.2 < 85.0
2L0431048/M19,R-RTN567,2L0431048/M19,tfidf+rapidfuzz,79.48,MOUNTFIELD HP42 PETROL PUSH MOWER,Mountfield SP41 - Self-Propelled Petrol Lawn Mower,,8008984604773,yes,no NumaSuite EAN; title score 79.5 < 85.0
2L0432048/M19,MF-SP42,2L0432048/M19,tfidf+rapidfuzz,93.56,MOUNTFIELD SP42 LAWNMOWER,Mountfield SP42 Self-Propelled Petrol Lawnmower,,8008984815865,yes,no NumaSuite EAN
2L0432048/ST2,STIG-2L0432048/ST2,2L0432048/ST2,tfidf+rapidfuzz,100.0,STIGA COLLECTOR 543 S SELF-PROPELLED PETROL LAWNMOWER,Stiga Collector 543 S Self-Propelled Petrol Lawnmower,,8008984860247,yes,no NumaSuite EAN
2L0432147/MC,AT-2L0432147/MC,2L0432147/MC,tfidf+rapidfuzz,100.0,ATCO CLASSIC 16S 3-IN-1 SELF-PROPELLED PETROL LAWNMOWER,Atco Classic 16S 3-in-1 Self-Propelled Petrol Lawnmower,,8008984857841,yes,no NumaSuite EAN
2L0482008/M24,294386063/M26,2L0482008/M24,tfidf+rapidfuzz,86.32,MOUNTFIELD SP185 Li KIT LAWNMOWER,Mountfield Princess 38 Li KIT 48v Cordless 4-Wheel Rear-Roller Lawnmower (Inc. Battery & Charger),,8008984844018,yes,no NumaSuite EAN
2L0482043/MC,MF-SP185,2L0482043/MC,tfidf+rapidfuzz,96.45,MOUNTFIELD SP185 PETROL SELF PROPELLED LAWNMOWER,Mountfield SP185 3-in-1 Self-Propelled Petrol Lawnmower,,8008984856332,yes,no NumaSuite EAN
2L0482048/M21,2L0486038/M19,2L0482048/M21,tfidf+rapidfuzz,93.75,MOUNTFIELD SP46 LAWNMOWER,Mountfield SP46 Elite 3-in-1 Self-Propelled Petrol Lawnmower (with Honda Engine),,8008984816169,yes,no NumaSuite EAN
2L0486008/UKS,STIG-2L0486008/UKS,2L0486008/UKS,tfidf+rapidfuzz,87.7,STIGA COLLECTOR 548e S KIT48v SELF PROPELLED CORDLESS MOWER,Stiga Collector 548e S KIT 48v Self-Propelled Cordless Lawnmower (Inc. 2 x Batteries & Charger),,8008984862234,yes,no NumaSuite EAN
2L0486047/MC,AT-2L0486047/MC,2L0486047/MC,tfidf+rapidfuzz,97.44,ATCO CLASSIC 18S 3-IN-1 SELF-PROPELLED LAWNMOWER,Atco Classic 18S 3-in-1 Self-Propelled Petrol Lawnmower,,8008984857957,yes,no NumaSuite EAN
2L0486803/M22,MF-299489073/M22,2L0486803/M22,tfidf+rapidfuzz,93.58,MOUNTFIELD EMPRESS 46 LI KIT 4-in-1 SELF PROPELLED CORDLESS MOWER,Mountfield Empress 46 Li KIT 4-in-1 Self-Propelled Cordless Lawnmower (Inc. 2 x Batteries & Charger),,8008984854352,yes,no NumaSuite EAN
2L0487837838/ST2,STIG-2L0487838/ST2,2L0487837838/ST2,tfidf+rapidfuzz,85.62,STIGA COMBI 748V 4 in 1 VARIABLE SPEED MOWER,Stiga Combi 748 V 4-in-1 Variable-Speed Petrol Lawnmower (with Honda Engine),,,yes,no NumaSuite EAN
2L0487838/ST2,STIG-2L0487838/ST2,2L0487838/ST2,tfidf+rapidfuzz,93.65,STIGA COMBI 748 V LAWNMOWER,Stiga Combi 748 V 4-in-1 Variable-Speed Petrol Lawnmower (with Honda Engine),,,yes,no NumaSuite EAN
2L0487978/ST1,STIG-2L0487978/ST1,2L0487978/ST1,tfidf+rapidfuzz,94.95,STIGA COMBI 748e V KIT 48v 4-IN-1 VARIABLE SPEED CORDLESS (INC B&C),Stiga Combi 748e V KIT 48v 4-in-1 Variable-Speed Cordless Lawnmower (Inc. Batteries & Charger),,,yes,no NumaSuite EAN
2L0536038/M21,MF-SP53H,2L0536038/M21,tfidf+rapidfuzz,87.77,MOUNTFIELD SP53 ELITE PETROL MOWER,Mountfield SP53 Elite 3-in-1 Self-Propelled Petrol Lawnmower (with Honda Engine),,8008984843349,yes,no NumaSuite EAN
2L0536047/MC,AT-2L0536047/MC,2L0536047/MC,tfidf+rapidfuzz,93.56,ATCO CLASSIC 20S LAWNMOWER,Atco Classic 20S 3-in-1 Self-Propelled Petrol Lawnmower,,8008984857933,yes,no NumaSuite EAN
2L0536133/MC,MF-2L0536133/MC,2L0536133/MC,tfidf+rapidfuzz,100.0,MOUNTFIELD SP51H 3-IN-1 SELF-PROPELLED PETROL LAWNMOWER (HONDA ENGINE),Mountfield SP51H 3-in-1 Self-Propelled Petrol Lawnmower (with Honda Engine),,,yes,no NumaSuite EAN
2L0536548/ST2,STIG-2L0536848/ST2,2L0536548/ST2,tfidf+rapidfuzz,94.99,STIGA COMBI 753 SE 4-IN-1 SELF PROPELLED PETROL MOWER,Stiga Combi 753 S 4-in-1 Self-Propelled Petrol Lawnmower,,,yes,no NumaSuite EAN
2L0536848/ST2,STIG-2L0536548/ST2,2L0536848/ST2,tfidf+rapidfuzz,79.11,STIGA COMBI 753S PETROL MOWER,Stiga Combi 753 SE 4-in-1 Self-Propelled Petrol Lawnmower with Electric Start,,,yes,no NumaSuite EAN; title score 79.1 < 85.0
2L0537838/ST2,STIG-2L0537838/ST2,2L0537838/ST2,tfidf+rapidfuzz,88.36,STIGA COMBI 753V 4 in 1 VARIABLE SPEED MOWER (HONDA ENGINE),Stiga Combi 753 V 4-in-1 Variable-Speed Petrol Lawnmower (with Honda Engine),,8008984852167,yes,no NumaSuite EAN
2T0050483/CAS,827M-RET,2T0050483/CAS,tfidf+rapidfuzz,94.54,MOUNTFIELD MTF 66 MQ COMPACT RIDE-ON MOWER,Mountfield MTF 66 MQ Compact Rear-Collect Ride-On Mower with Manual Drive (Ex-Display),,8008984847804,yes,no NumaSuite EAN
2T0053404/A22,MF-2T2630483/M22,2T0053404/A22,tfidf+rapidfuzz,73.89,ALPINA AT2 66 QA PETROL GARDEN TRACTOR,SHOP SOILED Mountfield 1638H Rear-Collect V-Twin Garden Tractor with Hydrostatic Drive - INCLUDING FREE PETROL BLOWER VAC WORTH £119.95!!,,8008984851542,yes,no NumaSuite EAN; title score 73.9 < 85.0
2T0070481/ST2,PARK500W_100COMBI,2T0070481/ST2,tfidf+rapidfuzz,88.03,STIGA COMBI 166 RIDE ON LAWNMOWER,Stiga Park 500 W V-Twin Front-Cut Ride-On Lawnmower Including Combi 100 Q Plus Deck,,,yes,no NumaSuite EAN
2T0210481/ST2,STIG-2T0210481/ST2,2T0210481/ST2,tfidf+rapidfuzz,93.38,STIGA COMBI 372 RIDE-ON MOWER,Stiga Combi 372 Compact Rear-Collect Ride-On Mower with Hydrostatic Drive,,8008984852181,yes,no NumaSuite EAN
2T0210483/M22,MF-2T0210483/M22,2T0210483/M22,tfidf+rapidfuzz,100.0,MOUNTFIELD 1328H COMPACT REAR-COLLECT RIDE-ON MOWER WITH HYDROSTATIC DRIVE,Mountfield 1328H Compact Rear-Collect Ride-On Mower with Hydrostatic Drive,,8008984851825,yes,no NumaSuite EAN
2T0250481/ST1M,STIG-277300008/ST2,2T0250481/ST1M,tfidf+rapidfuzz,69.98,STIGA SWIFT 372E CORDLESS RIDER,Stiga HT 700e 48v Cordless Hedgetrimmer (Tool Only),,8008984854932,yes,no NumaSuite EAN; title score 70.0 < 85.0
2T0510404/A22,C-2T0053404/A22,2T0510404/A22,tfidf+rapidfuzz,87.17,ALPINA AT3 98 A SIDE DISCHARGE RIDE ON MOWER,Alpina AT2 66 QA Compact Rear-Collect & Side-Discharge Ride-On Mower with Manual Drive,,8008984851313,yes,no NumaSuite EAN
2T0510481-RET,STIG-2T0610481/ST1,2T0510481-RET,tfidf+rapidfuzz,80.25,STIGA TORNADO 398 M - EX DEMO,Stiga Tornado 398 Side-Discharge Lawn Tractor with Hydrostatic Drive,,,yes,no NumaSuite EAN; title score 80.2 < 85.0
2T0510481/ST3,STIGA-398M,2T0510481/ST3,tfidf+rapidfuzz,98.81,STIGA TORNADO 398 M SIDE-DISCHARGE LAWN TRACTOR,Stiga Tornado 398M Side-Discharge Lawn Tractor,,,yes,no NumaSuite EAN
2T0510483/M25,MF-2T0510483/M25,2T0510483/M25,tfidf+rapidfuzz,100.0,MOUNTFIELD 1538M-SD SIDE-DISCHARGE LAWN TRACTOR WITH MANUAL DRIVE,Mountfield 1538M-SD Side-Discharge Lawn Tractor with Manual Drive,,8008984869103,yes,no NumaSuite EAN
2T0515403/CAS,MF-2T0515403/CAS,2T0515403/CAS,tfidf+rapidfuzz,98.5,MOUNTFIELD MTF 98M SD SIDE-DISCHARGE LAWN TRACTOR,Mountfield MTF 98M SD Side-Discharge Lawn Tractor with Manual Drive,,8008984856707,yes,no NumaSuite EAN
2T0610481/ST1,STIG-2T0610481/ST1,2T0610481/ST1,tfidf+rapidfuzz,90.91,STIGA TORNADO 398 H LAWN TRACTOR,Stiga Tornado 398 Side-Discharge Lawn Tractor with Hydrostatic Drive,,,yes,no NumaSuite EAN
2T0610483/M22,C-2T0610483/M22,2T0610483/M22,tfidf+rapidfuzz,98.5,MOUNTFIELD MTF 98H SD SIDE-DISCHARGE LAWN TRACTOR,Mountfield MTF 98H-SD Side-Discharge Lawn Tractor with Hydrostatic Drive,,8008984851870,yes,no NumaSuite EAN
2T0620483/M25,MF-2T0620483/M25,2T0620483/M25,tfidf+rapidfuzz,98.5,MOUNTFIELD 1538H-SD SIDE-DISCHARGE LAWN TRACTOR,Mountfield 1538H-SD Side-Discharge Lawn Tractor with Hydrostatic Drive,,8008984869110,yes,no NumaSuite EAN
2T0780481/ST1,STIG-2T0780481/ST1,2T0780481/ST1,tfidf+rapidfuzz,94.54,STIGA ESTATE 792 TRACTOR,Stiga Estate 792 Rear-Collect Lawn Tractor with Hydrostatic Drive,,,yes,no NumaSuite EAN
2T0785447/AT1,AT-2T0785447/AT1,2T0785447/AT1,tfidf+rapidfuzz,100.0,ATCO GTX 36H REAR-COLLECT V-TWIN GARDEN TRACTOR WITH HYDROSTATIC DRIVE,Atco GTX 36H Rear-Collect V-Twin Garden Tractor with Hydrostatic Drive,,,yes,no NumaSuite EAN
2T0785481/ST1,STIG-2T0785481/ST1,2T0785481/ST1,tfidf+rapidfuzz,93.02,STIGA 792 W TRACTOR,Stiga Estate 792 W Rear-Collect V-Twin Garden Tractor with Hydrostatic Drive,,,yes,no NumaSuite EAN
2T0940681/ST1,STIG-2T0940681/ST1,2T0940681/ST1,tfidf+rapidfuzz,97.0,STIGA ESTATE 9102 W,Stiga Estate 9102 W Rear-Collect V-Twin Garden Tractor with Hydrostatic Drive,,,yes,no NumaSuite EAN
2T1200403/CAS,MF-2T1210403/CAS,2T1200403/CAS,tfidf+rapidfuzz,98.5,MOUNTFIELD MTF 108H SD SIDE-DISCHARGE LAWN TRACTOR,Mountfield MTF 108H SD Side-Discharge Lawn Tractor with Hydrostatic Drive,,,yes,no NumaSuite EAN
2T1210447-GROUNDFEST,STIG-S300,2T1210447-GROUNDFEST,tfidf+rapidfuzz,71.21,ATCO GT43 HR SIDE DISCHARGE TRACTOR - GROUNDFEST,Stiga e-Ride S300 Battery-Powered Side-Discharge Lawn Tractor with Stepless Electronic Drive,,8008984842175,yes,no NumaSuite EAN; title score 71.2 < 85.0
2T1215481/ST1,STIG-2T1215481/ST1,2T1215481/ST1,tfidf+rapidfuzz,97.0,STIGA TORNADO 5108,Stiga Tornado 5108 Side-Discharge Garden Tractor with Hydrostatic Drive,,8008984852471,yes,no NumaSuite EAN
2T1310481/ST3,2T1315481/ST1,2T1310481/ST3,tfidf+rapidfuzz,81.73,STIGA ESTATE 7122 W TWIN CYLINDER LAWN TRACTOR,Stiga Estate 7122 W Rear-Collect V-Twin Garden Tractor with Hydrostatic Drive,,8008984869196,yes,no NumaSuite EAN; title score 81.7 < 85.0
2T1430381/ST2,STIG-2T0985481/ST1,2T1430381/ST2,tfidf+rapidfuzz,82.01,STIGA ESTATE 9102 WX HONDA GXV,Stiga Estate 9102 WX 4WD Rear-Collect V-Twin Garden Tractor with Hydrostatic Drive,,,yes,no NumaSuite EAN; title score 82.0 < 85.0
2T1835381/ST1,STIG-2T1835481/ST1,2T1835381/ST1,tfidf+rapidfuzz,84.69,STIGA TORNADO 7108 W SPECIAL RIDE-ON SIDE DISCHARGE,Stiga Tornado 7108 W Side-Discharge V-Twin Garden Tractor with Hydrostatic Drive,,8008984852501,yes,no NumaSuite EAN; title score 84.7 < 85.0
2T1835481/ST1,STIG-2T1835481/ST1,2T1835481/ST1,tfidf+rapidfuzz,100.0,STIGA TORNADO 7108 W SIDE-DISCHARGE V-TWIN GARDEN TRACTOR WITH HYDROSTATIC DRIVE,Stiga Tornado 7108 W Side-Discharge V-Twin Garden Tractor with Hydrostatic Drive,,8008984852501,yes,no NumaSuite EAN
2T2000404/A22,MF-2T2005403/CAS,2T2000404/A22,tfidf+rapidfuzz,84.0,ALPINA AT4 84 A REAR-COLLECT LAWN TRACTOR,SLIGHTLY USED - Mountfield MTF 84 M Rear-Collect Lawn Tractor with Manual Drive,,,yes,no NumaSuite EAN; title score 84.0 < 85.0
2T2000481/ST3,STIG-2T2000481/ST3,2T2000481/ST3,tfidf+rapidfuzz,93.8,STIGA ESTATE 384 M LAWN TRACTOR,Stiga Estate 384 M Rear-Collect Lawn Tractor with Manual Drive,,8008984852198,yes,no NumaSuite EAN
2T2005403/CAS,MF-2T2005403/CAS,2T2005403/CAS,tfidf+rapidfuzz,89.11,MOUNTFIELD MTF 84M TRACTOR,SLIGHTLY USED - Mountfield MTF 84 M Rear-Collect Lawn Tractor with Manual Drive,,,yes,no NumaSuite EAN
2T2100481/ST1,STIG-2T2100481/ST1,2T2100481/ST1,tfidf+rapidfuzz,95.7,STIGA ESTATE 384 LAWN TRACTOR HYDROSTATIC,Stiga Estate 384 Rear-Collect Lawn Tractor with Hydrostatic Drive,,,yes,no NumaSuite EAN
2T2105403/CAS,MF-2T2105403/CAS,2T2105403/CAS,tfidf+rapidfuzz,89.45,MOUNTFIELD MTF 84H TRACTOR,Mountfield MTF 84 H Rear-Collect Lawn Tractor with Hydrostatic Drive,,8008984856189,yes,no NumaSuite EAN
2T2110447/AT2,AT-2T2110447/AT2,2T2110447/AT2,tfidf+rapidfuzz,100.0,ATCO GT 30H REAR-COLLECT LAWN TRACTOR WITH HYDROSTATIC DRIVE,Atco GT 30H Rear-Collect Lawn Tractor with Hydrostatic Drive,,8008984851757,yes,no NumaSuite EAN
2T2120483/M25,MF-2T2120483/M25,2T2120483/M25,tfidf+rapidfuzz,93.65,MOUNTFIELD 1530H LAWN TRACTOR,Mountfield 1530H Rear-Collect Lawn Tractor with Hydrostatic Drive,,8008984868878,yes,no NumaSuite EAN
2T2200481/ST2,STIG-2T2200481/ST1,2T2200481/ST2,tfidf+rapidfuzz,100.0,STIGA ESTATE 384E BATTERY-POWERED REAR-COLLECT LAWN TRACTOR WITH STEPLESS ELECTRONIC DRIVE,Stiga Estate 384e Battery-Powered Rear-Collect Lawn Tractor with Stepless Electronic Drive,,,yes,no NumaSuite EAN
2T2205481/ST2,STIG-2T2205481/ST2,2T2205481/ST2,tfidf+rapidfuzz,94.46,STIGA ESTATE 584E BATTERY-POWERED LAWN TRACTOR,Stiga Estate 584e Battery-Powered Rear-Collect Lawn Tractor with Stepless Electronic Drive,,,yes,no NumaSuite EAN
2T2610403/CAS,MF-2T2620403/CAS,2T2610403/CAS,tfidf+rapidfuzz,93.8,MOUNTFIELD MTF 98H LAWN TRACTOR,Mountfield MTF 98H Rear-Collect Lawn Tractor with Hydrostatic Drive,,8008984856677,yes,no NumaSuite EAN
2T2620481/ST2,STIG-2T2620481/ST2,2T2620481/ST2,tfidf+rapidfuzz,94.54,STIGA ESTATE 598 TRACTOR,Stiga Estate 598 Rear-Collect Lawn Tractor with Hydrostatic Drive,,,yes,no NumaSuite EAN
2T2620483/M25,MF-2T2620483/M25,2T2620483/M25,tfidf+rapidfuzz,93.65,MOUNTFIELD 1538H LAWN TRACTOR,Mountfield 1538H Rear-Collect Lawn Tractor with Hydrostatic Drive,,8008984869097,yes,no NumaSuite EAN
2T2630447/AT2,AT-2T2630447/AT2,2T2630447/AT2,tfidf+rapidfuzz,98.5,ATCO GT 38H REAR-COLLECT V-TWIN GARDEN TRACTOR,Atco GT 38H Rear-Collect V-Twin Garden Tractor with Hydrostatic Drive,,8008984851764,yes,no NumaSuite EAN
2T2630481/ST2,STIG-2T2620481/ST2,2T2630481/ST2,tfidf+rapidfuzz,91.34,STIGA ESTATE 598 W LAWN TRACTOR,Stiga Estate 598 Rear-Collect Lawn Tractor with Hydrostatic Drive,,,yes,no NumaSuite EAN
3014,MF-281210003/21,3014,tfidf+rapidfuzz,56.17,TYDON TYPE FUEL HOSE PIPE (2 STROKE) (1 FEET),Mountfield TR 425 HJ 4-Stroke Curved-Shaft Petrol Grass-Trimmer (Honda Engine),,8008984843646,yes,no NumaSuite EAN; title score 56.2 < 85.0
31062-169,CS-3410,31062-169,tfidf+rapidfuzz,30.82,LOCK BOLT,Echo CS-3410 Petrol 2-Stroke Chainsaw,,,yes,no NumaSuite EAN; title score 30.8 < 85.0
3171,GV-F-1200-10LR,3171,tfidf+rapidfuzz,55.16,10 AMP DURAPLUG 2 CORE,10 Litre Red Steel Jerry Can (F-1200),,,yes,no NumaSuite EAN; title score 55.2 < 85.0
322055263/0,JR-BC001,322055263/0,tfidf+rapidfuzz,58.81,UPPER COVER BLACK,Protective Cover for Lawnmowers - JR BCH001,,,yes,no NumaSuite EAN; title score 58.8 < 85.0
322060290/0,HAN-THGR,322060290/0,tfidf+rapidfuzz,66.86,L/H ROLLER COVER,The Handy TH-GR Garden Roller,,5060012803230,yes,no NumaSuite EAN; title score 66.9 < 85.0
322140250/0,MF-299900346/0,322140250/0,tfidf+rapidfuzz,82.79,MOUNTFIELD MULCH PLUG,Mountfield/Stiga Mulching Plug – for 108cm Side-Discharge Tractors | 299900346/0,,8008984632561,yes,no NumaSuite EAN; title score 82.8 < 85.0
322394516/0,FAST175P-RET,322394516/0,tfidf+rapidfuzz,31.83,HEIGHT ADJUST KNOB,Feider FAST175P Hand-Propelled Wheeled Garden Vacuum (Ex-Demo),,3661602025692,yes,no NumaSuite EAN; title score 31.8 < 85.0
322601911/2,SMP-LFT85,322601911/2,tfidf+rapidfuzz,62.76,PLASTIC DRIVE PULLEY,Lifetime 8x5 Heavy Duty Plastic Shed - NEW EDITION,,,yes,no NumaSuite EAN; title score 62.8 < 85.0
325110391/0,JR-BC001,325110391/0,tfidf+rapidfuzz,59.99,BRAKE PEDAL COVER,Protective Cover for Lawnmowers - JR BCH001,,,yes,no NumaSuite EAN; title score 60.0 < 85.0
325140105/0,MF-299900036/0,325140105/0,tfidf+rapidfuzz,93.02,MULCHING PLUG STIGA,Mountfield/Stiga Mulching Plug - for 72cm Ride-On Mowers | 299900036/0,,7313321302405,yes,no NumaSuite EAN
325140108/0,LF-PRO-REAR-DEFLECTOR-71901-924,325140108/0,tfidf+rapidfuzz,66.36,PLASTIC DEFLECTOR PLATE,Lawnflite-Pro Rear Deflector - for Lawnflite-Pro Rear-Collect Mowers (71901-924),,,yes,no NumaSuite EAN; title score 66.4 < 85.0
325318277/0,SVC-PUNCTURE-PREV,325318277/0,tfidf+rapidfuzz,42.69,MICRO SWITCH LEVER,Pre-delivery Puncture Prevention Service,,,yes,no NumaSuite EAN; title score 42.7 < 85.0
325601599/0,JR-0FT001,325601599/0,tfidf+rapidfuzz,55.43,STEEL PULLEY - 1436H - 1638H,3 Tier Steel Saw Horse Solid Steel  JR-FT001,,3760011422563,yes,no NumaSuite EAN; title score 55.4 < 85.0
325785418/0,DDS007,325785418/0,tfidf+rapidfuzz,65.04,METAL SUPPORT PLATE,3-Tooth Metal Brushcutter-Blade -,,3760011421337,yes,no NumaSuite EAN; title score 65.0 < 85.0
325820109/1,MF-327107506/0,325820109/1,tfidf+rapidfuzz,49.6,SEAT SUPPORT MTF,Mountfield Side-Discharge Chute - for MTF 66 MQ | 327107506/0,,7313323035066,yes,no NumaSuite EAN; title score 49.6 < 85.0
325840029/0,OY-64-961,325840029/0,tfidf+rapidfuzz,57.98,TRACKING BAR,Roughneck 'Gorilla' 5-Piece Wrecking-Bar Set | 64-961,,0293297578075,yes,no NumaSuite EAN; title score 58.0 < 85.0
327045072/0,HCS870,327045072/0,tfidf+rapidfuzz,36.05,STEERING ROD JOINT BUSH - 66RDB - 827H,"Chipperfield HCS870 Petrol Scythe-Bar Mower — 87cm, 196cc Loncin Engine",,5061122340295,yes,no NumaSuite EAN; title score 36.0 < 85.0
327060111/1,PRT014,327060111/1,tfidf+rapidfuzz,71.73,DECK PROTECTION COVER,Mesh Protection-Visor with Ear Defenders - JR PRT014,,3760011422709,yes,no NumaSuite EAN; title score 71.7 < 85.0
327107506/0,MF-327107506/0,327107506/0,tfidf+rapidfuzz,89.61,SIDE DISCHARGE CHUTE - FITS MTF 66 MQ,Mountfield Side-Discharge Chute - for MTF 66 MQ | 327107506/0,,7313323035066,yes,no NumaSuite EAN
327110514/0,STIG-278131808/St1,327110514/0,tfidf+rapidfuzz,56.22,REAR PANEL RED     FITS 66MQ,Stiga Fast Charger | Fits E-Ride Models,,,yes,no NumaSuite EAN; title score 56.2 < 85.0
33270559,JR-FAA0004,33270559,tfidf+rapidfuzz,97.0,AIR FILTER,AIR FILTER BR690610 498596 697029,,3760011421443,yes,no NumaSuite EAN
335M1020,JR-LTD0015,335M1020,tfidf+rapidfuzz,73.89,BLADE BOLT,BLADE TORO 55CM 108-9783-03 20655 20658 20954 20955 20956 58,,3760011422549,yes,no NumaSuite EAN; title score 73.9 < 85.0
3460,FAA008,3460,tfidf+rapidfuzz,75.65,BRIGGS AND STRATTON CARBURETTOR,Lawn Mower Air Filter -  JR Spares - JR-FAA0008 fits Briggs and Stratton,,3760011421481,yes,no NumaSuite EAN; title score 75.6 < 85.0
3604,STIG-Titan-Snow-Chains-13-7914-11,3604,tfidf+rapidfuzz,58.29,INNER TUBE 13 X 500 X 6 TR13,"Stiga Titan Snow Chains 20"" x 10 (13-7914-11)",,,yes,no NumaSuite EAN; title score 58.3 < 85.0
372E-RET,STIG-80V-HARNESS,372E-RET,tfidf+rapidfuzz,72.7,STIGA SWIFT 372E BATTERY RIDER  - EX DEMO,Stiga 80v Battery Harness,,0000000000000,yes,no NumaSuite EAN; title score 72.7 < 85.0
3806063R,BERT-BT195,3806063R,tfidf+rapidfuzz,78.15,SCREW BERTOLINI,Bertolini BT195 Petrol Front-Tine Cultivator with Reverse Drive,,8026619069933,yes,no NumaSuite EAN; title score 78.2 < 85.0
381007048/0,JR-LAN0004,381007048/0,tfidf+rapidfuzz,69.94,LOWER HANDLE MOUNTFIELD,RECOIL HANDLE,,3760011422327,yes,no NumaSuite EAN; title score 69.9 < 85.0
381008639/0,JR-AFC0024,381008639/0,tfidf+rapidfuzz,58.4,GRASSCATCHER SCREW KIT,SHARPENING KIT,,3760011420279,yes,no NumaSuite EAN; title score 58.4 < 85.0
381103360/0,RAC-26PHT-2,381103360/0,tfidf+rapidfuzz,69.98,LOCKING HANDLE,Racing 26-PHT Petrol Hedgetrimmer with Rotating Handle,,3661602008787,yes,no NumaSuite EAN; title score 70.0 < 85.0
3819013R,BERT-BT401S,3819013R,tfidf+rapidfuzz,65.05,GROWER WASHER BERTOLINI,Bertolini BT401S Petrol-Powered Scythe Mower (Honda Engine),,,yes,no NumaSuite EAN; title score 65.1 < 85.0
382207204/1,LFP-553HRS,382207204/1,tfidf+rapidfuzz,72.73,BLADE SHAFT ASSEMBLY,Lawnflite-Pro 553HRS Professional Shaft-Driven Petrol Rear-Roller Lawnmower with Blade-Brake Clutch & Honda Engine,,,yes,no NumaSuite EAN; title score 72.7 < 85.0
382230373/1,SBSCSC,382230373/1,tfidf+rapidfuzz,42.05,STUB AXLE - R/H,Spectrum SBSCSC 40V Fast Battery Charger (2A),,5065022450696,yes,no NumaSuite EAN; title score 42.1 < 85.0
382230375/1,SBSCSC,382230375/1,tfidf+rapidfuzz,39.21,STUB AXLE - L/H,Spectrum SBSCSC 40V Fast Battery Charger (2A),,5065022450696,yes,no NumaSuite EAN; title score 39.2 < 85.0
382722471/2,EIN-4513501,382722471/2,tfidf+rapidfuzz,49.57,PC BOARD SD,Einhell TE-SD 3.6/1 Li Cordless Screwdriver | 4513501,,4006825622744,yes,no NumaSuite EAN; title score 49.6 < 85.0
387605008/0,SVC-PUNCTURE-PREV,387605008/0,tfidf+rapidfuzz,39.66,TENSION PULLEY,Pre-delivery Puncture Prevention Service,,,yes,no NumaSuite EAN; title score 39.7 < 85.0
389605008/0,SVC-PUNCTURE-PREV,389605008/0,tfidf+rapidfuzz,44.43,TENTION PULLEY,Pre-delivery Puncture Prevention Service,,,yes,no NumaSuite EAN; title score 44.4 < 85.0
38LP13S,CT07,38LP13S,tfidf+rapidfuzz,63.84,"GO PART CHAIN SAW CHAIN 3/8"" 1.3MM (SOLD PER LINK)""","JR CT07 Chainsaw Chain 3/8"" P 1.3mm (30cm / 44 Links)",,3760011420910,yes,no NumaSuite EAN; title score 63.8 < 85.0
3997815,HAN-HP-142,3997815,tfidf+rapidfuzz,57.72,OIL SEAL    FITS B&S,Handy 5-litres SAE30 4-Stroke Engine Oil,,,yes,no NumaSuite EAN; title score 57.7 < 85.0
3PRONGPLUG,TFN012,3PRONGPLUG,tfidf+rapidfuzz,61.07,3 PRONG PLUG HEAD,Universal Aluminium Trimmer-Head for 30cc+ Brushcutters - Suitable for 3.3 to 4.7mm Line -JR TFN012,,3760011422891,yes,no NumaSuite EAN; title score 61.1 < 85.0
410002,HAN-THGR,410002,tfidf+rapidfuzz,63.1,HAYTER REAR ROLLER SUPPORT BRACKET L/H,The Handy TH-GR Garden Roller,,5060012803230,yes,no NumaSuite EAN; title score 63.1 < 85.0
410016,HY-HYTC9003,410016,tfidf+rapidfuzz,59.44,HAYTER ROLLER SUPPORT BRACKET R/H,Hyundai 7-Drawer Caster-Mounted Roller Cabinet | HYTC9003,,,yes,no NumaSuite EAN; title score 59.4 < 85.0
410032,HAY-LAWNMOWER-COVER,410032,tfidf+rapidfuzz,71.86,HAYTER WHEEL COVER L/H,Hayter Lawnmower Cover,,,yes,no NumaSuite EAN; title score 71.9 < 85.0
410050,SVC-PUNCTURE-PREV,410050,tfidf+rapidfuzz,41.13,GENUINE HAYTER COUNTER BALANCE SPRING,Pre-delivery Puncture Prevention Service,,,yes,no NumaSuite EAN; title score 41.1 < 85.0
4108,JR-BOU001,4108,tfidf+rapidfuzz,78.09,SPARK PLUG -                           BPR6HS,Spark Plug - JR BOU001 ( Equivalent to CHAMPION RJ19LM OR NGK BR21LM),,3760011423485,yes,no NumaSuite EAN; title score 78.1 < 85.0
419091,MASP-419091,419091,tfidf+rapidfuzz,100.0,MASPORT OLYMPIC 500 CYLINDER MOWER,Masport Olympic 500 Cylinder Mower,,,yes,no NumaSuite EAN
42951-VF0-000,AP-946162350,42951-VF0-000,tfidf+rapidfuzz,62.62,FRONT ADJUSTER PLATE,Apache Euro 5 Petrol Front-Tine Cultivator,,0000000000000,yes,no NumaSuite EAN; title score 62.6 < 85.0
42952-VA3-E40,SBSCBC,42952-VA3-E40,tfidf+rapidfuzz,39.37,GRIP ADJUSTER RUBBER,Spectrum SBSCBC 40V Standard Battery Charger (0.5A),,5065022450719,yes,no NumaSuite EAN; title score 39.4 < 85.0
43008G-AF,MANT-9222,43008G-AF,tfidf+rapidfuzz,97.0,WHEEL,Mantis Wheel-Kit | 9222,,,yes,no NumaSuite EAN
43349,FAA008,43349,tfidf+rapidfuzz,93.3,AIR FILTER   BRIGGS,Lawn Mower Air Filter -  JR Spares - JR-FAA0008 fits Briggs and Stratton,,3760011421481,yes,no NumaSuite EAN
44049A,JR-FAA0004,44049A,tfidf+rapidfuzz,78.65,PRE FILTER,AIR FILTER BR690610 498596 697029,,3760011421443,yes,no NumaSuite EAN; title score 78.7 < 85.0
448999901,GC-SC4240P-RTN,448999901,tfidf+rapidfuzz,47.44,DISPLAY DASH P.C.B BOARD,Einhell GC-SC 4240-P Petrol Lawn Scarifier - Refurbished,,4006825638073,yes,no NumaSuite EAN; title score 47.4 < 85.0
45-0101,AGFA-45-0101,45-0101,tfidf+rapidfuzz,92.76,AGRI-FAB 340kg STEEL TRAILER,Agri-Fab 340kg-Capacity Steel Tipping-Trailer | 45-0101,,4006825609011,yes,no NumaSuite EAN
45-0267,AGFA-45-0267,45-0267,tfidf+rapidfuzz,91.99,AGRI FAB 45-0267 ROLLER 60CM,Agri-Fab 60cm Push/Tow Lawn & Garden Roller | 45-0267,,52613452677,yes,no NumaSuite EAN
45-0288,AGFA-45-0288,45-0288,tfidf+rapidfuzz,97.16,AGRI-FAB 45-0288 79KG-CAPACITY TOW BEHIND SPREADER,Agri-Fab 79kg-Capacity Tow-Behind Drop Spreader | 45-0288,,52613452882,yes,no NumaSuite EAN
45-0294,AGFA-45-0294,45-0294,tfidf+rapidfuzz,100.0,AGRI-FAB 102CM SPRING-TINE DETHATCHER | 45-0294,Agri-Fab 102cm Spring-Tine Dethatcher | 45-0294,,,yes,no NumaSuite EAN
45-0457,AGFA-45-0544,45-0457,tfidf+rapidfuzz,72.94,"AGRI-FAB 41"" SPIKE AERATOR (BASE NEEDED)""",Agri-Fab 102cm Towed Spike-Aerator | 45-0544,,,yes,no NumaSuite EAN; title score 72.9 < 85.0
45-0458,AGFA-45-0457,45-0458,tfidf+rapidfuzz,74.74,"AGRI-FAB 42"" DETHATCHER (NEEDS BASE)""",Agri-Fab SmartLINK™ 104cm Spring-Tine Dethatcher | 45-0457,,,yes,no NumaSuite EAN; title score 74.7 < 85.0
45-0473,AGFA-45-0474,45-0473,tfidf+rapidfuzz,87.38,AGRI-FAB SMARTLINK BASE,Agri-Fab SmartLINK™ 104cm Core Aerator | 45-0474,,52613102640,yes,no NumaSuite EAN
45-0527,AGFA-45-0527,45-0527,tfidf+rapidfuzz,96.13,AGRI-FAB 50kg TOWED BROADCAST SPREADER,Agri-Fab 50kg-Capacity Towed Broadcast Spreader | 45-0527,,,yes,no NumaSuite EAN
450916,MASP-450916,450916,tfidf+rapidfuzz,100.0,MASPORT LAWN EDGER,Masport Lawn Edger,,9414974509161,yes,no NumaSuite EAN
4526,JR-FAA001,4526,tfidf+rapidfuzz,72.32,"Atco Balmoral, Commodore, Ensign Air Filter",AIR FILTER JR-FAA001,,,yes,no NumaSuite EAN; title score 72.3 < 85.0
4586,JR-FAA0004,4586,tfidf+rapidfuzz,83.98,GGP AIR FILTER,AIR FILTER BR690610 498596 697029,,3760011421443,yes,no NumaSuite EAN; title score 84.0 < 85.0
464042380080,R210,464042380080,tfidf+rapidfuzz,38.5,SHIED - TRAILING,Rato Horizontal Engine,,,yes,no NumaSuite EAN; title score 38.5 < 85.0
464923,MASP-483809,464923,tfidf+rapidfuzz,90.68,MASPORT 150 ST HAND PROPELLED PETROL MOWER,Masport 200 ST Hand-Propelled Petrol Lawnmower,,,yes,no NumaSuite EAN
4650,CV3680XA,4650,tfidf+rapidfuzz,54.75,"HONDA HRB475C, HRB476, GCV135, GCV160 CARBURETTOR MOUNTING MANIFOLD GASKETS",Honda CV3680XABM Fast Battery Charger,,,yes,no NumaSuite EAN; title score 54.8 < 85.0
465741,MASP-465741,465741,tfidf+rapidfuzz,95.48,MASPORT 200 ST L HAND PROPELLED PETROL MOWER,Masport 200 ST L Hand-Propelled Petrol Lawnmower,,9414974657411,yes,no NumaSuite EAN
465743,MASP-465743,465743,tfidf+rapidfuzz,96.37,MASPORT 300 AL L HAND PROPELLED PETROL MOWER (ALUMINIUM DECK),Masport 300 AL L Hand-Propelled Petrol Lawnmower with Aluminium Deck,,9414974657435,yes,no NumaSuite EAN
47481,STIG-107CM-RUB-SCRAPER,47481,tfidf+rapidfuzz,61.77,HAYTER HARRIER 48 BLADE (NEW TYPE),Stiga Rubber Scraper Bar for 107cm Snow Blade | 13-3904-61,,7313321307714,yes,no NumaSuite EAN; title score 61.8 < 85.0
480149,19158015,480149,tfidf+rapidfuzz,68.09,"19"" BLADE -                                    FITS HARRIER 48""",Blade - Fits Feider FTDT5175ES Lawnmower | MowDirect,,,yes,no NumaSuite EAN; title score 68.1 < 85.0
480955,MASP-480955,480955,tfidf+rapidfuzz,86.28,MASPORT WIDECUT 800 ST SP COMBINATION 3-IN-1 S/P LAWNOWER,Masport Widecut 800 ST SP Combination 3-in-1 Self-Propelled Petrol Lawnmower,,,yes,no NumaSuite EAN
493909,FAA008,493909,tfidf+rapidfuzz,77.05,BRIGGS & STRATTON 12HP-15HP AUR FILTER,Lawn Mower Air Filter -  JR Spares - JR-FAA0008 fits Briggs and Stratton,,3760011421481,yes,no NumaSuite EAN; title score 77.0 < 85.0
5092,ST-FS56-C-E,5092,tfidf+rapidfuzz,58.62,CARBURETTOR GASKET KIT   STIHL,STIHL FS56 C-E Lightweight Brushcutter with ErgoStart,,,yes,no NumaSuite EAN; title score 58.6 < 85.0
5253,JR-FAA001,5253,tfidf+rapidfuzz,72.32,"STIHL BG72, FS76, HS74 AIR FILTER",AIR FILTER JR-FAA001,,,yes,no NumaSuite EAN; title score 72.3 < 85.0
5287,JR-FAA001,5287,tfidf+rapidfuzz,73.15,AIR FILTER -     FITS KAWASAKI FJ15V ENGINE     M,AIR FILTER JR-FAA001,,,yes,no NumaSuite EAN; title score 73.1 < 85.0
5321932-14,OLY-39-014,5321932-14,tfidf+rapidfuzz,61.29,BELT - CUTTER                            BELTA89,"Olympia 14"" Bolt Cutter, Centre Cut - (39-014)",,0025997390149,yes,no NumaSuite EAN; title score 61.3 < 85.0
5335,JR-FAA0004,5335,tfidf+rapidfuzz,97.0,AIR FILTER,AIR FILTER BR690610 498596 697029,,3760011421443,yes,no NumaSuite EAN
5358,FAA008,5358,tfidf+rapidfuzz,73.73,PRE FILTER -               FITS 5335,Lawn Mower Air Filter -  JR Spares - JR-FAA0008 fits Briggs and Stratton,,3760011421481,yes,no NumaSuite EAN; title score 73.7 < 85.0
5370458-01,R210,5370458-01,tfidf+rapidfuzz,54.57,GENUINE HUSQVARNA PROTECTOR,Rato Horizontal Engine,,,yes,no NumaSuite EAN; title score 54.6 < 85.0
5371863-01,JR-FAA0004,5371863-01,tfidf+rapidfuzz,72.32,HUSQVARNA AIR FILTER,AIR FILTER BR690610 498596 697029,,3760011421443,yes,no NumaSuite EAN; title score 72.3 < 85.0
547S,STIG-298472048/ST2,547S,tfidf+rapidfuzz,87.48,STIGA MULTICLIP 547S,Stiga Multiclip 547 S Self-Propelled Petrol Mulching Lawnmower,,8008984851979,yes,no NumaSuite EAN
5671,BOU004,5671,tfidf+rapidfuzz,68.68,7MM SPARK PLUG CAP & WIRE,Spark Plug - JR BOU004 ( Equivalent to NGK BPR5ES OR CHAMPION RN11YC),,3760011423515,yes,no NumaSuite EAN; title score 68.7 < 85.0
5711-20,JR-CARB0001,5711-20,tfidf+rapidfuzz,60.18,"FUEL LINE -    3/8""   13MM DIAMETER    (1 FOOT LENGTH)""",FUEL PIPE INNER DIAMETER 6.35MM OUTER 12.7MM L30CM,,3760011420552,yes,no NumaSuite EAN; title score 60.2 < 85.0
5711-3,JR-LAN0008,5711-3,tfidf+rapidfuzz,57.15,Black Rubber Fuel Hose Pipe 5mm x OD 8.5mm (1 FEET),RECOIL ROPE D3.5MM L1.8M,,3760011422365,yes,no NumaSuite EAN; title score 57.2 < 85.0
57D0538A,17338046,57D0538A,tfidf+rapidfuzz,53.15,3 PRONG MICRO SWITCH FITS 62PR,"Lawnmower Blade - 50.2cm | Fits Feider & Racing 20"" Models",,3664142164166,yes,no NumaSuite EAN; title score 53.1 < 85.0
C-5821,JR-LAN0006,C-5821,tfidf+rapidfuzz,54.17,CARB - BRIGGS PRIMER STYLE          (498170),RECOIL HANDLE + ROPE BRIGGS COMMON ENGINES AND TECUMSEH,,3760011422341,yes,no NumaSuite EAN; title score 54.2 < 85.0
590740,AP-985000000,590740,tfidf+rapidfuzz,67.49,Genuine Briggs & Stratton Choke Return Spring,Apache RTT3 Two-Wheel Rear-Tine Rotary Cultivator (Briggs & Stratton Engine),,8025004012967,yes,no NumaSuite EAN; title score 67.5 < 85.0
593260,JR-FAA0004,593260,tfidf+rapidfuzz,82.11,AIR FILTER-  550E,AIR FILTER BR690610 498596 697029,,3760011421443,yes,no NumaSuite EAN; title score 82.1 < 85.0
593260M,JR-FAA0004,593260M,tfidf+rapidfuzz,97.0,AIR FILTER,AIR FILTER BR690610 498596 697029,,3760011421443,yes,no NumaSuite EAN
593560,STIG-271021100/21,593560,tfidf+rapidfuzz,71.83,INSTART BATTERY,Stiga C 215 DU 20v ePower Twin-Port Battery Charger | 271021100/21,,8008984841222,yes,no NumaSuite EAN; title score 71.8 < 85.0
593934,ACC-DEFL-84CM,593934,tfidf+rapidfuzz,43.72,STARTER MOTOR,Rear Deflector Flor 84cm Mountfield/Stiga Tractors,,,yes,no NumaSuite EAN; title score 43.7 < 85.0
594859,ACC-DEFL-84CM,594859,tfidf+rapidfuzz,39.04,FLOAT-CARBURETOR,Rear Deflector Flor 84cm Mountfield/Stiga Tractors,,,yes,no NumaSuite EAN; title score 39.0 < 85.0
594868,FAST175P-RET,594868,tfidf+rapidfuzz,38.81,VALVE FLOAT NEEDLE,Feider FAST175P Hand-Propelled Wheeled Garden Vacuum (Ex-Demo),,3661602025692,yes,no NumaSuite EAN; title score 38.8 < 85.0
5971,PRT021,5971,tfidf+rapidfuzz,53.83,BRIGGS & STRATTON GOVERNOR SPRING & CARBURETTOR GASKET DIAPHRAGM KIT,Garden Safety-Kit - JR PRT021,,3760011424710,yes,no NumaSuite EAN; title score 53.8 < 85.0
597338,JR-CARB0001,597338,tfidf+rapidfuzz,70.81,FUEL PUMP,FUEL PIPE INNER DIAMETER 6.35MM OUTER 12.7MM L30CM,,3760011420552,yes,no NumaSuite EAN; title score 70.8 < 85.0
600,2T2010483/M25,600,tfidf+rapidfuzz,32.43,LABOUR,Mountfield T30M Gear Drive 2-in-1 Lawn Tractor,,8008984869042,yes,no NumaSuite EAN; title score 32.4 < 85.0
618-07257C,MTD-196-750A678,618-07257C,tfidf+rapidfuzz,64.38,GEARBOX DECK    FITS CUB CADET,MTD/Lawnflite/Cub Cadet Rear-Deflector (196-750A678),,4008423836097,yes,no NumaSuite EAN; title score 64.4 < 85.0
6201-ZRS-NR-ZEN,R210,6201-ZRS-NR-ZEN,tfidf+rapidfuzz,36.56,BEARING,Rato Horizontal Engine,,,yes,no NumaSuite EAN; title score 36.6 < 85.0
6227,SBSCSC,6227,tfidf+rapidfuzz,41.63,TECUMSEH SUFFOLK PUNCH CARBURETTOR BOWL GASKET,Spectrum SBSCSC 40V Fast Battery Charger (2A),,5065022450696,yes,no NumaSuite EAN; title score 41.6 < 85.0
6455,STIG-Titan-Snow-Chains-13-7914-11,6455,tfidf+rapidfuzz,56.68,INNER TUBE 4.10 X 3.50-4,"Stiga Titan Snow Chains 20"" x 10 (13-7914-11)",,,yes,no NumaSuite EAN; title score 56.7 < 85.0
6600875,R210,6600875,tfidf+rapidfuzz,42.85,GENUINE TANAKA CARB,Rato Horizontal Engine,,,yes,no NumaSuite EAN; title score 42.9 < 85.0
66030037R,R210,66030037R,tfidf+rapidfuzz,28.65,BELT,Rato Horizontal Engine,,,yes,no NumaSuite EAN; title score 28.6 < 85.0
66060507R,HAN-HP-140,66060507R,tfidf+rapidfuzz,61.36,ENGINE BREAK CABLE,Handy 600ml SAE30 Lawnmower Engine-Oil,,0000,yes,no NumaSuite EAN; title score 61.4 < 85.0
66070233A,ACC-DEFL-84CM,66070233A,tfidf+rapidfuzz,36.81,BELT GUARD - EMAK,Rear Deflector Flor 84cm Mountfield/Stiga Tractors,,,yes,no NumaSuite EAN; title score 36.8 < 85.0
66070341AR,R210,66070341AR,tfidf+rapidfuzz,46.67,THROTTLE LEVER,Rato Horizontal Engine,,,yes,no NumaSuite EAN; title score 46.7 < 85.0
66070436R,STIG-2F7062505/ST1,66070436R,tfidf+rapidfuzz,58.81,DRIVE SPROCKET RH,Stiga Gyro 500e ‘Drive-by-Wire’ Electric Battery-Powered Axial Ride-On Lawnmower,,8008984853089,yes,no NumaSuite EAN; title score 58.8 < 85.0
66070437R,STIG-2F7064705/ST1,66070437R,tfidf+rapidfuzz,58.81,DRIVE SPROCKET LH,Stiga Gyro 900e ‘Drive-by-Wire’ Electric Battery-Powered Axial Ride-On Lawnmower,,8008984853126,yes,no NumaSuite EAN; title score 58.8 < 85.0
66071090,2T0980473/C22,66071090,tfidf+rapidfuzz,37.9,BELT GUARD,Castel Garden PTX 210 HD Rear-Collect V-Twin Garden Tractor with Hydrostatic Drive,,8008984851672,yes,no NumaSuite EAN; title score 37.9 < 85.0
66140013R,JR-LTD0011,66140013R,tfidf+rapidfuzz,97.0,BLADE MULCHING,MOWER BLADE MULCHING 81004146/0 L476MM BORE 18.3MM SPA 65MM,,3760011422518,yes,no NumaSuite EAN
6690364,HY-85403003,6690364,tfidf+rapidfuzz,55.12,GENUINE TANAKA CLEANER SPONGE,"Pressure Surface Cleaner BE  Whirl-A-Way 16"" Rotary - 85.403.003",,,yes,no NumaSuite EAN; title score 55.1 < 85.0
6691763,R210,6691763,tfidf+rapidfuzz,40.89,GENUINE TANAKA THT210 TANK CAP,Rato Horizontal Engine,,,yes,no NumaSuite EAN; title score 40.9 < 85.0
6759,JR-FAE0001,6759,tfidf+rapidfuzz,68.23,UNIVERSAL DIESEL INLINE FUEL FILTER (PLASTIC),FUEL FILTER RIDER -                        WP73112,,3760011421528,yes,no NumaSuite EAN; title score 68.2 < 85.0
6805,JR-FAA001,6805,tfidf+rapidfuzz,72.75,AIR FILTER - MOUNTFIELD 1330 / 1530 / 1538 TRACTORS,AIR FILTER JR-FAA001,,,yes,no NumaSuite EAN; title score 72.7 < 85.0
6869,AP-985000000,6869,tfidf+rapidfuzz,70.06,Briggs & Stratton Spark Plug Shield,Apache RTT3 Two-Wheel Rear-Tine Rotary Cultivator (Briggs & Stratton Engine),,8025004012967,yes,no NumaSuite EAN; title score 70.1 < 85.0
6912,FAA008,6912,tfidf+rapidfuzz,67.19,AIR FILTER W/COVER    STIHL,Lawn Mower Air Filter -  JR Spares - JR-FAA0008 fits Briggs and Stratton,,3760011421481,yes,no NumaSuite EAN; title score 67.2 < 85.0
691265,ACC-DEFL-84CM,691265,tfidf+rapidfuzz,43.73,STARTER MOTOR CLIP,Rear Deflector Flor 84cm Mountfield/Stiga Tractors,,,yes,no NumaSuite EAN; title score 43.7 < 85.0
69209072,BERT-BT405-CULT,69209072,tfidf+rapidfuzz,71.89,BERTOLINI TOW HITCH FOR BT405S & BT413S,Bertolini BT405S Two-Wheel Rear-Tine Rotary Cultivator (Honda Engine),,0000000000000,yes,no NumaSuite EAN; title score 71.9 < 85.0
69222011,BERT-BT401S,69222011,tfidf+rapidfuzz,67.11,BERTOLINI 92CM SCYTHE-BAR ATTACHMENT - FOR BT401S,Bertolini BT401S Petrol-Powered Scythe Mower (Honda Engine),,,yes,no NumaSuite EAN; title score 67.1 < 85.0
692232,STIG-278131808/St1,692232,tfidf+rapidfuzz,58.77,CRANK SEAL    FITS B&S,Stiga Fast Charger | Fits E-Ride Models,,,yes,no NumaSuite EAN; title score 58.8 < 85.0
694039,FAA008,694039,tfidf+rapidfuzz,79.5,BRIGGS & STRATTON CAMSHAFT,Lawn Mower Air Filter -  JR Spares - JR-FAA0008 fits Briggs and Stratton,,3760011421481,yes,no NumaSuite EAN; title score 79.5 < 85.0
697029,FAA008,697029,tfidf+rapidfuzz,93.73,AIR FILTER FITS BRIGGS & STRATTON,Lawn Mower Air Filter -  JR Spares - JR-FAA0008 fits Briggs and Stratton,,3760011421481,yes,no NumaSuite EAN
700,SVC-PUNCTURE-PREV,700,tfidf+rapidfuzz,72.32,SERVICE AS NEEDED,Pre-delivery Puncture Prevention Service,,,yes,no NumaSuite EAN; title score 72.3 < 85.0
70130380,OLY-64-398,70130380,tfidf+rapidfuzz,57.74,MOWMASTER MM43PD BLADE,"Big MUTT Pro with 9""x7"" Blade and 64"" Steel Handle",,,yes,no NumaSuite EAN; title score 57.7 < 85.0
7019515,19158015,7019515,tfidf+rapidfuzz,76.25,BLADE   FITS SNAPPER,Blade - Fits Feider FTDT5175ES Lawnmower | MowDirect,,,yes,no NumaSuite EAN; title score 76.2 < 85.0
7085,FAA008,7085,tfidf+rapidfuzz,74.06,IGNITION COIL BRIGGS & STRATTON,Lawn Mower Air Filter -  JR Spares - JR-FAA0008 fits Briggs and Stratton,,3760011421481,yes,no NumaSuite EAN; title score 74.1 < 85.0
7179,SMP-LFT815SPECIAL,7179,tfidf+rapidfuzz,53.97,TUBELESS TYRE 15 X 6.00 X6,Lifetime 15 x 8 Heavy Duty Plastic Shed - Single Entry,,5055280404258,yes,no NumaSuite EAN; title score 54.0 < 85.0
7221,EIN-4513949,7221,tfidf+rapidfuzz,59.51,TUBLESS TYRE 18 X 8.50 X 8,Einhell TE-CD 18/50 Li-i Kit Power X-Change Cordless Combi Impact-Drill | 4513949,,4006825649345,yes,no NumaSuite EAN; title score 59.5 < 85.0
7229,STIG-2D6210021/ST2,7229,tfidf+rapidfuzz,58.17,BELT - CUTTER                              BELTA81 (5321802-13),Stiga Park Combi 100 Q Plus QuickFlip Cutter Deck | 2D6210021/ST2,,8008984832442,yes,no NumaSuite EAN; title score 58.2 < 85.0
72511-VA5-506,TG56-PRO,72511-VA5-506,tfidf+rapidfuzz,75.97,BLADE   GENUINE HONDA,"Spectrum TG56-Pro Variable Speed, Honda Engine, Petrol Lawnmower - 4 Blade",,,yes,no NumaSuite EAN; title score 76.0 < 85.0
72511-VE1-652,TG48-PRO,72511-VE1-652,tfidf+rapidfuzz,69.69,HONDA HRB/ HRD/ HRH BLADE,Spectrum TG48-PRO Honda Powered Petrol Self Propelled Lawnmower - 4 blade,,5065022450177,yes,no NumaSuite EAN; title score 69.7 < 85.0
7263-12-14,MANT-7263-12-14,7263-12-14,tfidf+rapidfuzz,97.0,MANTIS 4-STROKE PETROL MINI TILLER,Mantis 4-Stroke Petrol Mini-Tiller with Honda Engine | 7263-12-14,,,yes,no NumaSuite EAN
7304,EIN-4513949,7304,tfidf+rapidfuzz,54.34,INNER TUBE 16X650-8 / 18 X 6.50 X 8,Einhell TE-CD 18/50 Li-i Kit Power X-Change Cordless Combi Impact-Drill | 4513949,,4006825649345,yes,no NumaSuite EAN; title score 54.3 < 85.0
7308,STIG-290802030/16,7308,tfidf+rapidfuzz,67.14,"16"" HAYTER 41 BLADE""",Stiga Front Blade for SWS 800 G Self-Propelled Sweeper | 290802030/16,,8008984640542,yes,no NumaSuite EAN; title score 67.1 < 85.0
7321,MANT-7321,7321,tfidf+rapidfuzz,94.77,MANTIS AERATOR AND DETHATCHER COMBO,Mantis Aerator & Dethatcher Attachments - Combo Package | 7321,,,yes,no NumaSuite EAN
7336-10,FAA008,7336-10,tfidf+rapidfuzz,72.16,BRIGGS & STRATTON INLINE FUEL FILTER (298090S),Lawn Mower Air Filter -  JR Spares - JR-FAA0008 fits Briggs and Stratton,,3760011421481,yes,no NumaSuite EAN; title score 72.2 < 85.0
737-05066,FAA008,737-05066,tfidf+rapidfuzz,83.58,AIR FILTER    FITS TORX,Lawn Mower Air Filter -  JR Spares - JR-FAA0008 fits Briggs and Stratton,,3760011421481,yes,no NumaSuite EAN; title score 83.6 < 85.0
742-04031,DDS015,742-04031,tfidf+rapidfuzz,86.98,BLADE 60.5,60-Tooth Metal Brushcutter-Blade  -  25.5cm x 1.4mm - JR DDS015,,3760011421399,yes,no NumaSuite EAN
7424,JR-FAE0001,7424,tfidf+rapidfuzz,67.92,"UNIVERSAL FUEL FILTER 1/4"" 5/16"""" 30 MICRON""",FUEL FILTER RIDER -                        WP73112,,3760011421528,yes,no NumaSuite EAN; title score 67.9 < 85.0
7449,OLY-64-400,7449,tfidf+rapidfuzz,52.21,BRIGGS & STRATTON INTEK 14.5HP - 21HP & OHV AVS 17.5HP CARBURETTOR,"Gorilla 14"" & 24"" Bar Set  - 64-400",,0025997644006,yes,no NumaSuite EAN; title score 52.2 < 85.0
7461,STIG-PIVOT-WHEELS-130H-SWEEPER,7461,tfidf+rapidfuzz,69.61,TORO FRONT WHEEL BEARING,Stiga Titan Front Wheel Kit for RB130H Sweeper (13-7924-11),,,yes,no NumaSuite EAN; title score 69.6 < 85.0
7481,STIG-RUBBER-SCRAPER-13-1958-62,7481,tfidf+rapidfuzz,60.85,"19"" HAYTER HARRIER HI LIFT BLADE""",Stiga Rubber Scraper Bar for 120cm Snow Blade | 13-1958-62,,7313321305727,yes,no NumaSuite EAN; title score 60.9 < 85.0
754-0280A,MTD-T245,754-0280A,tfidf+rapidfuzz,57.17,MTD TRANSMISSION BELT,MTD T245 Petrol Front-Tine Tiller,,4008423823981,yes,no NumaSuite EAN; title score 57.2 < 85.0
754-0281,MTD-OEM-190-180A,754-0281,tfidf+rapidfuzz,53.16,GENUINE PIX- MTD TRASMISSION BELT,MTD/Lawnflite/Cub Cadet Twin-Bag Collector (OEM-190-180A),,4008423815849,yes,no NumaSuite EAN; title score 53.2 < 85.0
754-04331,CC-LR1MR76,754-04331,tfidf+rapidfuzz,71.7,Drive Belt (Lower) for Cub Cadet LR1,Cub Cadet LR1MR76 Compact Rear-Collect Ride-On Mower with Transmatic Drive,,,yes,no NumaSuite EAN; title score 71.7 < 85.0
7540445,STIG-155H-TITAN-DOD,7540445,tfidf+rapidfuzz,75.73,MTD CUTTER DECK BELT,Stiga 155H Titan DOD Cutter-Deck (13-7825-24),,,yes,no NumaSuite EAN; title score 75.7 < 85.0
7608,FAA008,7608,tfidf+rapidfuzz,84.78,BRIGGS & STRATTON AIR FILTER - 594201,Lawn Mower Air Filter -  JR Spares - JR-FAA0008 fits Briggs and Stratton,,3760011421481,yes,no NumaSuite EAN; title score 84.8 < 85.0
7677,JR-FAA001,7677,tfidf+rapidfuzz,72.32,BRIGGS & STRATTON INTEK SERIES 3 ENGINE AIR FILTER,AIR FILTER JR-FAA001,,,yes,no NumaSuite EAN; title score 72.3 < 85.0
780658,MASP-450916,780658,tfidf+rapidfuzz,65.92,GENUINE MASPORT BLADE & BOLT SET,Masport Lawn Edger,,9414974509161,yes,no NumaSuite EAN; title score 65.9 < 85.0
795066,FAA008,795066,tfidf+rapidfuzz,92.97,BRIGGS & STRATTON AIR FILTER,Lawn Mower Air Filter -  JR Spares - JR-FAA0008 fits Briggs and Stratton,,3760011421481,yes,no NumaSuite EAN
795475,FAA008,795475,tfidf+rapidfuzz,67.95,GENUINE BRIGGS & STRATTON CARBURETTOR,Lawn Mower Air Filter -  JR Spares - JR-FAA0008 fits Briggs and Stratton,,3760011421481,yes,no NumaSuite EAN; title score 67.9 < 85.0
796254,FAA008,796254,tfidf+rapidfuzz,87.97,BRIGGS & STRATTON PRE FILTER,Lawn Mower Air Filter -  JR Spares - JR-FAA0008 fits Briggs and Stratton,,3760011421481,yes,no NumaSuite EAN
796484,AP-985000000,796484,tfidf+rapidfuzz,72.33,BRIGGS & STRATTON GOVERNOR SPRING,Apache RTT3 Two-Wheel Rear-Tine Rotary Cultivator (Briggs & Stratton Engine),,8025004012967,yes,no NumaSuite EAN; title score 72.3 < 85.0
7983,MF-327107506/0,7983,tfidf+rapidfuzz,71.93,MOUNTFIELD BLADE BOSS,Mountfield Side-Discharge Chute - for MTF 66 MQ | 327107506/0,,7313323035066,yes,no NumaSuite EAN; title score 71.9 < 85.0
799226,FAA008,799226,tfidf+rapidfuzz,55.22,CARBURETTOR    FITS B&S HARRIER 56,Lawn Mower Air Filter -  JR Spares - JR-FAA0008 fits Briggs and Stratton,,3760011421481,yes,no NumaSuite EAN; title score 55.2 < 85.0
C-799579,FAA008,C-799579,tfidf+rapidfuzz,78.67,"AIR FILTER - BRIGGS & STRATTON 450E, 500E, 550E",Lawn Mower Air Filter -  JR Spares - JR-FAA0008 fits Briggs and Stratton,,3760011421481,yes,no NumaSuite EAN; title score 78.7 < 85.0
799585,HAN-HP-199,799585,tfidf+rapidfuzz,62.59,FUEL CAP   B&S (HAYTER),Handy Sure-Start Fuel Additive - 250ml,,,yes,no NumaSuite EAN; title score 62.6 < 85.0
800,DCT38M-RDM,800,tfidf+rapidfuzz,32.39,CONSUMABLES,"Spectrum DCT38M-RDM  38"" Lawn Tractor with Manual Drive",,5065022450603,yes,no NumaSuite EAN; title score 32.4 < 85.0
84001028,STIG-278131808/St1,84001028,tfidf+rapidfuzz,62.4,CARBURRETTOR   FITS B&S,Stiga Fast Charger | Fits E-Ride Models,,,yes,no NumaSuite EAN; title score 62.4 < 85.0
84001031,SVC-PUNCTURE-PREV,84001031,tfidf+rapidfuzz,39.46,CARBURRETTOR GENUINE B&S,Pre-delivery Puncture Prevention Service,,,yes,no NumaSuite EAN; title score 39.5 < 85.0
91014-209,SIM-1696374,91014-209,tfidf+rapidfuzz,97.0,BLADE,Mulch Ninja Blade Kit,,,yes,no NumaSuite EAN
9103,FAA008,9103,tfidf+rapidfuzz,73.91,FUEL TANK CAP - BRIGGS & STRATTON,Lawn Mower Air Filter -  JR Spares - JR-FAA0008 fits Briggs and Stratton,,3760011421481,yes,no NumaSuite EAN; title score 73.9 < 85.0
9153,JR-FAE0001,9153,tfidf+rapidfuzz,68.43,BRIGGS & STRATTON PROFESSIONAL ENGINE IN LINE FUEL FILTER,FUEL FILTER RIDER -                        WP73112,,3760011421528,yes,no NumaSuite EAN; title score 68.4 < 85.0
91VXL,CT07,91VXL,tfidf+rapidfuzz,64.4,"OREGON CHAINWAS CHAIN 3/8"" 1.3MM (SOLD PER LINK)""","JR CT07 Chainsaw Chain 3/8"" P 1.3mm (30cm / 44 Links)",,3760011420910,yes,no NumaSuite EAN; title score 64.4 < 85.0
934904,17338046,934904,tfidf+rapidfuzz,56.25,CONTROL CABLE   FITS QUALCAST,"Lawnmower Blade - 50.2cm | Fits Feider & Racing 20"" Models",,3664142164166,yes,no NumaSuite EAN; title score 56.2 < 85.0
9434,JR-FAA0004,9434,tfidf+rapidfuzz,74.36,AIR FILTER KAWASAKI,AIR FILTER BR690610 498596 697029,,3760011421443,yes,no NumaSuite EAN; title score 74.4 < 85.0
945-04331,MTD-T245,945-04331,tfidf+rapidfuzz,59.8,Genuine MTD Belt,MTD T245 Petrol Front-Tine Tiller,,4008423823981,yes,no NumaSuite EAN; title score 59.8 < 85.0
958214,19158015,958214,tfidf+rapidfuzz,74.36,BLADE    FITS QUALCAST,Blade - Fits Feider FTDT5175ES Lawnmower | MowDirect,,,yes,no NumaSuite EAN; title score 74.4 < 85.0
980658,OLY-65-504/001,980658,tfidf+rapidfuzz,61.76,BLADE SINGLE (406MM),Roughneck Wood Grenade Log-Splitting Wedge | Single Pack | 65-504/001,,0025997655040,yes,no NumaSuite EAN; title score 61.8 < 85.0
AC90,LPW1600,AC90,tfidf+rapidfuzz,39.08,AC90 MULTIPURPOSE LUBRICANT 500ML,"Spectrum LPW1600 Electric Pressure Washer — 1600W, 130 Bar",,5065022450726,yes,no NumaSuite EAN; title score 39.1 < 85.0
AK4314,OY-64-961,AK4314,tfidf+rapidfuzz,54.64,SCREWDRIVER SET 4PC JIS,Roughneck 'Gorilla' 5-Piece Wrecking-Bar Set | 64-961,,0293297578075,yes,no NumaSuite EAN; title score 54.6 < 85.0
AK445,MF-2T0510483/M25,AK445,tfidf+rapidfuzz,60.97,SIDE MANUAL GREASE GUN 3-WAY FILL,Mountfield 1538M-SD Side-Discharge Lawn Tractor with Manual Drive,,8008984869103,yes,no NumaSuite EAN; title score 61.0 < 85.0
AK54,HAN-HP-195,AK54,tfidf+rapidfuzz,56.97,OIL SUCTION SYRINGE 550ML,Handy 600ml 10W/30 4-Stroke Engine Oil,,0000000000000,yes,no NumaSuite EAN; title score 57.0 < 85.0
AK63255,JR-CLB004,AK63255,tfidf+rapidfuzz,76.53,COMBINATION SPANNER SET 16PC METRIC,PLUG SPANNER,,,yes,no NumaSuite EAN; title score 76.5 < 85.0
AK6863B,HAR004,AK6863B,tfidf+rapidfuzz,62.79,LOCKING PLIERS SET 3PC QUICK RELEASE,Quick-Release Brushcutter Shoulder-Harness for Left-Handers (Double)- JR HAR004,,,yes,no NumaSuite EAN; title score 62.8 < 85.0
AK83452,GV-SF0001,AK83452,tfidf+rapidfuzz,53.54,PLIERS SET 3PC VDE APPROVED,MD Green Valley Stainless Steel Garden Spade/Fork Set (SF0001),,,yes,no NumaSuite EAN; title score 53.5 < 85.0
AK9567,CT-HB224,AK9567,tfidf+rapidfuzz,60.3,SEALEY ADJUSTABLE WRENCH SET 4PC,Charles Taylor 4-Seater Wooden Alfresco Bar Set | HB224,,,yes,no NumaSuite EAN; title score 60.3 < 85.0
AL101,ST-AL100(2),AL101,tfidf+rapidfuzz,97.22,STIHL STANDARD CHARGER,STIHL AL100 Standard Charger,,,yes,no NumaSuite EAN
ALF016A57577,GW-GDC60,ALF016A57577,tfidf+rapidfuzz,58.9,WASHER -HOC INDICATOR,Greenworks GDC60 60v/70bar Cordless Pressure-Washer (Tool Only),,,yes,no NumaSuite EAN; title score 58.9 < 85.0
ALF016A57941,STIG-2F7062505/ST1,ALF016A57941,tfidf+rapidfuzz,72.65,DRIVE BELT,Stiga Gyro 500e ‘Drive-by-Wire’ Electric Battery-Powered Axial Ride-On Lawnmower,,8008984853089,yes,no NumaSuite EAN; title score 72.6 < 85.0
ALF016A58040,SBSCSC,ALF016A58040,tfidf+rapidfuzz,37.89,CABLE ADJUSTER,Spectrum SBSCSC 40V Fast Battery Charger (2A),,5065022450696,yes,no NumaSuite EAN; title score 37.9 < 85.0
ALF016A58728,STIG-2I0800100/18,ALF016A58728,tfidf+rapidfuzz,64.01,BELT -  ROLLER DRIVE,Stiga 90cm Tow-Behind Poly Ballast Roller | 2I0800100/18,,,yes,no NumaSuite EAN; title score 64.0 < 85.0
ALF016J10127,AT-2T0785447/AT1,ALF016J10127,tfidf+rapidfuzz,56.93,GENUINE ALLETT/ ATCO/ QUALCAST THROTTLE CABLE,Atco GTX 36H Rear-Collect V-Twin Garden Tractor with Hydrostatic Drive,,,yes,no NumaSuite EAN; title score 56.9 < 85.0
APACHEEVO92,HCS870,APACHEEVO92,tfidf+rapidfuzz,0.0,,"Chipperfield HCS870 Petrol Scythe-Bar Mower — 87cm, 196cc Loncin Engine",,5061122340295,yes,no NumaSuite EAN; title score 0.0 < 85.0
APMTB1,STIG-278720008/ST3,APMTB1,tfidf+rapidfuzz,59.2,SEALEY MINI TOOL CHEST - APMTB1,Stiga MT 500e 48v Cordless Multi-Tool (Tool Only),,8008984855373,yes,no NumaSuite EAN; title score 59.2 < 85.0
ASPEN2T1LEW,CS-3410,ASPEN2T1LEW,tfidf+rapidfuzz,51.08,ASPEN 2 1L,Echo CS-3410 Petrol 2-Stroke Chainsaw,,,yes,no NumaSuite EAN; title score 51.1 < 85.0
ASPEN2T200LBULK,CS-3410,ASPEN2T200LBULK,tfidf+rapidfuzz,49.41,ASPEN 2 200L,Echo CS-3410 Petrol 2-Stroke Chainsaw,,,yes,no NumaSuite EAN; title score 49.4 < 85.0
ASPEN2T5LEW,CS-3410,ASPEN2T5LEW,tfidf+rapidfuzz,48.52,ASPEN 2 5L,Echo CS-3410 Petrol 2-Stroke Chainsaw,,,yes,no NumaSuite EAN; title score 48.5 < 85.0
ASPEN4T1LEW,SBS40CB,ASPEN4T1LEW,tfidf+rapidfuzz,46.0,ASPEN 4 1L,Spectrum SBS40CB 40V 4.0Ah Lithium-Ion Battery Pack,,5065022450689,yes,no NumaSuite EAN; title score 46.0 < 85.0
ASPEN4T5LEW,SBS40CB,ASPEN4T5LEW,tfidf+rapidfuzz,46.0,ASPEN 4 5L,Spectrum SBS40CB 40V 4.0Ah Lithium-Ion Battery Pack,,5065022450689,yes,no NumaSuite EAN; title score 46.0 < 85.0
AT266MQ-RET,LF-76-RDE,AT266MQ-RET,tfidf+rapidfuzz,58.58,ALPINA AT2 66MQ RIDER - RETURNED MODEL,Lawnflite Mini-Rider 76-RDE Compact Rear-Collect Ride-On Mower with Manual Drive,,,yes,no NumaSuite EAN; title score 58.6 < 85.0
B2LM,JR-BOU001,B2LM,tfidf+rapidfuzz,83.46,NGK B2LM SPARK PLUG,Spark Plug - JR BOU001 ( Equivalent to CHAMPION RJ19LM OR NGK BR21LM),,3760011423485,yes,no NumaSuite EAN; title score 83.5 < 85.0
B40N8770071,R-RTN58,B40N8770071,tfidf+rapidfuzz,55.71,SERIES 7 INTEK OHV V-TWIN,Atco GTL48HR Twin 4WD Ride On Lawn Tractor,,,yes,no NumaSuite EAN; title score 55.7 < 85.0
BA00DB00000,100134Y,BA00DB00000,tfidf+rapidfuzz,48.96,GENUINE COBRA EDGING BELT (V10X816) FITS FTDTR5220,"Spectrum  100134Y Replacement Concrete Mixer Drum — fits Belle, Build Buddy & Screwfix Mixers",,5065022450764,yes,no NumaSuite EAN; title score 49.0 < 85.0
BC1630,SBSCSC,BC1630,tfidf+rapidfuzz,39.1,BOOSTER CABLES 16MMÂ² X 3M 220A,Spectrum SBSCSC 40V Fast Battery Charger (2A),,5065022450696,yes,no NumaSuite EAN; title score 39.1 < 85.0
BC330AB,STIG-287121102/ST2,BC330AB,tfidf+rapidfuzz,97.39,STIGA PETROL BRUSHCUTTER,Stiga BC 330 AB Petrol Brushcutter,,8008984853836,yes,no NumaSuite EAN
BC535B,STIG-287121102/ST2,BC535B,tfidf+rapidfuzz,97.39,STIGA PETROL BRUSHCUTTER,Stiga BC 330 AB Petrol Brushcutter,,8008984853836,yes,no NumaSuite EAN
BCH-250T,OM-BCH-250T,BCH-250T,tfidf+rapidfuzz,100.0,OLEO-MAC BCH-250T PETROL BRUSHCUTTER,Oleo-Mac BCH-250T Petrol Brushcutter,,8026619021979,yes,no NumaSuite EAN
BCH001,JR-BC001,BCH001,tfidf+rapidfuzz,97.85,PROTECTIVE COVER FOR LAWNMOWERS - BCH001,Protective Cover for Lawnmowers - JR BCH001,,,yes,no NumaSuite EAN
BCH003,C-BCH003,BCH003,tfidf+rapidfuzz,86.0,JR BCH003 LARGE TRACTOR COVER,JR BCH003 Protective Cover for 102cm+ Tractor Mowers,,3760011424536,yes,no NumaSuite EAN
BCH400T,OM-BCH-400T,BCH400T,tfidf+rapidfuzz,83.41,OLEO MAC BCH400T BRUSHCUTTER,Oleo-Mac BCH-400T Premium Professional Brushcutter,,8026619063719,yes,no NumaSuite EAN; title score 83.4 < 85.0
BCPR5ES,JR-BOU001,BCPR5ES,tfidf+rapidfuzz,79.34,SPARK PLUG -          NGK BCPR5ES,Spark Plug - JR BOU001 ( Equivalent to CHAMPION RJ19LM OR NGK BR21LM),,3760011423485,yes,no NumaSuite EAN; title score 79.3 < 85.0
BDUK-600,2T2010483/M25,BDUK-600,tfidf+rapidfuzz,32.43,LABOUR,Mountfield T30M Gear Drive 2-in-1 Lawn Tractor,,8008984869042,yes,no NumaSuite EAN; title score 32.4 < 85.0
BDUK-COLLECTION,TY31506,BDUK-COLLECTION,tfidf+rapidfuzz,77.19,COLLECTION CHARGE,Spectrum TY31506 Collection Box,,5065022450542,yes,no NumaSuite EAN; title score 77.2 < 85.0
BDUK-DELIVERY,PALLET-DELIVERY-CHARGE-1,BDUK-DELIVERY,tfidf+rapidfuzz,98.5,DELIVERY CHARGE,Pallet Delivery Charge,,,yes,no NumaSuite EAN
BDUK-HANDLING,SBSCDC,BDUK-HANDLING,tfidf+rapidfuzz,66.34,HANDLING CHARGE,Spectrum SBSCDC 40V Dual Battery Charger (2A Fast Charge),,5065022450702,yes,no NumaSuite EAN; title score 66.3 < 85.0
BDUK-PRODUCT,MF-827M-XDISP,BDUK-PRODUCT,tfidf+rapidfuzz,63.23,ADD MODEL HERE,Mountfield MTF66MQ Compact Rear-Collect & Side-Discharge Ride-On Mower with Manual Drive Ex Demo model,,8008984869905,yes,no NumaSuite EAN; title score 63.2 < 85.0
BG2,JR-AFC0014,BG2,tfidf+rapidfuzz,70.5,DIAMOND GRINDING WHEEL DRESSER,Chainsaw Chain Grinding Wheel Stone 100mm x 22mm x 3.2mm - JR-AFC0014,,3760011420163,yes,no NumaSuite EAN; title score 70.5 < 85.0
BG305.12.4-4,STIG-278131808/St1,BG305.12.4-4,tfidf+rapidfuzz,60.62,GEAR CASE -                                             FITS DM26L,Stiga Fast Charger | Fits E-Ride Models,,,yes,no NumaSuite EAN; title score 60.6 < 85.0
BG305.13.1,19158015,BG305.13.1,tfidf+rapidfuzz,55.58,GUARD -                                      FITS DM26L,Blade - Fits Feider FTDT5175ES Lawnmower | MowDirect,,,yes,no NumaSuite EAN; title score 55.6 < 85.0
BG305.13.1/2,19158015,BG305.13.1/2,tfidf+rapidfuzz,55.58,CLAMP -                                               FITS DM26L,Blade - Fits Feider FTDT5175ES Lawnmower | MowDirect,,,yes,no NumaSuite EAN; title score 55.6 < 85.0
BG415-2,DDS016,BG415-2,tfidf+rapidfuzz,76.05,BRUSHCUTTER BLADE -                                  FITS DM26L / H,80 Tooth Metal Brushcutter-Blade -  25.5cm x 1.9mm -  JR DDS016,,,yes,no NumaSuite EAN; title score 76.1 < 85.0
BM6F,JR-BOU001,BM6F,tfidf+rapidfuzz,83.46,NGK BM6F SPARK PLUG,Spark Plug - JR BOU001 ( Equivalent to CHAMPION RJ19LM OR NGK BR21LM),,3760011423485,yes,no NumaSuite EAN; title score 83.5 < 85.0
BOU001,JR-BOU001,BOU001,tfidf+rapidfuzz,64.65,SPARK PLUG 14MM X 9.5MM (CHAMPION RJ19LM/ NGKBR2LM/ BOSCH WR11E0),Spark Plug - JR BOU001 ( Equivalent to CHAMPION RJ19LM OR NGK BR21LM),,3760011423485,yes,no NumaSuite EAN; title score 64.6 < 85.0
BOU002,JR-AFC0020,BOU002,tfidf+rapidfuzz,55.72,JR BOU002 Replaces: Bosch WS8E - Champion CJ8 - Denzo W20MUS - NGK BM6A - Torch L6C,ELECTRIC CHAINSAW GRINDER (JR-AFC0020),,3760011420231,yes,no NumaSuite EAN; title score 55.7 < 85.0
BOU006,BOU004,BOU006,tfidf+rapidfuzz,71.59,"JR BOU006 Replaces original: Champion RN11YC, NGK BPR5ES, Bosch WR9DC, Denso W16EPRU, Torch F5RTC",Spark Plug - JR BOU004 ( Equivalent to NGK BPR5ES OR CHAMPION RN11YC),,3760011423515,yes,no NumaSuite EAN; title score 71.6 < 85.0
BOU008,JR-BOU022,BOU008,tfidf+rapidfuzz,56.36,JR BOU008,Spark Plug - JR BOU0022 (Equivalent to CHAMPION RZ7C OR NGK CMR6H),,3760011420545,yes,no NumaSuite EAN; title score 56.4 < 85.0
BOU018,JR-TFN046,BOU018,tfidf+rapidfuzz,54.15,JR BOU018 Replaces: Champion CJ6 - NGK BM7A - Bosch WS7E - Torch L7C - Denso W22MUS,Replacement Blade (for TFN047 Line-Head) -JR TFN046,,3760011424703,yes,no NumaSuite EAN; title score 54.1 < 85.0
BOU019,JR-BOU001,BOU019,tfidf+rapidfuzz,54.85,JR BOU019 Replaces: Champion J19LM - NGK B2LM - Bosch WR9EO - Torch GL4C - Denso W9LMUS,Spark Plug - JR BOU001 ( Equivalent to CHAMPION RJ19LM OR NGK BR21LM),,3760011423485,yes,no NumaSuite EAN; title score 54.8 < 85.0
BOU022,JR-BOU022,BOU022,tfidf+rapidfuzz,100.0,Spark Plug - JR BOU0022 (Equivalent to CHAMPION RZ7C OR NGK CMR6H),Spark Plug - JR BOU0022 (Equivalent to CHAMPION RZ7C OR NGK CMR6H),,3760011420545,yes,no NumaSuite EAN
BP399781S,JR-FAH0002,BP399781S,tfidf+rapidfuzz,65.04,OIL SEAL,OIL FILTER LONG VARIOUS,,3760011421559,yes,no NumaSuite EAN; title score 65.0 < 85.0
BP692187,AP-985000000,BP692187,tfidf+rapidfuzz,71.82,GENUINE BRIGGS & STRATTON GROMMET,Apache RTT3 Two-Wheel Rear-Tine Rotary Cultivator (Briggs & Stratton Engine),,8025004012967,yes,no NumaSuite EAN; title score 71.8 < 85.0
BP692189,AP-985000000,BP692189,tfidf+rapidfuzz,71.82,GENUINE BRIGGS & STRATTON GROMMET,Apache RTT3 Two-Wheel Rear-Tine Rotary Cultivator (Briggs & Stratton Engine),,8025004012967,yes,no NumaSuite EAN; title score 71.8 < 85.0
BP692232,CS-3410,BP692232,tfidf+rapidfuzz,38.06,CRANKCASE GASKET,Echo CS-3410 Petrol 2-Stroke Chainsaw,,,yes,no NumaSuite EAN; title score 38.1 < 85.0
BP6ES,JR-BOU001,BP6ES,tfidf+rapidfuzz,82.16,NGK SPARK PLUG BP6ES,Spark Plug - JR BOU001 ( Equivalent to CHAMPION RJ19LM OR NGK BR21LM),,3760011423485,yes,no NumaSuite EAN; title score 82.2 < 85.0
BPMR7A,JR-BOU001,BPMR7A,tfidf+rapidfuzz,80.1,NGK BPMR7A SPARK PLUG,Spark Plug - JR BOU001 ( Equivalent to CHAMPION RJ19LM OR NGK BR21LM),,3760011423485,yes,no NumaSuite EAN; title score 80.1 < 85.0
BPR5ES,BOU004,BPR5ES,tfidf+rapidfuzz,92.1,NGK BPR5ES SPARK PLUG,Spark Plug - JR BOU004 ( Equivalent to NGK BPR5ES OR CHAMPION RN11YC),,3760011423515,yes,no NumaSuite EAN
BPR6ES,JR-BOU001,BPR6ES,tfidf+rapidfuzz,80.1,BPR6ES NGK SPARK PLUG,Spark Plug - JR BOU001 ( Equivalent to CHAMPION RJ19LM OR NGK BR21LM),,3760011423485,yes,no NumaSuite EAN; title score 80.1 < 85.0
BPR6HS,JR-BOU001,BPR6HS,tfidf+rapidfuzz,80.71,NGK SPARK PLUG BPR6HS,Spark Plug - JR BOU001 ( Equivalent to CHAMPION RJ19LM OR NGK BR21LM),,3760011423485,yes,no NumaSuite EAN; title score 80.7 < 85.0
BPR7ES,JR-BOU001,BPR7ES,tfidf+rapidfuzz,80.1,NGK BPR7ES SPARK PLUG,Spark Plug - JR BOU001 ( Equivalent to CHAMPION RJ19LM OR NGK BR21LM),,3760011423485,yes,no NumaSuite EAN; title score 80.1 < 85.0
BR6HS,JR-BOU001,BR6HS,tfidf+rapidfuzz,97.0,SPARK PLUG,Spark Plug - JR BOU001 ( Equivalent to CHAMPION RJ19LM OR NGK BR21LM),,3760011423485,yes,no NumaSuite EAN
BRSC,SNAP-BRSC,BRSC,tfidf+rapidfuzz,100.0,SNAPPER BRSC 82v BATTERY CHARGER,Snapper BRSC 82v Battery Charger,,,yes,no NumaSuite EAN
BS272410,CS-3410,BS272410,tfidf+rapidfuzz,34.32,GASKET TANK,Echo CS-3410 Petrol 2-Stroke Chainsaw,,,yes,no NumaSuite EAN; title score 34.3 < 85.0
BS691265,100134S,BS691265,tfidf+rapidfuzz,57.78,BRIGGS & STRATTON GENUINE OME REPLACEMENT RETAINING RING,"Spectrum 100134S Replacement Concrete Mixer Drum — fits Belle, Build Buddy & Screwfix Mixers",,5065022450771,yes,no NumaSuite EAN; title score 57.8 < 85.0
BSB,SNAP-BSB-4AH,BSB,tfidf+rapidfuzz,93.09,SNAPPER 82V (4ah) BATTERY,Snapper BSB 82v (4Ah) Lithium-Ion Battery,,0841821019860,yes,no NumaSuite EAN
BT155,EM-BT155,BT155,tfidf+rapidfuzz,97.42,BERTOLINI COMPACT PETROL FRONT TINE CULTIVATOR,Bertolini BT155 Compact Petrol Front-Tine Cultivator,,,yes,no NumaSuite EAN
BT195,BERT-BT195,BT195,tfidf+rapidfuzz,98.5,BERTOLINI BT195 PETROL FRONT TINE CULTIVATOR,Bertolini BT195 Petrol Front-Tine Cultivator with Reverse Drive,,8026619069933,yes,no NumaSuite EAN
BT401S,BERT-BT413S-9H,BT401S,tfidf+rapidfuzz,84.58,BERTOLINI BT401S PROFESSIONAL TWO-WHEEL REAR-TINE TILLER (HONDA ENGINE),Bertolini BT413S-9H Professional Two-Wheel Tractor (Honda Engine),,0000000000000,yes,no NumaSuite EAN; title score 84.6 < 85.0
C25-7-RET,LF-76SDE,C25-7-RET,tfidf+rapidfuzz,57.57,CHIPPERFIELD C25-7 RIDER - RETURN STOCK,Lawnflite Mini-Rider 76-SDE Compact Side-Discharge Ride-On Mower with Transmatic Drive,,,yes,no NumaSuite EAN; title score 57.6 < 85.0
C75404062,R210,C75404062,tfidf+rapidfuzz,28.65,BELT,Rato Horizontal Engine,,,yes,no NumaSuite EAN; title score 28.6 < 85.0
CARB006,TG561-SWT,CARB006,tfidf+rapidfuzz,37.76,PRIMER BULB,Spectrum TG561-SWT Self Propelled Wheeled Trimmer,,5065022450511,yes,no NumaSuite EAN; title score 37.8 < 85.0
CARB007,TG561-SWT,CARB007,tfidf+rapidfuzz,37.76,PRIMER BULB,Spectrum TG561-SWT Self Propelled Wheeled Trimmer,,5065022450511,yes,no NumaSuite EAN; title score 37.8 < 85.0
CG260.2,STIG-278131808/St1,CG260.2,tfidf+rapidfuzz,55.72,LEVER ASSY -                                                FITS DM26L,Stiga Fast Charger | Fits E-Ride Models,,,yes,no NumaSuite EAN; title score 55.7 < 85.0
CG260.4,HAR004,CG260.4,tfidf+rapidfuzz,65.92,HARNESS -                                       FITS DM26L,Quick-Release Brushcutter Shoulder-Harness for Left-Handers (Double)- JR HAR004,,,yes,no NumaSuite EAN; title score 65.9 < 85.0
CG260A.1A,LFP-553HWSP-HST,CG260A.1A,tfidf+rapidfuzz,56.82,CLUTCH CUP -                                       FITS DM26L,"Lawnflite-Pro 553HWSP-HST Professional Self-Propelled Petrol Lawnmower (with Hydrostatic Drive, Blade-Brake Clutch & Honda Engine)",,5050581002462,yes,no NumaSuite EAN; title score 56.8 < 85.0
CG260E-5,19158015,CG260E-5,tfidf+rapidfuzz,55.58,GUARD -                                                 FITS DM26C,Blade - Fits Feider FTDT5175ES Lawnmower | MowDirect,,,yes,no NumaSuite EAN; title score 55.6 < 85.0
CG260E.1A,CC-XM3ER53,CG260E.1A,tfidf+rapidfuzz,62.17,CLUTCH -                                                 FITS DM26C,Cub Cadet XM3ER53 3-in-1 Variable-Speed Petrol Lawnmower with Blade-Brake Clutch,,4008423891966,yes,no NumaSuite EAN; title score 62.2 < 85.0
CG305F.11-1,19158015,CG305F.11-1,tfidf+rapidfuzz,69.82,BLADE GUARD -                                FITS DM26C,Blade - Fits Feider FTDT5175ES Lawnmower | MowDirect,,,yes,no NumaSuite EAN; title score 69.8 < 85.0
CG305F.6,JR-LAN0004,CG305F.6,tfidf+rapidfuzz,69.86,HANDLE ASSY -                              FITS DM2C,RECOIL HANDLE,,3760011422327,yes,no NumaSuite EAN; title score 69.9 < 85.0
CG415.1,SBS560CHT-KIT,CG415.1,tfidf+rapidfuzz,60.74,SHAFT COMPLETE -                                FITS DM26L,Spectrum SBS560CHT 40V Cordless Hedge Trimmer — Complete Kit (2.0Ah Battery + Charger),,5061122340165,yes,no NumaSuite EAN; title score 60.7 < 85.0
CMR6A,JR-BOU001,CMR6A,tfidf+rapidfuzz,93.98,NGK SPARK PLUG,Spark Plug - JR BOU001 ( Equivalent to CHAMPION RJ19LM OR NGK BR21LM),,3760011423485,yes,no NumaSuite EAN
COLLECTORBAG,SIMP-1696073,COLLECTORBAG,tfidf+rapidfuzz,80.51,COLLECTOR BAG -                                   FITS DM26PBV,Simplicity Twin-Bag Collector - Fits Regent XL/SLT110 & SLT175 | 1696073,,,yes,no NumaSuite EAN; title score 80.5 < 85.0
CP20VGBSKIT1,SOL-433H,CP20VGBSKIT1,tfidf+rapidfuzz,62.35,SEALEY SV20 SERIES15L CORDLESS GARDEN BACKPACK SPRAYE 20V 2AH,Solo 433H Petrol Backpack Sprayer,,4015966433034,yes,no NumaSuite EAN; title score 62.3 < 85.0
CS-2511TES/25,ECH-CS-2511TESC,CS-2511TES/25,tfidf+rapidfuzz,78.14,ECHO CS-2511TES/25 CHAINSAW,Echo CS-2511TESC Top-Handle Petrol Arborist's Chainsaw (25cm Guide Bar),,4934110703994,yes,no NumaSuite EAN; title score 78.1 < 85.0
CS-2511TESC/25,ECH-CS-2511TESC,CS-2511TESC/25,tfidf+rapidfuzz,89.97,ECHO CS-2511TESC/25 TOP-HANDLE PETROL ARBORISTS CHAINSAW (25CM),Echo CS-2511TESC Top-Handle Petrol Arborist's Chainsaw (25cm Guide Bar),,4934110703994,yes,no NumaSuite EAN
CS-4510ES/45,ECH-CS-4510ES-38,CS-4510ES/45,tfidf+rapidfuzz,89.29,"ECHO CS-4510ES CHAINSAW 18""""",Echo CS-4510ES Petrol Chainsaw (38cm Guide Bar),,4260382996803,yes,no NumaSuite EAN
CS-7310SX/50,ECH-CS-7310SX,CS-7310SX/50,tfidf+rapidfuzz,89.29,"ECHO CS-7310SX CHAINSAW 20""""",Echo CS-7310SX Petrol Chainsaw (60cm Guide Bar),,0000000000000,yes,no NumaSuite EAN
CS-3510ES,ECH-CS-3510ES,CS-3510ES,tfidf+rapidfuzz,96.56,ECHO CS-3510ES 35cm BAR CHAINSAW,Echo CS-3510ES Petrol Chainsaw (35cm Guide Bar),,6018653527533,yes,no NumaSuite EAN
CST806,TRCL,CST806,tfidf+rapidfuzz,60.88,"SEALEY PLATFORM TRUCK WITH REMOVABLE SIDES, PNWUMATIC TYRES 450KG CAPACITY",SCH TRCL Collector/Trailer - Capacity 10 cwt,,,yes,no NumaSuite EAN; title score 60.9 < 85.0
CST997,TRCL,CST997,tfidf+rapidfuzz,59.79,"SEALEY PLATFORM TRUCK WITH REMOVABLE SIDES, PNEUMATIC TYRES 200KG CAPACITY",SCH TRCL Collector/Trailer - Capacity 10 cwt,,,yes,no NumaSuite EAN; title score 59.8 < 85.0
CUBCADETC1224KHP,SVC-PUNCTURE-PREV,CUBCADETC1224KHP,tfidf+rapidfuzz,46.26,PRE-OWNED CC1224KHP,Pre-delivery Puncture Prevention Service,,,yes,no NumaSuite EAN; title score 46.3 < 85.0
D20-WAT,CT-HB224,D20-WAT,tfidf+rapidfuzz,52.88,CARBURETTOR GASKET & DIAPHRAGM SET,Charles Taylor 4-Seater Wooden Alfresco Bar Set | HB224,,,yes,no NumaSuite EAN; title score 52.9 < 85.0
D314TB,RACD314TB-A,D314TB,tfidf+rapidfuzz,100.0,RACING D314TB-A 4-STROKE PETROL BRUSHCUTTER,Racing D314TB-A 4-Stroke Petrol Brushcutter,,3661602043986,yes,no NumaSuite EAN
DC251002250004,OR-FL500BC,DC251002250004,tfidf+rapidfuzz,59.58,ASSEMBLED FULL ENGINE DC24-4,Orec FL500BC Rough-Grass Mower (with Honda Engine),,3570521145575,yes,no NumaSuite EAN; title score 59.6 < 85.0
DC292915,JR-FAA0004,DC292915,tfidf+rapidfuzz,71.23,AIR BOX & FILTER DC24-4,AIR FILTER BR690610 498596 697029,,3760011421443,yes,no NumaSuite EAN; title score 71.2 < 85.0
DC293601,JR-CARB0003,DC293601,tfidf+rapidfuzz,65.65,FUEL CAP DC24-4,FUEL PIPE INNER DIAMETER 4.5MM OUTER 10MM L30CM (JR-CARB0003),,3760011420576,yes,no NumaSuite EAN; title score 65.6 < 85.0
DC294816,BCH005,DC294816,tfidf+rapidfuzz,61.68,STARTER CHORD & COVER DC24-4,Protective Cover for Snow Throwers- JR BCH005,,3760011424550,yes,no NumaSuite EAN; title score 61.7 < 85.0
DC295621,OIL-2STOKE500ML,DC295621,tfidf+rapidfuzz,55.25,OIL DIPSTICK DC24-4,500ml 2-Stroke Semi-Synthetic Oil,,,yes,no NumaSuite EAN; title score 55.2 < 85.0
DC299904,JR-FAE0001,DC299904,tfidf+rapidfuzz,75.14,FUEL FILTER DC24-4,FUEL FILTER RIDER -                        WP73112,,3760011421528,yes,no NumaSuite EAN; title score 75.1 < 85.0
DC302301,SBS40CB,DC302301,tfidf+rapidfuzz,51.51,INTAKE GASKET DC24-4,Spectrum SBS40CB 40V 4.0Ah Lithium-Ion Battery Pack,,5065022450689,yes,no NumaSuite EAN; title score 51.5 < 85.0
DC370002,HY-HY3800LE-LPG,DC370002,tfidf+rapidfuzz,63.38,FUEL TANK DC24-4,Hyundai 3.2kW/4.00kVa* Dual-Fuel Electric-Start Site Generator | HY3800LE-LPG,,8800213315661,yes,no NumaSuite EAN; title score 63.4 < 85.0
DC370004,HAR002,DC370004,tfidf+rapidfuzz,57.7,WIRING HARNESS TO STARTER MOTOR DC24-4,Quick-Release Brushcutter Shoulder-Harness (Single) - JR HAR002,,,yes,no NumaSuite EAN; title score 57.7 < 85.0
DC372501,SBS40CB,DC372501,tfidf+rapidfuzz,48.1,EXHAUST HEAT SHIELD DC24-4,Spectrum SBS40CB 40V 4.0Ah Lithium-Ion Battery Pack,,5065022450689,yes,no NumaSuite EAN; title score 48.1 < 85.0
DC372801,SBS40CB,DC372801,tfidf+rapidfuzz,47.18,CARBURETTOR DC24-4,Spectrum SBS40CB 40V 4.0Ah Lithium-Ion Battery Pack,,5065022450689,yes,no NumaSuite EAN; title score 47.2 < 85.0
DC373701,SBS40CB,DC373701,tfidf+rapidfuzz,47.37,EXHAUST MUFFLER DC24-4,Spectrum SBS40CB 40V 4.0Ah Lithium-Ion Battery Pack,,5065022450689,yes,no NumaSuite EAN; title score 47.4 < 85.0
DC503034,JR-CARB0003,DC503034,tfidf+rapidfuzz,56.6,FUEL LINE CLAMP DC24-4,FUEL PIPE INNER DIAMETER 4.5MM OUTER 10MM L30CM (JR-CARB0003),,3760011420576,yes,no NumaSuite EAN; title score 56.6 < 85.0
DC5314,JR-FAA0004,DC5314,tfidf+rapidfuzz,71.42,AIR FILTER (RED) DC24-4,AIR FILTER BR690610 498596 697029,,3760011421443,yes,no NumaSuite EAN; title score 71.4 < 85.0
DC602057,DDS009,DC602057,tfidf+rapidfuzz,65.65,BLADE BOSS DC24-4,4-Tooth Metal Brushcutter-Blade - JR DDS009,,3760011421351,yes,no NumaSuite EAN; title score 65.7 < 85.0
DC830040,STIG-2D6312521/ST2,DC830040,tfidf+rapidfuzz,52.68,RUBBER TUBE TO DECK STRAP DC24-4,Stiga Park Combi Pro 125 Q Plus QuickFlip Cutter Deck | 2D6312521/ST2,,8008984852877,yes,no NumaSuite EAN; title score 52.7 < 85.0
DC830101,SBS40CB,DC830101,tfidf+rapidfuzz,50.79,RUBBER BLOCK DC24-4 (MID STRAP),Spectrum SBS40CB 40V 4.0Ah Lithium-Ion Battery Pack,,5065022450689,yes,no NumaSuite EAN; title score 50.8 < 85.0
DC830110,MF-327107506/0,DC830110,tfidf+rapidfuzz,84.86,SIDE DISCHARGE CHUTE DC24-4,Mountfield Side-Discharge Chute - for MTF 66 MQ | 327107506/0,,7313323035066,yes,no NumaSuite EAN; title score 84.9 < 85.0
DC830114,MF-281210003/21,DC830114,tfidf+rapidfuzz,55.9,GRASS BAG ASSEMBLY DC24-4,Mountfield TR 425 HJ 4-Stroke Curved-Shaft Petrol Grass-Trimmer (Honda Engine),,8008984843646,yes,no NumaSuite EAN; title score 55.9 < 85.0
DC830117,SBS40CB,DC830117,tfidf+rapidfuzz,68.52,BATTERY COVER DC24-4,Spectrum SBS40CB 40V 4.0Ah Lithium-Ion Battery Pack,,5065022450689,yes,no NumaSuite EAN; title score 68.5 < 85.0
DC830118,SMP-LFT85,DC830118,tfidf+rapidfuzz,61.12,BATTERY PLASTIC SHEATH DC24-4,Lifetime 8x5 Heavy Duty Plastic Shed - NEW EDITION,,,yes,no NumaSuite EAN; title score 61.1 < 85.0
DC830121,STIG-PIVOT-WHEELS-130H-SWEEPER,DC830121,tfidf+rapidfuzz,78.39,FRONT WHEEL DC24-4,Stiga Titan Front Wheel Kit for RB130H Sweeper (13-7924-11),,,yes,no NumaSuite EAN; title score 78.4 < 85.0
DC830122,HY-M3300E,DC830122,tfidf+rapidfuzz,80.6,REAR WHEEL DC24-4,Hyundai 1200w/33cm 3-in-1 Electric 4-Wheel Rear-Roller Lawnmower | HYM3300E,,5056275757977,yes,no NumaSuite EAN; title score 80.6 < 85.0
DC830123,LFP-553HWS,DC830123,tfidf+rapidfuzz,64.85,BLADE DRIVE BELT A900 DC24-4,"Lawnflite-Pro 553HWS Professional Self-Propelled Petrol Lawnmower (with 2-Speed Drive, Blade-Brake Clutch & Honda Engine)",,,yes,no NumaSuite EAN; title score 64.9 < 85.0
DC830124,SBS40CB,DC830124,tfidf+rapidfuzz,53.96,TRANSMISSION BELT A800 DC24-4,Spectrum SBS40CB 40V 4.0Ah Lithium-Ion Battery Pack,,5065022450689,yes,no NumaSuite EAN; title score 54.0 < 85.0
DC830126,EZ40VTDE46TC-UK,DC830126,tfidf+rapidfuzz,86.07,BATTERY CHARGER DC24-4,Energizer® TDE-46TC 40v 4-in-1 Variable-Speed Hi-Wheel Cordless Lawnmower (Inc. Battery & Charger),,3661602045287,yes,no NumaSuite EAN
DC830143,ECH-LBP-560-900,DC830143,tfidf+rapidfuzz,71.67,WIRING HARNESS FROM BATTERY DC24-4,Echo LBP-560-900 56v/16Ah Harness-Mounted Lithium-Ion Battery,,,yes,no NumaSuite EAN; title score 71.7 < 85.0
DC830148,STIG-279050008/ST1,DC830148,tfidf+rapidfuzz,61.46,WIRING HARNESS DC24-4,Stiga SBH 900 E Backpack Battery Harness,,8008984844339,yes,no NumaSuite EAN; title score 61.5 < 85.0
DC830195,STIG-213851142/ST1,DC830195,tfidf+rapidfuzz,56.21,FRONT LIGHT ASSEMBLY DC24-4,Stiga SRC 685 RG Petrol Front-Tine Tiller,,8008984813960,yes,no NumaSuite EAN; title score 56.2 < 85.0
DC830196,JRS200,DC830196,tfidf+rapidfuzz,56.95,IGNITION BARREL & KEYS DC24-4,JR 200-Litre Collapsible Rain Barrel | JRS200,,3661602050175,yes,no NumaSuite EAN; title score 56.9 < 85.0
DC831142,TG56-PRO,DC831142,tfidf+rapidfuzz,75.74,BLADE DC24-4,"Spectrum TG56-Pro Variable Speed, Honda Engine, Petrol Lawnmower - 4 Blade",,,yes,no NumaSuite EAN; title score 75.7 < 85.0
DC831169,a2488cdc-c2d3-4860-b7bf-9ceba5e90fe3,DC831169,tfidf+rapidfuzz,54.39,GEAR LEVER DC24-4,Mountfield T30M Gear Drive 2-in-1 Lawn Tractor with Free Trailer,,,yes,no NumaSuite EAN; title score 54.4 < 85.0
DC831177,SBS40CB,DC831177,tfidf+rapidfuzz,42.21,GEARBOX DC24-4,Spectrum SBS40CB 40V 4.0Ah Lithium-Ion Battery Pack,,5065022450689,yes,no NumaSuite EAN; title score 42.2 < 85.0
DC831204,MF-PRINCESS-34,DC831204,tfidf+rapidfuzz,67.8,WHEEL PIN DC24-4,Mountfield Princess 34 Electric 4-Wheel Roller Lawnmower,,,yes,no NumaSuite EAN; title score 67.8 < 85.0
DC91128,HY-M3800E,DC91128,tfidf+rapidfuzz,63.98,REAR WHEEL ASSEMBLY BOLT DC24-4,Hyundai 1600w/38cm Electric 4-Wheel Rear-Roller Mulching Lawnmower | HYM3800E,,600231974196,yes,no NumaSuite EAN; title score 64.0 < 85.0
DC91221,OLY-64-398,DC91221,tfidf+rapidfuzz,58.12,BLADE ADAPTOR BOLT DC24-4,"Big MUTT Pro with 9""x7"" Blade and 64"" Steel Handle",,,yes,no NumaSuite EAN; title score 58.1 < 85.0
DC92304,HY-M3300E,DC92304,tfidf+rapidfuzz,70.65,REAR WHEEL WASHER DC24-4,Hyundai 1200w/33cm 3-in-1 Electric 4-Wheel Rear-Roller Lawnmower | HYM3300E,,5056275757977,yes,no NumaSuite EAN; title score 70.6 < 85.0
DC92323,STIG-PIVOT-WHEELS-130H-SWEEPER,DC92323,tfidf+rapidfuzz,72.01,FRONT WHEEL NUT DC24-4,Stiga Titan Front Wheel Kit for RB130H Sweeper (13-7924-11),,,yes,no NumaSuite EAN; title score 72.0 < 85.0
DC92324,FTDT5096-AC,DC92324,tfidf+rapidfuzz,60.07,WHEEL SPLIT PIN DC24-4,Feider 5096-AC 4-in-1 Hi-Wheel Self-Propelled Petrol Lawnmower,,3661602027535,yes,no NumaSuite EAN; title score 60.1 < 85.0
DC92354,FPEL,DC92354,tfidf+rapidfuzz,57.5,BLADE ADAPTER WASHER DC24-4,Feider FPEL Dozer-Blade Attachment (for FBA-E200/ES Sweeper),,3661602025961,yes,no NumaSuite EAN; title score 57.5 < 85.0
DC96115,SBS40CB,DC96115,tfidf+rapidfuzz,53.22,PAPER GASKET CARBURETTOR DC24-4,Spectrum SBS40CB 40V 4.0Ah Lithium-Ion Battery Pack,,5065022450689,yes,no NumaSuite EAN; title score 53.2 < 85.0
DC96116,SBS40CB,DC96116,tfidf+rapidfuzz,49.46,EXHAUST GASKET DC24-4,Spectrum SBS40CB 40V 4.0Ah Lithium-Ion Battery Pack,,5065022450689,yes,no NumaSuite EAN; title score 49.5 < 85.0
DC96130,SBS40CB,DC96130,tfidf+rapidfuzz,51.64,CARBURETTOR GASKET DC24-4,Spectrum SBS40CB 40V 4.0Ah Lithium-Ion Battery Pack,,5065022450689,yes,no NumaSuite EAN; title score 51.6 < 85.0
DC96773,JR-CARB0003,DC96773,tfidf+rapidfuzz,82.23,FUEL PIPE DC24-4,FUEL PIPE INNER DIAMETER 4.5MM OUTER 10MM L30CM (JR-CARB0003),,3760011420576,yes,no NumaSuite EAN; title score 82.2 < 85.0
DC97528,SBS40CB,DC97528,tfidf+rapidfuzz,48.35,IGNITION COIL & LEAD DC24-4,Spectrum SBS40CB 40V 4.0Ah Lithium-Ion Battery Pack,,5065022450689,yes,no NumaSuite EAN; title score 48.3 < 85.0
DCDL561P120D,SBS40CB,DCDL561P120D,tfidf+rapidfuzz,79.53,BATTERY DC24-4,Spectrum SBS40CB 40V 4.0Ah Lithium-Ion Battery Pack,,5065022450689,yes,no NumaSuite EAN; title score 79.5 < 85.0
DEB518,OM-DEB518,DEB518,tfidf+rapidfuzz,100.0,OLEO-MAC DEB518 SELF PROPELLED WHEELED BRUSHCUTTER,Oleo-Mac DEB518 Self-Propelled Wheeled Brushcutter,,,yes,no NumaSuite EAN
DEB528,EF-DEB528,DEB528,tfidf+rapidfuzz,97.83,EFCO 3-SPEED WHEELED BRUSHCUTTER,Efco DEB528 3-Speed Wheeled Brushcutter,,0000000000000,yes,no NumaSuite EAN
DELIVERY,PALLET-DELIVERY-CHARGE-1,DELIVERY,tfidf+rapidfuzz,98.5,DELIVERY CHARGE,Pallet Delivery Charge,,,yes,no NumaSuite EAN
DG511,ZOM-DG511-58V,DG511,tfidf+rapidfuzz,100.0,ZOMAX DG511 58v CORDLESS GRASS TRIMMER (TOOL ONLY),Zomax DG511 58v Cordless Grass-Trimmer (Tool Only),,0660042457035,yes,no NumaSuite EAN
DHCA,ECH-DHCA-310,DHCA,tfidf+rapidfuzz,98.5,ECHO DHCA-310 40v LONG REACH CORDLESS HEDGETRIMMER,Echo DHCA-310 40v Long-Reach Cordless Hedgetrimmer (Tool Only),,,yes,no NumaSuite EAN
DM1B34F.9.2-3,JR-FAE0001,DM1B34F.9.2-3,tfidf+rapidfuzz,83.11,FUEL FILTER DM26,FUEL FILTER RIDER -                        WP73112,,3760011421528,yes,no NumaSuite EAN; title score 83.1 < 85.0
DM1E34F-1,TG45SC,DM1E34F-1,tfidf+rapidfuzz,38.87,CARBURETTOR GASKET DM26H/L/C,"Spectrum TG45SC Petrol Scarifier & Aerator — 223cc, 45cm, 2-in-1",,5061122340127,yes,no NumaSuite EAN; title score 38.9 < 85.0
DM1E34F-6,BCH005,DM1E34F-6,tfidf+rapidfuzz,59.86,TOP ENGINE COVER DM26H/L/C,Protective Cover for Snow Throwers- JR BCH005,,3760011424550,yes,no NumaSuite EAN; title score 59.9 < 85.0
DM1E34F.1-1,JR-FAA0004,DM1E34F.1-1,tfidf+rapidfuzz,72.75,AIR FILTER DM26H/L/C,AIR FILTER BR690610 498596 697029,,3760011421443,yes,no NumaSuite EAN; title score 72.7 < 85.0
DM1E34F.1-2,JR-LAN0004,DM1E34F.1-2,tfidf+rapidfuzz,70.74,CHOKE HANDLE DM26H/L/C,RECOIL HANDLE,,3760011422327,yes,no NumaSuite EAN; title score 70.7 < 85.0
DM1E34F.1-3,HF2625HTEH,DM1E34F.1-3,tfidf+rapidfuzz,36.2,CHOKE LEVER DM26H/L/C,Honda HF 2625 HTE Premium Lawn Tractor,,,yes,no NumaSuite EAN; title score 36.2 < 85.0
DM1E34F.1-4,JR-FAA001,DM1E34F.1-4,tfidf+rapidfuzz,66.1,AIR FILTER COVER DM26H/L/C,AIR FILTER JR-FAA001,,,yes,no NumaSuite EAN; title score 66.1 < 85.0
DM1E34F.1.1,JR-FAA001,DM1E34F.1.1,tfidf+rapidfuzz,72.92,AIR FILTER BACKING PLATE DM26H/L/C,AIR FILTER JR-FAA001,,,yes,no NumaSuite EAN; title score 72.9 < 85.0
DM1E34F.1.2,JR-FAA0004,DM1E34F.1.2,tfidf+rapidfuzz,70.01,AIR FILTER CLAMP SCREW,AIR FILTER BR690610 498596 697029,,3760011421443,yes,no NumaSuite EAN; title score 70.0 < 85.0
DM1E34F.10-1,R-RTN631,DM1E34F.10-1,tfidf+rapidfuzz,69.86,CLUTCH SPRING,Stiga Twinclip 55 SH BBC Self-Propelled Lawnmower with Blade-Brake Clutch,,,yes,no NumaSuite EAN; title score 69.9 < 85.0
DM1E34F.11,JR-LAN0006,DM1E34F.11,tfidf+rapidfuzz,65.04,RECOIL DM26H/L/C,RECOIL HANDLE + ROPE BRIGGS COMMON ENGINES AND TECUMSEH,,3760011422341,yes,no NumaSuite EAN; title score 65.0 < 85.0
DM1E34F.13,TG45SC,DM1E34F.13,tfidf+rapidfuzz,33.96,CARBURETTOR DM26PB/PBV,"Spectrum TG45SC Petrol Scarifier & Aerator — 223cc, 45cm, 2-in-1",,5061122340127,yes,no NumaSuite EAN; title score 34.0 < 85.0
DM1E34F.3,STIG-PARK-ROTARY-BRUSH,DM1E34F.3,tfidf+rapidfuzz,59.16,ENGINE COVER DM26H/L/C,Stiga 100cm Rotary Brush Attachment c/w Dust Cover for Park Front-Cut Ride-On Mowers | 13-0977-11 c/w 13-1936-62,,,yes,no NumaSuite EAN; title score 59.2 < 85.0
DM1E34F.5-2,JR-BOU001,DM1E34F.5-2,tfidf+rapidfuzz,67.26,SPARK PLUG CAP DM26H/L/C,Spark Plug - JR BOU001 ( Equivalent to CHAMPION RJ19LM OR NGK BR21LM),,3760011423485,yes,no NumaSuite EAN; title score 67.3 < 85.0
DM1E34F.8,FST212-RTN,DM1E34F.8,tfidf+rapidfuzz,40.17,STARTER PAWL,Feider FST212 Petrol Lawn Scarifier - RTN,,3661602022424,yes,no NumaSuite EAN; title score 40.2 < 85.0
DM1E34F.9.1,HAN-HP-199,DM1E34F.9.1,tfidf+rapidfuzz,54.39,FUEL TANK DM26H/L/C,Handy Sure-Start Fuel Additive - 250ml,,,yes,no NumaSuite EAN; title score 54.4 < 85.0
DM1E34F.9.11,OM-4175169A,DM1E34F.9.11,tfidf+rapidfuzz,53.26,FUEL CAP DM26H/L/C,Oleo Mac 5 Litre Red Plastic Jerry Can for Fuel,,,yes,no NumaSuite EAN; title score 53.3 < 85.0
DM1E34F.9.111,JR-CARB0001,DM1E34F.9.111,tfidf+rapidfuzz,52.04,FUEL CAP DM26PB/PBV,FUEL PIPE INNER DIAMETER 6.35MM OUTER 12.7MM L30CM,,3760011420552,yes,no NumaSuite EAN; title score 52.0 < 85.0
DM1E34F.9.2-1,JR-FAE0001,DM1E34F.9.2-1,tfidf+rapidfuzz,64.1,FUEL LINE (RETURN),FUEL FILTER RIDER -                        WP73112,,3760011421528,yes,no NumaSuite EAN; title score 64.1 < 85.0
DM1E34F.9.2-2,HAN-HP-120,DM1E34F.9.2-2,tfidf+rapidfuzz,62.94,FUEL LINE (FEED),Handy Fuel Mixing-Bottle,,,yes,no NumaSuite EAN; title score 62.9 < 85.0
DM1E34FB-2,SBSCSC,DM1E34FB-2,tfidf+rapidfuzz,40.14,CARBURETTOR GASKET,Spectrum SBSCSC 40V Fast Battery Charger (2A),,5065022450696,yes,no NumaSuite EAN; title score 40.1 < 85.0
DM1E34FB-3,FAST175P-RET,DM1E34FB-3,tfidf+rapidfuzz,37.52,EXHAUST GASKET DM26PB/PBV,Feider FAST175P Hand-Propelled Wheeled Garden Vacuum (Ex-Demo),,3661602025692,yes,no NumaSuite EAN; title score 37.5 < 85.0
DM1E34FB-6,SVC-PUNCTURE-PREV,DM1E34FB-6,tfidf+rapidfuzz,36.17,CHOKE LEVER DM26PB/PBV,Pre-delivery Puncture Prevention Service,,,yes,no NumaSuite EAN; title score 36.2 < 85.0
DM1E34FB.6-1,JR-FAA001,DM1E34FB.6-1,tfidf+rapidfuzz,66.1,AIR FILTER COVER DM26PB/PBV,AIR FILTER JR-FAA001,,,yes,no NumaSuite EAN; title score 66.1 < 85.0
DM1E34FB.6.1,JR-FAA0004,DM1E34FB.6.1,tfidf+rapidfuzz,71.63,AIR FILTER DM26PB/PBV,AIR FILTER BR690610 498596 697029,,3760011421443,yes,no NumaSuite EAN; title score 71.6 < 85.0
DM1E34FB.6.2,JR-FAA001,DM1E34FB.6.2,tfidf+rapidfuzz,72.92,AIR FILTER BACKING PLATE DM26PB/PBV,AIR FILTER JR-FAA001,,,yes,no NumaSuite EAN; title score 72.9 < 85.0
DM1E36FF.8.1-1,JR-CARB0003,DM1E36FF.8.1-1,tfidf+rapidfuzz,76.54,FUEL PIPE GROMET,FUEL PIPE INNER DIAMETER 4.5MM OUTER 10MM L30CM (JR-CARB0003),,3760011420576,yes,no NumaSuite EAN; title score 76.5 < 85.0
DM26L-HC,OM-EH50,DM26L-HC,tfidf+rapidfuzz,76.67,SPECTRUM DM26C-HC HEDGECUTTER ATTACHMENT,Oleo-Mac EH50 Hedgecutter Attachment,,,yes,no NumaSuite EAN; title score 76.7 < 85.0
DMBG305.13-1,JR-LTD0015,DMBG305.13-1,tfidf+rapidfuzz,59.17,BLADE GUARD CLAMP,BLADE TORO 55CM 108-9783-03 20655 20658 20954 20955 20956 58,,3760011422549,yes,no NumaSuite EAN; title score 59.2 < 85.0
DMBG305.13.1,JR-SLT0003,DMBG305.13.1,tfidf+rapidfuzz,70.52,BLADE GUARD,BLADE HUB 125463200/0 H 36MM DI 20MM  F72 TC92 TC102 TC122,,3760011422778,yes,no NumaSuite EAN; title score 70.5 < 85.0
DMBG415-2,DDS007,DMBG415-2,tfidf+rapidfuzz,67.9,THREE TOOTHED BLADE,3-Tooth Metal Brushcutter-Blade -,,3760011421337,yes,no NumaSuite EAN; title score 67.9 < 85.0
DMCG250.4,DM26C,DMCG250.4,tfidf+rapidfuzz,61.41,HARNESS ASSEMBLY STRIMMER,Spectrum DM26C Curved-Shaft Petrol Grass and weed Strimmer,,5065022450023,yes,no NumaSuite EAN; title score 61.4 < 85.0
DMCG260.2,JR-LAN0004,DMCG260.2,tfidf+rapidfuzz,70.82,TRIGGER ASSEMBLY (COW HORN HANDLE),RECOIL HANDLE,,3760011422327,yes,no NumaSuite EAN; title score 70.8 < 85.0
DMCG260.3,STIG-80V-HARNESS,DMCG260.3,tfidf+rapidfuzz,74.65,HARNESS CLAMP,Stiga 80v Battery Harness,,0000000000000,yes,no NumaSuite EAN; title score 74.7 < 85.0
DMCG260A.1A.1,R-RTN631,DMCG260A.1A.1,tfidf+rapidfuzz,78.15,CLUTCH CUP,Stiga Twinclip 55 SH BBC Self-Propelled Lawnmower with Blade-Brake Clutch,,,yes,no NumaSuite EAN; title score 78.2 < 85.0
DMCG260E-5,FNY005,DMCG260E-5,tfidf+rapidfuzz,66.87,BLADE GUARD (STRIMMER LINE CUTTER),Nylon Round Trimmer-Line -Replacement Strimmer Line -  2mm x 15m -JR FNY005,,3760011421603,yes,no NumaSuite EAN; title score 66.9 < 85.0
DMCG260E-6,JR-LTD0015,DMCG260E-6,tfidf+rapidfuzz,59.17,BLADE GUARD CLAMP,BLADE TORO 55CM 108-9783-03 20655 20658 20954 20955 20956 58,,3760011422549,yes,no NumaSuite EAN; title score 59.2 < 85.0
DMCG260E.1A.1SHOES,LFP-448HW,DMCG260E.1A.1SHOES,tfidf+rapidfuzz,58.98,CLUTCH SHOE ASSEMBLY,"Lawnflite-Pro 448HW Professional Self-Propelled Petrol Lawnmower (with 2-Speed Drive, Blade-Brake Clutch & Honda Engine)",,,yes,no NumaSuite EAN; title score 59.0 < 85.0
DMCG260E.2-E,SBS20CB,DMCG260E.2-E,tfidf+rapidfuzz,30.87,BOLT CG260E,Spectrum SBS20CB 40V 2.0Ah Lithium-Ion Battery Pack,,5065022450672,yes,no NumaSuite EAN; title score 30.9 < 85.0
DMCG261.1-1,R-RTN631,DMCG261.1-1,tfidf+rapidfuzz,51.36,CLUTCH ASSEMBLY LINK DM26H/L/C,Stiga Twinclip 55 SH BBC Self-Propelled Lawnmower with Blade-Brake Clutch,,,yes,no NumaSuite EAN; title score 51.4 < 85.0
DMCG305.12.4-5,STIG-287110102/ST2,DMCG305.12.4-5,tfidf+rapidfuzz,57.81,DRIVE SHAFT HOUSING,Stiga GT 330 A Curved-Shaft Petrol Grass-Trimmer,,8008984853379,yes,no NumaSuite EAN; title score 57.8 < 85.0
DMCG305F.1-3,HF2625HTEH,DMCG305F.1-3,tfidf+rapidfuzz,36.8,HOLDER B,Honda HF 2625 HTE Premium Lawn Tractor,,,yes,no NumaSuite EAN; title score 36.8 < 85.0
DMCG305F.1-4,TG561-SWT,DMCG305F.1-4,tfidf+rapidfuzz,41.41,LEFT THREADED NUT,Spectrum TG561-SWT Self Propelled Wheeled Trimmer,,5065022450511,yes,no NumaSuite EAN; title score 41.4 < 85.0
DMCG305F.6,JR-LAN0004,DMCG305F.6,tfidf+rapidfuzz,71.16,U-SHAPED STRIMMER HANDLE,RECOIL HANDLE,,3760011422327,yes,no NumaSuite EAN; title score 71.2 < 85.0
DMCG415.1,UMK-425-LE,DMCG415.1,tfidf+rapidfuzz,83.58,BRUSH CUTTER POLE,Honda UMK 425 LE 4-Stroke Brush Cutter,,,yes,no NumaSuite EAN; title score 83.6 < 85.0
DMCG415.3,2T2010483/M25,DMCG415.3,tfidf+rapidfuzz,50.3,GEAR CASE ASSEMBLY DM26H/L/C,Mountfield T30M Gear Drive 2-in-1 Lawn Tractor,,8008984869042,yes,no NumaSuite EAN; title score 50.3 < 85.0
DMCGNSH,FNY042,DMCGNSH,tfidf+rapidfuzz,75.53,NYLON STRIMMER HEAD DM26C,Square Nylon Trimmer-Line - Replacement Strimmer -  3.3mm x 9m - JR FNY042,,3760011421979,yes,no NumaSuite EAN; title score 75.5 < 85.0
DMCL26HLC,1330M-XDISP,DMCL26HLC,tfidf+rapidfuzz,35.3,COIL & LEAD DM26H/L/C,Mountfield T30M Rear-Collect Lawn Tractor with Manual Drive - Ex Demo,,8008984869042,yes,no NumaSuite EAN; title score 35.3 < 85.0
DMCL26PBV,1330M-XDISP,DMCL26PBV,tfidf+rapidfuzz,32.46,COIL & LEAD DM26PB/PBV,Mountfield T30M Rear-Collect Lawn Tractor with Manual Drive - Ex Demo,,8008984869042,yes,no NumaSuite EAN; title score 32.5 < 85.0
DMEB-260-9,SVC-PUNCTURE-PREV,DMEB-260-9,tfidf+rapidfuzz,39.33,ACCELERATOR TRIGGER DM26PB/PBV,Pre-delivery Puncture Prevention Service,,,yes,no NumaSuite EAN; title score 39.3 < 85.0
DMEB-260.4,DCT38H,DMEB-260.4,tfidf+rapidfuzz,35.55,THROTTLE CABLE DM26PB/PBV,"Spectrum DCT38H 38"" Lawn Tractor with Hydrostatic Drive",,5065022450528,yes,no NumaSuite EAN; title score 35.5 < 85.0
DMGB/190,FST212-RTN,DMGB/190,tfidf+rapidfuzz,32.94,BOLT CG260A,Feider FST212 Petrol Lawn Scarifier - RTN,,3661602022424,yes,no NumaSuite EAN; title score 32.9 < 85.0
DMGB/T862.1,FNHPT240,DMGB/T862.1,tfidf+rapidfuzz,75.78,LOCK WASHER,Feider FNHPT240 Petrol Pressure-Washer,,3661602026453,yes,no NumaSuite EAN; title score 75.8 < 85.0
DMWYJ244,TG45SC,DMWYJ244,tfidf+rapidfuzz,39.91,CARBURETTOR DM26H/L/C,"Spectrum TG45SC Petrol Scarifier & Aerator — 223cc, 45cm, 2-in-1",,5061122340127,yes,no NumaSuite EAN; title score 39.9 < 85.0
EB-260.1-1,17338046,EB-260.1-1,tfidf+rapidfuzz,51.6,IMPELLER -                                          FITS DM26PBV,"Lawnmower Blade - 50.2cm | Fits Feider & Racing 20"" Models",,3664142164166,yes,no NumaSuite EAN; title score 51.6 < 85.0
EB-260.1-2,STIG-278131808/St1,EB-260.1-2,tfidf+rapidfuzz,57.55,NET COVER -                               FITS DM26PBV,Stiga Fast Charger | Fits E-Ride Models,,,yes,no NumaSuite EAN; title score 57.5 < 85.0
EB-260.1.1,19158015,EB-260.1.1,tfidf+rapidfuzz,52.35,VOLUTE CASING BACK -                               FITS DM26PBV,Blade - Fits Feider FTDT5175ES Lawnmower | MowDirect,,,yes,no NumaSuite EAN; title score 52.3 < 85.0
EB-260.1.2,EM-BT155,EB-260.1.2,tfidf+rapidfuzz,57.08,VOLUTE CASING FRONT -                               FITS DM26PBV,Bertolini BT155 Compact Petrol Front-Tine Cultivator,,,yes,no NumaSuite EAN; title score 57.1 < 85.0
EB-260.5-1,HAN-HP-199,EB-260.5-1,tfidf+rapidfuzz,55.36,FUEL TANK -                                 FITS DM26PBV,Handy Sure-Start Fuel Additive - 250ml,,,yes,no NumaSuite EAN; title score 55.4 < 85.0
EC20,RB-EC50,EC20,tfidf+rapidfuzz,92.61,REDBACK CHARGER,Redback 40v Super-Fast Battery Charger | EC50,,6945372101204,yes,no NumaSuite EAN
EC50,RB-EC50,EC50,tfidf+rapidfuzz,92.61,REDBACK CHARGER,Redback 40v Super-Fast Battery Charger | EC50,,6945372101204,yes,no NumaSuite EAN
ECH-CS3510AC,ECH-CS-3510AC,ECH-CS3510AC,tfidf+rapidfuzz,81.34,ECHO CS3510AC 35CM BAR CHAINSAW,Echo CS-3510AC Petrol Chainsaw (35cm Guide Bar),,,yes,no NumaSuite EAN; title score 81.3 < 85.0
CS-362WES/35,ECH-CS-362WES,CS-362WES/35,tfidf+rapidfuzz,94.45,ECHO CS-362WES/35 PETROL CHAINSAW (35cm BAR),Echo CS-362WES Petrol Chainsaw (35cm Guide Bar),,0000000000000,yes,no NumaSuite EAN
ELECTRESS38LI,MF-291382063/M21,ELECTRESS38LI,tfidf+rapidfuzz,95.97,MOUNTFIELD ELECTRESS 38 Li KIT 20v HAND-PROPELLED CORDLESS LAWNMOWER (Inc. B & C),Mountfield Electress 38 Li KIT 20v Hand-Propelled Cordless Lawnmower (Inc. Batteries & Charger),,,yes,no NumaSuite EAN
ES-250ES,ECH-ES-250ES,ES-250ES,tfidf+rapidfuzz,82.87,ECHO ES-250ES SHRED 'N' VAC LEAF BLOWER & VACCUM,Echo ES-250ES Shred N' Vac® Handheld Petrol Blower-Vacuum,,4934110700047,yes,no NumaSuite EAN; title score 82.9 < 85.0
ESXDUC,SNAP-ESXDUC82,ESXDUC,tfidf+rapidfuzz,98.5,SNAPPER ESXDUC 82v BATTERY POWERED ELECTRIC WHEELBARROW,Snapper ESXDUC 82v Battery-Powered Electric Wheelbarrow (Machine Only),,0047282121009,yes,no NumaSuite EAN
EZN1200-UK,C-EZN1200-UK,EZN1200-UK,tfidf+rapidfuzz,94.76,ENERGIZER EZN1200-UK 1200W/100BAR ELECTRICAL PRESSURE WASHER,Energizer 1200w/100bar Electric Pressure-Washer | EZN1200-UK,,3661602041081,yes,no NumaSuite EAN
EZN1600,C-EZN1600,EZN1600,tfidf+rapidfuzz,97.45,ENERGIZER EZN1600-UK 1600w/130bar ELECTRIC PRESSURE WASHER,Energizer 1600w/130bar Electric Pressure-Washer | EZN1600-UK,,3661602041098,yes,no NumaSuite EAN
EZN2000,C-EZN2000,EZN2000,tfidf+rapidfuzz,95.67,ENERGIZER EZN2000-UK 2000w/160 BAR ELECTRIC  PRESSURE WASHER,Energizer 2000w/160bar Electric Pressure-Washer | EZN2000-UK,,3661602029027,yes,no NumaSuite EAN
F016A75661,R210,F016A75661,tfidf+rapidfuzz,41.74,GENUINE QUALCAST THROTTLE CABLE,Rato Horizontal Engine,,,yes,no NumaSuite EAN; title score 41.7 < 85.0
F1073261,BERT-BT195,F1073261,tfidf+rapidfuzz,78.15,RIVET BERTOLINI,Bertolini BT195 Petrol Front-Tine Cultivator with Reverse Drive,,8026619069933,yes,no NumaSuite EAN; title score 78.2 < 85.0
F94,BOISIO3SHAPENEDGEG,F94,tfidf+rapidfuzz,52.5,FUNNEL SET 4PC ECONOMY FIXED SPOUT,Bosch Isio 3.6v Li-ion Cordless Shrub & Edging-Shear Set,,3165140630764,yes,no NumaSuite EAN; title score 52.5 < 85.0
FAA001,JR-FAA001,FAA001,tfidf+rapidfuzz,100.0,AIR FILTER JR-FAA001,AIR FILTER JR-FAA001,,,yes,no NumaSuite EAN
FAA003,JR-FAA0004,FAA003,tfidf+rapidfuzz,97.0,AIR FILTER,AIR FILTER BR690610 498596 697029,,3760011421443,yes,no NumaSuite EAN
FAA004,JR-FAA001,FAA004,tfidf+rapidfuzz,73.15,AIR FILTER REPLACMENT  B&S 690610,AIR FILTER JR-FAA001,,,yes,no NumaSuite EAN; title score 73.1 < 85.0
FAE001,JR-FAE0001,FAE001,tfidf+rapidfuzz,97.0,FUEL FILTER,FUEL FILTER RIDER -                        WP73112,,3760011421528,yes,no NumaSuite EAN
FAE002,JR-FAE0001,FAE002,tfidf+rapidfuzz,97.0,FUEL FILTER,FUEL FILTER RIDER -                        WP73112,,3760011421528,yes,no NumaSuite EAN
FAH001,JR-FAH0002,FAH001,tfidf+rapidfuzz,70.8,OIL FILTER -                            492932S,OIL FILTER LONG VARIOUS,,3760011421559,yes,no NumaSuite EAN; title score 70.8 < 85.0
FASBE1600-RET,FASBE1600-UK,FASBE1600-RET,tfidf+rapidfuzz,67.88,FEIDER FASBE1600-UK VACUUM - RETURN MODEL,Feider FASBE 1600-UK Hand-Propelled Electric Wheeled Garden-Vacuum,,3661602030276,yes,no NumaSuite EAN; title score 67.9 < 85.0
FAST175P,C-FAST175P,FAST175P,tfidf+rapidfuzz,100.0,FEIDER FAST175P HAND-PROPELLED WHEELED GARDEN VACUUM,Feider FAST175P Hand-Propelled Wheeled Garden Vacuum,,3661602025692,yes,no NumaSuite EAN
FAST175T,C-FAST175T,FAST175T,tfidf+rapidfuzz,100.0,FEIDER FAST175T SELF-PROPELLED WHEELED GARDEN VACUUM,Feider FAST175T Self-Propelled Wheeled Garden Vacuum,,3661602025678,yes,no NumaSuite EAN
FAST175T(RTN),FBAE200ES-2,FAST175T(RTN),tfidf+rapidfuzz,67.3,FEIDER FAST175T SWEEPER (PRE OWNED),Feider FBA-E200ES Self-Propelled Powered Sweeper with Electric Start,,3661602025937,yes,no NumaSuite EAN; title score 67.3 < 85.0
FBAE200ES,FBAE200ES-2,FBAE200ES,tfidf+rapidfuzz,93.24,FEIDER FBA-E200ES POWERED SWEEPER,Feider FBA-E200ES Self-Propelled Powered Sweeper with Electric Start,,3661602025937,yes,no NumaSuite EAN
FBR,C-FBR,FBR,tfidf+rapidfuzz,98.45,FEIDER FBR POWERED BRUSH ATTACHMENT â€“ FOR FAST175T GARDEN VACUUM,Feider Powered Brush Attachment (for FAST175T Garden Vacuum),,3661602025616,yes,no NumaSuite EAN
FBT270,C-FBT270,FBT270,tfidf+rapidfuzz,100.0,FEIDER FBT270 PETROL CHIPPER SHREDDER,Feider FBT270 Petrol Chipper-Shredder,,3661602025883,yes,no NumaSuite EAN
FBT70,C-FBT270,FBT70,tfidf+rapidfuzz,98.49,FEIDER FBT70 PETROL CHIPPER SHREDDER,Feider FBT270 Petrol Chipper-Shredder,,3661602025883,yes,no NumaSuite EAN
FD-FAST175-BAG,FAST175-BAG,FD-FAST175-BAG,tfidf+rapidfuzz,97.0,FEIDER FAST175 REPLACEMENT BAG,Feider FAST175 Replacement Bag for Feider FAST Wheeled Garden-Vacuums,,3661602027542,yes,no NumaSuite EAN
FGP000249,JR-FAE0001,FGP000249,tfidf+rapidfuzz,97.0,FUEL FILTER,FUEL FILTER RIDER -                        WP73112,,3760011421528,yes,no NumaSuite EAN
FGP011672,JR-FAE0001,FGP011672,tfidf+rapidfuzz,97.0,FUEL FILTER,FUEL FILTER RIDER -                        WP73112,,3760011421528,yes,no NumaSuite EAN
FGP456807,JR-FAA0004,FGP456807,tfidf+rapidfuzz,79.95,AIR FILTER HONDA,AIR FILTER BR690610 498596 697029,,3760011421443,yes,no NumaSuite EAN; title score 80.0 < 85.0
FHNV2000,FNHV2000,FHNV2000,tfidf+rapidfuzz,88.21,FEIDER FNHV2000 MULTI-SURFACE STEAM CLEANER,"Feider FHNV2000 Multi-Surface Steam Cleaner 2000 w, 4 bar",,3661602025180,yes,no NumaSuite EAN
FP4,WH20XT,FP4,tfidf+rapidfuzz,58.4,FOOT PUMP TWIN BARREL,HONDA WH20 Self Priming Water Pump,,,yes,no NumaSuite EAN; title score 58.4 < 85.0
FRT6224-RET,FRT6224,FRT6224-RET,tfidf+rapidfuzz,84.04,FEIDER FRT6224  RIDE-ON MOWER- EX DEMO,Feider FRT6224 Ultra-Compact Rear-Collect Ride-On Mower with Manual Drive,,,yes,no NumaSuite EAN; title score 84.0 < 85.0
FRT7550M-SD,FD-FRT7550M-SD,FRT7550M-SD,tfidf+rapidfuzz,98.5,FEIDER FRT7550M-SD COMPACT SIDE-DISCHARGE RIDE ON MOWER,Feider FRT7550M-SD Compact Side-Discharge Ride-On Mower with Manual Drive,,3661602023780,yes,no NumaSuite EAN
FRT75BS125-RTN,FAST175-BAG,FRT75BS125-RTN,tfidf+rapidfuzz,61.51,FEIDER FRT75BS125 RIDER - USED MODEL,Feider FAST175 Replacement Bag for Feider FAST Wheeled Garden-Vacuums,,3661602027542,yes,no NumaSuite EAN; title score 61.5 < 85.0
FRTF220,FRTF220-1,FRTF220,tfidf+rapidfuzz,87.74,FEIDER RTF220 PETROL REAR TINE CULTIVATOR,Feider RTF220 Pro Two-Wheel Rear-Tine Rotary Cultivator,,3661602025906,yes,no NumaSuite EAN
FSC,C-FSC,FSC,tfidf+rapidfuzz,98.5,FEIDER POWERED RAKE ATTACHMENT FOR FAST175T,Feider Powered Rake Attachment (for FAST175T Garden Vacuum),,3661602025630,yes,no NumaSuite EAN
FST200PRO-RET,FST212-RTN,FST200PRO-RET,tfidf+rapidfuzz,73.98,FEIDER FST200PRO SCARIFIER - RETURN MODEL,Feider FST212 Petrol Lawn Scarifier - RTN,,3661602022424,yes,no NumaSuite EAN; title score 74.0 < 85.0
FST212-RET,FST212,FST212-RET,tfidf+rapidfuzz,80.23,FEIDER FST212 SCARIFIER - RETURN MODEL,Feider FST212 Petrol Lawn Scarifier,,3661602022424,yes,no NumaSuite EAN; title score 80.2 < 85.0
FTDT461ZT-RET,FD-FTDT461ZT,FTDT461ZT-RET,tfidf+rapidfuzz,80.52,FEIDER FTDT461ZT LAWNMOWER - RETURN MODEL,Feider FTDT461ZT Self-Propelled 4-in-1 Zero-Turn Petrol Lawnmower,,3661602040220,yes,no NumaSuite EAN; title score 80.5 < 85.0
FTDTR4240ES-RET,2033,FTDTR4240ES-RET,tfidf+rapidfuzz,74.14,FEIDER FTDTR4240ES LAWNMOWER - RETURN MODEL,Feider TR4870 Variable-Speed Rear-Roller Lawnmower | Refurbished Model,,,yes,no NumaSuite EAN; title score 74.1 < 85.0
FTDTR5220ES,FD-TR5220ES,FTDTR5220ES,tfidf+rapidfuzz,96.22,FEIDER TR5220ES VARIABLE SPEED REAR-ROLLER LAWNMOWER W/ ELECTRIC START,Feider TR5220ES Variable-Speed Petrol Rear-Roller Lawnmower with Electric Start,,3661602040749,yes,no NumaSuite EAN
FTDTR5220ES-RET,2033,FTDTR5220ES-RET,tfidf+rapidfuzz,74.14,FEIDER FTDTR5220ES LAWNMOWER - RETURN MODEL,Feider TR4870 Variable-Speed Rear-Roller Lawnmower | Refurbished Model,,,yes,no NumaSuite EAN; title score 74.1 < 85.0
FTU,C-FBR,FTU,tfidf+rapidfuzz,71.36,FEIDER HOSE KIT ATTACHMENT FOR FAST 175T,Feider Powered Brush Attachment (for FAST175T Garden Vacuum),,3661602025616,yes,no NumaSuite EAN; title score 71.4 < 85.0
FYN038,FNY038,FYN038,tfidf+rapidfuzz,97.76,JR FNY038 Square Nylon Trimmer-Line - Replacement Strimmer Line - 2.4mm x 12m,Square Nylon Trimmer-Line - Replacement Strimmer Line -  2.4mm x 12m - JR FNY038,,3760011421931,yes,no NumaSuite EAN
G125463200EO,STIG-290802030/16,G125463200EO,tfidf+rapidfuzz,73.65,BLADE BOSS,Stiga Front Blade for SWS 800 G Self-Propelled Sweeper | 290802030/16,,8008984640542,yes,no NumaSuite EAN; title score 73.6 < 85.0
G125601613E0R,TG561-SWT,G125601613E0R,tfidf+rapidfuzz,27.39,PULLEY,Spectrum TG561-SWT Self Propelled Wheeled Trimmer,,5065022450511,yes,no NumaSuite EAN; title score 27.4 < 85.0
G339XY90000,R-RTN631,G339XY90000,tfidf+rapidfuzz,55.91,GENUINE COBRA CLUTCH CABLE,Stiga Twinclip 55 SH BBC Self-Propelled Lawnmower with Blade-Brake Clutch,,,yes,no NumaSuite EAN; title score 55.9 < 85.0
G34AWY00000,JR-TFN047,G34AWY00000,tfidf+rapidfuzz,57.57,GENUINE COBRA BLADE BOSS,Universal Eco Combi Quad Line-Head with Blade for 30cc Brushcutters- JR TFN047,,3760011424697,yes,no NumaSuite EAN; title score 57.6 < 85.0
G53PK,OM-G53-PK-SD,G53PK,tfidf+rapidfuzz,90.84,OLEO-MAC G53-PK SD COMFORT H/P LAWNMOWER W/ SIDE-DISCHARGE,Oleo-Mac G53-PK SD Comfort Hand-Propelled Petrol Lawnmower with Side-Discharge,,,yes,no NumaSuite EAN
G9510000000,SIM-1696374,G9510000000,tfidf+rapidfuzz,65.91,19 INCH BLADE,Mulch Ninja Blade Kit,,,yes,no NumaSuite EAN; title score 65.9 < 85.0
GC81004397H0,ST-HS45-18,GC81004397H0,tfidf+rapidfuzz,63.69,"Honda IZY HRG465 Blade (46cm/ 18"")""",STIHL HS45-18 Petrol Hedgetrimmer (45cm Blades),,0886661909360,yes,no NumaSuite EAN; title score 63.7 < 85.0
GND-17,JR-AFC0024,GND-17,tfidf+rapidfuzz,55.2,CARBURETTOR DIAPHRAGM KIT ZAMA,SHARPENING KIT,,3760011420279,yes,no NumaSuite EAN; title score 55.2 < 85.0
GT-222ES,ECH-GT-222ES,GT-222ES,tfidf+rapidfuzz,88.62,ECHO GT-222ES BENT SHAFT TRIMMER,Echo GT-222ES Curved-Shaft Petrol Grass-Trimmer,,4934110704823,yes,no NumaSuite EAN
GT100E,STIG-271102218/UKS,GT100E,tfidf+rapidfuzz,100.0,STIGA GT 100E KIT 20V 2-IN-1 CORDLESS GRASS-TRIMMER & LAWN EDGER (INC. BATTERY & CHARGER),Stiga GT 100e KIT 20v 2-in-1 Cordless Grass-Trimmer & Lawn Edger (Inc. Battery & Charger),,8008984854437,yes,no NumaSuite EAN
GUARDBOLT,STIG-278131808/St1,GUARDBOLT,tfidf+rapidfuzz,55.72,GUARD BOLT -                           FITS DM26L,Stiga Fast Charger | Fits E-Ride Models,,,yes,no NumaSuite EAN; title score 55.7 < 85.0
H19210000,JR-LAN0004,H19210000,tfidf+rapidfuzz,69.7,COMPLETE RECOIL - FTDT5096-AC - FAST175T,RECOIL HANDLE,,3760011422327,yes,no NumaSuite EAN; title score 69.7 < 85.0
H90W20,JR-FAH0002,H90W20,tfidf+rapidfuzz,97.0,OIL FILTER,OIL FILTER LONG VARIOUS,,3760011421559,yes,no NumaSuite EAN
HA111-0093,19158015,HA111-0093,tfidf+rapidfuzz,64.75,BLADE    FITS HAYTER SPIRIT 41,Blade - Fits Feider FTDT5175ES Lawnmower | MowDirect,,,yes,no NumaSuite EAN; title score 64.7 < 85.0
HA111-8567,STIG-290802030/16,HA111-8567,tfidf+rapidfuzz,72.72,"16"" HAYTER BLADE""",Stiga Front Blade for SWS 800 G Self-Propelled Sweeper | 290802030/16,,8008984640542,yes,no NumaSuite EAN; title score 72.7 < 85.0
HA111-8598,HY-HYTC9003,HA111-8598,tfidf+rapidfuzz,60.08,HAYTER HARRIER 41 ROLLER HALF,Hyundai 7-Drawer Caster-Mounted Roller Cabinet | HYTC9003,,,yes,no NumaSuite EAN; title score 60.1 < 85.0
HA111-9442,LFP-448HW,HA111-9442,tfidf+rapidfuzz,60.77,HAYTER CLUTCH CABLE,"Lawnflite-Pro 448HW Professional Self-Propelled Petrol Lawnmower (with 2-Speed Drive, Blade-Brake Clutch & Honda Engine)",,,yes,no NumaSuite EAN; title score 60.8 < 85.0
HA115-4669,JR-LTD0016,HA115-4669,tfidf+rapidfuzz,77.61,BELT   FITS TORO,MOWER BLADE TORO 50CM 112-8841-03 FITS 29639 29642 29643,,3760011422556,yes,no NumaSuite EAN; title score 77.6 < 85.0
HA131-9683-03,JR-LTD0016,HA131-9683-03,tfidf+rapidfuzz,92.32,BLADE   FITS TORO,MOWER BLADE TORO 50CM 112-8841-03 FITS 29639 29642 29643,,3760011422556,yes,no NumaSuite EAN
HA410016,HAN-THGR,HA410016,tfidf+rapidfuzz,61.2,GENUNINE HAYTER ROLLER SUPPORT BRACKET R/H,The Handy TH-GR Garden Roller,,5060012803230,yes,no NumaSuite EAN; title score 61.2 < 85.0
HA410028,MF-281210003/21,HA410028,tfidf+rapidfuzz,60.81,Genuine Hayter Harrier 41 Rear Grass Flap,Mountfield TR 425 HJ 4-Stroke Curved-Shaft Petrol Grass-Trimmer (Honda Engine),,8008984843646,yes,no NumaSuite EAN; title score 60.8 < 85.0
HA410032,HAY-LAWNMOWER-COVER,HA410032,tfidf+rapidfuzz,69.29,GENUINE HAYTER WHEEL COVER L/H,Hayter Lawnmower Cover,,,yes,no NumaSuite EAN; title score 69.3 < 85.0
HA410033,HAY-LAWNMOWER-COVER,HA410033,tfidf+rapidfuzz,69.29,GENUINE HAYTER WHEEL COVER R/H,Hayter Lawnmower Cover,,,yes,no NumaSuite EAN; title score 69.3 < 85.0
HA411012,2T2010483/M25,HA411012,tfidf+rapidfuzz,44.13,GENUNINE HAYTER GEARBOX SUPPORT BRACKET,Mountfield T30M Gear Drive 2-in-1 Lawn Tractor,,8008984869042,yes,no NumaSuite EAN; title score 44.1 < 85.0
HA411024,2T2010483/M25,HA411024,tfidf+rapidfuzz,46.81,Genuine Hayter Variator Belt 520,Mountfield T30M Gear Drive 2-in-1 Lawn Tractor,,8008984869042,yes,no NumaSuite EAN; title score 46.8 < 85.0
HC-2020,EF-TG2460P,HC-2020,tfidf+rapidfuzz,67.99,ECHO HC-2020 DOUBLE BLADE HEDGECUTTER,Efco TG-2460-P Double-Sided Petrol Hedgetrimmer (60cm Blades),,8026619021382,yes,no NumaSuite EAN; title score 68.0 < 85.0
HC-2320,ECH-HC-2320,HC-2320,tfidf+rapidfuzz,84.95,ECHO HC-2320 EXTRA-LONG DOUBLE BLADE HEDGETRIMMER,Echo HC-2320 Petrol Hedgetrimmer,,4934110711098,yes,no NumaSuite EAN; title score 84.9 < 85.0
HCA-265ES-HD,ECH-HCA-265ES-HD,HCA-265ES-HD,tfidf+rapidfuzz,89.46,ECHO HCA-265ES-HD LONG REACH ARTICULATING HEDGETRIMMER,Echo HCA-265ES-HD Long-Reach Petrol Hedgetrimmer,,4934110705639,yes,no NumaSuite EAN
HCR-185ES,ECH-HCR-185ES,HCR-185ES,tfidf+rapidfuzz,71.3,ECHO HCR-185ES TWIN BLADE HEDGECUTTER,Echo HCR-185ES Petrol Hedgetrimmer,,4934110704748,yes,no NumaSuite EAN; title score 71.3 < 85.0
HP-120,HAN-HP-120,HP-120,tfidf+rapidfuzz,97.34,HANDY HP-120 Fuel Mixing Bottle,Handy Fuel Mixing-Bottle,,,yes,no NumaSuite EAN
HP-142,HAN-HP-140,HP-142,tfidf+rapidfuzz,92.06,HANDY 5L SAE30 LAWNMOWER OIL,Handy 600ml SAE30 Lawnmower Engine-Oil,,0000,yes,no NumaSuite EAN
HP-144,HAN-HP-144,HP-144,tfidf+rapidfuzz,92.32,2 STROKE OIL 500ML,Handy 500ml 2-Stroke Mineral Oil,,0000000000000,yes,no NumaSuite EAN
HP-147,HAN-HP-177,HP-147,tfidf+rapidfuzz,76.74,HANDY HP-147 CHAINSAW OIL 5L,Handy 500ml Chainsaw Chain-Oil,,,yes,no NumaSuite EAN; title score 76.7 < 85.0
HP-177,HAN-HP-177,HP-177,tfidf+rapidfuzz,97.34,HANDY CHAINSAW CHAIN OIL,Handy 500ml Chainsaw Chain-Oil,,,yes,no NumaSuite EAN
HP-195,HAN-HP-140,HP-195,tfidf+rapidfuzz,85.96,HANDY 600ML 10W/30 LAWNMOWER OIL,Handy 600ml SAE30 Lawnmower Engine-Oil,,0000,yes,no NumaSuite EAN
HP-199,HAN-HP-199,HP-199,tfidf+rapidfuzz,100.0,HANDY SURE START FUEL ADDITIVE 250ML,Handy Sure-Start Fuel Additive - 250ml,,,yes,no NumaSuite EAN
HP-204,CP-JERRYCAN5|L,HP-204,tfidf+rapidfuzz,83.99,PETROL CAN 5LTR (GREEN),5 Litre Green Plastic Jerry Can for Fuel - Petrol Can,,,yes,no NumaSuite EAN; title score 84.0 < 85.0
HP-270,OM-4175169A,HP-270,tfidf+rapidfuzz,88.42,5L PLASTIC FUEL CAN (RED),Oleo Mac 5 Litre Red Plastic Jerry Can for Fuel,,,yes,no NumaSuite EAN
HP142,HAN-HP-195,HP142,tfidf+rapidfuzz,77.43,5L HANDY SAE 30 OIL,Handy 600ml 10W/30 4-Stroke Engine Oil,,0000000000000,yes,no NumaSuite EAN; title score 77.4 < 85.0
HP16010-Z9L-811,DAN-LM5360HXAR,HP16010-Z9L-811,tfidf+rapidfuzz,53.65,Genuine Honda GCV170 Carb Gasket Set,Danarm LM5360HXAR Petrol Rear-Roller Lawnmower (with Honda Engine),,0000000000000,yes,no NumaSuite EAN; title score 53.6 < 85.0
HP23853-VK8-A50,HAN-THGR,HP23853-VK8-A50,tfidf+rapidfuzz,58.78,GENUINE HONDA HRB475 HRB476 HRX476 ROLLER CHAIN,The Handy TH-GR Garden Roller,,5060012803230,yes,no NumaSuite EAN; title score 58.8 < 85.0
HR531,OR-HR531,HR531,tfidf+rapidfuzz,92.71,OREC HR531 PROFESSIONAL FLAIL MOWER,Orec HR531 Flail Mower,,3570521316364,yes,no NumaSuite EAN
HT525,STIG-252421008/ST2,HT525,tfidf+rapidfuzz,96.5,STIGA 60CM PETROL HEDGETRIMMER,Stiga HT 525 Petrol Hedgetrimmer (60cm Blades),,,yes,no NumaSuite EAN
HV5300717-50,GV-SF0001,HV5300717-50,tfidf+rapidfuzz,54.84,GENUINE HUSQVARNA GASKET SET,MD Green Valley Stainless Steel Garden Spade/Fork Set (SF0001),,,yes,no NumaSuite EAN; title score 54.8 < 85.0
HYM510SPEZ,HY-HYCP5030,HYM510SPEZ,tfidf+rapidfuzz,72.32,PULLEY HYUNDAI,Hyundai 87cc Petrol Plate-Compactor | HYCP5030,,0747150287850,yes,no NumaSuite EAN; title score 72.3 < 85.0
I105369,JR-FAA0004,I105369,tfidf+rapidfuzz,97.0,AIR FILTER,AIR FILTER BR690610 498596 697029,,3760011421443,yes,no NumaSuite EAN
JCY20G,C-JCY20G,JCY20G,tfidf+rapidfuzz,86.43,JERRY CAN METAL - GREEN 20L,Sealey JCY20G Green Metal Jerry Can - 20 Litres,,5054630362590,yes,no NumaSuite EAN
JERRYCAN,C-JCY20G,JERRYCAN,tfidf+rapidfuzz,86.86,5l GREEN JERRY CAN,Sealey JCY20G Green Metal Jerry Can - 20 Litres,,5054630362590,yes,no NumaSuite EAN
JK575710,GV-SP0001,JK575710,tfidf+rapidfuzz,78.09,GREEN SPOUT STEEL,MD Green Valley Stainless Steel Garden Spade (SP0001),,,yes,no NumaSuite EAN; title score 78.1 < 85.0
JMIX02,HAN-HP-120,JMIX02,tfidf+rapidfuzz,85.34,SEALEY 2-STROKE FUEL MIXING BOTTLE 1L,Handy Fuel Mixing-Bottle,,,yes,no NumaSuite EAN
KBA4/9/1.6,DDS007,KBA4/9/1.6,tfidf+rapidfuzz,84.32,TANAKA 4-POINT METAL BRUSHCUTTER BLADE,3-Tooth Metal Brushcutter-Blade -,,3760011421337,yes,no NumaSuite EAN; title score 84.3 < 85.0
L66150445,JR-FAA0004,L66150445,tfidf+rapidfuzz,82.11,AIR FILTER   EFCO,AIR FILTER BR690610 498596 697029,,3760011421443,yes,no NumaSuite EAN; title score 82.1 < 85.0
LAN001,JR-LAN0004,LAN001,tfidf+rapidfuzz,97.0,LAWNMOWER RECOIL HANDLE,RECOIL HANDLE,,3760011422327,yes,no NumaSuite EAN
LAN002,JR-LAN0004,LAN002,tfidf+rapidfuzz,97.0,2 STROKE RECOIL HANDLE,RECOIL HANDLE,,3760011422327,yes,no NumaSuite EAN
LBP-50-150,ECH-LBP-50-150,LBP-50-150,tfidf+rapidfuzz,92.08,ECHO BATTERY 2.5AH,Echo LBP-50-150 56v/2.5Ah Lithium-Ion Battery,,4934110711449,yes,no NumaSuite EAN
LC170021061-0001,LON-LC2500-AS,LC170021061-0001,tfidf+rapidfuzz,60.33,GENUINE LONCIN LC154-F CARBURETTOR ASSY,Loncin LC2500-AS Generator,,,yes,no NumaSuite EAN; title score 60.3 < 85.0
LED4494,MASP-465743,LED4494,tfidf+rapidfuzz,57.82,SEALEY ALUMINIUM TORCH 60W COB LED - LED4494,Masport 300 AL L Hand-Propelled Petrol Lawnmower with Aluminium Deck,,9414974657435,yes,no NumaSuite EAN; title score 57.8 < 85.0
LMG42P-A,HAR-LMG42P-A,LMG42P-A,tfidf+rapidfuzz,100.0,HARRY LMG42P-A 3-in-1 HAND PROPELLED PETROL LAWNMOWER,Harry LMG42P-A 3-in-1 Hand-Propelled Petrol Lawnmower,,000000000000,yes,no NumaSuite EAN
LMG42S-A,HAR-LMG42S-A,LMG42S-A,tfidf+rapidfuzz,100.0,HARRY LMG42S-A 3-IN-1 SELF PROPELLED PETROL LAWNMOWER,Harry LMG42S-A 3-in-1 Self-Propelled Petrol Lawnmower,,,yes,no NumaSuite EAN
LMG53SHL-T,HAR-LMG53SHL-T,LMG53SHL-T,tfidf+rapidfuzz,97.97,HARRY 4 in 1 SELF PROPELLED HI-WHEEL PETROL LAWNMOWER,Harry LMG53SHL-T 4-in-1 Self-Propelled Hi-Wheel Petrol Lawnmower,,0000000000000,yes,no NumaSuite EAN
LMG53SHLV-T,HAR-LMG53SHLV-T,LMG53SHLV-T,tfidf+rapidfuzz,97.47,HARRY LMG53SHLV-T 4-IN-1 VARIABLE-SPEED PETROL LAWNMOWER,Harry LMG53SHLV-T 4-in-1 Variable-Speed Lawnmower,,,yes,no NumaSuite EAN
LR1MR76,CC-LR1MR76,LR1MR76,tfidf+rapidfuzz,85.43,CUB CADET LR1MR76 RIDER,Cub Cadet LR1MR76 Compact Rear-Collect Ride-On Mower with Transmatic Drive,,,yes,no NumaSuite EAN
LR53-VK,EF-LR53-TK-AR,LR53-VK,tfidf+rapidfuzz,84.14,EFCO LR53-VK ALL ROAD PLUS 4 SELF PROPELLED MOWER,Efco LR53-TK AllRoad Plus-4 4-in-1 Self-Propelled Petrol Lawnmower,,8026619064259,yes,no NumaSuite EAN; title score 84.1 < 85.0
LS370H,SEAL-LS520H,LS370H,tfidf+rapidfuzz,78.39,SEALEY HORIZONTAL LOG SPLITTER 4 TONNE 370MM CAPACITY,Sealey LS520H Horizontal Electric Log-Splitter | 5-Tonne/2200w,,5051747384941,yes,no NumaSuite EAN; title score 78.4 < 85.0
LS520H,SEAL-LS520H,LS520H,tfidf+rapidfuzz,74.74,SEALEY 5 TONNE LOG SPLITTER 520MM CAPACITY,Sealey LS520H Horizontal Electric Log-Splitter | 5-Tonne/2200w,,5051747384941,yes,no NumaSuite EAN; title score 74.7 < 85.0
LS550V,D-Sealey-LS550V,LS550V,tfidf+rapidfuzz,70.63,SEALEY 6 TONNE VERTICA TYPE LOG SPLITTER 550MM CAPACITY,Sealey LS550V Vertical Electric Log Splitter | 6-Tonne | 3000W,,,yes,no NumaSuite EAN; title score 70.6 < 85.0
LTD0008,TFN042,LTD0008,tfidf+rapidfuzz,63.1,JR LTD0008 BLADE 330MM,Universal Pro Combi Quad Line-Head with Blade for 30-40cc Brushcutters - JR TFN042,,3760011423164,yes,no NumaSuite EAN; title score 63.1 < 85.0
LTD0009,TFN042,LTD0009,tfidf+rapidfuzz,63.1,JR LTD0009 BLADE 370MM,Universal Pro Combi Quad Line-Head with Blade for 30-40cc Brushcutters - JR TFN042,,3760011423164,yes,no NumaSuite EAN; title score 63.1 < 85.0
LTD0012,TFN042,LTD0012,tfidf+rapidfuzz,71.27,JR LTD0012 BLADE,Universal Pro Combi Quad Line-Head with Blade for 30-40cc Brushcutters - JR TFN042,,3760011423164,yes,no NumaSuite EAN; title score 71.3 < 85.0
MA-557050,FELPRO25,MA-557050,tfidf+rapidfuzz,48.64,BRACKER MOUNTING TOP,Feider PRO 25 Top-Handle Petrol Arborist's Chainsaw Kit (25cm Guide Bar),,,yes,no NumaSuite EAN; title score 48.6 < 85.0
MA-557055,ACC-DEFL-84CM,MA-557055,tfidf+rapidfuzz,37.66,BRACKET MOUNTING BOTTOM,Rear Deflector Flor 84cm Mountfield/Stiga Tractors,,,yes,no NumaSuite EAN; title score 37.7 < 85.0
MA-567635,SBSCSC,MA-567635,tfidf+rapidfuzz,81.31,BATTERY CHARGER MASPORT,Spectrum SBSCSC 40V Fast Battery Charger (2A),,5065022450696,yes,no NumaSuite EAN; title score 81.3 < 85.0
MA-980658,EF-TGS-2470-P,MA-980658,tfidf+rapidfuzz,57.47,BLADE SINGLE (460MM CUSH),Efco TGS-2470-P Single-Sided Petrol Hedgetrimmer (75cm Blades),,8026619021405,yes,no NumaSuite EAN; title score 57.5 < 85.0
MARKETING,SBSCDC,MARKETING,tfidf+rapidfuzz,40.24,SOCIAL MEDIA MARKETING - FEBRUARY 2024,Spectrum SBSCDC 40V Dual Battery Charger (2A Fast Charge),,5065022450702,yes,no NumaSuite EAN; title score 40.2 < 85.0
MASPRRSP18H,MASP-457945,MASPRRSP18H,tfidf+rapidfuzz,82.29,MASPORT RR SP 18H SELF PROPELLED MOWER,Masport Rotarola RRSP 18H Self-Propelled Petrol Rear-Roller Lawnmower (with Honda Engine),,,yes,no NumaSuite EAN; title score 82.3 < 85.0
MF226,MB-MF-226,MF226,tfidf+rapidfuzz,98.5,MECCANICA BENASSI MF 226 SCYTHE MOWER [HONDA ENGINE],Meccanica Benassi MF 226 Scythe Mower,,8854575624695,yes,no NumaSuite EAN
MHT2322,MF-MHT2322,MHT2322,tfidf+rapidfuzz,87.95,MOUNTFIELD MHT2322 PETROL HEDGETRIMMER (60CM BLADE),Mountfield MHT 2322 Petrol Hedgetrimmer,,8008984840706,yes,no NumaSuite EAN
MISC,FST212-RTN,MISC,tfidf+rapidfuzz,35.54,MISCELLANEOUS,Feider FST212 Petrol Lawn Scarifier - RTN,,3661602022424,yes,no NumaSuite EAN; title score 35.5 < 85.0
MJ09132423,C-HRTF220,MJ09132423,tfidf+rapidfuzz,36.28,RUBBER GUARD    RF219,Feider HRTF220 Pro Two-Wheel Rear-Tine Rotary Cultivator,,3661602049346,yes,no NumaSuite EAN; title score 36.3 < 85.0
MJ0994039,STIG-2F7062505/ST1,MJ0994039,tfidf+rapidfuzz,59.85,DRIVE BELT    RF219,Stiga Gyro 500e ‘Drive-by-Wire’ Electric Battery-Powered Axial Ride-On Lawnmower,,8008984853089,yes,no NumaSuite EAN; title score 59.8 < 85.0
MMT2605,MF-287120153/M16,MMT2605,tfidf+rapidfuzz,95.7,MOUNTFIELD PETROL MULTI TOOL 5-IN-1,Mountfield MMT 2605 5-in-1 Petrol Multi-Tool,,,yes,no NumaSuite EAN
MO118210023/0,a2488cdc-c2d3-4860-b7bf-9ceba5e90fe3,MO118210023/0,tfidf+rapidfuzz,68.87,MOUNTFIELD TRACKOR KEYS X 2,Mountfield T30M Gear Drive 2-in-1 Lawn Tractor with Free Trailer,,,yes,no NumaSuite EAN; title score 68.9 < 85.0
MO118550748/0,FAA008,MO118550748/0,tfidf+rapidfuzz,80.66,AIR FILTER FITS RSC100,Lawn Mower Air Filter -  JR Spares - JR-FAA0008 fits Briggs and Stratton,,3760011421481,yes,no NumaSuite EAN; title score 80.7 < 85.0
MO118551406/0,FAA008,MO118551406/0,tfidf+rapidfuzz,74.94,AIR FILTER FITS FRT75BS125,Lawn Mower Air Filter -  JR Spares - JR-FAA0008 fits Briggs and Stratton,,3760011421481,yes,no NumaSuite EAN; title score 74.9 < 85.0
MO381030051/1,LFP-448HW,MO381030051/1,tfidf+rapidfuzz,71.07,DRIVE CLUTCH CABLE SP533,"Lawnflite-Pro 448HW Professional Self-Propelled Petrol Lawnmower (with 2-Speed Drive, Blade-Brake Clutch & Honda Engine)",,,yes,no NumaSuite EAN; title score 71.1 < 85.0
457951,MASP-457951,457951,tfidf+rapidfuzz,91.95,MASPORT ROTAROLA RRSP-22 SELF PROPELLED REAR ROLLER LAWM MOWER,Masport Rotarola RRSP 22 Self-Propelled Petrol Rear-Roller Lawnmower,,9414974579515,yes,no NumaSuite EAN
MS457958,457946,MS457958,tfidf+rapidfuzz,86.63,MASPORT RRSP 18 SELF-PROPELLED LAWNMOWER LONCIN ENGINE,Masport RRSP 22H Self-Propelled Petrol Rear-Roller Lawnmower (with Honda Engine),,,yes,no NumaSuite EAN
MS465971,MASP-480955,MS465971,tfidf+rapidfuzz,99.25,MASPORT WIDECUT 800 ST SP CCOMBINATION 3-IN-1 SELF-PROPELLED PETROL LAWNMOWER,Masport Widecut 800 ST SP Combination 3-in-1 Self-Propelled Petrol Lawnmower,,,yes,no NumaSuite EAN
MTA-3EXT,ECH-MTA-DAH,MTA-3EXT,tfidf+rapidfuzz,70.96,ECHO MTA-3EXT EXTENSION SHAFT FOR MULTI-TOOL,Echo MTA-DAH Cordless Multi-Tool Hedgetrimmer Attachment (54cm Blades),,4934110710060,yes,no NumaSuite EAN; title score 71.0 < 85.0
MTA-PP/E,ECH-MTA-DPP,MTA-PP/E,tfidf+rapidfuzz,88.24,ECHO MTA-PP/E PRUNER ATTACHMENT,Echo MTA-DPP Cordless Multi-Tool Pole-Pruner Attachment,,0000000000000,yes,no NumaSuite EAN
MTF98H-RETURN,MF-2T2620403/CAS,MTF98H-RETURN,tfidf+rapidfuzz,90.4,MOUNTFIELD MTF 98H REAR COLLECT LAWN TRACTOR - EX DEMO,Mountfield MTF 98H Rear-Collect Lawn Tractor with Hydrostatic Drive,,8008984856677,yes,no NumaSuite EAN
MTF98MSD-RET,MF-2T0515403/CAS,MTF98MSD-RET,tfidf+rapidfuzz,86.07,MOUNTFIELD MTF 98M-SD TRACTOR - EX DEMO,Mountfield MTF 98M SD Side-Discharge Lawn Tractor with Manual Drive,,8008984856707,yes,no NumaSuite EAN
N6433900R,BERT-BT195,N6433900R,tfidf+rapidfuzz,78.15,SCREW BERTOLINI,Bertolini BT195 Petrol Front-Tine Cultivator with Reverse Drive,,8026619069933,yes,no NumaSuite EAN; title score 78.2 < 85.0
PAS-2520ES,PAS-2620ES,PAS-2520ES,tfidf+rapidfuzz,91.13,ECHO PAS-2620ES PETROL MULTI-TOOL (TOOL ONLY),ECHO PAS-2620ES Petrol  Multi Tool Power Unit,,,yes,no NumaSuite EAN
PB-2520,ECH-PB-2520,PB-2520,tfidf+rapidfuzz,83.87,ECHO PB-2520 2-STROKE HANDHELD BLOWER,Echo PB-2520 Handheld Petrol Leaf-Blower,,,yes,no NumaSuite EAN; title score 83.9 < 85.0
PB0340040014,LFP-553HRS,PB0340040014,tfidf+rapidfuzz,83.53,CLUTCH ROLLER L J,Lawnflite-Pro 553HRS Professional Shaft-Driven Petrol Rear-Roller Lawnmower with Blade-Brake Clutch & Honda Engine,,,yes,no NumaSuite EAN; title score 83.5 < 85.0
PDI,EMAK-PDI,PDI,tfidf+rapidfuzz,98.5,PRE DELIVERY INSPECTION,Pre Delivery Inspection ( PDI) EMAK,,,yes,no NumaSuite EAN
POST,CS-3410,POST,tfidf+rapidfuzz,39.68,POST & PACKAGING,Echo CS-3410 Petrol 2-Stroke Chainsaw,,,yes,no NumaSuite EAN; title score 39.7 < 85.0
PRT005,JR-PRT005,PRT005,tfidf+rapidfuzz,73.86,JR PRT005 Professional visor with bi-material lift screen,Professional Lift-Up Brushcutter Visor with Dual Shield - JR PRT005,,,yes,no NumaSuite EAN; title score 73.9 < 85.0
PUNCTUREKIT-RIDERS,SVC-PUNCTURE-PREV,PUNCTUREKIT-RIDERS,tfidf+rapidfuzz,63.14,PUNCTURE SEALANT FOR RIDERS,Pre-delivery Puncture Prevention Service,,,yes,no NumaSuite EAN; title score 63.1 < 85.0
PUNCTUREKIT-TRAILERS,SVC-PUNCTURE-PREV,PUNCTUREKIT-TRAILERS,tfidf+rapidfuzz,63.03,PUNCTURE SEALANT TRAILERS,Pre-delivery Puncture Prevention Service,,,yes,no NumaSuite EAN; title score 63.0 < 85.0
PUNCTURESEALANT,SVC-PUNCTURE-PREV,PUNCTURESEALANT,tfidf+rapidfuzz,46.48,PUNTURE SEALANT,Pre-delivery Puncture Prevention Service,,,yes,no NumaSuite EAN; title score 46.5 < 85.0
PWM1300,SEAL-PWM1300,PWM1300,tfidf+rapidfuzz,92.65,SEALEY PRESSURE WASHER 150BAR 360L/HR 4HP - PETROL,Sealey PWM1300 Petrol Pressure Washer | 150bar/360L/hr,,5054511636000,yes,no NumaSuite EAN
PWM2500,SEAL-PWM2500SP,PWM2500,tfidf+rapidfuzz,85.8,SEALEY PRESSURE WASHER 220BAR 540L/HR 6.5HP - PETROL,Sealey PWM2500SP Professional Self-Priming Petrol Pressure Washer | 220bar/450L/hr,,0,yes,no NumaSuite EAN
PWM2500SP,SEAL-PWM2500SP,PWM2500SP,tfidf+rapidfuzz,86.56,SEALEY PRESSURE WASHER 220BAR 540L/HR SELF-PRIMING 6.5HP - PETROL,Sealey PWM2500SP Professional Self-Priming Petrol Pressure Washer | 220bar/450L/hr,,0,yes,no NumaSuite EAN
PXA-35062001/0HD,TG56-PRO,PXA-35062001/0HD,tfidf+rapidfuzz,56.94,GENUINE PIX- GGP/ HONDA TRANSMISSION BELT,"Spectrum TG56-Pro Variable Speed, Honda Engine, Petrol Lawnmower - 4 Blade",,,yes,no NumaSuite EAN; title score 56.9 < 85.0
RAC139PTIL-RET,RAC139PTIL,RAC139PTIL-RET,tfidf+rapidfuzz,93.85,RACING RAC139PTIL PETROL FRONT-TINE TILLER,Racing 139PTIL63 Petrol Front-Tine Tiller,,3661602011428,yes,no NumaSuite EAN
RAC511BRSP,RAC511BSRP-A,RAC511BRSP,tfidf+rapidfuzz,97.58,RACING RAC511BSRP COMFORT-TURN 4-IN-1 SELF-PROPELLED PETROL LAWNMOWER,Racing 511BSRP Comfort-Turn 4-in-1 Self-Propelled Petrol Lawnmower,,3661602025357,yes,no NumaSuite EAN
RAC52BPB,RAC52BPB-2,RAC52BPB,tfidf+rapidfuzz,100.0,RACING 52BPB-2 PETROL BACKPACK BLOWER,Racing 52BPB-2 Petrol Backpack Blower,,3661602021014,yes,no NumaSuite EAN
RAC6196PRRS-RET,RAC6625PR,RAC6196PRRS-RET,tfidf+rapidfuzz,60.77,RACING RAC6196PRRS RIDE ON - RETURN MODEL,Racing 6625PR Compact Rear-Collect Ride-On Mower with Manual Drive,,,yes,no NumaSuite EAN; title score 60.8 < 85.0
RAC6224PR,RAC-6224PR,RAC6224PR,tfidf+rapidfuzz,93.46,RACING 6224PR COMPACT RIDE-ON MOWER,Racing 6224PR Ultra-Compact Rear-Collect Ride-On Mower with Manual Drive (Key Start),,3661602049391,yes,no NumaSuite EAN
RAC6224PR-RET,RAC-6224PR,RAC6224PR-RET,tfidf+rapidfuzz,79.44,RACING 6224PR  RIDE-ON MOWER - RETURN MODEL,Racing 6224PR Ultra-Compact Rear-Collect Ride-On Mower with Manual Drive (Key Start),,3661602049391,yes,no NumaSuite EAN; title score 79.4 < 85.0
RAC62PR,RAC-62PR,RAC62PR,tfidf+rapidfuzz,93.32,RACING 62PR COMPACT RIDE-ON MOWER,Racing 62PR Ultra-Compact Rear-Collect Ride-On Mower with Manual Drive (Key Start),,3661602023759,yes,no NumaSuite EAN
RAC62PR-RTN,RAC6625SDPR,RAC62PR-RTN,tfidf+rapidfuzz,70.73,RACING RAC62PR RIDE ON MOWER - RTN MODEL,Racing 6625SDPR Compact Side-Discharge Ride-On Mower with Manual Drive,,,yes,no NumaSuite EAN; title score 70.7 < 85.0
RB-SPOOL,RB-E522D,RB-SPOOL,tfidf+rapidfuzz,62.9,REDBACK SPOOL & LINE FOR E312D,Redback E522D Cordless Hedgetrimmer (Tool Only),,,yes,no NumaSuite EAN; title score 62.9 < 85.0
RF101,MB-RF-101,RF101,tfidf+rapidfuzz,86.39,MECCANICA BENASSI RF101,Meccanica Benassi RF 101 Wheeled Brushcutter,,0000000000000,yes,no NumaSuite EAN
RFB-TG46S,2033,RFB-TG46S,tfidf+rapidfuzz,77.13,SPECTRUM TG46S LAWNMOWER - REFURBISHED,Feider TR4870 Variable-Speed Rear-Roller Lawnmower | Refurbished Model,,,yes,no NumaSuite EAN; title score 77.1 < 85.0
RFBFTDTR4240ES,2033,RFBFTDTR4240ES,tfidf+rapidfuzz,74.99,REFURBISHED FTDTR4240ES REAR-ROLLER PETROL LAWNMOWER,Feider TR4870 Variable-Speed Rear-Roller Lawnmower | Refurbished Model,,,yes,no NumaSuite EAN; title score 75.0 < 85.0
RM66H,LF-76RDHE,RM66H,tfidf+rapidfuzz,85.35,HARRY RM66H COMPACT RIDE-ON MOWER WITH HYDROSTATIC DRIVE,Lawnflite Mini-Rider 76-RDHE Compact Rear-Collect Ride-On Mower with Hydrostatic Drive,,,yes,no NumaSuite EAN
RM66M,CHIP-C257,RM66M,tfidf+rapidfuzz,82.45,HARRY RM66M COMPACT RIDE ON MOWER W/ MANUAL DRIVE,Chipperfield C25-7 Ultra-Compact Rear-Collect Ride-On Mower with Manual Drive,,3661602027559,yes,no NumaSuite EAN; title score 82.4 < 85.0
RM830,OR-RM830,RM830,tfidf+rapidfuzz,98.5,OREC RABBIT RM830 SINGLE-CYLINDER RIDE-ON BRUSHCUTTER,Orec Rabbit RM830 Single-Cylinder Ride-On Brushcutter with Hydrostatic Drive,,6098449765714,yes,no NumaSuite EAN
RM882,OR-RM882,RM882,tfidf+rapidfuzz,100.0,OREC RABBIT RM882 V-TWIN RIDE-ON BRUSHCUTTER with Hydrostatic Drive,Orec Rabbit RM882 V-Twin Ride-On Brushcutter with Hydrostatic Drive,,9145368952132,yes,no NumaSuite EAN
RM982F,OR-RM982F,RM982F,tfidf+rapidfuzz,97.27,OREC RABBIT 4WD V-TWIN RIDE ON BRUSHCUTTER WITH HYDROSTATIC DRIVE,Orec Rabbit RM982F 4WD V-Twin Ride-On Brushcutter with Hydrostatic Drive | Pro Installation,,9145368952156,yes,no NumaSuite EAN
ROPE3.00MM,JR-LAN0008,ROPE3.00MM,tfidf+rapidfuzz,60.69,WAR TEC PLATINUM STARTER ROPE 3.00MM (1 FEET),RECOIL ROPE D3.5MM L1.8M,,3760011422365,yes,no NumaSuite EAN; title score 60.7 < 85.0
ROPE3.5MM,FNY024,ROPE3.5MM,tfidf+rapidfuzz,61.61,NYLON STARTER ROPE 3.5MM (1 FOOT),JR FNY024 3.3mm x 45m Premium Round Nylon Trimmer-Line,,,yes,no NumaSuite EAN; title score 61.6 < 85.0
RR18,MASP-457949,RR18,tfidf+rapidfuzz,84.68,MASPORT ROTAROLA RR-18 HAND PUSH ROLLER MOWER,Masport Rotarola RR 18 Hand-Propelled Petrol Rear-Roller Lawnmower,,,yes,no NumaSuite EAN; title score 84.7 < 85.0
RS1312HV,STIG-279050008/ST1,RS1312HV,tfidf+rapidfuzz,54.45,ROADSTART EMERGENCY JUMP STARTER 12V 900 PEAK AMP HI-VIS GRN,Stiga SBH 900 E Backpack Battery Harness,,8008984844339,yes,no NumaSuite EAN; title score 54.5 < 85.0
RS600,MF-278012000/21,RS600,tfidf+rapidfuzz,61.89,ROADSTARTÂ® 600A 12V LITHIUM-ION JUMP,Mountfield B420 48v/2Ah Freedom 500 Lithium-Ion Battery,,8008984841338,yes,no NumaSuite EAN; title score 61.9 < 85.0
SA11122,JR-FAA0004,SA11122,tfidf+rapidfuzz,78.65,PRE FILTER,AIR FILTER BR690610 498596 697029,,3760011421443,yes,no NumaSuite EAN; title score 78.7 < 85.0
SBA2212KR,EIN-4511516,SBA2212KR,tfidf+rapidfuzz,60.82,KRAMP SLAB BATTERY 12V 22AH 160A,Einhell 18v/2.5Ah Power X-Change Battery | 4511516,,4006825650518,yes,no NumaSuite EAN; title score 60.8 < 85.0
SBC4,ZOM-BAT-CHARGER,SBC4,tfidf+rapidfuzz,76.25,BATTERY MAINTAINER CHARGER 12V 4A FULLY,Zomax 58v Battery Charger,,0660042457066,yes,no NumaSuite EAN; title score 76.2 < 85.0
SBH900E,STIG-279050008/ST1,SBH900E,tfidf+rapidfuzz,96.5,STIGA SBH 900 E BATTERY BACKPACK HARNESS,Stiga SBH 900 E Backpack Battery Harness,,8008984844339,yes,no NumaSuite EAN
SGC1,SBS20CB,SGC1,tfidf+rapidfuzz,60.2,GREASE CARTRIDGE EP2 LITHIUM 400G,Spectrum SBS20CB 40V 2.0Ah Lithium-Ion Battery Pack,,5065022450672,yes,no NumaSuite EAN; title score 60.2 < 85.0
SGN532151134,8026619087272,SGN532151134,tfidf+rapidfuzz,81.65,Oleo-Mac LENSE FITS APACHE 92 EVO,Oleo-Mac Apache 92 EVO Professional 4WD V-Twin All-Terrain Mulching Garden Tractor,,8026619009007,yes,no NumaSuite EAN; title score 81.7 < 85.0
SHE-71,ST-SHE-71,SHE-71,tfidf+rapidfuzz,98.86,STIHL SHE-71 ELECTRIC HANDHELD GARDEN BLOWER-VAC,STIHL SHE-71 Electric Hand-Held Garden Blower-Vac,,,yes,no NumaSuite EAN
SLA12-18,STIG-SBT4080AE,SLA12-18,tfidf+rapidfuzz,64.85,FULBAT BATTERY 12V 18.9AH 150A,Stiga SBT4080AE 80v/4.0Ah Battery | 1111-9309-01,,,yes,no NumaSuite EAN; title score 64.8 < 85.0
SLT001,STIG-290802030/16,SLT001,tfidf+rapidfuzz,73.65,BLADE BOSS,Stiga Front Blade for SWS 800 G Self-Propelled Sweeper | 290802030/16,,8008984640542,yes,no NumaSuite EAN; title score 73.6 < 85.0
SLT003,STIG-290802030/16,SLT003,tfidf+rapidfuzz,73.65,BLADE BOSS,Stiga Front Blade for SWS 800 G Self-Propelled Sweeper | 290802030/16,,8008984640542,yes,no NumaSuite EAN; title score 73.6 < 85.0
SLT110,SIMP-SLT110,SLT110,tfidf+rapidfuzz,97.0,SIMPLICITY REGENT SLT110,Simplicity Regent SLT110 Side-Discharge V-Twin Garden Tractor with Hydrostatic Drive,,9145368986595,yes,no NumaSuite EAN
SNAPPER,HCS870,SNAPPER,tfidf+rapidfuzz,0.0,,"Chipperfield HCS870 Petrol Scythe-Bar Mower — 87cm, 196cc Loncin Engine",,5061122340295,yes,no NumaSuite EAN; title score 0.0 < 85.0
SO756,CT-HB09G,SO756,tfidf+rapidfuzz,55.5,SEALEY SCREWDRIVER SET 7PC ELECTRICIAN'S VDE,Charles Taylor Traditional Wooden 4-Seater Circular Table Set with Green Cushions & Parasol | HB09G,,5060674543031,yes,no NumaSuite EAN; title score 55.5 < 85.0
SP22125,C-SP22125,SP22125,tfidf+rapidfuzz,96.86,SPECTRUM SP22125 408KG HIGH-SIDED STEEL TIPPING TRAILER,Spectrum 408kg-Capacity High-Sided Steel Tipping Trailer | SP22125,,5065022450436,yes,no NumaSuite EAN
SP22144,C-SP22144,SP22144,tfidf+rapidfuzz,96.41,SPECTRUM SP22144 272KG POLY TIPPING TRAILER,Spectrum 272kg-Capacity Poly Tipping Trailer | SP22144,,5065022450344,yes,no NumaSuite EAN
SP31105,C-SP31105,SP31105,tfidf+rapidfuzz,97.52,SPECTRUM SP31105 97CM TOWED LAWN & LEAF SWEEPER,Spectrum 97cm Towed Lawn & Leaf Sweeper | SP31105,,5065022450085,yes,no NumaSuite EAN
SP31109,C-SP31109,SP31109,tfidf+rapidfuzz,97.24,SPECTRUM SP31109 122CM TOWED LAWN & LEAF SWEEPER,"Spectrum 122cm - 42"" Towed Lawn & Leaf Sweeper | SP31109",,5065022450078,yes,no NumaSuite EAN
SP31128,C-SP31128,SP31128,tfidf+rapidfuzz,97.55,SPECTRUM SP31128 137CM TOWED LAWN & LEAF SWEEPER,Spectrum 137cm Towed Lawn & Leaf Sweeper | SP31128,,5065022450061,yes,no NumaSuite EAN
SP53H-E,C-SP53H-E,SP53H-E,tfidf+rapidfuzz,100.0,MOUNTFIELD SP53H-E ELITE 3-IN-1 SELF-PROPELLED PETROL LAWNMOWER (WITH ELECTRIC-START HONDA ENGINE),Mountfield SP53H-E Elite 3-in-1 Self-Propelled Petrol Lawnmower (with Electric-Start Honda Engine),,5065022450481,yes,no NumaSuite EAN
SP54179,HY-85403003,SP54179,tfidf+rapidfuzz,58.56,WYNNS CARBURETTOR CLEANER 500ML,"Pressure Surface Cleaner BE  Whirl-A-Way 16"" Rotary - 85.403.003",,,yes,no NumaSuite EAN; title score 58.6 < 85.0
SPH900AE,STIG-279710038/ST1,SPH900AE,tfidf+rapidfuzz,74.48,STIGA SPH900AE 48v PROFESSIONAL CORDLESS LONG REACH HEDGECUTTER,Stiga SPH 900 AE 48v Cordless Long-Reach Hedgetrimmer (Tool Only),,,yes,no NumaSuite EAN; title score 74.5 < 85.0
SRC36V,STIG-SRC-36V,SRC36V,tfidf+rapidfuzz,98.57,STIGA SRC 36V PETROL FRONT TINE TILLER,Stiga SRC 36 V Petrol Front-Tine Tiller,,8008984821484,yes,no NumaSuite EAN
SSSS,HCS870,SSSS,tfidf+rapidfuzz,0.0,,"Chipperfield HCS870 Petrol Scythe-Bar Mower — 87cm, 196cc Loncin Engine",,5061122340295,yes,no NumaSuite EAN; title score 0.0 < 85.0
ST300,SVC-PUNCTURE-PREV,ST300,tfidf+rapidfuzz,38.86,EMAK ST300 15M MAINS EXTENSION CABLE,Pre-delivery Puncture Prevention Service,,,yes,no NumaSuite EAN; title score 38.9 < 85.0
ST4114-149-1205,ST-AL500(2),ST4114-149-1205,tfidf+rapidfuzz,62.61,GASKET SET   STIHL,STIHL AL500 Super Charger,,,yes,no NumaSuite EAN; title score 62.6 < 85.0
ST4128-129-0900,ST-AL500(2),ST4128-129-0900,tfidf+rapidfuzz,62.61,GASKET SET   STIHL,STIHL AL500 Super Charger,,,yes,no NumaSuite EAN; title score 62.6 < 85.0
STIMMERHEAD,DM26C,STIMMERHEAD,tfidf+rapidfuzz,75.12,STRIMMER HEAD -                 FITS DM26C,Spectrum DM26C Curved-Shaft Petrol Grass and weed Strimmer,,5065022450023,yes,no NumaSuite EAN; title score 75.1 < 85.0
STRIMMERHEAD,DM26C,STRIMMERHEAD,tfidf+rapidfuzz,75.12,STRIMMER HEAD -                 FITS DM26C,Spectrum DM26C Curved-Shaft Petrol Grass and weed Strimmer,,5065022450023,yes,no NumaSuite EAN; title score 75.1 < 85.0
SURESTART,HAN-HP-199,SURESTART,tfidf+rapidfuzz,97.0,FUEL ADDITIVE,Handy Sure-Start Fuel Additive - 250ml,,,yes,no NumaSuite EAN
SXDST,SNAP-SXDST,SXDST,tfidf+rapidfuzz,100.0,SNAPPER SXDST 82v CORDLESS GRASS TRIMMER (TOOL ONLY),Snapper SXDST 82v Cordless Grass-Trimmer (Tool Only),,0047282076453,yes,no NumaSuite EAN
B4-9-1.6,TAN-B4-9-1.6,B4-9-1.6,tfidf+rapidfuzz,97.71,TANAKA 4-POINT METAL BRUSHCUTTER BLADE B4/9/1.6,Tanaka Brushcutter Blade (B4/9/1.6),,,yes,no NumaSuite EAN
TB51S11,HAR-LMG42S-A,TB51S11,tfidf+rapidfuzz,83.21,RUIKAILI TB51S11 3-IN-1 SELF-PROPELLED PETROL LAWNMOWER,Harry LMG42S-A 3-in-1 Self-Propelled Petrol Lawnmower,,,yes,no NumaSuite EAN; title score 83.2 < 85.0
TBA39DUN,19158015,TBA39DUN,tfidf+rapidfuzz,53.53,CUTTING BELT A39 FITS RAC62PR,Blade - Fits Feider FTDT5175ES Lawnmower | MowDirect,,,yes,no NumaSuite EAN; title score 53.5 < 85.0
TG110000121,FRTF220-1,TG110000121,tfidf+rapidfuzz,59.79,REAR WHEEL COVER TG46 TG51 TG56,Feider RTF220 Pro Two-Wheel Rear-Tine Rotary Cultivator,,3661602025906,yes,no NumaSuite EAN; title score 59.8 < 85.0
TG11000024,JR-LAN0004,TG11000024,tfidf+rapidfuzz,69.94,"UPPER HANDLE LOCKING NUT TG40, TG46, TG46SE, TG51, TG56",RECOIL HANDLE,,3760011422327,yes,no NumaSuite EAN; title score 69.9 < 85.0
TG11000030,STIG-13-0921-62,TG11000030,tfidf+rapidfuzz,69.12,FRONT AXLE CLAMP TG56,Stiga 2 x 13.5kg Axle Frame Weights for Select Park Front-Cut Ride-On Mowers | 13-0921-62,,7313321305420,yes,no NumaSuite EAN; title score 69.1 < 85.0
TG11000031,STIG-290409218/S15,TG11000031,tfidf+rapidfuzz,71.15,REAR GRASS FLAP TG40,Stiga 18-Litre Grass Collector for Rear-Deflect Manual Cylinder Mowers | 290409218/S15,,8008984633971,yes,no NumaSuite EAN; title score 71.1 < 85.0
TG11000032,C-2T2000404/A22,TG11000032,tfidf+rapidfuzz,56.44,GRASS BAG FLAP TG56,SLIGHTY SCRATCHED BUT NO GRASS CUT! Alpina AT4 84AST 2-in-1 Lawn Tractor,,8008984856660,yes,no NumaSuite EAN; title score 56.4 < 85.0
TG11000041,MF-327107506/0,TG11000041,tfidf+rapidfuzz,69.13,"SIDE DISCHARGE CHUTE TG46, TG46SE, TG51",Mountfield Side-Discharge Chute - for MTF 66 MQ | 327107506/0,,7313323035066,yes,no NumaSuite EAN; title score 69.1 < 85.0
TG11000048,JR-LAN0004,TG11000048,tfidf+rapidfuzz,70.21,"GRAB HANDLE TG46, TG46SE, TG51",RECOIL HANDLE,,3760011422327,yes,no NumaSuite EAN; title score 70.2 < 85.0
TG11000048(B),JR-LAN0004,TG11000048(B),tfidf+rapidfuzz,70.74,"FRONT HANDLE (BLACK) TG46, TG46SE, TG51",RECOIL HANDLE,,3760011422327,yes,no NumaSuite EAN; title score 70.7 < 85.0
TG11000048(G),JR-LAN0004,TG11000048(G),tfidf+rapidfuzz,70.74,"FRONT HANDLE (GREY) TG46, TG46SE, TG51",RECOIL HANDLE,,3760011422327,yes,no NumaSuite EAN; title score 70.7 < 85.0
TG11000053,RAC-2024000,TG11000053,tfidf+rapidfuzz,66.68,BATTERY COVER/FLAP,"Battery Charger - for Feider, Racing & Chipperfield Compact Ride-Ons | 20244000",,3664142304159,yes,no NumaSuite EAN; title score 66.7 < 85.0
TG11000054,C-BCH003,TG11000054,tfidf+rapidfuzz,62.32,BELT COVER TG40,JR BCH003 Protective Cover for 102cm+ Tractor Mowers,,3760011424536,yes,no NumaSuite EAN; title score 62.3 < 85.0
TG11000059,RAC-550EGT,TG11000059,tfidf+rapidfuzz,62.27,GRASS BAG BLOCKING PLATE,Racing 550EGT Electric Grass-Trimmer,,3661602015044,yes,no NumaSuite EAN; title score 62.3 < 85.0
TG11000080,OM-MAX-53-THX,TG11000080,tfidf+rapidfuzz,54.65,DECK WASH NOZZLE,Oleo-Mac MAX 53-THX AllRoad ALU Self-Propelled Petrol Lawnmower with Aluminium Deck (Honda Engine),,8026619064037,yes,no NumaSuite EAN; title score 54.6 < 85.0
TG11000084,STIG-PIVOT-WHEELS-130H-SWEEPER,TG11000084,tfidf+rapidfuzz,72.47,FRONT WHEEL 6INCH TG40,Stiga Titan Front Wheel Kit for RB130H Sweeper (13-7924-11),,,yes,no NumaSuite EAN; title score 72.5 < 85.0
TG11000085,STIG-PIVOT-WHEELS-130H-SWEEPER,TG11000085,tfidf+rapidfuzz,64.51,"FRONT WHEEL 7INCH TG46, TG46SE",Stiga Titan Front Wheel Kit for RB130H Sweeper (13-7924-11),,,yes,no NumaSuite EAN; title score 64.5 < 85.0
TG11000086,STIG-PIVOT-WHEELS-130H-SWEEPER,TG11000086,tfidf+rapidfuzz,66.31,"FRONT WHEEL 8INCH TG51, TG56",Stiga Titan Front Wheel Kit for RB130H Sweeper (13-7924-11),,,yes,no NumaSuite EAN; title score 66.3 < 85.0
TG11000088,FRTF220-1,TG11000088,tfidf+rapidfuzz,69.6,REAR WHEEL 8INCH TG40,Feider RTF220 Pro Two-Wheel Rear-Tine Rotary Cultivator,,3661602025906,yes,no NumaSuite EAN; title score 69.6 < 85.0
TG11000089,BERT-BT401S-2,TG11000089,tfidf+rapidfuzz,56.82,"REAR WHEEL 10INCH TG46, TG46SE, TG51, TG56",Bertolini BT401S Two-Wheel Rear-Tine Rotary Cultivator (Honda Engine),,8026619077273,yes,no NumaSuite EAN; title score 56.8 < 85.0
TG11000090,JR-AFC0014,TG11000090,tfidf+rapidfuzz,61.65,WHEEL CAPS TG40,Chainsaw Chain Grinding Wheel Stone 100mm x 22mm x 3.2mm - JR-AFC0014,,3760011420163,yes,no NumaSuite EAN; title score 61.6 < 85.0
TG11000118,ST-BG-56-CE,TG11000118,tfidf+rapidfuzz,56.18,HANDRAIL PANEL TG46SE/51/56,STIHL BG 56-CE Handheld Petrol Leaf-Blower,,0886661268665,yes,no NumaSuite EAN; title score 56.2 < 85.0
TG11000127,STIG-278131808/St1,TG11000127,tfidf+rapidfuzz,60.57,"CHARGER TG46SE, TG51, TG56",Stiga Fast Charger | Fits E-Ride Models,,,yes,no NumaSuite EAN; title score 60.6 < 85.0
TG11000148,OLY-64-396,TG11000148,tfidf+rapidfuzz,64.01,FRONT HANDLE TG56,Big Mutt Pro Multi-Purpose Scraper with Wooden Handle | 64-396,,0025997643962,yes,no NumaSuite EAN; title score 64.0 < 85.0
TG11000148(G),JR-LAN0004,TG11000148(G),tfidf+rapidfuzz,70.74,FRONT HANDLE (GREY) TG56,RECOIL HANDLE,,3760011422327,yes,no NumaSuite EAN; title score 70.7 < 85.0
TG11000148(R),JR-LAN0004,TG11000148(R),tfidf+rapidfuzz,70.74,FRONT HANDLE (RED) TG56,RECOIL HANDLE,,3760011422327,yes,no NumaSuite EAN; title score 70.7 < 85.0
TG11000171,TG46SE-AMZ,TG11000171,tfidf+rapidfuzz,35.06,"GRASSBOX FLAP TG46, 46SE, 51",Spectrum TG46SE 3-in-1 Self-Propelled Petrol Lawnmower with Electric Start (Amazon),,5065022450139,yes,no NumaSuite EAN; title score 35.1 < 85.0
TG11000174,LA-LFS687Q,TG11000174,tfidf+rapidfuzz,53.26,SIDE EJECT FLAP TG46/51,Cuba 2-Burner Gas BBQ c/w Side Shelves,,,yes,no NumaSuite EAN; title score 53.3 < 85.0
TG11000176,AP-946162350,TG11000176,tfidf+rapidfuzz,56.01,"FRONT PANEL TG46, TG46SE, TG51",Apache Euro 5 Petrol Front-Tine Cultivator,,0000000000000,yes,no NumaSuite EAN; title score 56.0 < 85.0
TG11000177,OY-64-961,TG11000177,tfidf+rapidfuzz,58.37,NYLON BEARING SET TG40/46/51,Roughneck 'Gorilla' 5-Piece Wrecking-Bar Set | 64-961,,0293297578075,yes,no NumaSuite EAN; title score 58.4 < 85.0
TG11000178,BCH004,TG11000178,tfidf+rapidfuzz,57.46,"BELT COVER TG46, TG46SE",Protective Cover for Generators - JR BCH004,,3760011424543,yes,no NumaSuite EAN; title score 57.5 < 85.0
TG11000181,AP-985000000,TG11000181,tfidf+rapidfuzz,59.77,"INNER REAR WHEEL BACKING TG46, TG46SE, TG51",Apache RTT3 Two-Wheel Rear-Tine Rotary Cultivator (Briggs & Stratton Engine),,8025004012967,yes,no NumaSuite EAN; title score 59.8 < 85.0
TG11000184,JR-LAN0004,TG11000184,tfidf+rapidfuzz,70.54,HEIGHT ADJUSTMENT HANDLE,RECOIL HANDLE,,3760011422327,yes,no NumaSuite EAN; title score 70.5 < 85.0
TG11000185,AP-907970000,TG11000185,tfidf+rapidfuzz,67.42,REAR WHEEL BACKING TG40,Apache Rear-Mounted Tiller/Cultivator Attachment – for P70 Two-Wheel Tractor,,0000000000000,yes,no NumaSuite EAN; title score 67.4 < 85.0
TG11000197,MF-327107506/0,TG11000197,tfidf+rapidfuzz,87.78,SIDE DISCHARGE CHUTE TG56,Mountfield Side-Discharge Chute - for MTF 66 MQ | 327107506/0,,7313323035066,yes,no NumaSuite EAN
TG11000198,DAN-71901-924,TG11000198,tfidf+rapidfuzz,83.07,SIDE DISCHARGE DEFLECTOR FLAP TG56,Danarm Side-Discharge Deflector – for 53cm 4-Wheeled & Roller Lawnmowers | 71901-924,,0000000000000,yes,no NumaSuite EAN; title score 83.1 < 85.0
TG11000199,TG561-SWT,TG11000199,tfidf+rapidfuzz,38.02,BELT GUARD TG56,Spectrum TG561-SWT Self Propelled Wheeled Trimmer,,5065022450511,yes,no NumaSuite EAN; title score 38.0 < 85.0
TG11000201,MTD-T205,TG11000201,tfidf+rapidfuzz,61.29,FRONT PANEL TG56,MTD T205 Petrol Front-Tine Tiller,,4008423823998,yes,no NumaSuite EAN; title score 61.3 < 85.0
TG12000030,STIG-299900150/0,TG12000030,tfidf+rapidfuzz,58.75,REAR AXLE TG46,Stiga Rear Counterweight for 92cm Rear-Collect Tractors | 299900150/0,,7313321306946,yes,no NumaSuite EAN; title score 58.7 < 85.0
TG12000033,STIG-299900150/0,TG12000033,tfidf+rapidfuzz,58.75,REAR AXLE TG40,Stiga Rear Counterweight for 92cm Rear-Collect Tractors | 299900150/0,,7313321306946,yes,no NumaSuite EAN; title score 58.7 < 85.0
TG12000141,JR-SLT0001,TG12000141,tfidf+rapidfuzz,55.89,"BLADE BOSS TG40, TG46, TG46SE, TG51SE",ADAPTABLE BLADE HUB 22465607/0 1224656073 NG464TR TRE NG 484,,,yes,no NumaSuite EAN; title score 55.9 < 85.0
TG12000150,JR-LTD0015,TG12000150,tfidf+rapidfuzz,70.93,BLADE TG40S,BLADE TORO 55CM 108-9783-03 20655 20658 20954 20955 20956 58,,3760011422549,yes,no NumaSuite EAN; title score 70.9 < 85.0
TG12000152,19158015,TG12000152,tfidf+rapidfuzz,58.92,"BLADE TG46, TG46SE",Blade - Fits Feider FTDT5175ES Lawnmower | MowDirect,,,yes,no NumaSuite EAN; title score 58.9 < 85.0
TG12000153,JR-LTD0015,TG12000153,tfidf+rapidfuzz,68.31,BLADE TG51SE,BLADE TORO 55CM 108-9783-03 20655 20658 20954 20955 20956 58,,3760011422549,yes,no NumaSuite EAN; title score 68.3 < 85.0
TG12000161,STIG-278420008/ST2,TG12000161,tfidf+rapidfuzz,70.07,LOWER HANDLE BAR TG46,Stiga SPR 500 AE 48v Cordless Top-Handle Arborist’s Chainsaw - 30cm Guide Bar (Tool Only),,8008984844421,yes,no NumaSuite EAN; title score 70.1 < 85.0
TG12000163,JR-LAN0004,TG12000163,tfidf+rapidfuzz,69.94,UPPER HANDLE TG46/51,RECOIL HANDLE,,3760011422327,yes,no NumaSuite EAN; title score 69.9 < 85.0
TG12000170,JR-SLT0001,TG12000170,tfidf+rapidfuzz,57.05,"BLADE WASHER TG40, TG465, TG46SE, TG51, TG56",ADAPTABLE BLADE HUB 22465607/0 1224656073 NG464TR TRE NG 484,,,yes,no NumaSuite EAN; title score 57.0 < 85.0
TG12000196,OLY-64-585,TG12000196,tfidf+rapidfuzz,53.68,UPPER BAR TG46,Roughneck Bent-Tip Digger Bar | 64-585,,0025997645850,yes,no NumaSuite EAN; title score 53.7 < 85.0
TG12000200,SBS480CBV,TG12000200,tfidf+rapidfuzz,44.56,LOWER ARM BARS TG40,Spectrum SBS480CBV 40V Cordless Leaf Blower Vacuum — Bare Tool (Battery & Charger Sold Separately),,5065022450641,yes,no NumaSuite EAN; title score 44.6 < 85.0
TG12000201,FD-FT200,TG12000201,tfidf+rapidfuzz,58.36,LOWER BAR TG46,Feider FT200 Scythe-Bar Mower,,3661602025913,yes,no NumaSuite EAN; title score 58.4 < 85.0
TG12000257,TFN042,TG12000257,tfidf+rapidfuzz,66.74,"QUAD TIPPED BLADE 18"" TG46""",Universal Pro Combi Quad Line-Head with Blade for 30-40cc Brushcutters - JR TFN042,,3760011423164,yes,no NumaSuite EAN; title score 66.7 < 85.0
TG12000258,TFN042,TG12000258,tfidf+rapidfuzz,66.74,"QUAD TIPPED BLADE 20"" TG51""",Universal Pro Combi Quad Line-Head with Blade for 30-40cc Brushcutters - JR TFN042,,3760011423164,yes,no NumaSuite EAN; title score 66.7 < 85.0
TG12000280,STIG-13-0921-62,TG12000280,tfidf+rapidfuzz,62.16,"FRONT AXLE TG46, TG46SE, TG51",Stiga 2 x 13.5kg Axle Frame Weights for Select Park Front-Cut Ride-On Mowers | 13-0921-62,,7313321305420,yes,no NumaSuite EAN; title score 62.2 < 85.0
TG12000287,SBS560CHT-KIT,TG12000287,tfidf+rapidfuzz,36.57,HEIGHT BRACKET LEFT TG40,Spectrum SBS560CHT 40V Cordless Hedge Trimmer — Complete Kit (2.0Ah Battery + Charger),,5061122340165,yes,no NumaSuite EAN; title score 36.6 < 85.0
TG12000288,STIG-2F5820421/ST2,TG12000288,tfidf+rapidfuzz,54.91,DECK HEIGHT PLATE TG40,Stiga Park 300 Front-Cut Ride-On Lawnmower (Excluding Deck),,8008984852235,yes,no NumaSuite EAN; title score 54.9 < 85.0
TG12000289,JR-LAN0004,TG12000289,tfidf+rapidfuzz,70.47,HEIGHT HANDLE LEVER TG46/51/56,RECOIL HANDLE,,3760011422327,yes,no NumaSuite EAN; title score 70.5 < 85.0
TG12000292,STIG-13-0921-62,TG12000292,tfidf+rapidfuzz,78.98,FRONT AXLE TG40,Stiga 2 x 13.5kg Axle Frame Weights for Select Park Front-Cut Ride-On Mowers | 13-0921-62,,7313321305420,yes,no NumaSuite EAN; title score 79.0 < 85.0
TG12000325,TG56-PRO,TG12000325,tfidf+rapidfuzz,92.32,BLADE TG56,"Spectrum TG56-Pro Variable Speed, Honda Engine, Petrol Lawnmower - 4 Blade",,,yes,no NumaSuite EAN
TG12000326,STIG-13-0921-62,TG12000326,tfidf+rapidfuzz,78.98,FRONT AXLE TG56,Stiga 2 x 13.5kg Axle Frame Weights for Select Park Front-Cut Ride-On Mowers | 13-0921-62,,7313321305420,yes,no NumaSuite EAN; title score 79.0 < 85.0
TG12000329,TG56-PRO,TG12000329,tfidf+rapidfuzz,67.72,BLADE BOSS & WASHER TG56,"Spectrum TG56-Pro Variable Speed, Honda Engine, Petrol Lawnmower - 4 Blade",,,yes,no NumaSuite EAN; title score 67.7 < 85.0
TG12000405,TG56-PRO,TG12000405,tfidf+rapidfuzz,59.51,BLADE TG56 - INCORRECT BLADE - DO NOT USE,"Spectrum TG56-Pro Variable Speed, Honda Engine, Petrol Lawnmower - 4 Blade",,,yes,no NumaSuite EAN; title score 59.5 < 85.0
TG13000080,STIG-13-0939-61,TG13000080,tfidf+rapidfuzz,67.61,TG46SE FRAME,Stiga 2 x 17kg Axle Frame Weights for Select Park Front-Cut Ride-On Mowers | 13-0939-61,,,yes,no NumaSuite EAN; title score 67.6 < 85.0
TG13000082,FD-X-RANGE,TG13000082,tfidf+rapidfuzz,66.78,FRAME TG51SE,Feider X-RANGER 250w Aluminium-Frame Electric Bicycle,,3032651935629,yes,no NumaSuite EAN; title score 66.8 < 85.0
TG13000087,FG8500ES,TG13000087,tfidf+rapidfuzz,72.65,FRAME TG40,Feider 8500w Three-Phase Open-Frame Petrol Generator with Electric Start | FG8500ES,,3661602049230,yes,no NumaSuite EAN; title score 72.6 < 85.0
TG14000017,TG46SE-AMZ,TG14000017,tfidf+rapidfuzz,53.03,"THROTTLE CABLE TG46, TG46SE",Spectrum TG46SE 3-in-1 Self-Propelled Petrol Lawnmower with Electric Start (Amazon),,5065022450139,yes,no NumaSuite EAN; title score 53.0 < 85.0
TG14000018,R210,TG14000018,tfidf+rapidfuzz,41.32,THROTTLE CABLE TG51,Rato Horizontal Engine,,,yes,no NumaSuite EAN; title score 41.3 < 85.0
TG14000019,R210,TG14000019,tfidf+rapidfuzz,41.32,THROTTLE CABLE TG40,Rato Horizontal Engine,,,yes,no NumaSuite EAN; title score 41.3 < 85.0
TG14000023,R210,TG14000023,tfidf+rapidfuzz,41.32,THROTTLE CABLE TG56,Rato Horizontal Engine,,,yes,no NumaSuite EAN; title score 41.3 < 85.0
TG14000073,STIG-294568038/ST2,TG14000073,tfidf+rapidfuzz,72.01,ENGINE BRAKE CABLE TG51,Stiga Twinclip 955 B Self-Propelled Petrol Lawnmower with Blade-Brake Clutch & Honda Engine,,8008984852723,yes,no NumaSuite EAN; title score 72.0 < 85.0
TG14000075,TG45SC,TG14000075,tfidf+rapidfuzz,37.08,OPC CABLE TG46/46SE,"Spectrum TG45SC Petrol Scarifier & Aerator — 223cc, 45cm, 2-in-1",,5061122340127,yes,no NumaSuite EAN; title score 37.1 < 85.0
TG14000077,TG45SC,TG14000077,tfidf+rapidfuzz,36.57,OPC CABLE TG40,"Spectrum TG45SC Petrol Scarifier & Aerator — 223cc, 45cm, 2-in-1",,5061122340127,yes,no NumaSuite EAN; title score 36.6 < 85.0
TG14000086,STIG-294568038/ST2,TG14000086,tfidf+rapidfuzz,72.01,ENGINE BRAKE CABLE TG56,Stiga Twinclip 955 B Self-Propelled Petrol Lawnmower with Blade-Brake Clutch & Honda Engine,,8008984852723,yes,no NumaSuite EAN; title score 72.0 < 85.0
TG14100043,2T2010483/M25,TG14100043,tfidf+rapidfuzz,53.73,"DRIVE CABLE TG46, TG46SE",Mountfield T30M Gear Drive 2-in-1 Lawn Tractor,,8008984869042,yes,no NumaSuite EAN; title score 53.7 < 85.0
TG14100045,TG40PD,TG14100045,tfidf+rapidfuzz,70.24,SELF PROPELLED DRIVE CABLE TG40,Spectrum TG40PD Self-Propelled Petrol Lawnmower,,5065022450108,yes,no NumaSuite EAN; title score 70.2 < 85.0
TG16000015,R210,TG16000015,tfidf+rapidfuzz,38.63,CONNECTING HEIGHT SPRING,Rato Horizontal Engine,,,yes,no NumaSuite EAN; title score 38.6 < 85.0
TG16000030,STIG-2F6120545/ST2,TG16000030,tfidf+rapidfuzz,56.16,SPRING DECK HEIGHT TG40/46/51/56,Stiga Park 500 Front-Cut Ride-On Lawnmower (Excluding Deck),,8008984852242,yes,no NumaSuite EAN; title score 56.2 < 85.0
TG16000031,C-2T2000404/A22,TG16000031,tfidf+rapidfuzz,56.8,"GRASS BOX SPRING TG46, TG46SE, TG51, TG56",SLIGHTY SCRATCHED BUT NO GRASS CUT! Alpina AT4 84AST 2-in-1 Lawn Tractor,,8008984856660,yes,no NumaSuite EAN; title score 56.8 < 85.0
TG16000032,TG46SE-AMZ,TG16000032,tfidf+rapidfuzz,52.56,"CHUTE FLAP SPRING TG46, TG46SE, TG51, TG56",Spectrum TG46SE 3-in-1 Self-Propelled Petrol Lawnmower with Electric Start (Amazon),,5065022450139,yes,no NumaSuite EAN; title score 52.6 < 85.0
TG17000006,STIG-2A6107010/S17,TG17000006,tfidf+rapidfuzz,62.94,GRASS BAG TG40,Stiga 107cm Towed Grass & Leaf Collector for Stiga Park Front-Cut Ride-On Mowers | 2A6107010/S17,,8008984787315,yes,no NumaSuite EAN; title score 62.9 < 85.0
TG17000010,SBS40CB,TG17000010,tfidf+rapidfuzz,34.49,BELT Z=610 TG40,Spectrum SBS40CB 40V 4.0Ah Lithium-Ion Battery Pack,,5065022450689,yes,no NumaSuite EAN; title score 34.5 < 85.0
TG17000012,SBSCBC,TG17000012,tfidf+rapidfuzz,47.86,BELT TG46 0-690E,Spectrum SBSCBC 40V Standard Battery Charger (0.5A),,5065022450719,yes,no NumaSuite EAN; title score 47.9 < 85.0
TG17000018,R210,TG17000018,tfidf+rapidfuzz,34.24,GEARBOX TG40,Rato Horizontal Engine,,,yes,no NumaSuite EAN; title score 34.2 < 85.0
TG17000020,SMP-SAPPHIRE54ANTH,TG17000020,tfidf+rapidfuzz,57.29,GEARBOX (METAL) TG56,Sapphire 5x4 Metal Apex Anthracite Shed,,5055280405699,yes,no NumaSuite EAN; title score 57.3 < 85.0
TG17000020(P),TG46SE-AMZ,TG17000020(P),tfidf+rapidfuzz,49.93,"GEARBOX Transmission TG46, TG46SE, TG51",Spectrum TG46SE 3-in-1 Self-Propelled Petrol Lawnmower with Electric Start (Amazon),,5065022450139,yes,no NumaSuite EAN; title score 49.9 < 85.0
TG17000023,AP-985000000,TG17000023,tfidf+rapidfuzz,57.34,"LEFT REAR WHEEL GEAR TG40, TG46, TG46SE, TG51, TG56",Apache RTT3 Two-Wheel Rear-Tine Rotary Cultivator (Briggs & Stratton Engine),,8025004012967,yes,no NumaSuite EAN; title score 57.3 < 85.0
TG17000024,AP-985000000,TG17000024,tfidf+rapidfuzz,58.23,"RIGHT REAR WHEEL GEAR TG40, TG46, TG46SE, TG51, TG56",Apache RTT3 Two-Wheel Rear-Tine Rotary Cultivator (Briggs & Stratton Engine),,8025004012967,yes,no NumaSuite EAN; title score 58.2 < 85.0
TG17000026,HAR-LMG53SHL-T,TG17000026,tfidf+rapidfuzz,54.1,PULLEY WHEEL TG40/46/51/56,Harry LMG53SHL-T 4-in-1 Self-Propelled Hi-Wheel Petrol Lawnmower,,0000000000000,yes,no NumaSuite EAN; title score 54.1 < 85.0
TG17000029,TG46SE-AMZ,TG17000029,tfidf+rapidfuzz,49.2,"BOSS WOODRUFF KEY TG40, TG46, TG46SE, TG51, TG56",Spectrum TG46SE 3-in-1 Self-Propelled Petrol Lawnmower with Electric Start (Amazon),,5065022450139,yes,no NumaSuite EAN; title score 49.2 < 85.0
TG17000036,LA-LFS253,TG17000036,tfidf+rapidfuzz,53.65,"IGNITION BARREL & KEYS TG46SE, TG51, TG56",Half-Barrel Charcoal BBQ,,,yes,no NumaSuite EAN; title score 53.6 < 85.0
TG17000051,STIG-SWS-800G,TG17000051,tfidf+rapidfuzz,53.62,BELT Z-800 TG56,Stiga SWS 800 G Self-Propelled Sweeper,,,yes,no NumaSuite EAN; title score 53.6 < 85.0
TG17000064,TG480RTTR,TG17000064,tfidf+rapidfuzz,42.34,WIRING STARTER MOTOR,"Spectrum TG480RTTR Rear-Tine Petrol Cultivator — 211cc, 48cm Working Width",,5061122340196,yes,no NumaSuite EAN; title score 42.3 < 85.0
TG17000104,GW-G60X2UC6,TG17000104,tfidf+rapidfuzz,59.6,"BATTERY HOLDER TG46SE, TG51, TG56",Greenworks 60v Twin-Port Battery Charger | G60X2UC6,,6952909072227,yes,no NumaSuite EAN; title score 59.6 < 85.0
TG17000108,HAR001,TG17000108,tfidf+rapidfuzz,59.27,WIRING HARNESS TG46SE/51/56,Brushcutter Shoulder-Harness (Single) - JR HAR001,,3760011423317,yes,no NumaSuite EAN; title score 59.3 < 85.0
TG17000110,STIG-290409218/S15,TG17000110,tfidf+rapidfuzz,62.23,REAR GRASS FLAP BOLT TG46/51,Stiga 18-Litre Grass Collector for Rear-Deflect Manual Cylinder Mowers | 290409218/S15,,8008984633971,yes,no NumaSuite EAN; title score 62.2 < 85.0
TG17000113,STIG-277017008/ST1,TG17000113,tfidf+rapidfuzz,62.72,"BATTERY TG 14.8V 1.5AH TG46SE, TG51, TG56",Stiga E475 48v/7.5Ah ePower Lithium-Ion Battery | 277017008/ST1,,,yes,no NumaSuite EAN; title score 62.7 < 85.0
TG20000007,2T2010483/M25,TG20000007,tfidf+rapidfuzz,37.21,FLYWHEEL FAN TG40/46/46SE,Mountfield T30M Gear Drive 2-in-1 Lawn Tractor,,8008984869042,yes,no NumaSuite EAN; title score 37.2 < 85.0
TG20000009,JR-FAA0004,TG20000009,tfidf+rapidfuzz,82.54,AIR FILTER BASE,AIR FILTER BR690610 498596 697029,,3760011421443,yes,no NumaSuite EAN; title score 82.5 < 85.0
TG20000010,JR-FAH0002,TG20000010,tfidf+rapidfuzz,49.4,"OIL DIPSTICK TG40, TG46, TG46SE, TG51, TG56",OIL FILTER LONG VARIOUS,,3760011421559,yes,no NumaSuite EAN; title score 49.4 < 85.0
TG20000012,JR-FAA0004,TG20000012,tfidf+rapidfuzz,80.08,AIR FILTER COVER,AIR FILTER BR690610 498596 697029,,3760011421443,yes,no NumaSuite EAN; title score 80.1 < 85.0
TG20000013,JR-FAA001,TG20000013,tfidf+rapidfuzz,72.75,"AIR FILTER SPONGE TG40, TG46, TG46SE, TG51, TG56",AIR FILTER JR-FAA001,,,yes,no NumaSuite EAN; title score 72.7 < 85.0
TG20000015,TG480RTTR,TG20000015,tfidf+rapidfuzz,43.57,"CARBURETTOR SPACER BLOCK (GASKET) TG40, TG46, TG46SE, TG51, TG56","Spectrum TG480RTTR Rear-Tine Petrol Cultivator — 211cc, 48cm Working Width",,5061122340196,yes,no NumaSuite EAN; title score 43.6 < 85.0
TG20000024,JR-LAN0004,TG20000024,tfidf+rapidfuzz,65.06,RECOIL MOUNT PLATE,RECOIL HANDLE,,3760011422327,yes,no NumaSuite EAN; title score 65.1 < 85.0
TG20000026,HAN-HP-120,TG20000026,tfidf+rapidfuzz,52.22,"FUEL TANK TG40, TG46, TG46SE, TG51, TG56",Handy Fuel Mixing-Bottle,,,yes,no NumaSuite EAN; title score 52.2 < 85.0
TG20000027,HY-HY3800LE-LPG,TG20000027,tfidf+rapidfuzz,49.75,"FUEL CAP TG40, TG46, TG46SE, TG51, TG56",Hyundai 3.2kW/4.00kVa* Dual-Fuel Electric-Start Site Generator | HY3800LE-LPG,,8800213315661,yes,no NumaSuite EAN; title score 49.8 < 85.0
TG20000030,HAN-HP-140,TG20000030,tfidf+rapidfuzz,60.56,ENGINE COVER    FITS ALL TG,Handy 600ml SAE30 Lawnmower Engine-Oil,,0000,yes,no NumaSuite EAN; title score 60.6 < 85.0
TG21000014,CT15,TG21000014,tfidf+rapidfuzz,52.08,STARTER CUP TG51/56,JR CT15 40cm Chainsaw Chain (56 Links),,3760011420996,yes,no NumaSuite EAN; title score 52.1 < 85.0
TG21000020,CG009,TG21000020,tfidf+rapidfuzz,48.2,EXHAUST MUFFLER TG40/46/46SE/51/56,"Guide-Bar & Chain Combi-Pack 3/8"" P 1.3mm (40cm / 56 Links) - JR CG009",,3760011420699,yes,no NumaSuite EAN; title score 48.2 < 85.0
TG21000021,CG009,TG21000021,tfidf+rapidfuzz,48.58,MUFFLER GUARD TG40/46/46SE/51/56,"Guide-Bar & Chain Combi-Pack 3/8"" P 1.3mm (40cm / 56 Links) - JR CG009",,3760011420699,yes,no NumaSuite EAN; title score 48.6 < 85.0
TG21000033,JR-LAN0004,TG21000033,tfidf+rapidfuzz,71.16,"RECOIL ASSEMBLY TG40, TG46, TG46SE, TG51, TG56",RECOIL HANDLE,,3760011422327,yes,no NumaSuite EAN; title score 71.2 < 85.0
TG21000045,TG561-SWT-AMZ,TG21000045,tfidf+rapidfuzz,33.46,FLYWHEEL PICKUP ASSEMBLY,Spectrum TG561-SWT Self Propelled Wheeled Trimmer (Amazon),,5065022450511,yes,no NumaSuite EAN; title score 33.5 < 85.0
TG23000011,TG46SE-AMZ,TG23000011,tfidf+rapidfuzz,52.8,"GOVERNOR SPRING TG40, TG46, TG46SE, TG51, TG56",Spectrum TG46SE 3-in-1 Self-Propelled Petrol Lawnmower with Electric Start (Amazon),,5065022450139,yes,no NumaSuite EAN; title score 52.8 < 85.0
TG24000012,R210,TG24000012,tfidf+rapidfuzz,56.82,"CARBURETTOR GASKET (ENGINE SIDE SMALL CARB) TG40, TG46, TG46SE",Rato Horizontal Engine,,,yes,no NumaSuite EAN; title score 56.8 < 85.0
TG24000013,DDS015,TG24000013,tfidf+rapidfuzz,56.44,EXHUAST GASKET (METAL) TG40/46/51/56,60-Tooth Metal Brushcutter-Blade  -  25.5cm x 1.4mm - JR DDS015,,3760011421399,yes,no NumaSuite EAN; title score 56.4 < 85.0
TG24000018,FRT75BS125-SD,TG24000018,tfidf+rapidfuzz,58.57,"CARBURETTOR GASKET (ENGINE SIDE BIG CARB) TG51, TG56",Feider FRT75BS125-SD Compact Side-Discharge Ride-On Mower with Manual Drive & Briggs Engine,,3661602018434,yes,no NumaSuite EAN; title score 58.6 < 85.0
TG24000021,JR-FAA001,TG24000021,tfidf+rapidfuzz,72.15,"CARBURETTOR GASKET (AIR FILTER SIDE) TG40, TG46, TG46SE",AIR FILTER JR-FAA001,,,yes,no NumaSuite EAN; title score 72.1 < 85.0
TG25000002,ACC-DEFL-84CM,TG25000002,tfidf+rapidfuzz,34.37,FLYWHEEL TG40/46,Rear Deflector Flor 84cm Mountfield/Stiga Tractors,,,yes,no NumaSuite EAN; title score 34.4 < 85.0
TG25000003,ST-BG-56-CE,TG25000003,tfidf+rapidfuzz,52.88,FLYWHEEL TG46SE/51/56,STIHL BG 56-CE Handheld Petrol Leaf-Blower,,0886661268665,yes,no NumaSuite EAN; title score 52.9 < 85.0
TG28000014,JR-LAN0004,TG28000014,tfidf+rapidfuzz,69.94,"UPPER HANDLE BOLTS TG46, TG46SE, TG51, TG56",RECOIL HANDLE,,3760011422327,yes,no NumaSuite EAN; title score 69.9 < 85.0
TG28000034,JR-SLT0001,TG28000034,tfidf+rapidfuzz,55.26,"BLADE BOLT TG40, TG46, TG46SE, TG51, TG56",ADAPTABLE BLADE HUB 22465607/0 1224656073 NG464TR TRE NG 484,,,yes,no NumaSuite EAN; title score 55.3 < 85.0
TG28000086,TG46SE-AMZ,TG28000086,tfidf+rapidfuzz,50.85,"AXLE NUTS TG40, TG46, TG46SE, TG51, TG56",Spectrum TG46SE 3-in-1 Self-Propelled Petrol Lawnmower with Electric Start (Amazon),,5065022450139,yes,no NumaSuite EAN; title score 50.9 < 85.0
TG28000087,ENG-TDE-46N,TG28000087,tfidf+rapidfuzz,53.53,"WHEEL WASHER TG40, TG46, TG46SE, TG51, TG56",Energizer® TDE-46N 40v 4-in-1 Hi-Wheel Cordless Lawnmower (Inc. Battery & Charger),,3661602023360,yes,no NumaSuite EAN; title score 53.5 < 85.0
TG28000088,MANT-9222,TG28000088,tfidf+rapidfuzz,53.39,"WHEEL RETAINING CIRCLIP TG40, TG46, TG46SE, TG51, TG56",Mantis Wheel-Kit | 9222,,,yes,no NumaSuite EAN; title score 53.4 < 85.0
TG28000120,JR-LAN0004,TG28000120,tfidf+rapidfuzz,69.94,"LOWER HANDLE BOLTS TG40, TG46, TG46SE, TG51, TG56",RECOIL HANDLE,,3760011422327,yes,no NumaSuite EAN; title score 69.9 < 85.0
TG29000005,TG46SE-AMZ,TG29000005,tfidf+rapidfuzz,51.69,"CARBURETTOR TG40, TG46, TG46SE",Spectrum TG46SE 3-in-1 Self-Propelled Petrol Lawnmower with Electric Start (Amazon),,5065022450139,yes,no NumaSuite EAN; title score 51.7 < 85.0
TG29000006,TG45SC,TG29000006,tfidf+rapidfuzz,38.82,"CARBURETTOR TG51, TG56","Spectrum TG45SC Petrol Scarifier & Aerator — 223cc, 45cm, 2-in-1",,5061122340127,yes,no NumaSuite EAN; title score 38.8 < 85.0
TG29000021,JR-BOU001,TG29000021,tfidf+rapidfuzz,80.08,SPARK PLUG F7RTC,Spark Plug - JR BOU001 ( Equivalent to CHAMPION RJ19LM OR NGK BR21LM),,3760011423485,yes,no NumaSuite EAN; title score 80.1 < 85.0
TG29000029,TG46SE-AMZ,TG29000029,tfidf+rapidfuzz,51.95,"COIL & LEAD TG40, TG46, TG46SE, TG51, TG56",Spectrum TG46SE 3-in-1 Self-Propelled Petrol Lawnmower with Electric Start (Amazon),,5065022450139,yes,no NumaSuite EAN; title score 52.0 < 85.0
TG29000030,JR-FAE0001,TG29000030,tfidf+rapidfuzz,68.03,"FUEL TANK FILTER TG40, TG46, TG46SE, TG51, TG56",FUEL FILTER RIDER -                        WP73112,,3760011421528,yes,no NumaSuite EAN; title score 68.0 < 85.0
TG29000036,ST-BG-56-CE,TG29000036,tfidf+rapidfuzz,50.61,STARTER MOTOR TG46SE/51/56,STIHL BG 56-CE Handheld Petrol Leaf-Blower,,0886661268665,yes,no NumaSuite EAN; title score 50.6 < 85.0
TG40S-RET,TG40S,TG40S-RET,tfidf+rapidfuzz,76.31,SPECTRUM TG40S LAWNMOWER - RETURN MODEL,Spectrum TG40S Self-Propelled Petrol Lawnmower,,5065022450092,yes,no NumaSuite EAN; title score 76.3 < 85.0
TG46S-RET,TG46S,TG46S-RET,tfidf+rapidfuzz,76.08,SPECTRUM TG46S LAWNMOWER RETURN MODEL,Spectrum TG46S 3-in-1 Self-Propelled Petrol Lawnmower,,5065022450122,yes,no NumaSuite EAN; title score 76.1 < 85.0
TG46SE-RET,TG46SE,TG46SE-RET,tfidf+rapidfuzz,79.83,SPECTRUM TG46SE LAWNMOWER- RETURN MODEL,Spectrum TG46SE 3-in-1 Self-Propelled Petrol Lawnmower with Electric Start,,5065022450139,yes,no NumaSuite EAN; title score 79.8 < 85.0
TG51SE-RTN,TG51SE,TG51SE-RTN,tfidf+rapidfuzz,79.83,SPECTRUM TG51SE LAWNMOWER - RETURN MODEL,Spectrum TG51SE 3-in-1 Self-Propelled Petrol Lawnmower with Electric Start,,5065022450214,yes,no NumaSuite EAN; title score 79.8 < 85.0
TG56SE-RET,TG56SE,TG56SE-RET,tfidf+rapidfuzz,79.83,SPECTRUM TG56SE LAWNMOWER - RETURN MODEL,Spectrum TG56SE 3-in-1 Self-Propelled Petrol Lawnmower with Electric Start,,5065022450160,yes,no NumaSuite EAN; title score 79.8 < 85.0
TGCMPLTEGBA,SBS460CLM-KIT,TGCMPLTEGBA,tfidf+rapidfuzz,69.24,GRASS BOX COMPLETE,Spectrum SBS460CLM 46cm Self-Propelled Cordless Lawn Mower — Complete Kit (2× 4.0Ah Battery + Charger),,5061122340134,yes,no NumaSuite EAN; title score 69.2 < 85.0
TGGRIP,JR-LAN0004,TGGRIP,tfidf+rapidfuzz,69.86,HANDLE GRIPS TG SERIES,RECOIL HANDLE,,3760011422327,yes,no NumaSuite EAN; title score 69.9 < 85.0
TH2002,STIG-13-3906-11,TH2002,tfidf+rapidfuzz,61.79,SEALEY TOW ROPE 2000KG LOAD CAPACITY - TH2002,Stiga 100kg-Capacity Professional Galvanised-Steel Cart | 13-3906-11,,7313321307844,yes,no NumaSuite EAN; title score 61.8 < 85.0
THLC29140,HAN-THGT500,THLC29140,tfidf+rapidfuzz,62.28,"THE HANDY 12"" COMPACTOR PLATE""",The Handy 225kg (500lb) Towed Trailer / Tractor Cart,,5060012803780,yes,no NumaSuite EAN; title score 62.3 < 85.0
TP05,C-PFC-SPOUT,TP05,tfidf+rapidfuzz,59.72,METAL OIL CAN FLEXIBLE SPOUT 500ML,Spectrum Metal Jerry Can Spout - PFC-SPOUT,,5065022450405,yes,no NumaSuite EAN; title score 59.7 < 85.0
TR-G6511000000,DDS007,TR-G6511000000,tfidf+rapidfuzz,80.38,"21"" BLADE""",3-Tooth Metal Brushcutter-Blade -,,3760011421337,yes,no NumaSuite EAN; title score 80.4 < 85.0
TR4870ES,FTDTR4870ES,TR4870ES,tfidf+rapidfuzz,88.46,FEIDER TR4870ES REAR ROLLER ELECTRIC START MOWER,Feider TR4870ES Variable-Speed Petrol Rear-Roller Lawnmower with Electric Start,,3661602040732,yes,no NumaSuite EAN
U1L2812KR,STIG-80V-HARNESS,U1L2812KR,tfidf+rapidfuzz,62.89,KRAMP BATTERY 12V 28AH 300A (LEFT HAND POSITIVE),Stiga 80v Battery Harness,,0000000000000,yes,no NumaSuite EAN; title score 62.9 < 85.0
U1R2812KR,STIG-80V-HARNESS,U1R2812KR,tfidf+rapidfuzz,62.44,KRAMP BATTERY 12V 28AH 300A (RIGHT HAND POSITIVE),Stiga 80v Battery Harness,,0000000000000,yes,no NumaSuite EAN; title score 62.4 < 85.0
ULTRASONIC,2T2010483/M25,ULTRASONIC,tfidf+rapidfuzz,41.07,ULTRASONIC CARB CLEAN,Mountfield 1330M Gear Drive 2-in-1 Lawn Tractor,,8008984869042,yes,no NumaSuite EAN; title score 41.1 < 85.0
VS405,C-HP-196,VS405,tfidf+rapidfuzz,55.65,OIL INSPECTION SYRINGE 1.5L,1 Litre 10W/30 Lawnmower Engine Oil  - 4 Stroke Oil,,5060012808471,yes,no NumaSuite EAN; title score 55.7 < 85.0
WA7105,a2488cdc-c2d3-4860-b7bf-9ceba5e90fe3,WA7105,tfidf+rapidfuzz,53.33,OKO TYRE SEALANT OFF ROAD 1.25L,Mountfield T30M Gear Drive 2-in-1 Lawn Tractor with Free Trailer,,,yes,no NumaSuite EAN; title score 53.3 < 85.0
C-WARRANTY,R210,C-WARRANTY,tfidf+rapidfuzz,36.18,WARRANTY,Rato Horizontal Engine,,,yes,no NumaSuite EAN; title score 36.2 < 85.0
WB-65HR-11,OM-WB-65-HR-11,WB-65HR-11,tfidf+rapidfuzz,100.0,OLEO MAC WB-65 HR-11 PROFESSIONAL FLAIL MOWER (HONDA ENGINE),Oleo-Mac WB-65 HR-11 Professional Flail Mower (Honda Engine),,,yes,no NumaSuite EAN
WD40450SSUK,EF-MT4110-325,WD40450SSUK,tfidf+rapidfuzz,61.5,WD-40Â® MULTI-USE PRODUCT SMART STRAWÂ® 450ML,Efco MT-4110-325 Multi-Purpose Petrol Chainsaw (40.5cm Guide Bar),,,yes,no NumaSuite EAN; title score 61.5 < 85.0
WE092317,JR-CARB0001,WE092317,tfidf+rapidfuzz,60.2,FUEL TANK CAP,FUEL PIPE INNER DIAMETER 6.35MM OUTER 12.7MM L30CM,,3760011420552,yes,no NumaSuite EAN; title score 60.2 < 85.0
WE1401046E701,STIG-278131808/St1,WE1401046E701,tfidf+rapidfuzz,56.64,STEERING RACK           [FITS 7550M],Stiga Fast Charger | Fits E-Ride Models,,,yes,no NumaSuite EAN; title score 56.6 < 85.0
WE1401099,2T2010483/M25,WE1401099,tfidf+rapidfuzz,53.38,PINION GEAR                       [FITS 7550M],Mountfield 1330M Gear Drive 2-in-1 Lawn Tractor,,8008984869042,yes,no NumaSuite EAN; title score 53.4 < 85.0
WP02571BPK,HAN-WP02571BPK,WP02571BPK,tfidf+rapidfuzz,85.01,ROCKWOOD UNIVERSAL BUMP FEED HEAD WITH BOLTS,Handy Universal Bump Feed Head c/w Ad. Bolts,,,yes,no NumaSuite EAN
WP43349,JR-FAA003,WP43349,tfidf+rapidfuzz,85.84,AIR FILTER FOR B&S QUANTUM,QUANTUM AIR FILTER  | JR FAA003,,3760011421429,yes,no NumaSuite EAN
WP4L405K,100134O,WP4L405K,tfidf+rapidfuzz,52.51,Kevlar Drive Belt - A38.5 FITS FRT75BS125 DRIVE BELT,"Spectrum 100134O Replacement Concrete Mixer Drum — fits Belle, Build Buddy & Screwfix Mixers",,5065022450740,yes,no NumaSuite EAN; title score 52.5 < 85.0
WP70133,JR-ROU001,WP70133,tfidf+rapidfuzz,83.18,UNIVERSAL LAWNMOWER COVER,Lawnmower Spare Wheel 15cm-  JR Spares - Universal Fit with 3 x ring adapters 8-10-12-12.8mm JR-ROU001,,3760011422730,yes,no NumaSuite EAN; title score 83.2 < 85.0
WP7228,OLY-64-398,WP7228,tfidf+rapidfuzz,59.64,Rover Blade & Bolt Kit H/D,"Big MUTT Pro with 9""x7"" Blade and 64"" Steel Handle",,,yes,no NumaSuite EAN; title score 59.6 < 85.0
WP73415,JR-FAA0004,WP73415,tfidf+rapidfuzz,69.99,AIR FILTER - 118550199/0,AIR FILTER BR690610 498596 697029,,3760011421443,yes,no NumaSuite EAN; title score 70.0 < 85.0
WP73715,JR-FAA0004,WP73715,tfidf+rapidfuzz,97.0,AIR FILTER,AIR FILTER BR690610 498596 697029,,3760011421443,yes,no NumaSuite EAN
WP93102,MTD-HT61E-KIT,WP93102,tfidf+rapidfuzz,53.89,DIAPHRAGM & GASKET KIT,MTD HT61E-KIT Electric Hedgetrimmer,,0000000000000,yes,no NumaSuite EAN; title score 53.9 < 85.0
WPB-058-72DL,CG014,WPB-058-72DL,tfidf+rapidfuzz,68.96,Universal Chain 325 058 - 72 Drive Links,"Guide-Bar & Chain Combi-Pack 0.325"" P 1.4mm (45cm / 72 Links) - JR CG014",,,yes,no NumaSuite EAN; title score 69.0 < 85.0
WPD-050-57DL,CG007,WPD-050-57DL,tfidf+rapidfuzz,69.22,Universal Chain 3/8 050 - 57 Drive Links,"Guide-Bar & Chain Combi-Pack 3/8"" P 1.3mm (40cm / 57 Links) - JR CG007",,3760011420675,yes,no NumaSuite EAN; title score 69.2 < 85.0
WPDR74L405K,HAN-HP-199,WPDR74L405K,tfidf+rapidfuzz,64.47,HANDY 7550M DRIVE BELT,Handy Sure-Start Fuel Additive - 250ml,,,yes,no NumaSuite EAN; title score 64.5 < 85.0
WPFB550633,STIG-80V-HARNESS,WPFB550633,tfidf+rapidfuzz,62.33,FULBAT SLA12-18 SLAB BATTERY 12V 18.9AH,Stiga 80v Battery Harness,,0000000000000,yes,no NumaSuite EAN; title score 62.3 < 85.0
WPFB590028,STIG-80V-HARNESS,WPFB590028,tfidf+rapidfuzz,58.98,FULBAT BATTERY 12V 7AH SEALED FITS 827M,Stiga 80v Battery Harness,,0000000000000,yes,no NumaSuite EAN; title score 59.0 < 85.0
XRANGER,FD-X-RANGE,XRANGER,tfidf+rapidfuzz,100.0,Feider X-RANGER 250W ALUMINIUM-FRAME ELECTRIC BICYCLE,Feider X-RANGER 250w Aluminium-Frame Electric Bicycle,,3032651935629,yes,no NumaSuite EAN
XT2ES107,CC-33ABA7CS603,XT2ES107,tfidf+rapidfuzz,87.75,CUB CADET BATTERYN POWERED SIDE DISCHARGE TRACTOR,Cub Cadet XT2ES107 Battery-Powered Side-Discharge Garden Tractor with Stepless Electronic Drive,,4008423899719,yes,no NumaSuite EAN
XT3QS127,CC-XT3-QS137,XT3QS127,tfidf+rapidfuzz,93.23,CUB CADET HEAVY DUTY V-TWIN SIDE DISCHARGE TRACTOR,Cub Cadet XT3QS137 Heavy-Duty Side-Discharge V-Twin Garden Tractor with Hydrostatic Drive,,4008423872323,yes,no NumaSuite EAN
YF1073363B,EM-BT155,YF1073363B,tfidf+rapidfuzz,65.03,CLUTCH DRIVER    BERTOLINI,Bertolini BT155 Compact Petrol Front-Tine Cultivator,,,yes,no NumaSuite EAN; title score 65.0 < 85.0
YF1073364,BERT-BT195,YF1073364,tfidf+rapidfuzz,78.15,VALVE  BERTOLINI,Bertolini BT195 Petrol Front-Tine Cultivator with Reverse Drive,,8026619069933,yes,no NumaSuite EAN; title score 78.2 < 85.0
YF1291603,SVC-PUNCTURE-PREV,YF1291603,tfidf+rapidfuzz,42.93,LEVER,Pre-delivery Puncture Prevention Service,,,yes,no NumaSuite EAN; title score 42.9 < 85.0
YF1291604,ACC-DEFL-84CM,YF1291604,tfidf+rapidfuzz,32.32,SLIDING BLOCK,Rear Deflector Flor 84cm Mountfield/Stiga Tractors,,,yes,no NumaSuite EAN; title score 32.3 < 85.0
YN6262200,BERT-BT195,YN6262200,tfidf+rapidfuzz,78.15,SCREW  BERTOLINI,Bertolini BT195 Petrol Front-Tine Cultivator with Reverse Drive,,8026619069933,yes,no NumaSuite EAN; title score 78.2 < 85.0
ZMDM541,ZOM-DM541,ZMDM541,tfidf+rapidfuzz,80.29,ZOMAX DM541 58v VARIABLE SPEED CORDLESS ( X2 B & C INCLUDED),Zomax DM541 58v Cordless Variable-Speed Lawnmower (Inc. Batteries & Charger),,0000000000000,yes,no NumaSuite EAN; title score 80.3 < 85.0
ZOM58V2AH,ZOM-58V-2AH,ZOM58V2AH,tfidf+rapidfuzz,93.3,ZOMAX 58V BATTERY 2AH,Zomax 58v/2Ah Lithium-Ion Battery,,,yes,no NumaSuite EAN
ZOM58V4AH,ZOM-58V-4AH,ZOM58V4AH,tfidf+rapidfuzz,93.3,ZOMAX 58V BATTERY 4AH,Zomax 58v/4Ah Lithium-Ion Battery,,,yes,no NumaSuite EAN
ZOMAXCHARGER,ZOM-BAT-CHARGER,ZOMAXCHARGER,tfidf+rapidfuzz,100.0,ZOMAX 58v BATTERY CHARGER,Zomax 58v Battery Charger,,0660042457066,yes,no NumaSuite EAN
C125463200/0,STIG-290802030/16,C125463200/0,tfidf+rapidfuzz,73.65,BLADE BOSS,Stiga Front Blade for SWS 800 G Self-Propelled Sweeper | 290802030/16,,8008984640542,yes,no NumaSuite EAN; title score 73.6 < 85.0
CS-310ES/35,ECH-CS310ES-35,CS-310ES/35,tfidf+rapidfuzz,77.29,"ECHO CS-310ES/35 PEROL CHAINSAW 14"" 30CC""",Echo CS-310ES Petrol Chainsaw (35cm Guide Bar),,,yes,no NumaSuite EAN; title score 77.3 < 85.0
CS-4310SX,ECH-CS-4310SX-33,CS-4310SX,tfidf+rapidfuzz,88.98,ECHO CS4310SX PETROL CHAINSAW (33cm BAR),Echo CS-4310SX Petrol Chainsaw (33cm Guide Bar),,4934110708135,yes,no NumaSuite EAN
I122196,AT-2T2110447/AT2,I122196,tfidf+rapidfuzz,62.91,THROTTLE CABLE ATCO RIDE ON,Atco GT 30H Rear-Collect Lawn Tractor with Hydrostatic Drive,,8008984851757,yes,no NumaSuite EAN; title score 62.9 < 85.0
LMG46S-B,HAR-LMG46S-B,LMG46S-B,tfidf+rapidfuzz,97.39,HARRY LMG46S-B 3-IN-1 SELF-PROPELLED LAWNMOWER,Harry LMG46S-B 3-in-1 Self-Propelled Petrol Lawnmower,,0000000000000,yes,no NumaSuite EAN
SRM-222ES/L,ECH-SRM-222ES,SRM-222ES/L,tfidf+rapidfuzz,84.8,ECHO SRM-222ES/L LOOP HANDLE BRUSHCUTTER 22CC,Echo SRM-222ES Petrol Brushcutter,,4934110710718,yes,no NumaSuite EAN; title score 84.8 < 85.0
SRM-3021TES/U,ECH-SRM-3021TESU,SRM-3021TES/U,tfidf+rapidfuzz,76.9,ECHO SRM-3021TES/U HORN HANDLE BRUSHCUTTER,Echo SRM-3021TESU High-Torque Petrol Brushcutter,,0000000000000,yes,no NumaSuite EAN; title score 76.9 < 85.0
TS40S,HAR-TS40S,TS40S,tfidf+rapidfuzz,91.98,HARRY PETROL AERATOR SCARIFIER,Harry TS40-S 2-in-1 Petrol Lawn Scarifier/Aerator,,,yes,no NumaSuite EAN
CRM-TEST-PRODUCT-1,SVC-PUNCTURE-PREV,CRM-TEST-PRODUCT-1,tfidf+rapidfuzz,36.96,TEST-PRODUCT,Pre-delivery Puncture Prevention Service,,,yes,no NumaSuite EAN; title score 37.0 < 85.0
2D6311021/ST2,STIG-2D6311021/ST2,2D6311021/ST2,tfidf+rapidfuzz,83.13,STIGA PARK COMBI 110 Q QUICK FLIP DECK,Stiga Park Combi Pro 110 Q Plus QuickFlip Cutter Deck | 2D6311021/ST2,,8008984852860,yes,no NumaSuite EAN; title score 83.1 < 85.0
2T1425473/C22,XHT-240,2T1425473/C22,tfidf+rapidfuzz,95.17,Castel Garden XHT 240 4WD Rear-Collect V-Twin Garden Tractor with Hydrostatic Drive,Castel Garden XHT 240 4 Wheel-Drive Rear-Collect V-Twin Garden Tractor with Hydrostatic Drive,,,yes,no NumaSuite EAN
2T1850481/ST1,STIG-2T1835481/ST1,2T1850481/ST1,tfidf+rapidfuzz,100.0,Stiga Tornado 7108 W Side-Discharge V-Twin Garden Tractor with Hydrostatic Drive,Stiga Tornado 7108 W Side-Discharge V-Twin Garden Tractor with Hydrostatic Drive,,8008984852501,yes,no NumaSuite EAN
90797000,AP-907970000,90797000,tfidf+rapidfuzz,75.58,C-APACHE ROTOVATOR ATTACHMENT TO FIT P70,Apache Rear-Mounted Tiller/Cultivator Attachment – for P70 Two-Wheel Tractor,,0000000000000,yes,no NumaSuite EAN; title score 75.6 < 85.0
BTR-450,BERT-BTR-450,BTR-450,tfidf+rapidfuzz,92.53,BERTOLINI BTR-450 TRACKED TRANSPORTER,Bertolini BTR-450 450kg-Capacity Tracked Transporter (Honda Engine),,,yes,no NumaSuite EAN
BTS65,BERT-BT413S-9H-2,BTS65,tfidf+rapidfuzz,81.73,BERTOLINI BTS65 FLAIL MOWER - HONDA ENGINE,Bertolini BT413S-9H Petrol-Powered Commercial Scythe Mower (Honda Engine),,0000000000000,yes,no NumaSuite EAN; title score 81.7 < 85.0
005-003120,ECH-PB-770,005-003120,tfidf+rapidfuzz,58.62,PRIMER BUBBLE     ECHO,Echo PB-770 Backpack Blower,,4934110705066,yes,no NumaSuite EAN; title score 58.6 < 85.0
02385,FNHPT240,02385,tfidf+rapidfuzz,60.81,GRIP FIX WASHER     HAYTER,Feider FNHPT240 Petrol Pressure-Washer,,3661602026453,yes,no NumaSuite EAN; title score 60.8 < 85.0
1111-3423-01,CS-3410,1111-3423-01,tfidf+rapidfuzz,43.24,SPROCKET 10T,Echo CS-3410 Petrol 2-Stroke Chainsaw,,,yes,no NumaSuite EAN; title score 43.2 < 85.0
1111-3424-01,CS-3410,1111-3424-01,tfidf+rapidfuzz,43.24,SPROCKET 21T,Echo CS-3410 Petrol 2-Stroke Chainsaw,,,yes,no NumaSuite EAN; title score 43.2 < 85.0
1111-3562-01,HY-HYTC9004,1111-3562-01,tfidf+rapidfuzz,59.84,ROLLER CHAIN (RIVETED),Hyundai 305-Piece 7-Drawer Castor-Mounted Roller Cabinet | HYTC9004,,5056275722975,yes,no NumaSuite EAN; title score 59.8 < 85.0
1111-9237-01,C-HP-196,1111-9237-01,tfidf+rapidfuzz,77.34,STIGA 10W-30 4 STROKE OIL 0.6LT,1 Litre 10W/30 Lawnmower Engine Oil  - 4 Stroke Oil,,5060012808471,yes,no NumaSuite EAN; title score 77.3 < 85.0
112155000/0,WH20XT,112155000/0,tfidf+rapidfuzz,60.87,SELF LOCKING NUT M8,HONDA WH20 Self Priming Water Pump,,,yes,no NumaSuite EAN; title score 60.9 < 85.0
112293201/0,R210,112293201/0,tfidf+rapidfuzz,34.27,NUT,Rato Horizontal Engine,,,yes,no NumaSuite EAN; title score 34.3 < 85.0
112523060/0,FNHPT240,112523060/0,tfidf+rapidfuzz,97.0,WASHER,Feider FNHPT240 Petrol Pressure-Washer,,3661602026453,yes,no NumaSuite EAN
112692050/0,DCT38M-RDM,112692050/0,tfidf+rapidfuzz,35.78,SPACER,"Spectrum DCT38M-RDM  38"" Lawn Tractor with Manual Drive",,5065022450603,yes,no NumaSuite EAN; title score 35.8 < 85.0
1127-0020-01,SVC-PUNCTURE-PREV,1127-0020-01,tfidf+rapidfuzz,39.37,CABLE EXTENSION,Pre-delivery Puncture Prevention Service,,,yes,no NumaSuite EAN; title score 39.4 < 85.0
112792611/0,STIG-SNOW-CHAINS-16X6,112792611/0,tfidf+rapidfuzz,58.69,SCREW M8 X 16,"Stiga 16"" x 6"" Snow Chains for Park Front-Cut Ride-On Mowers | 13-0940-61",,,yes,no NumaSuite EAN; title score 58.7 < 85.0
1134-9139-01,STIG-PIVOT-WHEELS-130H-SWEEPER,1134-9139-01,tfidf+rapidfuzz,71.1,ANTI SCALP WHEEL STIGA,Stiga Titan Front Wheel Kit for RB130H Sweeper (13-7924-11),,,yes,no NumaSuite EAN; title score 71.1 < 85.0
1134-9187-02,MASP-465743,1134-9187-02,tfidf+rapidfuzz,68.73,DECK BELT,Masport 300 AL L Hand-Propelled Petrol Lawnmower with Aluminium Deck,,9414974657435,yes,no NumaSuite EAN; title score 68.7 < 85.0
1148113,HY-HYCP5030,1148113,tfidf+rapidfuzz,70.2,GEARBOX   HYUNDAI,Hyundai 87cc Petrol Plate-Compactor | HYCP5030,,0747150287850,yes,no NumaSuite EAN; title score 70.2 < 85.0
118204158/0,PAS-2620ES,118204158/0,tfidf+rapidfuzz,67.31,POWER SUPPLY,ECHO PAS-2620ES Petrol  Multi Tool Power Unit,,,yes,no NumaSuite EAN; title score 67.3 < 85.0
118400922/1,a2488cdc-c2d3-4860-b7bf-9ceba5e90fe3,118400922/1,tfidf+rapidfuzz,38.54,TRANSAXLE GEARBOX,Mountfield T30M Gear Drive 2-in-1 Lawn Tractor with Free Trailer,,,yes,no NumaSuite EAN; title score 38.5 < 85.0
118550255/1,R210,118550255/1,tfidf+rapidfuzz,37.65,IGNITION COIL,Rato Horizontal Engine,,,yes,no NumaSuite EAN; title score 37.6 < 85.0
118550258/1,JR-FAA0004,118550258/1,tfidf+rapidfuzz,74.77,AIR FILTER ASSEMBLY,AIR FILTER BR690610 498596 697029,,3760011421443,yes,no NumaSuite EAN; title score 74.8 < 85.0
118550737/0,JR-FAA0004,118550737/0,tfidf+rapidfuzz,97.0,AIR FILTER,AIR FILTER BR690610 498596 697029,,3760011421443,yes,no NumaSuite EAN
118551376/0,JR-BC001,118551376/0,tfidf+rapidfuzz,59.49,CRANKCASE COVER GASKET,Protective Cover for Lawnmowers - JR BCH001,,,yes,no NumaSuite EAN; title score 59.5 < 85.0
118551383/0,STIG-290401208/S15,118551383/0,tfidf+rapidfuzz,60.07,CYLINDER HEAD COVER GASKET,Stiga SCM 240 R Rear-Deflect Manual Cylinder Mower,,8008984632585,yes,no NumaSuite EAN; title score 60.1 < 85.0
118551418/0,JR-FAH0002,118551418/0,tfidf+rapidfuzz,65.04,OIL SEAL,OIL FILTER LONG VARIOUS,,3760011421559,yes,no NumaSuite EAN; title score 65.0 < 85.0
118551461/0,JR-FAA0004,118551461/0,tfidf+rapidfuzz,69.82,AIR FILTER CASING ASSY,AIR FILTER BR690610 498596 697029,,3760011421443,yes,no NumaSuite EAN; title score 69.8 < 85.0
118551689/0,JR-LAN0004,118551689/0,tfidf+rapidfuzz,97.0,RECOIL,RECOIL HANDLE,,3760011422327,yes,no NumaSuite EAN
118552462/1,SNAP-BRSC,118552462/1,tfidf+rapidfuzz,62.9,BATTERY - INSTART SP551,Snapper BRSC 82v Battery Charger,,,yes,no NumaSuite EAN; title score 62.9 < 85.0
118552635/0,ACC-DEFL-84CM,118552635/0,tfidf+rapidfuzz,43.72,STARTER MOTOR,Rear Deflector Flor 84cm Mountfield/Stiga Tractors,,,yes,no NumaSuite EAN; title score 43.7 < 85.0
118552640/0,R210,118552640/0,tfidf+rapidfuzz,37.65,IGNITION COIL,Rato Horizontal Engine,,,yes,no NumaSuite EAN; title score 37.6 < 85.0
118736112/0,R210,118736112/0,tfidf+rapidfuzz,34.5,SOLENOID,Rato Horizontal Engine,,,yes,no NumaSuite EAN; title score 34.5 < 85.0
118805076/0,R210,118805076/0,tfidf+rapidfuzz,44.66,WORM PINION,Rato Horizontal Engine,,,yes,no NumaSuite EAN; title score 44.7 < 85.0
118806444/0,SBSCSC,118806444/0,tfidf+rapidfuzz,35.83,GEARBOX ASSY,Spectrum SBSCSC 40V Fast Battery Charger (2A),,5065022450696,yes,no NumaSuite EAN; title score 35.8 < 85.0
118806445/0,STIG-13-3916-61,118806445/0,tfidf+rapidfuzz,97.0,DUST COVER,Stiga Dust Cover for 85cm Front-Mounted Sweeper | 13-3916-61,,7313321308902,yes,no NumaSuite EAN
118806453/0,R210,118806453/0,tfidf+rapidfuzz,40.71,WORM PINION GASKET,Rato Horizontal Engine,,,yes,no NumaSuite EAN; title score 40.7 < 85.0
118850487/0,2T2010483/M25,118850487/0,tfidf+rapidfuzz,60.98,MOBILE BAR DRIVE PLATE KIT,Mountfield T30M Gear Drive 2-in-1 Lawn Tractor,,8008984869042,yes,no NumaSuite EAN; title score 61.0 < 85.0
119410605/1,TG480RTTR,119410605/1,tfidf+rapidfuzz,35.6,MICRO SWITCH,"Spectrum TG480RTTR Rear-Tine Petrol Cultivator — 211cc, 48cm Working Width",,5061122340196,yes,no NumaSuite EAN; title score 35.6 < 85.0
12031481,STIG-80V-HARNESS,12031481,tfidf+rapidfuzz,97.0,BATTERY,Stiga 80v Battery Harness,,0000000000000,yes,no NumaSuite EAN
122399900/0,CS-3410,122399900/0,tfidf+rapidfuzz,49.06,HANDWHEEL - 3 SPOKE,Echo CS-3410 Petrol 2-Stroke Chainsaw,,,yes,no NumaSuite EAN; title score 49.1 < 85.0
122680006/1,SMP-LFT745,122680006/1,tfidf+rapidfuzz,74.11,PLASTIC WASHER,Lifetime 7x4.5 Heavy Duty Plastic Shed,,5055280403312,yes,no NumaSuite EAN; title score 74.1 < 85.0
125038000/0,GC-SC4240P-RTN,125038000/0,tfidf+rapidfuzz,27.21,BUSH,Einhell GC-SC 4240-P Petrol Lawn Scarifier - Refurbished,,4006825638073,yes,no NumaSuite EAN; title score 27.2 < 85.0
125430218/1,STIG-2F5820425/ST1,125430218/1,tfidf+rapidfuzz,78.54,DECK LIFT SPRING STIGA,Stiga Park 300 RC Front-Cut Ride-On Lawnmower (Inc. 95cm Electric-Lift Deck),,0,yes,no NumaSuite EAN; title score 78.5 < 85.0
125510072/1,R210,125510072/1,tfidf+rapidfuzz,32.35,BOLT,Rato Horizontal Engine,,,yes,no NumaSuite EAN; title score 32.3 < 85.0
125601559/1,TG561-SWT,125601559/1,tfidf+rapidfuzz,35.59,TOOTHED PULLEY Z2,Spectrum TG561-SWT Self Propelled Wheeled Trimmer,,5065022450511,yes,no NumaSuite EAN; title score 35.6 < 85.0
125943014/0,FST212-RTN,125943014/0,tfidf+rapidfuzz,45.11,FLANGE SCREW,Feider FST212 Petrol Lawn Scarifier - RTN,,3661602022424,yes,no NumaSuite EAN; title score 45.1 < 85.0
126505332951,GW-G60B5,126505332951,tfidf+rapidfuzz,72.78,BATTERY 12V 5AH YB5LB,Greenworks 60v/5Ah Lithium-Ion Battery | G60B5,,6952909031361,yes,no NumaSuite EAN; title score 72.8 < 85.0
127034078/0,MF-S46-PD-LI,127034078/0,tfidf+rapidfuzz,61.35,MOUNTFIELD BLADE ENGAGE CONTROL ROD,Mountfield S46-PD LI 4-in-1 Power-Driven Cordless Lawnmower,,8008984510913,yes,no NumaSuite EAN; title score 61.4 < 85.0
13031004560,JR-FAA0004,13031004560,tfidf+rapidfuzz,82.11,AIR FILTER     ECHO,AIR FILTER BR690610 498596 697029,,3760011421443,yes,no NumaSuite EAN; title score 82.1 < 85.0
1330M-RET,1330M-XDISP,1330M-RET,tfidf+rapidfuzz,84.74,MOUNTFIELD 1330M - EX DEMO,Mountfield T30M Rear-Collect Lawn Tractor with Manual Drive - Ex Demo,,8008984869042,yes,no NumaSuite EAN; title score 84.7 < 85.0
134-2552,HF2625HTEH,134-2552,tfidf+rapidfuzz,44.64,HAYTER VARIATOR CABLE,Honda HF 2625 HTE Premium Lawn Tractor,,,yes,no NumaSuite EAN; title score 44.6 < 85.0
135061404/0,FST212-RTN,135061404/0,tfidf+rapidfuzz,35.47,TRANSMISSION BELT,Feider FST212 Petrol Lawn Scarifier - RTN,,3661602022424,yes,no NumaSuite EAN; title score 35.5 < 85.0
1401251,STIG-278131808/St1,1401251,tfidf+rapidfuzz,54.0,EXHAUST -                                 FITS FRT75BS125,Stiga Fast Charger | Fits E-Ride Models,,,yes,no NumaSuite EAN; title score 54.0 < 85.0
1449,JR-FAE0001,1449,tfidf+rapidfuzz,97.0,FUEL FILTER,FUEL FILTER RIDER -                        WP73112,,3760011421528,yes,no NumaSuite EAN
1530H-RET,1330M-XDISP,1530H-RET,tfidf+rapidfuzz,86.35,MOUNTFIELD 1530H TRACTOR - EX DEMO,Mountfield T30M Rear-Collect Lawn Tractor with Manual Drive - Ex Demo,,8008984869042,yes,no NumaSuite EAN
15336052,STIG-278131808/St1,15336052,tfidf+rapidfuzz,57.35,FUEL TANK    FAST 175,Stiga Fast Charger | Fits E-Ride Models,,,yes,no NumaSuite EAN; title score 57.3 < 85.0
16334063,2T2010483/M25,16334063,tfidf+rapidfuzz,69.51,DRIVE CABLE,Mountfield T30M Gear Drive 2-in-1 Lawn Tractor,,8008984869042,yes,no NumaSuite EAN; title score 69.5 < 85.0
16910-Z6L-003,JR-FAE0001,16910-Z6L-003,tfidf+rapidfuzz,97.0,FUEL FILTER,FUEL FILTER RIDER -                        WP73112,,3760011421528,yes,no NumaSuite EAN
17210-Z1V-003,JR-FAA0004,17210-Z1V-003,tfidf+rapidfuzz,79.95,AIR FILTER HONDA,AIR FILTER BR690610 498596 697029,,3760011421443,yes,no NumaSuite EAN; title score 80.0 < 85.0
17211-Z0A-013,JR-FAA0004,17211-Z0A-013,tfidf+rapidfuzz,97.0,AIR FILTER,AIR FILTER BR690610 498596 697029,,3760011421443,yes,no NumaSuite EAN
17211-ZL8-023,JR-FAA0004,17211-ZL8-023,tfidf+rapidfuzz,79.95,AIR FILTER HONDA,AIR FILTER BR690610 498596 697029,,3760011421443,yes,no NumaSuite EAN; title score 80.0 < 85.0
17218-Z0A-810,FAA008,17218-Z0A-810,tfidf+rapidfuzz,63.48,PRE FILTER -                        FITS 17211-Z0A-013,Lawn Mower Air Filter -  JR Spares - JR-FAA0008 fits Briggs and Stratton,,3760011421481,yes,no NumaSuite EAN; title score 63.5 < 85.0
17231-Z0L-050,JR-FAA0004,17231-Z0L-050,tfidf+rapidfuzz,70.01,AIR FILTER COVER HONDA,AIR FILTER BR690610 498596 697029,,3760011421443,yes,no NumaSuite EAN; title score 70.0 < 85.0
1725408SM,SIMP-1696450,1725408SM,tfidf+rapidfuzz,68.07,IDLER PULLEY    SIMPLICITY,Simplicity Turbo for Broadmoor SLT300 (1696450),,,yes,no NumaSuite EAN; title score 68.1 < 85.0
181000760/0,R210,181000760/0,tfidf+rapidfuzz,32.75,OPC CABLE,Rato Horizontal Engine,,,yes,no NumaSuite EAN; title score 32.8 < 85.0
181003121/0,R210,181003121/0,tfidf+rapidfuzz,47.14,VARIATOR GEARBOX,Rato Horizontal Engine,,,yes,no NumaSuite EAN; title score 47.1 < 85.0
181003363/1,CC-XM3ER53,181003363/1,tfidf+rapidfuzz,55.91,BRAKE CONTROL LEVER,Cub Cadet XM3ER53 3-in-1 Variable-Speed Petrol Lawnmower with Blade-Brake Clutch,,4008423891966,yes,no NumaSuite EAN; title score 55.9 < 85.0
18100436612,19158015,18100436612,tfidf+rapidfuzz,68.48,BLADE FITS QUATTRO 19SH,Blade - Fits Feider FTDT5175ES Lawnmower | MowDirect,,,yes,no NumaSuite EAN; title score 68.5 < 85.0
181004458/0,JR-LTD0011,181004458/0,tfidf+rapidfuzz,97.0,BLADE  -  MULCHING,MOWER BLADE MULCHING 81004146/0 L476MM BORE 18.3MM SPA 65MM,,3760011422518,yes,no NumaSuite EAN
182040198/3,STIG-80V-HARNESS,182040198/3,tfidf+rapidfuzz,73.15,WIRING HARNESS,Stiga 80v Battery Harness,,0000000000000,yes,no NumaSuite EAN; title score 73.1 < 85.0
182180118/0,MF-182180091/0,182180118/0,tfidf+rapidfuzz,83.83,BATTERY CHARGER FOR MOUNTFIELD MTF66MQ,Mountfield/Stiga Battery Charger for Ride-Ons & Tractor Mowers |  1134-9250-01,,7313324007543,yes,no NumaSuite EAN; title score 83.8 < 85.0
18317002,SVC-PUNCTURE-PREV,18317002,tfidf+rapidfuzz,42.24,SPRING TENSIONER,Pre-delivery Puncture Prevention Service,,,yes,no NumaSuite EAN; title score 42.2 < 85.0
18320030,RAC-2538PGT,18320030,tfidf+rapidfuzz,61.71,GRASS BAG FRAME     62PR,Racing 2538PGT Curved-Shaft Petrol Grass-Trimmer,,3661602005397,yes,no NumaSuite EAN; title score 61.7 < 85.0
18324000,RAC-2538PGT,18324000,tfidf+rapidfuzz,58.22,GRASS BAG NETTING    62PR,Racing 2538PGT Curved-Shaft Petrol Grass-Trimmer,,3661602005397,yes,no NumaSuite EAN; title score 58.2 < 85.0
18325006,HAY-LAWNMOWER-COVER,18325006,tfidf+rapidfuzz,73.43,BELT COVER,Hayter Lawnmower Cover,,,yes,no NumaSuite EAN; title score 73.4 < 85.0
18325009,19158015,18325009,tfidf+rapidfuzz,73.15,BLADE    FITS FTDT4612T,Blade - Fits Feider FTDT5175ES Lawnmower | MowDirect,,,yes,no NumaSuite EAN; title score 73.1 < 85.0
18337014,EZ40VCH-UK,18337014,tfidf+rapidfuzz,93.15,BATTERY ENERGIZER,Energizer® CHUK 40v Battery Charger,,3661602023407,yes,no NumaSuite EAN
18352036,2T2010483/M25,18352036,tfidf+rapidfuzz,33.54,COIL AND LEAD  -   7550M,Mountfield 1330M Gear Drive 2-in-1 Lawn Tractor,,8008984869042,yes,no NumaSuite EAN; title score 33.5 < 85.0
19051014,R210,19051014,tfidf+rapidfuzz,32.75,OPC CABLE,Rato Horizontal Engine,,,yes,no NumaSuite EAN; title score 32.8 < 85.0
19051019,STIG-13-0921-62,19051019,tfidf+rapidfuzz,78.98,FRONT AXLE    5220,Stiga 2 x 13.5kg Axle Frame Weights for Select Park Front-Cut Ride-On Mowers | 13-0921-62,,7313321305420,yes,no NumaSuite EAN; title score 79.0 < 85.0
19157042,FAST175P-RET,19157042,tfidf+rapidfuzz,36.96,GEARBOX     FTDT5175ES,Feider FAST175P Hand-Propelled Wheeled Garden Vacuum (Ex-Demo),,3661602025692,yes,no NumaSuite EAN; title score 37.0 < 85.0
19168015,FD-FTU,19168015,tfidf+rapidfuzz,78.95,GASKET KIT   FAST175,Feider Hose Kit (for FAST175 Garden Vacuums),,3661602025654,yes,no NumaSuite EAN; title score 78.9 < 85.0
19168042,FAST175P-RET,19168042,tfidf+rapidfuzz,49.24,IMPELLER FAST175,Feider FAST175P Hand-Propelled Wheeled Garden Vacuum (Ex-Demo),,3661602025692,yes,no NumaSuite EAN; title score 49.2 < 85.0
19190009,OLY-64-400,19190009,tfidf+rapidfuzz,55.38,PULLEY SET   -   62PR,"Gorilla 14"" & 24"" Bar Set  - 64-400",,0025997644006,yes,no NumaSuite EAN; title score 55.4 < 85.0
19190015,FD-FBE-5TS,19190015,tfidf+rapidfuzz,73.15,FOOT STAND,Feider FBE-5TS 5-Ton Electric Log-Splitter with Stand,,3661602025845,yes,no NumaSuite EAN; title score 73.1 < 85.0
19190017,19158015,19190017,tfidf+rapidfuzz,60.65,BLADE SET    FBT420,Blade - Fits Feider FTDT5175ES Lawnmower | MowDirect,,,yes,no NumaSuite EAN; title score 60.7 < 85.0
196978005594,JR-FAA001,196978005594,tfidf+rapidfuzz,71.65,COMPLETE AIR FILTER HOUSING   RAC TILL,AIR FILTER JR-FAA001,,,yes,no NumaSuite EAN; title score 71.6 < 85.0
210/10,JR-PTR006,210/10,tfidf+rapidfuzz,68.02,SEALEY PROTECTIVE GOOGLES,Protective Goggles - JR PTR006,,,yes,no NumaSuite EAN; title score 68.0 < 85.0
210870042/ST2,STIG-210870042/ST2,210870042/ST2,tfidf+rapidfuzz,97.0,STIGA SILEX 87 G,Stiga Silex 87 G Scythe Mower,,8008984849419,yes,no NumaSuite EAN
22220068,MF-299900370/1,22220068,tfidf+rapidfuzz,64.63,BLADES    FITS 90EA,Mountfield/Stiga Mulching Kit with Blades - for 84cm Rear-Collect Tractors | 299900370/1,,8008984622265,yes,no NumaSuite EAN; title score 64.6 < 85.0
22511-VB3-B50,EF-DR65-HR-11,22511-VB3-B50,tfidf+rapidfuzz,60.76,Genuine Honda Transmission Guide,Efco DR65-HR11 Professional Flail Mower (Honda Engine),,,yes,no NumaSuite EAN; title score 60.8 < 85.0
2302703346,LFP-553HWSP-HST,2302703346,tfidf+rapidfuzz,80.32,CLUTCH DRIVE CABLE,"Lawnflite-Pro 553HWSP-HST Professional Self-Propelled Petrol Lawnmower (with Hydrostatic Drive, Blade-Brake Clutch & Honda Engine)",,5050581002462,yes,no NumaSuite EAN; title score 80.3 < 85.0
250120020146,SBS40CB,250120020146,tfidf+rapidfuzz,70.03,BATTERY FITS DC24-4,Spectrum SBS40CB 40V 4.0Ah Lithium-Ion Battery Pack,,5065022450689,yes,no NumaSuite EAN; title score 70.0 < 85.0
252422008/ST1,DCBT4F,252422008/ST1,tfidf+rapidfuzz,76.86,STIGA SHT 670 PETROL HEDGE TRIMMER,"TCK 4 in 1 Petrol Multi-Tool  -  Strimmer, Brushcutter,  Hedge Trimmer and Pole Saw DCBT4F",,,yes,no NumaSuite EAN; title score 76.9 < 85.0
2691689,SIMP-SYT410,2691689,tfidf+rapidfuzz,84.35,"SIMPLICITY SYT410 TRACTOR 48"" CUT""",Simplicity Broadmoor SYT410 Side-Discharge V-Twin Garden Tractor with Hydrostatic Drive & Lawn-Striping Rollers,,0000000000000,yes,no NumaSuite EAN; title score 84.4 < 85.0
2691925,SNAP-ZTX275,2691925,tfidf+rapidfuzz,85.47,SNAPPER ZTX275 ZERO TURN TRACTOR,Snapper ZTX275 Zero-Turn Ride-On Mower,,3570523427648,yes,no NumaSuite EAN
2691929,SNAP-SPX275,2691929,tfidf+rapidfuzz,76.52,"SNAPPER SPX275 TRACTOR 48"" CUTTING DECK""",Snapper SPX275 Rear-Collect V-Twin Garden Tractor with Hydrostatic Drive,,3570523582415,yes,no NumaSuite EAN; title score 76.5 < 85.0
271102203/MUK,MF-271102203/MUK,271102203/MUK,tfidf+rapidfuzz,89.15,MOUNTFIELD MTR 20LI CORDLESS TRIMMER KIT,Mountfield MTR 20 Li KIT 20v Cordless Grass-Trimmer (Inc. Battery & Charger),,,yes,no NumaSuite EAN
274015004/ST1,STIG-277015008/ST1,274015004/ST1,tfidf+rapidfuzz,69.73,E 450 - 48V 5.0 Ah BATTERY,Stiga E450 48v/5Ah ePower Lithium-Ion Battery | 277015008/ST1,,,yes,no NumaSuite EAN; title score 69.7 < 85.0
2772,C-HF2317HME,2772,tfidf+rapidfuzz,70.46,HONDA 2113 TRACTOR BLADE SET,Honda HF 2317 HME Garden Tractor,,,yes,no NumaSuite EAN; title score 70.5 < 85.0
278720008/ST3,STIG-271724218/UKS,278720008/ST3,tfidf+rapidfuzz,73.8,STIGA MT500E MULTI-TOOL (NO B&C),Stiga MT 100e KIT 20v Cordless Multi-Tool (Inc. Battery & Charger),,,yes,no NumaSuite EAN; title score 73.8 < 85.0
279500008/ST1,STIG-279500008/ST1,279500008/ST1,tfidf+rapidfuzz,98.04,STIGA SAB 900 AE 40v CORDLESS LEAF BLOWER (TOOL ONLY),Stiga SAB 900 AE 48v Cordless Leaf-Blower (Tool Only),,8008984844193,yes,no NumaSuite EAN
2870,STIG-2D6210021/ST2,2870,tfidf+rapidfuzz,62.88,"GGP Cutter Belt (Deck Timing) 102cm/ 40""""",Stiga Park Combi 100 Q Plus QuickFlip Cutter Deck | 2D6210021/ST2,,8008984832442,yes,no NumaSuite EAN; title score 62.9 < 85.0
290602020/16,STIG-290602020/16,290602020/16,tfidf+rapidfuzz,94.95,STIGA COLLECTION BOX FOR SWS 600 G SWEEPER,Stiga Collection Box for SWS 600 G Self-Propelled Sweeper | 290602020/16,,8008984640511,yes,no NumaSuite EAN
291382063/M21,MF-291382063/M21,291382063/M21,tfidf+rapidfuzz,84.63,MOUNTFIELD ELECTRESS 38 LI KIT 20V (B&C INCLUDED),Mountfield Electress 38 Li KIT 20v Hand-Propelled Cordless Lawnmower (Inc. Batteries & Charger),,,yes,no NumaSuite EAN; title score 84.6 < 85.0
294569033/M24,MF-SP555RV,294569033/M24,tfidf+rapidfuzz,81.43,MOUNTFIELD SP555RV REAR ROLLER PETROL MOWER,Mountfield SP555R-V Variable-Speed Petrol Rear-Roller Lawnmower (with Honda Engine),,8008984854505,yes,no NumaSuite EAN; title score 81.4 < 85.0
299439043/MC,MF-SP160R,299439043/MC,tfidf+rapidfuzz,100.0,MOUNTFIELD SP160R SELF-PROPELLED PETROL REAR ROLLER LAWNMOWER,Mountfield SP160R Self-Propelled Petrol Rear-Roller Lawnmower,,8008984848313,yes,no NumaSuite EAN
299439047/AT1,C-299439047/AT1,299439047/AT1,tfidf+rapidfuzz,87.49,ATCO LINER 16S PETROL ROLLER MOWER,Atco Liner 16S Self-Propelled Petrol Rear-Roller Lawnmower,,8008984839106,yes,no NumaSuite EAN
299900038/1,MTD-OEM-190A-116,299900038/1,tfidf+rapidfuzz,67.36,MULCH PLUG KIT     MTF92H,MTD/Lawnflite/Cub Cadet Mulch-Kit (OEM-190A-116),,4008423819632,yes,no NumaSuite EAN; title score 67.4 < 85.0
2C1452113/UKS,STIG-HPS345R,2C1452113/UKS,tfidf+rapidfuzz,100.0,STIGA HPS 345 R ELECTRIC PRESSURE WASHER,Stiga HPS 345 R Electric Pressure-Washer,,,yes,no NumaSuite EAN
2F5820425/ST1,STIG-2F5820425/ST1,2F5820425/ST1,tfidf+rapidfuzz,95.93,STIGA PARK 300 RC FRONT-CUT RIDE-ON LAWNMOWER (INC. 95CM EL DECK),Stiga Park 300 RC Front-Cut Ride-On Lawnmower (Inc. 95cm Electric-Lift Deck),,0,yes,no NumaSuite EAN
2F6431831/ST1,STIG-2F6430831/ST2,2F6431831/ST1,tfidf+rapidfuzz,97.0,STIGA PARK PRO 900 WX,Stiga Park Pro 900 WX 4WD V-Twin Front-Cut Ride-On Lawnmower (Excluding Deck),,,yes,no NumaSuite EAN
2L0486848/ST2,STIG-2L0486848/ST2,2L0486848/ST2,tfidf+rapidfuzz,100.0,STIGA COMBI 748 S 4-IN-1 SELF-PROPELLED PETROL LAWNMOWER,Stiga Combi 748 S 4-in-1 Self-Propelled Petrol Lawnmower,,,yes,no NumaSuite EAN
2R7101428/UKS,STIG-PARK-LAWN-RAKE-AXLE,2R7101428/UKS,tfidf+rapidfuzz,69.07,STIGA A4 AUTOMATIC ROBOT LAWN MOWER,Stiga Park Lawn-Rake Axle for Park Flail-Mower Attachment | 13-1986-11,,7313321300777,yes,no NumaSuite EAN; title score 69.1 < 85.0
2R7101528/UKS,STIG-PARK-LAWN-RAKE-AXLE,2R7101528/UKS,tfidf+rapidfuzz,69.07,STIGA A8 AUTOMATIC ROBOT LAWN MOWER,Stiga Park Lawn-Rake Axle for Park Flail-Mower Attachment | 13-1986-11,,7313321300777,yes,no NumaSuite EAN; title score 69.1 < 85.0
2R7102028/UKS,MIIMO-1000B,2R7102028/UKS,tfidf+rapidfuzz,68.48,STIGA A1500 AUTOMATIC ROBOT LAWN MOWER,Honda Miimo 1000B Robot Lawn Mower,,,yes,no NumaSuite EAN; title score 68.5 < 85.0
2T0052483/CAS,MF-827M,2T0052483/CAS,tfidf+rapidfuzz,80.73,MOUNTFIELD 827M RIDE-ON LAWNMOWER,Mountfield 827M Compact Rear-Collect & Side-Discharge Ride-On Mower with Manual Drive,,8008984869905,yes,no NumaSuite EAN; title score 80.7 < 85.0
2T0810481/ST1,STIG-2T2800481/ST2,2T0810481/ST1,tfidf+rapidfuzz,89.13,STIGA ESTATE 798 LAWN TRACTOR,Stiga Estate 798e Battery-Powered Rear-Collect Lawn Tractor with Stepless Electronic Drive,,,yes,no NumaSuite EAN
2T0970381/ST1,STIG-294563538/ST2,2T0970381/ST1,tfidf+rapidfuzz,68.69,STIGA ESTATE 7102 W SPECIAL HONDA (HONDA ENGINE),Stiga Twinclip 955 VE 4-in-1 Variable-Speed Petrol Lawnmower with Electric Start & Honda Engine,,8008984852716,yes,no NumaSuite EAN; title score 68.7 < 85.0
2T1210447/AT2,AT-2T2110447/AT2,2T1210447/AT2,tfidf+rapidfuzz,85.81,ATCO GT 43HR LAWN TRACTOR,Atco GT 30H Rear-Collect Lawn Tractor with Hydrostatic Drive,,8008984851757,yes,no NumaSuite EAN
2T2005403/CASEX,MF-2T2005403/CAS,2T2005403/CASEX,tfidf+rapidfuzz,82.56,MOUNTFIELD MTF 84 M PETROL LAWN TRACTOR - EX DEMO,SLIGHTLY USED - Mountfield MTF 84 M Rear-Collect Lawn Tractor with Manual Drive,,,yes,no NumaSuite EAN; title score 82.6 < 85.0
2T2630483/M22,MF-2T2630483/M22,2T2630483/M22,tfidf+rapidfuzz,88.19,MOUNTFIELD 1638H V-TWIN LAWN TRACTOR,Mountfield 1638H Rear-Collect V-Twin Garden Tractor with Hydrostatic Drive,,8008984851542,yes,no NumaSuite EAN
305109,HF2625HTEH,305109,tfidf+rapidfuzz,37.88,HEIGH ADJUST ROD   HAYTER,Honda HF 2625 HTE Premium Lawn Tractor,,,yes,no NumaSuite EAN; title score 37.9 < 85.0
3191,JR-SLT0003,3191,tfidf+rapidfuzz,86.79,BLADE BOSS -                            125463200/0,BLADE HUB 125463200/0 H 36MM DI 20MM  F72 TC92 TC102 TC122,,3760011422778,yes,no NumaSuite EAN
3197,CT-HB224,3197,tfidf+rapidfuzz,50.31,DIAPHRAGM & GASKET SET -          ZAMA GND-182,Charles Taylor 4-Seater Wooden Alfresco Bar Set | HB224,,,yes,no NumaSuite EAN; title score 50.3 < 85.0
322226296/0,STIG-13-3916-61,322226296/0,tfidf+rapidfuzz,75.94,PLASTIC FRONT COVER,Stiga Dust Cover for 85cm Front-Mounted Sweeper | 13-3916-61,,7313321308902,yes,no NumaSuite EAN; title score 75.9 < 85.0
322680016/0,JR-LAN0004,322680016/0,tfidf+rapidfuzz,70.47,MOUNTFIELD HANDLE FIXING WASHER,RECOIL HANDLE,,3760011422327,yes,no NumaSuite EAN; title score 70.5 < 85.0
322686100/0,BERT-BT413S-10E-5,322686100/0,tfidf+rapidfuzz,61.65,WHEEL  D=175 MTF,Bertolini BT413S-10E Professional Two-Wheel Diesel Tractor with Electric Start,,0000000000000,yes,no NumaSuite EAN; title score 61.6 < 85.0
325060168/0,2T2010483/M25,325060168/0,tfidf+rapidfuzz,39.12,RIGHT BELT GUARD,Mountfield T30M Gear Drive 2-in-1 Lawn Tractor,,8008984869042,yes,no NumaSuite EAN; title score 39.1 < 85.0
32513S100RGP,JR-OFT0001,32513S100RGP,tfidf+rapidfuzz,61.21,"GO PART CHAIN SAW CHAIN .325"" 1.3MM (SOLD PER LINK)""",SAW HORSE,,3760011422563,yes,no NumaSuite EAN; title score 61.2 < 85.0
32515CB100RGP,CT26,32515CB100RGP,tfidf+rapidfuzz,62.55,"GO PART CHAIN SAW CHAIN .325"" 1.5MM (SOLD PER LINK)""","JR CT26 Chainsaw Chain 0.325"" P 1.5mm (45cm / 72 Links)",,3760011421108,yes,no NumaSuite EAN; title score 62.6 < 85.0
325318276/0,ACC-DEFL-84CM,325318276/0,tfidf+rapidfuzz,37.07,FULCRUM LEVER,Rear Deflector Flor 84cm Mountfield/Stiga Tractors,,,yes,no NumaSuite EAN; title score 37.1 < 85.0
325774499/0,MF-327107506/0,325774499/0,tfidf+rapidfuzz,83.27,DISCHARGE CHUTE CLIPS,Mountfield Side-Discharge Chute - for MTF 66 MQ | 327107506/0,,7313323035066,yes,no NumaSuite EAN; title score 83.3 < 85.0
327110578/0,STIG-PARK-ROTARY-BRUSH,327110578/0,tfidf+rapidfuzz,69.2,FRONT STEERING COVER RED,Stiga 100cm Rotary Brush Attachment c/w Dust Cover for Park Front-Cut Ride-On Mowers | 13-0977-11 c/w 13-1936-62,,,yes,no NumaSuite EAN; title score 69.2 < 85.0
327110580/0,HAY-LAWNMOWER-COVER,327110580/0,tfidf+rapidfuzz,66.26,REAR COVER (RED),Hayter Lawnmower Cover,,,yes,no NumaSuite EAN; title score 66.3 < 85.0
327110581/0,JR-BC001,327110581/0,tfidf+rapidfuzz,63.52,R/H REAR COVER (RED),Protective Cover for Lawnmowers - JR BCH001,,,yes,no NumaSuite EAN; title score 63.5 < 85.0
3333,MANT-3333,3333,tfidf+rapidfuzz,98.5,MANTIS PLOUGH ATTACHMENT,Mantis Plough Attachment  | 3333,,,yes,no NumaSuite EAN
381000778/0,R-RTN631,381000778/0,tfidf+rapidfuzz,72.32,CLUTCH CABLE,Stiga Twinclip 55 SH BBC Self-Propelled Lawnmower with Blade-Brake Clutch,,,yes,no NumaSuite EAN; title score 72.3 < 85.0
381007416/3,FTDT5096-AC,381007416/3,tfidf+rapidfuzz,72.65,WHEEL ASSY,Feider 5096-AC 4-in-1 Hi-Wheel Self-Propelled Petrol Lawnmower,,3661602027535,yes,no NumaSuite EAN; title score 72.6 < 85.0
381030051/1,LFP-553HWSP-HST,381030051/1,tfidf+rapidfuzz,80.32,CLUTCH DRIVE CABLE,"Lawnflite-Pro 553HWSP-HST Professional Self-Propelled Petrol Lawnmower (with Hydrostatic Drive, Blade-Brake Clutch & Honda Engine)",,5050581002462,yes,no NumaSuite EAN; title score 80.3 < 85.0
381030092/1,LFP-553HWSP-HST,381030092/1,tfidf+rapidfuzz,80.32,CLUTCH DRIVE CABLE,"Lawnflite-Pro 553HWSP-HST Professional Self-Propelled Petrol Lawnmower (with Hydrostatic Drive, Blade-Brake Clutch & Honda Engine)",,5050581002462,yes,no NumaSuite EAN; title score 80.3 < 85.0
381030104/1,2T2010483/M25,381030104/1,tfidf+rapidfuzz,69.51,DRIVE CABLE,Mountfield T30M Gear Drive 2-in-1 Lawn Tractor,,8008984869042,yes,no NumaSuite EAN; title score 69.5 < 85.0
381030119/0,R210,381030119/0,tfidf+rapidfuzz,45.7,VARIATOR CABLE,Rato Horizontal Engine,,,yes,no NumaSuite EAN; title score 45.7 < 85.0
381600575/1,JR-LAN0004,381600575/1,tfidf+rapidfuzz,70.47,TRIGGER HANDLE    LINER,RECOIL HANDLE,,3760011422327,yes,no NumaSuite EAN; title score 70.5 < 85.0
3816S25RKR,CT41,3816S25RKR,tfidf+rapidfuzz,72.09,"KRAMP CHAINSAW CHAIN 3/8"" 1.6MM (SOLD PER LINK)""","JR CT41 Chainsaw Chain 3/8"" P 1.6mm (40cm / 60 Links)",,,yes,no NumaSuite EAN; title score 72.1 < 85.0
382564131/1,STIG-155H-TITAN-DOD,382564131/1,tfidf+rapidfuzz,77.83,CUTTER DECK CASING,Stiga 155H Titan DOD Cutter-Deck (13-7825-24),,,yes,no NumaSuite EAN; title score 77.8 < 85.0
382680104/0,HY-M3300E,382680104/0,tfidf+rapidfuzz,77.43,REAR WHEEL    1330M,Hyundai 1200w/33cm 3-in-1 Electric 4-Wheel Rear-Roller Lawnmower | HYM3300E,,5056275757977,yes,no NumaSuite EAN; title score 77.4 < 85.0
384220503/0,R-RTN631,384220503/0,tfidf+rapidfuzz,77.22,BLADE BRAKE BRACKET,Stiga Twinclip 55 SH BBC Self-Propelled Lawnmower with Blade-Brake Clutch,,,yes,no NumaSuite EAN; title score 77.2 < 85.0
387561543/0,STIG-2F5820245/ST1,387561543/0,tfidf+rapidfuzz,71.41,STIGA COMPACT HST MANUAL 95CM DECK,Stiga Park 300 LC Front-Cut Ride-On Lawnmower (Inc. 85cm Manual-Lift Deck),,0,yes,no NumaSuite EAN; title score 71.4 < 85.0
38LP11SB100RGP,CT03,38LP11SB100RGP,tfidf+rapidfuzz,63.84,"GO PART CHAIN SAW CHAIN 3/8"" 1.1MM (SOLD PER LINK)""","JR CT03 Chainsaw Chain 3/8"" P 1.1mm (30cm / 44 Links)",,3760011420873,yes,no NumaSuite EAN; title score 63.8 < 85.0
4149-120-800,JR-FAA001,4149-120-800,tfidf+rapidfuzz,73.15,AIR FILTER -                FITS STIHL HL91/HL92/HL94,AIR FILTER JR-FAA001,,,yes,no NumaSuite EAN; title score 73.1 < 85.0
42650-VB3-B50,LFP-553HRS-PROHS,42650-VB3-B50,tfidf+rapidfuzz,82.57,Genuine Honda Rear Roller Shaft,Lawnflite-Pro 553HRS-PROHS Professional Shaft-Driven Petrol Rear-Roller Lawnmower (with Honda Engine),,5050581002448,yes,no NumaSuite EAN; title score 82.6 < 85.0
42780-VB-B51,DAN-LM5360HXAR-PRO-HS,42780-VB-B51,tfidf+rapidfuzz,68.43,"Genuine Honda HRD536, HRH536 Rear Roller R/H",Danarm LM5360HXAR-PRO-HS Petrol Rear-Roller Lawnmower (with Honda Engine),,,yes,no NumaSuite EAN; title score 68.4 < 85.0
42790-VB3-B51,HRX476QY,42790-VB3-B51,tfidf+rapidfuzz,76.2,Genuine Honda Rear Roller L/H,Honda HRX 476 QY Self-Propelled Rear Roller Petrol Lawn Mower,,,yes,no NumaSuite EAN; title score 76.2 < 85.0
44700-VP9-000,BERT-BT413S-9H,44700-VP9-000,tfidf+rapidfuzz,65.92,CASTOR WHEEL ASSY - HONDA MIMO,Bertolini BT413S-9H Professional Two-Wheel Tractor (Honda Engine),,0000000000000,yes,no NumaSuite EAN; title score 65.9 < 85.0
481007160/0,STIG-240461802/S17,481007160/0,tfidf+rapidfuzz,54.79,THROTTLE CABLE   SP 535,Stiga SP 466 Petrol Chainsaw (45cm Guide Bar),,,yes,no NumaSuite EAN; title score 54.8 < 85.0
499706,JR-LAN0008,499706,tfidf+rapidfuzz,66.3,RECOIL    FITS B&S,RECOIL ROPE D3.5MM L1.8M,,3760011422365,yes,no NumaSuite EAN; title score 66.3 < 85.0
50310005R,CS-3410,50310005R,tfidf+rapidfuzz,40.57,SPROCKET,Echo CS-3410 Petrol 2-Stroke Chainsaw,,,yes,no NumaSuite EAN; title score 40.6 < 85.0
50312003R,OM-GS-411-325,50312003R,tfidf+rapidfuzz,80.78,CHAIN COVER    OLEO MAC,Oleo-Mac GS-411-325 Petrol Chainsaw (41cm Guide Bar with .325” Chain).,,8026619062712,yes,no NumaSuite EAN; title score 80.8 < 85.0
5041,CT03,5041,tfidf+rapidfuzz,82.95,"CHAINSAW CHAIN 12"" 3/8 44 LINK""","JR CT03 Chainsaw Chain 3/8"" P 1.1mm (30cm / 44 Links)",,3760011420873,yes,no NumaSuite EAN; title score 82.9 < 85.0
5047345-01,C-HRTF220,5047345-01,tfidf+rapidfuzz,33.65,HEIGHT ADJUSTER,Feider HRTF220 Pro Two-Wheel Rear-Tine Rotary Cultivator,,3661602049346,yes,no NumaSuite EAN; title score 33.7 < 85.0
5103456YP,TG561-SWT,5103456YP,tfidf+rapidfuzz,27.39,PULLEY,Spectrum TG561-SWT Self Propelled Wheeled Trimmer,,5065022450511,yes,no NumaSuite EAN; title score 27.4 < 85.0
53125-VH3-013,JR-LAN0004,53125-VH3-013,tfidf+rapidfuzz,69.94,UPPER HANDLE GRIP (BLACK),RECOIL HANDLE,,3760011422327,yes,no NumaSuite EAN; title score 69.9 < 85.0
54411-VB5-A00,R-RTN631,54411-VB5-A00,tfidf+rapidfuzz,69.86,CLUTCH SPRING,Stiga Twinclip 55 SH BBC Self-Propelled Lawnmower with Blade-Brake Clutch,,,yes,no NumaSuite EAN; title score 69.9 < 85.0
54520-VB5-P01,HAR-LMG53SHLV-T,54520-VB5-P01,tfidf+rapidfuzz,58.07,SPEED VARIATOR CABLE,Harry LMG53SHLV-T 4-in-1 Variable-Speed Lawnmower,,,yes,no NumaSuite EAN; title score 58.1 < 85.0
5784,R210,5784,tfidf+rapidfuzz,43.76,THROTTLE CABLE     CG,Rato Horizontal Engine,,,yes,no NumaSuite EAN; title score 43.8 < 85.0
5873,CT41,5873,tfidf+rapidfuzz,93.15,"CHAIN - 3/8"" 1.6MM 60 LINKS""","JR CT41 Chainsaw Chain 3/8"" P 1.6mm (40cm / 60 Links)",,,yes,no NumaSuite EAN
590601,FAA008,590601,tfidf+rapidfuzz,79.32,BRIGGS & STRATTON AIR FILTER FITS XR750 XR950,Lawn Mower Air Filter -  JR Spares - JR-FAA0008 fits Briggs and Stratton,,3760011421481,yes,no NumaSuite EAN; title score 79.3 < 85.0
597189,SBSCBC,597189,tfidf+rapidfuzz,64.8,INSTART BATTERY   B&S,Spectrum SBSCBC 40V Standard Battery Charger (0.5A),,5065022450719,yes,no NumaSuite EAN; title score 64.8 < 85.0
597439,SVC-PUNCTURE-PREV,597439,tfidf+rapidfuzz,41.55,GOVERNOR SPRING,Pre-delivery Puncture Prevention Service,,,yes,no NumaSuite EAN; title score 41.6 < 85.0
6170-8-W-3,JR-LTD0016,6170-8-W-3,tfidf+rapidfuzz,52.47,NUT(M8) FITS SW4200,MOWER BLADE TORO 50CM 112-8841-03 FITS 29639 29642 29643,,3760011422556,yes,no NumaSuite EAN; title score 52.5 < 85.0
618-04822B,SBSCBC,618-04822B,tfidf+rapidfuzz,34.24,SPINDLE ASSY,Spectrum SBSCBC 40V Standard Battery Charger (0.5A),,5065022450719,yes,no NumaSuite EAN; title score 34.2 < 85.0
6340-700-7520,ST-BR430,6340-700-7520,tfidf+rapidfuzz,64.48,DRIVE CABLE    STIHL,STIHL BR430 Backpack Leaf-Blower,,,yes,no NumaSuite EAN; title score 64.5 < 85.0
6925,JR-FAA0004,6925,tfidf+rapidfuzz,97.0,AIR FILTER,AIR FILTER BR690610 498596 697029,,3760011421443,yes,no NumaSuite EAN
697015,JR-FAA0004,697015,tfidf+rapidfuzz,78.65,PRE FILTER,AIR FILTER BR690610 498596 697029,,3760011421443,yes,no NumaSuite EAN; title score 78.7 < 85.0
7093,JR-FAH0002,7093,tfidf+rapidfuzz,97.0,OIL FILTER,OIL FILTER LONG VARIOUS,,3760011421559,yes,no NumaSuite EAN
72511-VG0-C50,LFP-553HWS,72511-VG0-C50,tfidf+rapidfuzz,75.44,GENUINE BLADE HONDA,"Lawnflite-Pro 553HWS Professional Self-Propelled Petrol Lawnmower (with 2-Speed Drive, Blade-Brake Clutch & Honda Engine)",,,yes,no NumaSuite EAN; title score 75.4 < 85.0
72511-VG8-A50,TG56-PRO,72511-VG8-A50,tfidf+rapidfuzz,92.01,BLADE   HONDA,"Spectrum TG56-Pro Variable Speed, Honda Engine, Petrol Lawnmower - 4 Blade",,,yes,no NumaSuite EAN
72511-VK7-000,TG56-PRO,72511-VK7-000,tfidf+rapidfuzz,92.01,BLADE  -  HONDA,"Spectrum TG56-Pro Variable Speed, Honda Engine, Petrol Lawnmower - 4 Blade",,,yes,no NumaSuite EAN
742-04058,SIM-1696374,742-04058,tfidf+rapidfuzz,97.0,BLADE,Mulch Ninja Blade Kit,,,yes,no NumaSuite EAN
742-04405C,SIM-1696374,742-04405C,tfidf+rapidfuzz,97.0,BLADE,Mulch Ninja Blade Kit,,,yes,no NumaSuite EAN
7452,UMK-425-LE,7452,tfidf+rapidfuzz,58.58,BELT - CUTTER                       FITS HONDA 2113,Honda UMK 425 LE 4-Stroke Brush Cutter,,,yes,no NumaSuite EAN; title score 58.6 < 85.0
746-04293,R210,746-04293,tfidf+rapidfuzz,31.09,CABLE,Rato Horizontal Engine,,,yes,no NumaSuite EAN; title score 31.1 < 85.0
746-05042,2T2010483/M25,746-05042,tfidf+rapidfuzz,69.51,DRIVE CABLE,Mountfield T30M Gear Drive 2-in-1 Lawn Tractor,,8008984869042,yes,no NumaSuite EAN; title score 69.5 < 85.0
751-15245,JR-FAA003,751-15245,tfidf+rapidfuzz,84.22,MTD AIR FILTER,QUANTUM AIR FILTER  | JR FAA003,,3760011421429,yes,no NumaSuite EAN; title score 84.2 < 85.0
754-04190,MASP-465743,754-04190,tfidf+rapidfuzz,68.73,DECK BELT,Masport 300 AL L Hand-Propelled Petrol Lawnmower with Aluminium Deck,,9414974657435,yes,no NumaSuite EAN; title score 68.7 < 85.0
754-04312,R210,754-04312,tfidf+rapidfuzz,28.65,BELT,Rato Horizontal Engine,,,yes,no NumaSuite EAN; title score 28.6 < 85.0
754-0470,MTD-HT61E-KIT,754-0470,tfidf+rapidfuzz,63.83,BELT   MTD,MTD HT61E-KIT Electric Hedgetrimmer,,0000000000000,yes,no NumaSuite EAN; title score 63.8 < 85.0
756-0487,TG561-SWT,756-0487,tfidf+rapidfuzz,27.39,PULLEY,Spectrum TG561-SWT Self Propelled Wheeled Trimmer,,5065022450511,yes,no NumaSuite EAN; title score 27.4 < 85.0
7682,HAN-THGR,7682,tfidf+rapidfuzz,63.74,Castel Garden Deck Toothed Pulley Bearing,The Handy TH-GR Garden Roller,,5060012803230,yes,no NumaSuite EAN; title score 63.7 < 85.0
795115,JR-FAA0004,795115,tfidf+rapidfuzz,84.88,AIR FILTER   B&S,AIR FILTER BR690610 498596 697029,,3760011421443,yes,no NumaSuite EAN; title score 84.9 < 85.0
80608-VK1-003,JR-TFN046,80608-VK1-003,tfidf+rapidfuzz,58.97,WIRE - BLADE ENGAGEMENT,Replacement Blade (for TFN047 Line-Head) -JR TFN046,,3760011424703,yes,no NumaSuite EAN; title score 59.0 < 85.0
831127,STIG-278131808/St1,831127,tfidf+rapidfuzz,59.36,STEERING RACK FITS DC24,Stiga Fast Charger | Fits E-Ride Models,,,yes,no NumaSuite EAN; title score 59.4 < 85.0
831162,STIG-278131808/St1,831162,tfidf+rapidfuzz,60.99,STEERING SHAFT FITS DC24,Stiga Fast Charger | Fits E-Ride Models,,,yes,no NumaSuite EAN; title score 61.0 < 85.0
831172,GC-SC4240P-RTN,831172,tfidf+rapidfuzz,38.67,MANDRELL HOUSING DC24,Einhell GC-SC 4240-P Petrol Lawn Scarifier - Refurbished,,4006825638073,yes,no NumaSuite EAN; title score 38.7 < 85.0
831197,19158015,831197,tfidf+rapidfuzz,56.95,MANDRELL DOWEL FITS DC247,Blade - Fits Feider FTDT5175ES Lawnmower | MowDirect,,,yes,no NumaSuite EAN; title score 57.0 < 85.0
84007244,LF-196-707-678,84007244,tfidf+rapidfuzz,57.33,FULL HEIGHT MULCH BAFFLE,Lawnflite Mulch-Kit & Deflector (196-707-678),,,yes,no NumaSuite EAN; title score 57.3 < 85.0
885714YP,STIG-155H-TITAN-DOD,885714YP,tfidf+rapidfuzz,82.04,CUTTER DECK BELT,Stiga 155H Titan DOD Cutter-Deck (13-7825-24),,,yes,no NumaSuite EAN; title score 82.0 < 85.0
90105-VH3-K10,LFP-448HW,90105-VH3-K10,tfidf+rapidfuzz,81.41,BLADE BOLT HONDA,"Lawnflite-Pro 448HW Professional Self-Propelled Petrol Lawnmower (with 2-Speed Drive, Blade-Brake Clutch & Honda Engine)",,,yes,no NumaSuite EAN; title score 81.4 < 85.0
90115-659-003,HRM-2500BC,90115-659-003,tfidf+rapidfuzz,58.59,Genuine Honda Flange Nut 8mm,HONDA Miimo HRM 2500BC Live Robot Lawnmower,,,yes,no NumaSuite EAN; title score 58.6 < 85.0
90133-VH4-000,R210,90133-VH4-000,tfidf+rapidfuzz,32.35,BOLT,Rato Horizontal Engine,,,yes,no NumaSuite EAN; title score 32.3 < 85.0
90412-187-000,WH20XT,90412-187-000,tfidf+rapidfuzz,62.48,Genuine Honda Washer,HONDA WH20 Self Priming Water Pump,,,yes,no NumaSuite EAN; title score 62.5 < 85.0
90481-430-000,TG56-PRO,90481-430-000,tfidf+rapidfuzz,77.83,BLADE WASHER HONDA,"Spectrum TG56-Pro Variable Speed, Honda Engine, Petrol Lawnmower - 4 Blade",,,yes,no NumaSuite EAN; title score 77.8 < 85.0
C-90797000,AP-907290000,C-90797000,tfidf+rapidfuzz,81.85,APACHE ROTOVATOR ATTACHMENT FOR P70,Apache Drum-Mower Attachment – for P70 Two-Wheel Tractor,,0000000000000,yes,no NumaSuite EAN; title score 81.9 < 85.0
91003-165,R-RTN631,91003-165,tfidf+rapidfuzz,60.65,CLUTCH CABLE COBRA,Stiga Twinclip 55 SH BBC Self-Propelled Lawnmower with Blade-Brake Clutch,,,yes,no NumaSuite EAN; title score 60.6 < 85.0
93903-25210,C-HF2317HME,93903-25210,tfidf+rapidfuzz,61.04,Genuine Honda Screw,Honda HF 2317 HME Garden Tractor,,,yes,no NumaSuite EAN; title score 61.0 < 85.0
94510-15000,MF-281320003/21,94510-15000,tfidf+rapidfuzz,55.44,Genuine Honda External Circlip 15mm,Mountfield BC 435 H 4-Stroke Petrol Brushcutter (Honda Engine),,8008984840508,yes,no NumaSuite EAN; title score 55.4 < 85.0
97482,STIG-278131808/St1,97482,tfidf+rapidfuzz,59.3,STARTER MOTOR FITS DC24,Stiga Fast Charger | Fits E-Ride Models,,,yes,no NumaSuite EAN; title score 59.3 < 85.0
992424,FAA008,992424,tfidf+rapidfuzz,85.83,BRIGGS & STRATTON LAWN MOWER COVER,Lawn Mower Air Filter -  JR Spares - JR-FAA0008 fits Briggs and Stratton,,3760011421481,yes,no NumaSuite EAN
992425,FAA008,992425,tfidf+rapidfuzz,73.38,BRIGGS & STRATTON TRACTOR COVER,Lawn Mower Air Filter -  JR Spares - JR-FAA0008 fits Briggs and Stratton,,3760011421481,yes,no NumaSuite EAN; title score 73.4 < 85.0
AK473442,R210,AK473442,tfidf+rapidfuzz,28.65,BELT,Rato Horizontal Engine,,,yes,no NumaSuite EAN; title score 28.6 < 85.0
AMZ62PRTYRE,MF-S421R-PD,AMZ62PRTYRE,tfidf+rapidfuzz,58.75,TYRE   -   REAR 62PR,Mountfield S421R-PD Self-Propelled Petrol Rear-Roller Lawnmower,,8008984817401,yes,no NumaSuite EAN; title score 58.7 < 85.0
AT484A,C-2T2000404/A22,AT484A,tfidf+rapidfuzz,81.6,ALPINA AT4 84 A REAR-COLLECT LAWN TRACTOR - SHOP SOILED,Alpina AT4 84AST 2-in-1 Lawn Tractor,,8008984856660,yes,no NumaSuite EAN; title score 81.6 < 85.0
BC-241S,OM-BC241S,BC-241S,tfidf+rapidfuzz,95.66,OLEO MAC BC-241s PETROL BRUSHCUTTER,Oleo-Mac BC-241S Ultralight Petrol Brushcutter,,7426883760382,yes,no NumaSuite EAN
BC300S,OM-BC-300S,BC300S,tfidf+rapidfuzz,95.43,OLEO-MAC BC 300 S PETROL BRUSCUTTER,Oleo-Mac BC-300S Petrol Brushcutter,,3000317815967,yes,no NumaSuite EAN
BG150CX,D-Sealey-LS550V,BG150CX,tfidf+rapidfuzz,55.89,SEALEY BENCH GRINDER 150MM 150W/230V,Sealey LS550V Vertical Electric Log Splitter | 6-Tonne | 3000W,,,yes,no NumaSuite EAN; title score 55.9 < 85.0
BG150XLW/98,ENG-TDE-46N,BG150XLW/98,tfidf+rapidfuzz,56.8,SEALEY BENCH GRINDER 150MM WITH WIRE WHEEL 370W/230V,Energizer® TDE-46N 40v 4-in-1 Hi-Wheel Cordless Lawnmower (Inc. Battery & Charger),,3661602023360,yes,no NumaSuite EAN; title score 56.8 < 85.0
BP796483,AP-985000000,BP796483,tfidf+rapidfuzz,72.33,BRIGGS & STRATTON GOVERNOR SPRING,Apache RTT3 Two-Wheel Rear-Tine Rotary Cultivator (Briggs & Stratton Engine),,8025004012967,yes,no NumaSuite EAN; title score 72.3 < 85.0
BSB2AH82,SNAP-BSB-2AH,BSB2AH82,tfidf+rapidfuzz,92.79,SNAPPER 82V BATTERY (2AH),Snapper BSB 82v (2Ah) Lithium-Ion Battery,,4068201274978,yes,no NumaSuite EAN
BT405SH,BERT-BT405-CULT,BT405SH,tfidf+rapidfuzz,84.87,BERTOLINI BT405SH HONDA ENGINE TWO WHEEL TRACTOR WITH CULTIVATOR,Bertolini BT405S Two-Wheel Rear-Tine Rotary Cultivator (Honda Engine),,0000000000000,yes,no NumaSuite EAN; title score 84.9 < 85.0
BT413S-9H,BERT-BT413S-9H-2,BT413S-9H,tfidf+rapidfuzz,83.05,BERTOLINI BT413S-9H PROFESSIONAL SCYTHE MOWER,Bertolini BT413S-9H Petrol-Powered Commercial Scythe Mower (Honda Engine),,0000000000000,yes,no NumaSuite EAN; title score 83.1 < 85.0
BUILDER-LANGHUI,MF-827M-XDISP,BUILDER-LANGHUI,tfidf+rapidfuzz,58.31,INSERT MODEL HERE,Mountfield MTF66MQ Compact Rear-Collect & Side-Discharge Ride-On Mower with Manual Drive Ex Demo model,,8008984869905,yes,no NumaSuite EAN; title score 58.3 < 85.0
CDC24-4-RTN,RFB-2024,CDC24-4-RTN,tfidf+rapidfuzz,66.8,REFURBISHED SPECTRUM DC24-4,Racing 450EPHT Long-Reach Electric Hedgetrimmer |Refurbished Model (RFB-2024),,3661602022998,yes,no NumaSuite EAN; title score 66.8 < 85.0
CL20-R-DUO,C-CL20-R-DUO,CL20-R-DUO,tfidf+rapidfuzz,90.53,SPECTRUM CL20-R-DUO 2.0MM STRIMMER LINE,Spectrum CL20-R-DUO 2mm Round Strimmer Line,,5065022450238,yes,no NumaSuite EAN
CL24-R-DUO,C-CL24-R-DUO,CL24-R-DUO,tfidf+rapidfuzz,92.03,SPECTRUM CL24-R-DUO 2.40MM STRIMMER LINE,Spectrum CL24-R-DUO 2.4mm Round Strimmer Line,,5065022450245,yes,no NumaSuite EAN
CL27-R-DUO,C-CL27-R-DUO,CL27-R-DUO,tfidf+rapidfuzz,96.96,SPECTRUM CL27-R-DUO 2.7MM STRIMMER LINE,Spectrum CL27-R-DUO 2.7mm Round Strimmer Line,,5065022450252,yes,no NumaSuite EAN
CL30-R-DUO,CL40-R-DUO,CL30-R-DUO,tfidf+rapidfuzz,88.46,SPECTRUM CL30-R-DUO 3.0MM STRIMMER LINE,Spectrum CL40-R-DUO 4.0mm Round Strimmer Line,,5065022450276,yes,no NumaSuite EAN
DC24-4-RTN,C-DC24-4,DC24-4-RTN,tfidf+rapidfuzz,73.8,REFURBISHED DC24 SPECTRUM COMPACT RIDER,*SHOP SOILED* Spectrum DC24-4 Ultra-Compact Rear-Collect/Side-Discharge Ride-On Mower with Manual Drive,,5065022450429,yes,no NumaSuite EAN; title score 73.8 < 85.0
DC830175,DCT38M-RDM,DC830175,tfidf+rapidfuzz,35.29,SEAT DC24,"Spectrum DCT38M-RDM  38"" Lawn Tractor with Manual Drive",,5065022450603,yes,no NumaSuite EAN; title score 35.3 < 85.0
DCSTRAP,FLY-FMINITRIMSTD,DCSTRAP,tfidf+rapidfuzz,58.52,RUBBER STRAP FOR GRASS TUBING,Flymo Mini-Trim ST Electric Grass-Trimmer,,7391736970648,yes,no NumaSuite EAN; title score 58.5 < 85.0
DP3620XA,GW-GD40CS15K2,DP3620XA,tfidf+rapidfuzz,67.09,HONDA DP3620XA 2AH BATTERY,Greenworks GD40CS15K2 40v DigiPro Cordless Chainsaw – 35cm Guide Bar (Inc. 2Ah Battery & Charger),,6952909070940,yes,no NumaSuite EAN; title score 67.1 < 85.0
DP3640XA,GW-GD40CS18K4,DP3640XA,tfidf+rapidfuzz,67.09,HONDA DP3640XA 4AH BATTERY,Greenworks GD40CS18K4 40v DigiPro Cordless Chainsaw – 40cm Guide Bar (Inc. 4Ah Battery & Charger),,6952909059204,yes,no NumaSuite EAN; title score 67.1 < 85.0
DP3660XA,CV3680XA,DP3660XA,tfidf+rapidfuzz,66.92,HONDA DP3660XA 6AH BATTERY,Honda CV3680XABM Fast Battery Charger,,,yes,no NumaSuite EAN; title score 66.9 < 85.0
DRY-4L460K,FST212-RTN,DRY-4L460K,tfidf+rapidfuzz,40.36,BELT - KEVLAR REINFORCED            BELTA45,Feider FST212 Petrol Lawn Scarifier - RTN,,3661602022424,yes,no NumaSuite EAN; title score 40.4 < 85.0
E142Q,RB-E142Q-4AH,E142Q,tfidf+rapidfuzz,84.28,REDBACK E142Q-4AH CORDLESS LAWNMOWER (B&C INCLUDED),Redback E142Q-4Ah Cordless Lawnmower (Special Offer),,,yes,no NumaSuite EAN; title score 84.3 < 85.0
EH-MTA-TB,ECH-MTA-DTB,EH-MTA-TB,tfidf+rapidfuzz,94.71,GRASS TRIMMER ATTACHMENT (ECHO),Echo MTA-DTB Cordless Multi-Tool Grass-Trimmer Attachment,,,yes,no NumaSuite EAN
EL-BA521207490,LPW1600,EL-BA521207490,tfidf+rapidfuzz,39.03,BELT TOOTHED ELIET 401/E500,"Spectrum LPW1600 Electric Pressure Washer — 1600W, 130 Bar",,5065022450726,yes,no NumaSuite EAN; title score 39.0 < 85.0
EL-BL801102000,SBS40CB,EL-BL801102000,tfidf+rapidfuzz,39.48,BEARING ELIET 204-E401,Spectrum SBS40CB 40V 4.0Ah Lithium-Ion Battery Pack,,5065022450689,yes,no NumaSuite EAN; title score 39.5 < 85.0
EL-BS502000800,ECH-SRM-237TESL,EL-BS502000800,tfidf+rapidfuzz,58.32,PREVAILING TORQUE TYPE HE,Echo SRM-237TESL High-Torque Petrol Brushcutter,,0000000000000,yes,no NumaSuite EAN; title score 58.3 < 85.0
EL-BS512001016,JR-TFN046,EL-BS512001016,tfidf+rapidfuzz,53.67,HEAD SCREWS M10X1,Replacement Blade (for TFN047 Line-Head) -JR TFN046,,3760011424703,yes,no NumaSuite EAN; title score 53.7 < 85.0
EL-BS532010356,STIG-HPS235R,EL-BS532010356,tfidf+rapidfuzz,59.06,MUDWING REPAIR WASHER 35X,Stiga HPS 235 R Electric Pressure-Washer,,8008984837478,yes,no NumaSuite EAN; title score 59.1 < 85.0
EL-BS554100816,OLY-68-006,EL-BS554100816,tfidf+rapidfuzz,64.93,MUSHROOM HEAD SQUARE NECK,Roughneck Square-End Micro Shovel | 68-006,,002599680066,yes,no NumaSuite EAN; title score 64.9 < 85.0
EL-MPA01080510,CS-3410,EL-MPA01080510,tfidf+rapidfuzz,41.37,SPACER RING 20X45X10MM,Echo CS-3410 Petrol 2-Stroke Chainsaw,,,yes,no NumaSuite EAN; title score 41.4 < 85.0
EL-MPA01080520,FNY003,EL-MPA01080520,tfidf+rapidfuzz,65.94,NYLON BUSHING,Nylon Round Trimmer-Line  - Replacement Strimmer Line - 1.6mm x 15m - JR FNY003,,3760011421580,yes,no NumaSuite EAN; title score 65.9 < 85.0
EP60,HCS870,EP60,tfidf+rapidfuzz,0.0,,"Chipperfield HCS870 Petrol Scythe-Bar Mower — 87cm, 196cc Loncin Engine",,5061122340295,yes,no NumaSuite EAN; title score 0.0 < 85.0
ESTATE384M-RET,STIG-2T2000481/ST3,ESTATE384M-RET,tfidf+rapidfuzz,85.77,STIGA ESTATE 384 M LAWN TRACTOR EX DEMO,Stiga Estate 384 M Rear-Collect Lawn Tractor with Manual Drive,,8008984852198,yes,no NumaSuite EAN
F220,MANT-7263-12-14,F220,tfidf+rapidfuzz,86.89,HONDA F220 PETROL MINI TILLER,Mantis 4-Stroke Petrol Mini-Tiller with Honda Engine | 7263-12-14,,,yes,no NumaSuite EAN
G48PK,OM-G48PK,G48PK,tfidf+rapidfuzz,97.61,OLEO-MAC G48-PK COMFORT PLUS HAND PROPELLED LAWNMOWER,Oleo-Mac G48-PK Comfort-Plus Hand-Propelled Petrol Lawnmower,,,yes,no NumaSuite EAN
G48TBRALLROAD,OM-G48-TBR,G48TBRALLROAD,tfidf+rapidfuzz,86.28,OLEO-MAC G48-TBR ALL ROAD PETROL LAWNMOWER,Oleo-Mac G48-TBR AllRoad Plus-4 4-in-1 Self-Propelled Petrol Lawnmower,,8026619036669,yes,no NumaSuite EAN
G48TK,OM-G48TK,G48TK,tfidf+rapidfuzz,94.05,OLEO-MAC G48-TK ALL COMFORT PLUS SELF PROPELLED LAWNMOWER,Oleo-Mac G48-TK Comfort-Plus Self-Propelled Petrol Lawnmower,,3000307925768,yes,no NumaSuite EAN
GNP070021,SMP-SAPPHIRE54ANTH,GNP070021,tfidf+rapidfuzz,56.68,DRIVE PULLEY (METAL) GNP560,Sapphire 5x4 Metal Apex Anthracite Shed,,5055280405699,yes,no NumaSuite EAN; title score 56.7 < 85.0
GNP070047,R210,GNP070047,tfidf+rapidfuzz,43.95,THROTTLE CABLE GNP560,Rato Horizontal Engine,,,yes,no NumaSuite EAN; title score 43.9 < 85.0
GNP070050,JR-LAN0004,GNP070050,tfidf+rapidfuzz,69.94,UPPER HANDLE BAR GNP560,RECOIL HANDLE,,3760011422327,yes,no NumaSuite EAN; title score 69.9 < 85.0
GNP070051,CT-HB01G,GNP070051,tfidf+rapidfuzz,55.91,CLUTCH CONTROL LEVER (GREEN) GNP560,Charles Taylor Twin Wooden Garden ‘Love’ Seats with Green Cushions | HB01G,,,yes,no NumaSuite EAN; title score 55.9 < 85.0
GNP070052,CS-3410,GNP070052,tfidf+rapidfuzz,42.55,THROTTLE LEVER ASSY GNP (NO CABLE),Echo CS-3410 Petrol 2-Stroke Chainsaw,,,yes,no NumaSuite EAN; title score 42.6 < 85.0
GNP070064,LFP-448HW,GNP070064,tfidf+rapidfuzz,60.24,CLUTCH CABLE GNP560,"Lawnflite-Pro 448HW Professional Self-Propelled Petrol Lawnmower (with 2-Speed Drive, Blade-Brake Clutch & Honda Engine)",,,yes,no NumaSuite EAN; title score 60.2 < 85.0
GNP070070,SBS460CLM,GNP070070,tfidf+rapidfuzz,36.89,LOWER BARS GNP560,Spectrum SBS460CLM 46cm Self-Propelled Cordless Lawn Mower — Bare Tool (Batteries & Charger Sold Separately),,5065022450634,yes,no NumaSuite EAN; title score 36.9 < 85.0
GNP070072,JR-LAN0004,GNP070072,tfidf+rapidfuzz,69.94,LOWER HANDLE BAR FIXING KNOB (BLACK),RECOIL HANDLE,,3760011422327,yes,no NumaSuite EAN; title score 69.9 < 85.0
GNP070075,2T0980473/C22,GNP070075,tfidf+rapidfuzz,50.56,IDLER PULLEY (V-SECTION) GNP560,Castel Garden PTX 210 HD Rear-Collect V-Twin Garden Tractor with Hydrostatic Drive,,8008984851672,yes,no NumaSuite EAN; title score 50.6 < 85.0
GNP070077,SVC-PUNCTURE-PREV,GNP070077,tfidf+rapidfuzz,35.74,IDLER PULLEY GNP560,Pre-delivery Puncture Prevention Service,,,yes,no NumaSuite EAN; title score 35.7 < 85.0
GNP070079,GW-GOPTIMOW10,GNP070079,tfidf+rapidfuzz,50.46,BELT (3VX455 TOOTHED 10 X 1155) GNP560,Greenworks Optimow®10 24v Robotic Lawnmower (for Lawns up to 1000m2),,6952909054889,yes,no NumaSuite EAN; title score 50.5 < 85.0
GNP070089,MF-327107506/0,GNP070089,tfidf+rapidfuzz,81.75,SIDE DISCHARGE RUBBER,Mountfield Side-Discharge Chute - for MTF 66 MQ | 327107506/0,,7313323035066,yes,no NumaSuite EAN; title score 81.7 < 85.0
GNP070094,ENG-TDE-46N,GNP070094,tfidf+rapidfuzz,63.48,WHEEL (INC BEARING) GNP560,Energizer® TDE-46N 40v 4-in-1 Hi-Wheel Cordless Lawnmower (Inc. Battery & Charger),,3661602023360,yes,no NumaSuite EAN; title score 63.5 < 85.0
GNP070097,R210,GNP070097,tfidf+rapidfuzz,39.03,TRAILING RUBBER SHIELD GNP560,Rato Horizontal Engine,,,yes,no NumaSuite EAN; title score 39.0 < 85.0
GNP070118,JR-LAN0004,GNP070118,tfidf+rapidfuzz,69.94,LOWER HANDLE SUPPORT BRACE GNP560,RECOIL HANDLE,,3760011422327,yes,no NumaSuite EAN; title score 69.9 < 85.0
GNP070120,LFP-448HW,GNP070120,tfidf+rapidfuzz,59.71,CLUTCH LEVER GNP560,"Lawnflite-Pro 448HW Professional Self-Propelled Petrol Lawnmower (with 2-Speed Drive, Blade-Brake Clutch & Honda Engine)",,,yes,no NumaSuite EAN; title score 59.7 < 85.0
GNPBOLT,2T0980473/C22,GNPBOLT,tfidf+rapidfuzz,37.08,RUBBER TRAILING BOLT GNP560,Castel Garden PTX 210 HD Rear-Collect V-Twin Garden Tractor with Hydrostatic Drive,,8008984851672,yes,no NumaSuite EAN; title score 37.1 < 85.0
GNPCARB,TG45SC,GNPCARB,tfidf+rapidfuzz,35.36,CARBURRETTOR GNP560,"Spectrum TG45SC Petrol Scarifier & Aerator — 223cc, 45cm, 2-in-1",,5061122340127,yes,no NumaSuite EAN; title score 35.4 < 85.0
GNPHEAD,SBS480CBV-KIT,GNPHEAD,tfidf+rapidfuzz,59.54,COMPLETE HEAD ASSY GNP560,Spectrum SBS480CBV 40V Cordless Leaf Blower Vacuum — Complete Kit (4.0Ah Battery + Fast Charger),,5061122340158,yes,no NumaSuite EAN; title score 59.5 < 85.0
GRASSBOX-FRT75BS125,FRT75BS125-SD,GRASSBOX-FRT75BS125,tfidf+rapidfuzz,76.79,FEIDER GRASSBOX FOR FRT75BS125-SD RIDER,Feider FRT75BS125-SD Compact Side-Discharge Ride-On Mower with Manual Drive & Briggs Engine,,3661602018434,yes,no NumaSuite EAN; title score 76.8 < 85.0
GSH-560,OM-GSH-560,GSH-560,tfidf+rapidfuzz,98.5,OLEO-MAC GSH-560 PETROL CHAINSAW (51CM),Oleo-Mac GSH-560 Petrol Chainsaw (51cm Guide Bar),,3000319074737,yes,no NumaSuite EAN
GST250,OM-GST-250,GST250,tfidf+rapidfuzz,92.73,OLEO-MAC 25CM BAR TOP HANDLE CHAINSAW,Oleo-Mac GST-250 Top-Handle Petrol Arborist's Chainsaw (25cm Guide Bar),,7426883754978,yes,no NumaSuite EAN
GWGD60AB,GW-GD60AB,GWGD60AB,tfidf+rapidfuzz,100.0,GREENWORKS GD60AB 60v DIGIPRO CORDLESS LEAF-BLOWER (TOOL ONLY),Greenworks GD60AB 60v DigiPro Cordless Leaf-Blower (Tool Only),,6952909015576,yes,no NumaSuite EAN
HCS-3810ES,ECH-HCS-3810ES,HCS-3810ES,tfidf+rapidfuzz,96.65,ECHO HCS-3810ES PROFESSIONAL SINGLE-SIDED PETROL HEDGETRIMMER,Echo HCS-3810ES Single-Sided Petrol Hedgetrimmer,,0000000000000,yes,no NumaSuite EAN
HF2317,C-HF2317HME,HF2317,tfidf+rapidfuzz,84.01,HONDA HF2317 HME LAWN TRACTOR,Honda HF 2317 HME Garden Tractor,,,yes,no NumaSuite EAN; title score 84.0 < 85.0
HF2417K5HT,HF-2417-HTE,HF2417K5HT,tfidf+rapidfuzz,100.0,HONDA HF 2417 HTE PREMIUM GARDEN TRACTOR,Honda HF 2417 HTE Premium Garden Tractor,,,yes,no NumaSuite EAN
HF2417KFHM,HF-2417-HTE,HF2417KFHM,tfidf+rapidfuzz,97.5,HONDA HF 2417 HME PREMIUM GARDEN TRACTOR,Honda HF 2417 HTE Premium Garden Tractor,,,yes,no NumaSuite EAN
HF2625HME,HF2625HTEH,HF2625HME,tfidf+rapidfuzz,97.37,HONDA HF 2625 HME PREMIUM LAWN TRACTOR,Honda HF 2625 HTE Premium Lawn Tractor,,,yes,no NumaSuite EAN
HHB36BXBE,HHB-36-BXB,HHB36BXBE,tfidf+rapidfuzz,98.5,HONDA HHB 36 BXB 36V CORDLESS BLOWER (Power Unit),Honda HHB 36 BXB 36v Cordless Blower,,,yes,no NumaSuite EAN
HHC36BXBE,HHC36-BXB,HHC36BXBE,tfidf+rapidfuzz,100.0,HONDA HHC36 BXB CORDLESS CHAINSAW,Honda HHC36 BXB Cordless Chainsaw,,,yes,no NumaSuite EAN
HHH36BXBE65T,HHH25S75ET,HHH36BXBE65T,tfidf+rapidfuzz,82.57,HONDA HHH 36 BXB 36V CORDLESS HEDGE TRIMMER (TOOL ONLY),Honda HHH 25S 75E Hedge Trimmer,,,yes,no NumaSuite EAN; title score 82.6 < 85.0
HHT36BXB,HHB-36-BXB,HHT36BXB,tfidf+rapidfuzz,81.36,HONDA HHT 36 BXB 36V CORDLESS GRASS TRIMMER (TOOL ONLY),Honda HHB 36 BXB 36v Cordless Blower,,,yes,no NumaSuite EAN; title score 81.4 < 85.0
HP-175,OIL-2STOKE500ML,HP-175,tfidf+rapidfuzz,97.59,THE HANDY 500ML 2 STROKE SEMI-SYNTHETIC ENGINE OIL,500ml 2-Stroke Semi-Synthetic Oil,,,yes,no NumaSuite EAN
HP-176,OIL-2STOKE500ML,HP-176,tfidf+rapidfuzz,87.53,THE HANDY 1 LITRE 2 STROKE SEMI-SYNTHETIC ENGINE OIL,500ml 2-Stroke Semi-Synthetic Oil,,,yes,no NumaSuite EAN
HP-196,HAN-HP-195,HP-196,tfidf+rapidfuzz,82.69,HANDY 10W/30 OIL 1 LTR,Handy 600ml 10W/30 4-Stroke Engine Oil,,0000000000000,yes,no NumaSuite EAN; title score 82.7 < 85.0
HP-379,THLS-4G,HP-379,tfidf+rapidfuzz,81.55,HANDY LOG SPLITTER OIL 1LT,The Handy 4-Ton Horizontal Electric Log-Splitter | THLS 4G,,5060012807528,yes,no NumaSuite EAN; title score 81.5 < 85.0
HRD536K4HX,HRD-536-HX,HRD536K4HX,tfidf+rapidfuzz,94.61,HONDA HRD 536 HX PRO SELF-PROPRELLED PETROL LAWN MOWER,Honda HRD 536 HX Self-Propelled Petrol Lawn Mower,,,yes,no NumaSuite EAN
HRD536K4QX,HRD536QY,HRD536K4QX,tfidf+rapidfuzz,100.0,HONDA HRD 536 QX SELF-PROPELLED REAR ROLLER PETROL LAWN MOWER,Honda HRD 536 QX Self-Propelled Rear Roller Petrol Lawn Mower,,,yes,no NumaSuite EAN
HRG416PK,HRG-466-PK,HRG416PK,tfidf+rapidfuzz,97.37,HONDA IZY HRG 416 PK PETROL LAWN MOWER,Honda Izy HRG 466 PK Petrol Lawn Mower,,,yes,no NumaSuite EAN
HRG416XB,HRG466SKEP,HRG416XB,tfidf+rapidfuzz,75.33,HONDA HRG 416 XB CORDLESS LAWNMOWER - IZY,Honda Izy HRG 466 SKEP Self-propelled Petrol Lawnmower with Mulching,,,yes,no NumaSuite EAN; title score 75.3 < 85.0
HRG466C1PK,HRG-466-PK,HRG466C1PK,tfidf+rapidfuzz,100.0,HONDA IZY HRG 466 PK PETROL LAWN MOWER,Honda Izy HRG 466 PK Petrol Lawn Mower,,,yes,no NumaSuite EAN
HRG466C1SK,HRG466SK,HRG466C1SK,tfidf+rapidfuzz,100.0,HONDA IZY HRG 466 SK SELF-PROPELLED PETROL LAWN MOWER,Honda Izy HRG 466 SK Self-Propelled Petrol Lawn Mower,,,yes,no NumaSuite EAN
HRG466C1SKEP,HRG466SKEP,HRG466C1SKEP,tfidf+rapidfuzz,100.0,HONDA IZY HRG 466 SKEP SELF-PROPELLED PETROL LAWNMOWER WITH MULCHING,Honda Izy HRG 466 SKEP Self-propelled Petrol Lawnmower with Mulching,,,yes,no NumaSuite EAN
HRG466XV,HRG466SK,HRG466XV,tfidf+rapidfuzz,87.77,HONDA IZY HRG 466 XB SELF-PROPELLED CORDLESS LAWN MOWER(TOOL ONLY),Honda Izy HRG 466 SK Self-Propelled Petrol Lawn Mower,,,yes,no NumaSuite EAN
HRH536K4HX,HRD-536-HX,HRH536K4HX,tfidf+rapidfuzz,97.96,HONDA HRH 536 HX SELF-PROPELLED PETROL LAWN MOWER,Honda HRD 536 HX Self-Propelled Petrol Lawn Mower,,,yes,no NumaSuite EAN
HRH536K4QX,HRD536QY,HRH536K4QX,tfidf+rapidfuzz,98.36,HONDA HRH 536 QX SELF-PROPELLED REAR ROLLER PETROL LAWN MOWER,Honda HRD 536 QX Self-Propelled Rear Roller Petrol Lawn Mower,,,yes,no NumaSuite EAN
HRM1000,HRM-4000BC-LIVE,HRM1000,tfidf+rapidfuzz,82.96,HONDA HRM1000 MIIMO ROBOTIC MOWER,HONDA Miimo HRM4000BC-LIVE Robotic Lawn Mower,,,yes,no NumaSuite EAN; title score 83.0 < 85.0
HRM1500,MIIMO-1000B,HRM1500,tfidf+rapidfuzz,81.94,HONDA HRM1500 MIIMO ROBOT MOWER,Honda Miimo 1000B Robot Lawn Mower,,,yes,no NumaSuite EAN; title score 81.9 < 85.0
HRM1500BC,HRM-1500BC,HRM1500BC,tfidf+rapidfuzz,86.99,HONDA HRM1500 LIVE MIIMO ROBOTIC MOWER,HONDA HRM 1500BC Live Miimo Robotic Lawnmower,,,yes,no NumaSuite EAN
HRM2500,MIIMO-1000B,HRM2500,tfidf+rapidfuzz,83.03,HONDA MIIMO HRM2500 ROBOT MOWER,Honda Miimo 1000B Robot Lawn Mower,,,yes,no NumaSuite EAN; title score 83.0 < 85.0
HRM4000,HRM-4000BC-LIVE,HRM4000,tfidf+rapidfuzz,88.71,HONDA HRM4000 LIVE MIIMO ROBOTIC MOWER,HONDA Miimo HRM4000BC-LIVE Robotic Lawn Mower,,,yes,no NumaSuite EAN
HRN536C2VK,HRN536VK,HRN536C2VK,tfidf+rapidfuzz,100.0,HONDA HRN 536 VK SELF-PROPELLED PETROL LAWN MOWER,Honda HRN 536 VK Self-Propelled Petrol Lawn Mower,,,yes,no NumaSuite EAN
HRN536C2VY,TG56-PRO,HRN536C2VY,tfidf+rapidfuzz,73.22,HONDA HRN536VY LAWNMOWER - BBC,"Spectrum TG56-Pro Variable Speed, Honda Engine, Petrol Lawnmower - 4 Blade",,,yes,no NumaSuite EAN; title score 73.2 < 85.0
HRX476C2HY,HRX476QY,HRX476C2HY,tfidf+rapidfuzz,93.97,HONDA HRX 476 HY SELF-PROPELLED PETROL LAWN MOWER,Honda HRX 476 QY Self-Propelled Rear Roller Petrol Lawn Mower,,,yes,no NumaSuite EAN
HRX476C2VY,HRX476QY,HRX476C2VY,tfidf+rapidfuzz,93.97,HONDA HRX 476 VY SELF-PROPELLED PETROL LAWN MOWER,Honda HRX 476 QY Self-Propelled Rear Roller Petrol Lawn Mower,,,yes,no NumaSuite EAN
HRX476XB,HHB-36-BXB,HRX476XB,tfidf+rapidfuzz,74.19,HONDA HRX 476 XB CORDLESS LAWNMOWER,Honda HHB 36 BXB 36v Cordless Blower,,,yes,no NumaSuite EAN; title score 74.2 < 85.0
HRX537HY,MF-SP555V,HRX537HY,tfidf+rapidfuzz,84.75,HONDA HRX537HY VARIABLE SPEED LAWNMOWER,Mountfield SP555-V 3-in-1 Variable-Speed Petrol Lawnmower (with Honda Engine),,,yes,no NumaSuite EAN; title score 84.7 < 85.0
HS600-1-01,JR-LAN0004,HS600-1-01,tfidf+rapidfuzz,69.86,HANDLE SLEEVE FITS STF600-PRO,RECOIL HANDLE,,3760011422327,yes,no NumaSuite EAN; title score 69.9 < 85.0
HS600-1-02,JR-LAN0004,HS600-1-02,tfidf+rapidfuzz,69.7,BLADE ROLLER CLUTCH COMPLETE HANDLE FITS STF600-PRO,RECOIL HANDLE,,3760011422327,yes,no NumaSuite EAN; title score 69.7 < 85.0
HS600-1-06,JR-LAN0004,HS600-1-06,tfidf+rapidfuzz,70.47,CLUTCH HANDLE SLEEVE FITS STF600-PRO,RECOIL HANDLE,,3760011422327,yes,no NumaSuite EAN; title score 70.5 < 85.0
HS600-1-07HJ,JR-LAN0004,HS600-1-07HJ,tfidf+rapidfuzz,70.47,CLUTCH HANDLE FITS STF600-PRO,RECOIL HANDLE,,3760011422327,yes,no NumaSuite EAN; title score 70.5 < 85.0
HS600-1-10,LFP-553HWS-PRO,HS600-1-10,tfidf+rapidfuzz,69.34,DRIVE BELT CLUTCH CABLE STF600-PRO,"Lawnflite-Pro 553HWS-PRO Professional Self-Propelled Petrol Lawnmower (with 2-Speed Drive, Blade-Brake Clutch & Honda Engine)",,,yes,no NumaSuite EAN; title score 69.3 < 85.0
HS600-1-12,JR-LAN0004,HS600-1-12,tfidf+rapidfuzz,69.7,DRIVE CLUTCH COMPLETE HANDLE FITS STF600-PRO,RECOIL HANDLE,,3760011422327,yes,no NumaSuite EAN; title score 69.7 < 85.0
HS600-1-13,LFP-553HWS-PRO,HS600-1-13,tfidf+rapidfuzz,68.57,DRIVE CLUTCH CABLE FITS STF600-PRO,"Lawnflite-Pro 553HWS-PRO Professional Self-Propelled Petrol Lawnmower (with 2-Speed Drive, Blade-Brake Clutch & Honda Engine)",,,yes,no NumaSuite EAN; title score 68.6 < 85.0
HS600-1-14,FST200PRO,HS600-1-14,tfidf+rapidfuzz,58.43,ON/OFF SWITCH AND CABLE FITS STF600-PRO,Feider FST200 PRO 2-in-1 Petrol Lawn Scarifier/Aerator,,3661602028839,yes,no NumaSuite EAN; title score 58.4 < 85.0
HS600-1-35,STIG-PIVOT-WHEELS-130H-SWEEPER,HS600-1-35,tfidf+rapidfuzz,66.68,FRONT WHEEL FITS STF600-PRO,Stiga Titan Front Wheel Kit for RB130H Sweeper (13-7924-11),,,yes,no NumaSuite EAN; title score 66.7 < 85.0
HS600-1-47HJ,SIM-1696374,HS600-1-47HJ,tfidf+rapidfuzz,59.57,BLADE MOUNTING POINT FITS STF600-PRO,Mulch Ninja Blade Kit,,,yes,no NumaSuite EAN; title score 59.6 < 85.0
HS600-1-48,C-STF600-PRO,HS600-1-48,tfidf+rapidfuzz,75.03,ANGLE BLADES FOR SPECTRUM STF600-PRO,Spectrum STF600-PRO Flail Mower,,5065022450221,yes,no NumaSuite EAN; title score 75.0 < 85.0
HS600-1-49,OLY-66-852,HS600-1-49,tfidf+rapidfuzz,69.32,STRAIGHT BLADE FITS STF600-PRO,Roughneck 53cm Seasoned-Wood Bow-Saw Blade with Small Straight Teeth | 66-852,,0025997668521,yes,no NumaSuite EAN; title score 69.3 < 85.0
HS600-1-50,C-STF600-PRO,HS600-1-50,tfidf+rapidfuzz,61.67,LEFT WHEEL FITS STF600-PRO,Spectrum STF600-PRO Flail Mower,,5065022450221,yes,no NumaSuite EAN; title score 61.7 < 85.0
HS600-1-53,C-HRTF220,HS600-1-53,tfidf+rapidfuzz,60.84,RIGHT WHEEL FITS STF600-PRO,Feider HRTF220 Pro Two-Wheel Rear-Tine Rotary Cultivator,,3661602049346,yes,no NumaSuite EAN; title score 60.8 < 85.0
HS600-1-61,C-STF600-PRO,HS600-1-61,tfidf+rapidfuzz,63.6,SPRING FITS STF600-PRO,Spectrum STF600-PRO Flail Mower,,5065022450221,yes,no NumaSuite EAN; title score 63.6 < 85.0
HS600-3230,C-STF600-PRO,HS600-3230,tfidf+rapidfuzz,63.26,SPLIT PIN FITS STF600-PRO,Spectrum STF600-PRO Flail Mower,,5065022450221,yes,no NumaSuite EAN; title score 63.3 < 85.0
HS600-4LXP1020,C-STF600-PRO,HS600-4LXP1020,tfidf+rapidfuzz,58.44,BELT FITS STF600-PRO (A39),Spectrum STF600-PRO Flail Mower,,5065022450221,yes,no NumaSuite EAN; title score 58.4 < 85.0
HS600-4LXP835,C-STF600-PRO,HS600-4LXP835,tfidf+rapidfuzz,56.68,BELT FITS STF600-PRO (A31.5),Spectrum STF600-PRO Flail Mower,,5065022450221,yes,no NumaSuite EAN; title score 56.7 < 85.0
HS600-M1235,LFP-553HRS-PROHS,HS600-M1235,tfidf+rapidfuzz,63.01,PIN SHAFT FITS STF600-PRO,Lawnflite-Pro 553HRS-PROHS Professional Shaft-Driven Petrol Rear-Roller Lawnmower (with Honda Engine),,5050581002448,yes,no NumaSuite EAN; title score 63.0 < 85.0
HV5047345-01,STIG-13-3902-11,HV5047345-01,tfidf+rapidfuzz,64.28,Genuine Husqvarna RIDER Front Mower Height Adjuster,Stiga Flail-Mower Attachment (with Electric Height-Adjustment) for Park Front-Cut Ride-On Mowers | 13-3902-11,,7313321306663,yes,no NumaSuite EAN; title score 64.3 < 85.0
KR0301000,TG46SE-AMZ,KR0301000,tfidf+rapidfuzz,54.12,KRAMP 3.0MM STARTER CORD (1FEET),Spectrum TG46SE 3-in-1 Self-Propelled Petrol Lawnmower with Electric Start (Amazon),,5065022450139,yes,no NumaSuite EAN; title score 54.1 < 85.0
L0060900,BERT-BT401S,L0060900,tfidf+rapidfuzz,78.98,BERTOLINI TOW HITCH - FOR BT401S,Bertolini BT401S Petrol-Powered Scythe Mower (Honda Engine),,,yes,no NumaSuite EAN; title score 79.0 < 85.0
L0100000,BERT-BT413S-10-4,L0100000,tfidf+rapidfuzz,69.93,BERTOLINI SINGLE-SHARE PLOUGH - FOR BT401S,Bertolini BT413S-10 Professional Snow-Plough,,,yes,no NumaSuite EAN; title score 69.9 < 85.0
L0103200,BERT-BT401S,L0103200,tfidf+rapidfuzz,73.31,BERTOLINI FURROWING TOOL - FOR BT401S,Bertolini BT401S Petrol-Powered Scythe Mower (Honda Engine),,,yes,no NumaSuite EAN; title score 73.3 < 85.0
L0103400,BERT-BT401S,L0103400,tfidf+rapidfuzz,76.56,BERTOLINI TOOL HOLDER - FOR BT401S,Bertolini BT401S Petrol-Powered Scythe Mower (Honda Engine),,,yes,no NumaSuite EAN; title score 76.6 < 85.0
LALS53P422CEGLA,HAY-LAWNMOWER-COVER,LALS53P422CEGLA,tfidf+rapidfuzz,67.31,"GLADIATOR LAWNMOWER 53CM /  21"" 224CC""",Hayter Lawnmower Cover,,,yes,no NumaSuite EAN; title score 67.3 < 85.0
LBP-36-150,ECH-LBP-36-150,LBP-36-150,tfidf+rapidfuzz,97.83,ECHO 40V 4Ah LITHIUM-ION BATTERY,Echo LBP-36-150 40v/4Ah Lithium-Ion Battery,,4934110780087,yes,no NumaSuite EAN
LBP-50-250,ECH-LC-3604,LBP-50-250,tfidf+rapidfuzz,80.32,ECHO 5.0Ah BATTERY,Echo LC-3604 40v Battery Charger,,4934110780094,yes,no NumaSuite EAN; title score 80.3 < 85.0
LC300ST,OM-BC-241HL,LC300ST,tfidf+rapidfuzz,60.76,HEAVY-DUTY LOG STAND 230MM CAPACITY,Oleo-Mac BC-241HL Heavy-Duty Long-Reach Petrol Hedgecutter,,3000317815738,yes,no NumaSuite EAN; title score 60.8 < 85.0
LCJQ-560,ECH-LCJQ-560,LCJQ-560,tfidf+rapidfuzz,97.59,ECHO 56v BATTERY CHARGER,Echo LCJQ-560 56v Battery Charger,,,yes,no NumaSuite EAN
LM5360HXARPROHS,DAN-LM5360HXAR-PRO-HS,LM5360HXARPROHS,tfidf+rapidfuzz,74.69,DANARM LM5360 LAWNMOWER ROLLER HYDRO DRIVE,Danarm LM5360HXAR-PRO-HS Petrol Rear-Roller Lawnmower (with Honda Engine),,,yes,no NumaSuite EAN; title score 74.7 < 85.0
LR53-TK,EF-LR53-TK-AR,LR53-TK,tfidf+rapidfuzz,93.07,EFCO LR53-TK ALLROAD +4 PETROL LAWNMOWER,Efco LR53-TK AllRoad Plus-4 4-in-1 Self-Propelled Petrol Lawnmower,,8026619064259,yes,no NumaSuite EAN
LW130310-04560,JR-FAA0004,LW130310-04560,tfidf+rapidfuzz,77.95,AIR FILTER   MANTIS,AIR FILTER BR690610 498596 697029,,3760011421443,yes,no NumaSuite EAN; title score 78.0 < 85.0
LW130326-11522,JR-FAA001,LW130326-11522,tfidf+rapidfuzz,66.1,AIR FILTER HOUSING LID     MANTIS,AIR FILTER JR-FAA001,,,yes,no NumaSuite EAN; title score 66.1 < 85.0
LW438LA-2,MANT-811005,LW438LA-2,tfidf+rapidfuzz,59.7,BLADE TINE LH   MANTIS,Mantis Tiller Storage-Rack | 811005,,,yes,no NumaSuite EAN; title score 59.7 < 85.0
LW438RA-2,MANT-811005,LW438RA-2,tfidf+rapidfuzz,61.96,BLADE TINE RH    MANTIS,Mantis Tiller Storage-Rack | 811005,,,yes,no NumaSuite EAN; title score 62.0 < 85.0
M210,AP-M210,M210,tfidf+rapidfuzz,93.31,APACHE M210 PROFRESSIONAL SICKLE-BAR MOWER,Apache M210 Sickle-Bar Mower,,0000000000000,yes,no NumaSuite EAN
MA773401,MASP-457951,MA773401,tfidf+rapidfuzz,73.31,MASPORT ROTAROLA RRSP22 GRASS BOX,Masport Rotarola RRSP 22 Self-Propelled Petrol Rear-Roller Lawnmower,,9414974579515,yes,no NumaSuite EAN; title score 73.3 < 85.0
MO118551572/0,JR-FAE0001,MO118551572/0,tfidf+rapidfuzz,97.0,FUEL FILTER,FUEL FILTER RIDER -                        WP73112,,3760011421528,yes,no NumaSuite EAN
MS465743,MASP-450916,MS465743,tfidf+rapidfuzz,79.8,Masport 300 AL L Push Petrol Lawn Mower (LONCIN ENGINE),Masport Lawn Edger,,9414974509161,yes,no NumaSuite EAN; title score 79.8 < 85.0
MTF66MQ-RTN,MF-827M-XDISP,MTF66MQ-RTN,tfidf+rapidfuzz,87.51,MOUNTFIELD MTF66MQ RIDER - EX DEMO MODEL,Mountfield MTF66MQ Compact Rear-Collect & Side-Discharge Ride-On Mower with Manual Drive Ex Demo model,,8008984869905,yes,no NumaSuite EAN
OW19-A-80,FAA008,OW19-A-80,tfidf+rapidfuzz,75.54,B&W AIR FILTER W/ PRE FILTER,Lawn Mower Air Filter -  JR Spares - JR-FAA0008 fits Briggs and Stratton,,3760011421481,yes,no NumaSuite EAN; title score 75.5 < 85.0
PB-2620,ECH-PB-2620,PB-2620,tfidf+rapidfuzz,100.0,ECHO PB-2620 HANDHELD PETROL LEAF-BLOWER,Echo PB-2620 Handheld Petrol Leaf-Blower,,,yes,no NumaSuite EAN
PFC-10R-P,C-PFC-10R-P,PFC-10R-P,tfidf+rapidfuzz,75.32,SPECTRUM PFC-10R-P FUEL CAN - 10 LTR PLASTIC,Spectrum PFC-10R-P Anti Spill Petrol Can – 10 Litre,,5065022450368,yes,no NumaSuite EAN; title score 75.3 < 85.0
PFC-20R-P,C-PFC-20R-P,PFC-20R-P,tfidf+rapidfuzz,82.68,SPECTRUM PFC-20R-P FUEL CAN - 20 LTR Heavy Duty Anti Spill,Spectrum PFC-20R-P Anti Spill Petrol Can – 20 Litre,,5065022450375,yes,no NumaSuite EAN; title score 82.7 < 85.0
PFC-5R-P,C-PFC-5R-P,PFC-5R-P,tfidf+rapidfuzz,74.41,SPECTRUM PFC-5R-P FUEL CAN - 5 LTR PLASTIC,Spectrum PFC-5R-P Anti Spill Petrol Can – 5 Litre,,5065022450351,yes,no NumaSuite EAN; title score 74.4 < 85.0
PFC-SPOUT,C-PFC-SPOUT,PFC-SPOUT,tfidf+rapidfuzz,97.25,SPECTRUM JERRY CAN SPOUT - PFC-SPOUT,Spectrum Metal Jerry Can Spout - PFC-SPOUT,,5065022450405,yes,no NumaSuite EAN
RM-520ES,ECH-RM-520ES,RM-520ES,tfidf+rapidfuzz,100.0,ECHO RM-520ES BACKPACK BRUSHCUTTER,Echo RM-520ES Backpack Brushcutter,,4934110704649,yes,no NumaSuite EAN
RUIKENGINE,SBS220CHM-KIT,RUIKENGINE,tfidf+rapidfuzz,61.07,COMPLETE RUIKAILI ENGINE,Spectrum SBS220CHM 22cm Cordless Handy Mower — Complete Kit (2.0Ah Battery + Charger),,5061122340141,yes,no NumaSuite EAN; title score 61.1 < 85.0
SGN000443006,R210,SGN000443006,tfidf+rapidfuzz,41.83,THROTTLE CABLE,Rato Horizontal Engine,,,yes,no NumaSuite EAN; title score 41.8 < 85.0
SM57/ST,LA-505-317,SM57/ST,tfidf+rapidfuzz,62.54,SEALEY BENCH GRINDER STAND,Lifestyle Wooden Garden Bench - 3 Seater Bench   1.5m,,,yes,no NumaSuite EAN; title score 62.5 < 85.0
SP51H-RFB,MF-2L0536133/MC,SP51H-RFB,tfidf+rapidfuzz,76.56,REFURBISHED MOUNTFIELD SP51H,Mountfield SP51H 3-in-1 Self-Propelled Petrol Lawnmower (with Honda Engine),,,yes,no NumaSuite EAN; title score 76.6 < 85.0
SP53H-E-RET,C-SP53H-E,SP53H-E-RET,tfidf+rapidfuzz,98.85,MOUNTFIELD SP53H-E ELITE 3-IN-1 SELF-PROPELLED PETROL LAWNMOWER (WITH ELECTRIC-START HONDA ENGINE) RETURN,Mountfield SP53H-E Elite 3-in-1 Self-Propelled Petrol Lawnmower (with Electric-Start Honda Engine),,5065022450481,yes,no NumaSuite EAN
SP555V-RTN,MF-SP555RV,SP555V-RTN,tfidf+rapidfuzz,76.2,MOUNTFIELD SP555V LAWNMOWER - EX DEMO,Mountfield SP555R-V Variable-Speed Petrol Rear-Roller Lawnmower (with Honda Engine),,8008984854505,yes,no NumaSuite EAN; title score 76.2 < 85.0
SPARTA-250-TR,OM-250-TR,SPARTA-250-TR,tfidf+rapidfuzz,95.96,OLEO-MAC SPARTA 250-TR LOW EMISSION CURVED SHAFT PETROL STRIMMER,Oleo-Mac Sparta 250-TR Low-Emission Curved-Shaft Petrol Grass-Trimmer,,,yes,no NumaSuite EAN
SPBC8,ZOM-BAT-CHARGER,SPBC8,tfidf+rapidfuzz,76.65,SEALEY SPBC8 FULLY AUTOMATIC BATTERY MAINTAINER/CHARGER 8A,Zomax 58v Battery Charger,,0660042457066,yes,no NumaSuite EAN; title score 76.7 < 85.0
SRM-237TESL,ECH-SRM-237TESL,SRM-237TESL,tfidf+rapidfuzz,100.0,ECHO SRM-237TESL HIGH-TORQUE PETROL BRUSHCUTTER,Echo SRM-237TESL High-Torque Petrol Brushcutter,,0000000000000,yes,no NumaSuite EAN
SSBCE,Echo-PRS-231M,SSBCE,tfidf+rapidfuzz,66.04,HONDA SSBCE BRUSHCUTTER ATTACHMENT - VERSATOOL,Echo PRS-231M Rotary-Scissor Brushcutter Attachment,,,yes,no NumaSuite EAN; title score 66.0 < 85.0
SSCLE,AP-907970000,SSCLE,tfidf+rapidfuzz,72.23,HONDA SSCLE CULTIVATOR ATTACHMENT - VERSATOOL,Apache Rear-Mounted Tiller/Cultivator Attachment – for P70 Two-Wheel Tractor,,0000000000000,yes,no NumaSuite EAN; title score 72.2 < 85.0
SSESLE,MF-281320003/21,SSESLE,tfidf+rapidfuzz,57.36,HONDA 22ESLE EXTENSION PIPE - VERSATOOL,Mountfield BC 435 H 4-Stroke Petrol Brushcutter (Honda Engine),,8008984840508,yes,no NumaSuite EAN; title score 57.4 < 85.0
SSHFLE,ECH-HCA-265ES-HD,SSHFLE,tfidf+rapidfuzz,70.23,HONDA SSHFLE LONG REACH HEDGETRIMMER ATTACH - VERSATOOL,Echo HCA-265ES-HD Long-Reach Petrol Hedgetrimmer,,4934110705639,yes,no NumaSuite EAN; title score 70.2 < 85.0
SSHH,HHH25S75ET,SSHH,tfidf+rapidfuzz,79.87,HONDA SSHH SE HEDGE TRIMMER ATTACHMENT - VERSATOOL,Honda HHH 25S 75E Hedge Trimmer,,,yes,no NumaSuite EAN; title score 79.9 < 85.0
SSPPE,ECH-MTA-DPP,SSPPE,tfidf+rapidfuzz,64.53,HONDA SSPPE PRUNER ATTACHEMENT - VERSATOOL,Echo MTA-DPP Cordless Multi-Tool Pole-Pruner Attachment,,0000000000000,yes,no NumaSuite EAN; title score 64.5 < 85.0
STF600-PRO,C-STF600-PRO,STF600-PRO,tfidf+rapidfuzz,96.5,SPECTRUM STF600-PRO PETROL FLAIL MOWER,Spectrum STF600-PRO Flail Mower,,5065022450221,yes,no NumaSuite EAN
SW106.2.0032.00.02,KT400-3 PRO,SW106.2.0032.00.02,tfidf+rapidfuzz,38.41,CARBURETTOR GASKET   SW4200,Spectrum KT400-3 Pro 3-in-1 Petrol Lawn Scarifier/Aerator/Sweeper-Groomer,,5065022450573,yes,no NumaSuite EAN; title score 38.4 < 85.0
SW106.2.0036.00.03,FAA008,SW106.2.0036.00.03,tfidf+rapidfuzz,66.78,AIR FILTER GASKET    SW4200,Lawn Mower Air Filter -  JR Spares - JR-FAA0008 fits Briggs and Stratton,,3760011421481,yes,no NumaSuite EAN; title score 66.8 < 85.0
SW106.2.0083.00.01,BCH005,SW106.2.0083.00.01,tfidf+rapidfuzz,56.64,ROCKER COVER GASKET   SW4200,Protective Cover for Snow Throwers- JR BCH005,,3760011424550,yes,no NumaSuite EAN; title score 56.6 < 85.0
SW106.2.2800.00.01,BCH005,SW106.2.2800.00.01,tfidf+rapidfuzz,58.58,ROCKER COVER   SW4200,Protective Cover for Snow Throwers- JR BCH005,,3760011424550,yes,no NumaSuite EAN; title score 58.6 < 85.0
SW106.2.3000.00.30,ACC-DEFL-84CM,SW106.2.3000.00.30,tfidf+rapidfuzz,33.56,COIL & LEAD    SW4200,Rear Deflector Flor 84cm Mountfield/Stiga Tractors,,,yes,no NumaSuite EAN; title score 33.6 < 85.0
SW106.2.3100.40.DW,JR-LAN0004,SW106.2.3100.40.DW,tfidf+rapidfuzz,63.51,RECOIL ASSY   SW4200,RECOIL HANDLE,,3760011422327,yes,no NumaSuite EAN; title score 63.5 < 85.0
SW106.2.3300.00.39,SBSCBC,SW106.2.3300.00.39,tfidf+rapidfuzz,36.24,CARBURETTOR ASSY   SW4200,Spectrum SBSCBC 40V Standard Battery Charger (0.5A),,5065022450719,yes,no NumaSuite EAN; title score 36.2 < 85.0
SW106.2.3400.00.01,JR-FAA0004,SW106.2.3400.00.01,tfidf+rapidfuzz,97.0,AIR FILTER,AIR FILTER BR690610 498596 697029,,3760011421443,yes,no NumaSuite EAN
SW106.2.3600.40.70,HAN-HP-199,SW106.2.3600.40.70,tfidf+rapidfuzz,53.31,FUEL TANK ASSY   SW4200,Handy Sure-Start Fuel Additive - 250ml,,,yes,no NumaSuite EAN; title score 53.3 < 85.0
SW11544-AX660-SJN,19158015,SW11544-AX660-SJN,tfidf+rapidfuzz,55.58,BELT FITS SW4200,Blade - Fits Feider FTDT5175ES Lawnmower | MowDirect,,,yes,no NumaSuite EAN; title score 55.6 < 85.0
SW420-RTN,SW420-EXPERT,SW420-RTN,tfidf+rapidfuzz,85.07,SPECTRUM SW420 SCARIFIER REFURB,Spectrum SW420-Expert 2-in-1 Petrol Lawn Scarifier/Aerator,,5065022450337,yes,no NumaSuite EAN
SW4200CAP,JR-CARB0001,SW4200CAP,tfidf+rapidfuzz,56.63,FUEL CAP  SW4200,FUEL PIPE INNER DIAMETER 6.35MM OUTER 12.7MM L30CM,,3760011420552,yes,no NumaSuite EAN; title score 56.6 < 85.0
SW48100-000050,19158015,SW48100-000050,tfidf+rapidfuzz,54.98,BELT GUARD COVER FITS SW4200,Blade - Fits Feider FTDT5175ES Lawnmower | MowDirect,,,yes,no NumaSuite EAN; title score 55.0 < 85.0
SW65100-000032,19158015,SW65100-000032,tfidf+rapidfuzz,55.58,BOLT FITS SW4200,Blade - Fits Feider FTDT5175ES Lawnmower | MowDirect,,,yes,no NumaSuite EAN; title score 55.6 < 85.0
SW65115-000059-111,JR-LAN0004,SW65115-000059-111,tfidf+rapidfuzz,69.7,BLADE ENGAGEMENT HANDLE   SW4200,RECOIL HANDLE,,3760011422327,yes,no NumaSuite EAN; title score 69.7 < 85.0
SW65144-000700-111,JR-LAN0004,SW65144-000700-111,tfidf+rapidfuzz,69.86,HANDLE BAR QUICK RELEASE NUT   SW4200,RECOIL HANDLE,,3760011422327,yes,no NumaSuite EAN; title score 69.9 < 85.0
SW68100-000024-W,ST-FS40,SW68100-000024-W,tfidf+rapidfuzz,55.16,GRASS BOX ROD   SW4200,STIHL FS40 Curved-Shaft Grass Trimmer,,,yes,no NumaSuite EAN; title score 55.2 < 85.0
SW68100-000025,STIG-278131808/St1,SW68100-000025,tfidf+rapidfuzz,56.43,FLAP SPRING FITS SW4200,Stiga Fast Charger | Fits E-Ride Models,,,yes,no NumaSuite EAN; title score 56.4 < 85.0
SW68100-000800-898,SIMP-1696073,SW68100-000800-898,tfidf+rapidfuzz,56.08,GRASS BAG NETTING FITS SW4200,Simplicity Twin-Bag Collector - Fits Regent XL/SLT110 & SLT175 | 1696073,,,yes,no NumaSuite EAN; title score 56.1 < 85.0
SW68100-001000-001,FD-BTR55,SW68100-001000-001,tfidf+rapidfuzz,57.75,GRASS BAG FRAME   SW42000,Feider BTR55 Mini Wheeled Grass-Trimmer,,3661602025517,yes,no NumaSuite EAN; title score 57.7 < 85.0
SW68100-001200,17338046,SW68100-001200,tfidf+rapidfuzz,57.76,BLADE ENGAGEMENT CABLE FITS SW4200,"Lawnmower Blade - 50.2cm | Fits Feider & Racing 20"" Models",,3664142164166,yes,no NumaSuite EAN; title score 57.8 < 85.0
SW68100-001510,TG480RTTR,SW68100-001510,tfidf+rapidfuzz,37.68,BELT TENSIONING PLATE   SW4200,"Spectrum TG480RTTR Rear-Tine Petrol Cultivator — 211cc, 48cm Working Width",,5061122340196,yes,no NumaSuite EAN; title score 37.7 < 85.0
SW68100-001530,SVC-PUNCTURE-PREV,SW68100-001530,tfidf+rapidfuzz,38.24,BELT TENSIONER PULLEY   SW4200,Pre-delivery Puncture Prevention Service,,,yes,no NumaSuite EAN; title score 38.2 < 85.0
SW68100-001600Z-111,JR-LAN0004,SW68100-001600Z-111,tfidf+rapidfuzz,69.7,HEIGHT OF CUT HANDLE   SW4200,RECOIL HANDLE,,3760011422327,yes,no NumaSuite EAN; title score 69.7 < 85.0
SW68100-001603-E,19158015,SW68100-001603-E,tfidf+rapidfuzz,54.94,PLATE FITS SW4200,Blade - Fits Feider FTDT5175ES Lawnmower | MowDirect,,,yes,no NumaSuite EAN; title score 54.9 < 85.0
SW68110-000900-111,SBS220CHM,SW68110-000900-111,tfidf+rapidfuzz,36.92,THROTTLE CABLE ASSEMBLY SW4200,Spectrum SBS220CHM 22cm Cordless Handy Mower — Bare Tool (Battery & Charger Sold Separately),,5065022450627,yes,no NumaSuite EAN; title score 36.9 < 85.0
SW896-6-B,STIG-278131808/St1,SW896-6-B,tfidf+rapidfuzz,59.19,E RINGS FITS SW4200,Stiga Fast Charger | Fits E-Ride Models,,,yes,no NumaSuite EAN; title score 59.2 < 85.0
SWBLADE,DDS010,SWBLADE,tfidf+rapidfuzz,58.3,BLADE CASSETTE   SW4200,4-Tooth Metal Brushcutter-Blade - JR DDS010,,3760011421368,yes,no NumaSuite EAN; title score 58.3 < 85.0
SWQ28-000000AF,SBS220CHM-KIT,SWQ28-000000AF,tfidf+rapidfuzz,63.56,COMPLETE ENGINE   SW4200,Spectrum SBS220CHM 22cm Cordless Handy Mower — Complete Kit (2.0Ah Battery + Charger),,5061122340141,yes,no NumaSuite EAN; title score 63.6 < 85.0
SWSPIKE,SBS40CB,SWSPIKE,tfidf+rapidfuzz,37.36,SPIKE CASSETTE   SW4200,Spectrum SBS40CB 40V 4.0Ah Lithium-Ion Battery Pack,,5065022450689,yes,no NumaSuite EAN; title score 37.4 < 85.0
T92H,C-T92H,T92H,tfidf+rapidfuzz,69.26,"HARRY T92H TRACTOR 36"" DECK 432CC ENGINE""",Harry T92H Rear-Collect Lawn Tractor with Hydrostatic Transmission,,5391549590011,yes,no NumaSuite EAN; title score 69.3 < 85.0
TB51S11-RTN,R-RTN533,TB51S11-RTN,tfidf+rapidfuzz,79.98,RUIKAILI TB51S11 SELF-PROPELLED PETROL LAWNMOWER - EX DEMO,Racing 4660PL Self-Propelled Petrol Lawnmower,,3661602019479,yes,no NumaSuite EAN; title score 80.0 < 85.0
TBA30DUN,2T2010483/M25,TBA30DUN,tfidf+rapidfuzz,58.01,DRIVE BELT   62PR A30,Mountfield T30M Gear Drive 2-in-1 Lawn Tractor,,8008984869042,yes,no NumaSuite EAN; title score 58.0 < 85.0
TG11000179,TG561-SWT,TG11000179,tfidf+rapidfuzz,37.29,BELT GUARD   TG51,Spectrum TG561-SWT Self Propelled Wheeled Trimmer,,5065022450511,yes,no NumaSuite EAN; title score 37.3 < 85.0
TG12000160,STIG-279210008/ST1,TG12000160,tfidf+rapidfuzz,64.01,LOWER HANDLE  TG56,Stiga SBC 900 D AE 48v Cordless Brushcutter with ‘Cowhorn’ Handle (Tool Only),,8008984844179,yes,no NumaSuite EAN; title score 64.0 < 85.0
TG14100040,2T2010483/M25,TG14100040,tfidf+rapidfuzz,54.79,DRIVE CABLE TG51 TG56,Mountfield T30M Gear Drive 2-in-1 Lawn Tractor,,8008984869042,yes,no NumaSuite EAN; title score 54.8 < 85.0
TG173OHV,SBS480CBV-KIT,TG173OHV,tfidf+rapidfuzz,70.02,COMPLETE ENGINE ASSY SPECTRUM 173CC,Spectrum SBS480CBV 40V Cordless Leaf Blower Vacuum — Complete Kit (4.0Ah Battery + Fast Charger),,5061122340158,yes,no NumaSuite EAN; title score 70.0 < 85.0
TG29000016,JR-CARB0003,TG29000016,tfidf+rapidfuzz,59.34,BREATHER PIPE,FUEL PIPE INNER DIAMETER 4.5MM OUTER 10MM L30CM (JR-CARB0003),,3760011420576,yes,no NumaSuite EAN; title score 59.3 < 85.0
TG29000019,JR-CARB0003,TG29000019,tfidf+rapidfuzz,97.0,FUEL PIPE,FUEL PIPE INNER DIAMETER 4.5MM OUTER 10MM L30CM (JR-CARB0003),,3760011420576,yes,no NumaSuite EAN
TG40PD-RET,C-TG40PD-AMZ,TG40PD-RET,tfidf+rapidfuzz,82.8,SPECTRUM TG40PD RETURN,Spectrum TG40PD Self-Propelled Petrol Lawnmower (Amazon),,5065022450108,yes,no NumaSuite EAN; title score 82.8 < 85.0
TG40SE-RET,TG40SE,TG40SE-RET,tfidf+rapidfuzz,80.6,SPECTRUM TG40SE LAWNMOWER - REFURBISHED,Spectrum TG40SE Self-Propelled Petrol Lawnmower with Electric Start,,5065022450115,yes,no NumaSuite EAN; title score 80.6 < 85.0
TG51PD-RET,C-TG51PD-AMZ,TG51PD-RET,tfidf+rapidfuzz,77.01,SPECTRUM TG51PD LAWNMOWER - RETURN MODEL,Spectrum TG51PD Self-Propelled Petrol Lawnmower (Amazon),,5065022450146,yes,no NumaSuite EAN; title score 77.0 < 85.0
TG60FTTR-RTN,TG60FTTR,TG60FTTR-RTN,tfidf+rapidfuzz,87.58,SPECTRUM TG60FTTR PETROL CULTIVATOR RETURN,"Spectrum TG60FTTR Front-Tine Petrol Cultivator — 212cc, 7HP, 30/60cm Adjustable Width",,5065022450207,yes,no NumaSuite EAN
THET,HAN-THET-A,THET,tfidf+rapidfuzz,97.15,HANDY THET 800W ELECTRIC TILLER/CULTIVATOR,Handy THET-A Electric Tiller / Cultivator,,5060012803377,yes,no NumaSuite EAN
THGR92P,STIG-299900260/0,THGR92P,tfidf+rapidfuzz,72.88,HANDY 92CM TOWED ROLLER,Stiga 56cm Towed Poly Ballast Roller | 299900260/0,,7313321306397,yes,no NumaSuite EAN; title score 72.9 < 85.0
TY5-7STAND,C-TY5-7STAND,TY5-7STAND,tfidf+rapidfuzz,88.65,SPECTRUM LOG SPLITTER STAND FOR 5T AND 7T LOG SPLITTERS,Spectrum TY5-7 Log Splitter Stand,,,yes,no NumaSuite EAN
TY5000H,C-TY5000H,TY5000H,tfidf+rapidfuzz,100.0,SPECTRUM TY5000H 5 TONNE LOG SPLITTER,Spectrum TY5000H 5 Tonne Log Splitter,,5065022450290,yes,no NumaSuite EAN
TY7000H,C-TY7000H,TY7000H,tfidf+rapidfuzz,100.0,SPECTRUM TY7000H 7 TONNE LOG SPLITTER,Spectrum TY7000H 7 Tonne Log Splitter,,5065022450306,yes,no NumaSuite EAN
UMC425E,ECH-MTA-DTB,UMC425E,tfidf+rapidfuzz,59.19,HONDA VERSATOOL UMC425 MULTI TOOL,Echo MTA-DTB Cordless Multi-Tool Grass-Trimmer Attachment,,,yes,no NumaSuite EAN; title score 59.2 < 85.0
UMK425E2LE,UMK-425-LE,UMK425E2LE,tfidf+rapidfuzz,98.53,HONDA UMK 425 LE 4-STROKE BRUSHCUTTER,Honda UMK 425 LE 4-Stroke Brush Cutter,,,yes,no NumaSuite EAN
VS256S-TLE27,RAC-25PB,VS256S-TLE27,tfidf+rapidfuzz,78.49,DANARM VS256S-TLE27 SEMI-PROFESSIONAL PETROL BRUSHCUTTER,Racing 25PB Petrol Brushcutter,,3661602006264,yes,no NumaSuite EAN; title score 78.5 < 85.0
WP43349A,JR-FAA003,WP43349A,tfidf+rapidfuzz,83.75,PRE FILTER - QUANTUM,QUANTUM AIR FILTER  | JR FAA003,,3760011421429,yes,no NumaSuite EAN; title score 83.8 < 85.0
WP70572,JR-FAA0004,WP70572,tfidf+rapidfuzz,59.9,FUNNEL WITH FILTER 165MM,AIR FILTER BR690610 498596 697029,,3760011421443,yes,no NumaSuite EAN; title score 59.9 < 85.0
WPL190,HAN-HP-177,WPL190,tfidf+rapidfuzz,71.02,HANDY PARTS 5LT FORESTERS SUPER RED CHAIN OIL,Handy 500ml Chainsaw Chain-Oil,,,yes,no NumaSuite EAN; title score 71.0 < 85.0
WPL195,HAN-HP-177,WPL195,tfidf+rapidfuzz,71.02,HANDY PARTS 1LT FORESTERS SUPER RED CHAIN OIL,Handy 500ml Chainsaw Chain-Oil,,,yes,no NumaSuite EAN; title score 71.0 < 85.0
ZX31PIX,2T2010483/M25,ZX31PIX,tfidf+rapidfuzz,32.8,BELT TOOTHED    ZX31,Mountfield T30M Gear Drive 2-in-1 Lawn Tractor,,8008984869042,yes,no NumaSuite EAN; title score 32.8 < 85.0
DCS-2500T,ECH-DCS-2500T,DCS-2500T,tfidf+rapidfuzz,100.0,Echo DCS-2500T 56v Top-Handle Cordless Arborist’s Chainsaw – 25cm Guide Bar (Tool Only),Echo DCS-2500T 56v Top-Handle Cordless Arborist's Chainsaw – 25cm Guide Bar (Tool Only),,4934110706025,yes,no NumaSuite EAN
FRT90EL,FD-FRT90EL,FRT90EL,tfidf+rapidfuzz,91.67,FEIDER 90EL SIDE DISCHARGE LAWN TRACTOR,Feider FRT90EL Side-Discharge Lawn Tractor with Manual Drive,,3661602044013,yes,no NumaSuite EAN
SZT250,SIMP-SZT250,SZT250,tfidf+rapidfuzz,91.08,SIMPLICITY COURIER SZT250 ZERO TURN WITH STRIPING ROLLER,Simplicity Courier™ SZT250 Zero-Turn Ride-On Mower (with Striping Rollers),,0000000000000,yes,no NumaSuite EAN
182004360/0,JR-LTD0011,182004360/0,tfidf+rapidfuzz,74.81,RIGHT HAND MULCHING BLADE,MOWER BLADE MULCHING 81004146/0 L476MM BORE 18.3MM SPA 65MM,,3760011422518,yes,no NumaSuite EAN; title score 74.8 < 85.0
DC830033,JR-PRT006,DC830033,tfidf+rapidfuzz,63.26,STEERING COG (PLASTIC),ANTI NOISE PLASTIC SCREEN GOGGLES ELASTICATED,,,yes,no NumaSuite EAN; title score 63.3 < 85.0
LFH1050,SEALEY-WPP2,LFH1050,tfidf+rapidfuzz,57.84,"SEALEY LAY FLAT HOSE - 2"" DIAMETER / 10M""","Sealey 2"" Petrol-Powered High-Lift Emergency Water Pump Kit",,,yes,no NumaSuite EAN; title score 57.8 < 85.0
06451-VB5-A01,R-RTN631,06451-VB5-A01,tfidf+rapidfuzz,72.32,CLUTCH CABLE,Stiga Twinclip 55 SH BBC Self-Propelled Lawnmower with Blade-Brake Clutch,,,yes,no NumaSuite EAN; title score 72.3 < 85.0
DC831127,100134Y,DC831127,tfidf+rapidfuzz,63.55,STEERING RACK FITS SPECTRUM DC24-4,"Spectrum  100134Y Replacement Concrete Mixer Drum — fits Belle, Build Buddy & Screwfix Mixers",,5065022450764,yes,no NumaSuite EAN; title score 63.5 < 85.0
HA306107,R-RTN631,HA306107,tfidf+rapidfuzz,54.99,CLUTCH CABLE (HAYTER HARRIER),Stiga Twinclip 55 SH BBC Self-Propelled Lawnmower with Blade-Brake Clutch,,,yes,no NumaSuite EAN; title score 55.0 < 85.0
593217,FAA008,593217,tfidf+rapidfuzz,76.84,PRE AIR FILTER (B&S),Lawn Mower Air Filter -  JR Spares - JR-FAA0008 fits Briggs and Stratton,,3760011421481,yes,no NumaSuite EAN; title score 76.8 < 85.0
DC94041,17338046,DC94041,tfidf+rapidfuzz,56.65,RIGHT STEERING ARM FITS DC24-4,"Lawnmower Blade - 50.2cm | Fits Feider & Racing 20"" Models",,3664142164166,yes,no NumaSuite EAN; title score 56.6 < 85.0
ST95129332260,OLY-66-824,ST95129332260,tfidf+rapidfuzz,58.43,SMALL END BEARING SPROCKET,"Roughneck 24"" Bow Saw fitted with Small Straight Teeth",,0025997668248,yes,no NumaSuite EAN; title score 58.4 < 85.0
DC830109,DAN-71901-924,DC830109,tfidf+rapidfuzz,73.6,SIDE DISCHARGE FLAP FITS DC24-4,Danarm Side-Discharge Deflector – for 53cm 4-Wheeled & Roller Lawnmowers | 71901-924,,0000000000000,yes,no NumaSuite EAN; title score 73.6 < 85.0
A369-000001,JR-FAE0001,A369-000001,tfidf+rapidfuzz,63.9,FUEL STRAINER,FUEL FILTER RIDER -                        WP73112,,3760011421528,yes,no NumaSuite EAN; title score 63.9 < 85.0
118400997/1,2T2010483/M25,118400997/1,tfidf+rapidfuzz,32.7,GEARBOX (KTM10F),Mountfield T30M Gear Drive 2-in-1 Lawn Tractor,,8008984869042,yes,no NumaSuite EAN; title score 32.7 < 85.0
492932S,JR-FAH0002,492932S,tfidf+rapidfuzz,84.45,OIL FILTER (B&S),OIL FILTER LONG VARIOUS,,3760011421559,yes,no NumaSuite EAN; title score 84.4 < 85.0
DC92400,100134Y,DC92400,tfidf+rapidfuzz,70.79,CABLE FITS SPECTRUM DC24-4,"Spectrum  100134Y Replacement Concrete Mixer Drum — fits Belle, Build Buddy & Screwfix Mixers",,5065022450764,yes,no NumaSuite EAN; title score 70.8 < 85.0
TG40PD-AMZ,C-TG40PD-AMZ,TG40PD-AMZ,tfidf+rapidfuzz,83.0,SPECTRUM TG40PD LAWNMOWER - AMAZON FULFILLED,Spectrum TG40PD Self-Propelled Petrol Lawnmower (Amazon),,5065022450108,yes,no NumaSuite EAN; title score 83.0 < 85.0
80211-VK1-003,FG320,80211-VK1-003,tfidf+rapidfuzz,59.0,LOCKING PIN (HONDA),Honda FG320 Petrol Compact Tiller,,,yes,no NumaSuite EAN; title score 59.0 < 85.0
830191,DM26C,830191,tfidf+rapidfuzz,56.69,GRASS BOX SAFETY SWITCH FITS DC24-4,Spectrum DM26C Curved-Shaft Petrol Grass and weed Strimmer,,5065022450023,yes,no NumaSuite EAN; title score 56.7 < 85.0
TG29000008,JR-LAN0004,TG29000008,tfidf+rapidfuzz,70.47,COMPLETE RECOIL ASSEMBLY FITS ALL TG MODELS,RECOIL HANDLE,,3760011422327,yes,no NumaSuite EAN; title score 70.5 < 85.0
HV5032173-21,CS-3410,HV5032173-21,tfidf+rapidfuzz,40.5,SCREW (HUSQVARNA),Echo CS-3410 Petrol 2-Stroke Chainsaw,,,yes,no NumaSuite EAN; title score 40.5 < 85.0
TG40SE-AMZ,C-TG40SE-AMZ,TG40SE-AMZ,tfidf+rapidfuzz,81.14,SPECTRUM TG40SE KEY START  LAWNMOWER - AMAZON FULFILLED,Spectrum TG40SE Self-Propelled Petrol Lawnmower with Electric Start (Amazon),,5065022450115,yes,no NumaSuite EAN; title score 81.1 < 85.0
1134-9125-01,STIG-107CM-RUB-SCRAPER,1134-9125-01,tfidf+rapidfuzz,68.96,BLADE BAR ASSY (3PCS),Stiga Rubber Scraper Bar for 107cm Snow Blade | 13-3904-61,,7313321307714,yes,no NumaSuite EAN; title score 69.0 < 85.0
123275032/0,JR-CARB0003,123275032/0,tfidf+rapidfuzz,64.46,RUBBER FUEL PIPE GROMMET,FUEL PIPE INNER DIAMETER 4.5MM OUTER 10MM L30CM (JR-CARB0003),,3760011420576,yes,no NumaSuite EAN; title score 64.5 < 85.0
DC371501,100134Y,DC371501,tfidf+rapidfuzz,61.93,CONROD ASSEMBLY FITS SPECTRUM DC24-4,"Spectrum  100134Y Replacement Concrete Mixer Drum — fits Belle, Build Buddy & Screwfix Mixers",,5065022450764,yes,no NumaSuite EAN; title score 61.9 < 85.0
TG29000042,TG46SE-AMZ,TG29000042,tfidf+rapidfuzz,49.73,STARTER MOTOR FOR TG46S/SE,Spectrum TG46SE 3-in-1 Self-Propelled Petrol Lawnmower with Electric Start (Amazon),,5065022450139,yes,no NumaSuite EAN; title score 49.7 < 85.0
754-05001,2T1315481/ST1,754-05001,tfidf+rapidfuzz,39.24,V-BELT,Stiga Estate 7122 W Rear-Collect V-Twin Garden Tractor with Hydrostatic Drive,,8008984869196,yes,no NumaSuite EAN; title score 39.2 < 85.0
STF600-PRO-RET,C-STF600-PRO,STF600-PRO-RET,tfidf+rapidfuzz,96.5,SPECTRUM STF600-PRO PETROL FLAIL MOWER RETURN,Spectrum STF600-PRO Flail Mower,,5065022450221,yes,no NumaSuite EAN
17218-Z6M-000,JR-FAA0004,17218-Z6M-000,tfidf+rapidfuzz,65.04,PRE FILTER HONDA,AIR FILTER BR690610 498596 697029,,3760011421443,yes,no NumaSuite EAN; title score 65.0 < 85.0
831199,17338046,831199,tfidf+rapidfuzz,55.2,THROTTLE CABLE FITS DC24-4,"Lawnmower Blade - 50.2cm | Fits Feider & Racing 20"" Models",,3664142164166,yes,no NumaSuite EAN; title score 55.2 < 85.0
DC371201,100134Y,DC371201,tfidf+rapidfuzz,69.65,PISTON FITS SPECTRUM DC24-4,"Spectrum  100134Y Replacement Concrete Mixer Drum — fits Belle, Build Buddy & Screwfix Mixers",,5065022450764,yes,no NumaSuite EAN; title score 69.7 < 85.0
FRTF1,JR-LAN0004,FRTF1,tfidf+rapidfuzz,69.86,HANDLE BAR KNOB NUT FITS FRTF200,RECOIL HANDLE,,3760011422327,yes,no NumaSuite EAN; title score 69.9 < 85.0
A021-001742,HF2625HTEH,A021-001742,tfidf+rapidfuzz,38.64,CARBURETOR,Honda HF 2625 HTE Premium Lawn Tractor,,,yes,no NumaSuite EAN; title score 38.6 < 85.0
20070083,FRT75BS125,20070083,tfidf+rapidfuzz,71.5,ENGINE BRAKE CABLE (FEIDER),Feider FRT75BS125  Rear-Collect Ride-On Mower with Manual Drive & Briggs Engine,,,yes,no NumaSuite EAN; title score 71.5 < 85.0
STFPULLEY,JR-TFN039,STFPULLEY,tfidf+rapidfuzz,67.31,ALUMINIUM IDLER PULLEY,Universal Aluminium Trimmer Head with 3mm Line - JR TFN039,,3760011423041,yes,no NumaSuite EAN; title score 67.3 < 85.0
287221002/ST1,STIG-287221002/ST1,287221002/ST1,tfidf+rapidfuzz,100.0,STIGA BC 535 B PETROL BRUSHCUTTER,Stiga BC 535 B Petrol Brushcutter,,,yes,no NumaSuite EAN
OR-0347-00300,OR-FL500BC,OR-0347-00300,tfidf+rapidfuzz,53.15,HST HOSE WITH CLIP (OREC),Orec FL500BC Rough-Grass Mower (with Honda Engine),,3570521145575,yes,no NumaSuite EAN; title score 53.1 < 85.0
FRTF22,FNHPT240,FRTF22,tfidf+rapidfuzz,57.26,FLAT WASHER FITS FRTF220,Feider FNHPT240 Petrol Pressure-Washer,,3661602026453,yes,no NumaSuite EAN; title score 57.3 < 85.0
DC831163,STIG-13-0939-61,DC831163,tfidf+rapidfuzz,68.15,FRONT AXLE FITS DC24-4,Stiga 2 x 17kg Axle Frame Weights for Select Park Front-Cut Ride-On Mowers | 13-0939-61,,,yes,no NumaSuite EAN; title score 68.2 < 85.0
TG17000152,STIG-278131808/St1,TG17000152,tfidf+rapidfuzz,61.75,DRIVE BELT FITS TG46,Stiga Fast Charger | Fits E-Ride Models,,,yes,no NumaSuite EAN; title score 61.7 < 85.0
831177,SBS460CLM-KIT,831177,tfidf+rapidfuzz,62.59,COMPLETE GEARBOX FITS DC24-4,Spectrum SBS460CLM 46cm Self-Propelled Cordless Lawn Mower — Complete Kit (2× 4.0Ah Battery + Charger),,5061122340134,yes,no NumaSuite EAN; title score 62.6 < 85.0
AK464453,OLY-66-852,AK464453,tfidf+rapidfuzz,63.66,V-PULLEY SMALL,Roughneck 53cm Seasoned-Wood Bow-Saw Blade with Small Straight Teeth | 66-852,,0025997668521,yes,no NumaSuite EAN; title score 63.7 < 85.0
112642450/0,AGFA-45-0294,112642450/0,tfidf+rapidfuzz,60.24,SPRING PIN  D = 3 X 14,Agri-Fab 102cm Spring-Tine Dethatcher | 45-0294,,,yes,no NumaSuite EAN; title score 60.2 < 85.0
DC371601,100134Y,DC371601,tfidf+rapidfuzz,63.96,PISTON RINGS FITS SPECTRUM DC24-4,"Spectrum  100134Y Replacement Concrete Mixer Drum — fits Belle, Build Buddy & Screwfix Mixers",,5065022450764,yes,no NumaSuite EAN; title score 64.0 < 85.0
50.1101.0007,FNHPT240,50.1101.0007,tfidf+rapidfuzz,62.47,FUEL PRESSURE TUBE (MITOX),Feider FNHPT240 Petrol Pressure-Washer,,3661602026453,yes,no NumaSuite EAN; title score 62.5 < 85.0
DC830024,17338046,DC830024,tfidf+rapidfuzz,53.73,AXLE BEARINGS FITS DC24-4,"Lawnmower Blade - 50.2cm | Fits Feider & Racing 20"" Models",,3664142164166,yes,no NumaSuite EAN; title score 53.7 < 85.0
1145051,19158015,1145051,tfidf+rapidfuzz,73.22,BLADE (FITS FTDTR4870),Blade - Fits Feider FTDT5175ES Lawnmower | MowDirect,,,yes,no NumaSuite EAN; title score 73.2 < 85.0
81330-VF0-751,MF-281210003/21,81330-VF0-751,tfidf+rapidfuzz,74.04,GRASS BAG FRAME (HONDA),Mountfield TR 425 HJ 4-Stroke Curved-Shaft Petrol Grass-Trimmer (Honda Engine),,8008984843646,yes,no NumaSuite EAN; title score 74.0 < 85.0
G44-TK,OM-G44-TK,G44-TK,tfidf+rapidfuzz,98.33,OLEO-MAC G44-TK COMFORT PLUS SELF-PROPELLED PETROL LANWMOWER,Oleo-Mac G44-TK Comfort-Plus Self-Propelled Petrol Lawnmower,,,yes,no NumaSuite EAN
GS411-325,OM-GS-411-325,GS411-325,tfidf+rapidfuzz,79.8,OLEO-MAC GS411-325 PETROL CHAINSAW 39cc / 16'',Oleo-Mac GS-411-325 Petrol Chainsaw (41cm Guide Bar with .325” Chain).,,8026619062712,yes,no NumaSuite EAN; title score 79.8 < 85.0
830193,19158015,830193,tfidf+rapidfuzz,54.96,SAFETY SWITCH FITS DC24-4,Blade - Fits Feider FTDT5175ES Lawnmower | MowDirect,,,yes,no NumaSuite EAN; title score 55.0 < 85.0
DC97483,100134Y,DC97483,tfidf+rapidfuzz,63.55,STARTER MOTOR FITS SPECTRUM DC24-4,"Spectrum  100134Y Replacement Concrete Mixer Drum — fits Belle, Build Buddy & Screwfix Mixers",,5065022450764,yes,no NumaSuite EAN; title score 63.5 < 85.0
TG11000034,JR-LAN0004,TG11000034,tfidf+rapidfuzz,69.7,HEIGHT OF CUT HANDLE FITS TG51,RECOIL HANDLE,,3760011422327,yes,no NumaSuite EAN; title score 69.7 < 85.0
ALF016A57698,AT-299489077/AT1,ALF016A57698,tfidf+rapidfuzz,69.2,ROLLER DRIVE PINION (ATCO),Atco Liner 18S Li KIT 48v Cordless Self-Propelled Roller Lawnmower (Inc. Batteries & Charger),,8008984853997,yes,no NumaSuite EAN; title score 69.2 < 85.0
DC304601,JR-LAN0004,DC304601,tfidf+rapidfuzz,71.37,RECOIL FAN FITS SPECTRUM DC24-4,RECOIL HANDLE,,3760011422327,yes,no NumaSuite EAN; title score 71.4 < 85.0
DC96522,19158015,DC96522,tfidf+rapidfuzz,52.47,KEYWAY FITS DC24-4,Blade - Fits Feider FTDT5175ES Lawnmower | MowDirect,,,yes,no NumaSuite EAN; title score 52.5 < 85.0
610320-52130,TRCL,610320-52130,tfidf+rapidfuzz,62.32,NUT (10),SCH TRCL Collector/Trailer - Capacity 10 cwt,,,yes,no NumaSuite EAN; title score 62.3 < 85.0
91103-VA4-003,MF-SP53H,91103-VA4-003,tfidf+rapidfuzz,65.14,BEARING (HONDA),Mountfield SP53 Elite 3-in-1 Self-Propelled Petrol Lawnmower (with Honda Engine),,8008984843349,yes,no NumaSuite EAN; title score 65.1 < 85.0
FRTF28,19158015,FRTF28,tfidf+rapidfuzz,57.41,FROWARD BELT FITS FRTF220,Blade - Fits Feider FTDT5175ES Lawnmower | MowDirect,,,yes,no NumaSuite EAN; title score 57.4 < 85.0
DC831172,R210,DC831172,tfidf+rapidfuzz,35.26,MANDRIL HOUSING,Rato Horizontal Engine,,,yes,no NumaSuite EAN; title score 35.3 < 85.0
610314-52130,HF2625HTEH,610314-52130,tfidf+rapidfuzz,42.7,PLATE ADAPTER (L),Honda HF 2625 HTE Premium Lawn Tractor,,,yes,no NumaSuite EAN; title score 42.7 < 85.0
DC831197,C-HRTF220,DC831197,tfidf+rapidfuzz,31.23,DOWEL DC24,Feider HRTF220 Pro Two-Wheel Rear-Tine Rotary Cultivator,,3661602049346,yes,no NumaSuite EAN; title score 31.2 < 85.0
94292,19158015,94292,tfidf+rapidfuzz,51.73,GEARBOX PULLEY FITS DC24-4,Blade - Fits Feider FTDT5175ES Lawnmower | MowDirect,,,yes,no NumaSuite EAN; title score 51.7 < 85.0
DC831140,17338046,DC831140,tfidf+rapidfuzz,56.51,TRANSMISSION PULLEY FITS DC24-4,"Lawnmower Blade - 50.2cm | Fits Feider & Racing 20"" Models",,3664142164166,yes,no NumaSuite EAN; title score 56.5 < 85.0
699229-56830,HAY-LAWNMOWER-COVER,699229-56830,tfidf+rapidfuzz,70.52,PLATE COVER,Hayter Lawnmower Cover,,,yes,no NumaSuite EAN; title score 70.5 < 85.0
FRTF33,R210,FRTF33,tfidf+rapidfuzz,56.96,COMPLETE ENGINE ASSEMBLY FITS FRTF220,Rato Horizontal Engine,,,yes,no NumaSuite EAN; title score 57.0 < 85.0
DC831164,100134Y,DC831164,tfidf+rapidfuzz,59.42,PEDAL CONNECTING ROD FITS SPECTRUM DC24-4,"Spectrum  100134Y Replacement Concrete Mixer Drum — fits Belle, Build Buddy & Screwfix Mixers",,5065022450764,yes,no NumaSuite EAN; title score 59.4 < 85.0
EU32I,EU22I,EU32I,tfidf+rapidfuzz,97.3,Honda EU32i Petrol Inverter Generator,Honda EU22i Petrol Inverter Generator,,,yes,no NumaSuite EAN
PW300HC,OM-PW300HC,PW300HC,tfidf+rapidfuzz,79.61,OLEO MAC HOT WATER HIGH PRESSURE WASHER - PW 300 HC,Oleo Mac PW300HC Electric Hot-Water Pressure Washer,,8026619025144,yes,no NumaSuite EAN; title score 79.6 < 85.0
092426E701MA,FD-FTDE1200R-1-RTN752,092426E701MA,tfidf+rapidfuzz,66.94,PLATE (REAR),Feider FTDE1200R Electric 4-Wheeled Rear-Roller Lawnmower - Pre-Owned RTN752,,3661602028792,yes,no NumaSuite EAN; title score 66.9 < 85.0
137950017/0,SBSCBC,137950017/0,tfidf+rapidfuzz,33.33,TYRE   17 X 8.00-8,Spectrum SBSCBC 40V Standard Battery Charger (0.5A),,5065022450719,yes,no NumaSuite EAN; title score 33.3 < 85.0
DC830119-216,JR-LAN0004,DC830119-216,tfidf+rapidfuzz,69.7,GEARBOX LEVER HANDLE RUBBER,RECOIL HANDLE,,3760011422327,yes,no NumaSuite EAN; title score 69.7 < 85.0
DC94343,SEAL-PWM2500SP,DC94343,tfidf+rapidfuzz,61.21,WASHER FITS DC24-4,Sealey PWM2500SP Professional Self-Priming Petrol Pressure Washer | 220bar/450L/hr,,0,yes,no NumaSuite EAN; title score 61.2 < 85.0
831138,MASP-482949,831138,tfidf+rapidfuzz,54.39,DECK PULLEY FITS DC24-4,Masport 575 AL SP Combination 4-in-1 Self-Propelled Petrol Lawnmower with Aluminium Deck,,9414974658395,yes,no NumaSuite EAN; title score 54.4 < 85.0
DC96103,100134Y,DC96103,tfidf+rapidfuzz,59.75,VALVE COVER GASKET FITS SPECTRUM DC24-4,"Spectrum  100134Y Replacement Concrete Mixer Drum — fits Belle, Build Buddy & Screwfix Mixers",,5065022450764,yes,no NumaSuite EAN; title score 59.8 < 85.0
TR-G339XX60000,R-RTN631,TR-G339XX60000,tfidf+rapidfuzz,70.42,BRAKE CABLE,Stiga Twinclip 55 SH BBC Self-Propelled Lawnmower with Blade-Brake Clutch,,,yes,no NumaSuite EAN; title score 70.4 < 85.0
6205-2RS-NR,TG45SC,6205-2RS-NR,tfidf+rapidfuzz,31.4,BEARING 25X52X15,"Spectrum TG45SC Petrol Scarifier & Aerator — 223cc, 45cm, 2-in-1",,5061122340127,yes,no NumaSuite EAN; title score 31.4 < 85.0
DC831139,17338046,DC831139,tfidf+rapidfuzz,56.51,TRANSMISSION PULLEY FITS DC24-4,"Lawnmower Blade - 50.2cm | Fits Feider & Racing 20"" Models",,3664142164166,yes,no NumaSuite EAN; title score 56.5 < 85.0
HCS-2810ES,ECH-HCS-2810ES,HCS-2810ES,tfidf+rapidfuzz,96.65,ECHO HCS-2810ES PROFESSIONAL SINGLE-SIDED PETROL HEDGETRIMMER,Echo HCS-2810ES Single-Sided Petrol Hedgetrimmer,,0000000000000,yes,no NumaSuite EAN
EWP050,SEALEY-WPP2,EWP050,tfidf+rapidfuzz,97.07,"SEALEY 2"" PETROL-POWERED HIGH-LIFT WATER PUMP KIT""","Sealey 2"" Petrol-Powered High-Lift Emergency Water Pump Kit",,,yes,no NumaSuite EAN
LW40001084339000,MANT-4333,LW40001084339000,tfidf+rapidfuzz,60.45,TRANSMISSION MANTIS,Mantis Kick-Stand Attachment | 4333,,,yes,no NumaSuite EAN; title score 60.5 < 85.0
DC831150,17338046,DC831150,tfidf+rapidfuzz,54.6,TENSIONER PULLEY FITS DC24-4,"Lawnmower Blade - 50.2cm | Fits Feider & Racing 20"" Models",,3664142164166,yes,no NumaSuite EAN; title score 54.6 < 85.0
DC94511,17338046,DC94511,tfidf+rapidfuzz,56.37,RETAINING CLIP FITS DC24-4,"Lawnmower Blade - 50.2cm | Fits Feider & Racing 20"" Models",,3664142164166,yes,no NumaSuite EAN; title score 56.4 < 85.0
FBT270-RET,C-FBT270,FBT270-RET,tfidf+rapidfuzz,88.21,FEIDER FBT270 CHIPPER SHREDDER - RETURN MODEL,Feider FBT270 Petrol Chipper-Shredder,,3661602025883,yes,no NumaSuite EAN
TG14000024,SIMP-1696073,TG14000024,tfidf+rapidfuzz,54.44,ACCELERATOR / CHOKE CABLE FITS TG60FTTR,Simplicity Twin-Bag Collector - Fits Regent XL/SLT110 & SLT175 | 1696073,,,yes,no NumaSuite EAN; title score 54.4 < 85.0
TG11000092,STIG-PIVOT-WHEELS-130H-SWEEPER,TG11000092,tfidf+rapidfuzz,67.48,FRONT WHEEL TRIM FITS TG51,Stiga Titan Front Wheel Kit for RB130H Sweeper (13-7924-11),,,yes,no NumaSuite EAN; title score 67.5 < 85.0
137430114/0,SVC-PUNCTURE-PREV,137430114/0,tfidf+rapidfuzz,38.3,SPRING CLIP,Pre-delivery Puncture Prevention Service,,,yes,no NumaSuite EAN; title score 38.3 < 85.0
830190,19158015,830190,tfidf+rapidfuzz,57.89,BRAKE SAFETY SWITCH FITS DC24-4,Blade - Fits Feider FTDT5175ES Lawnmower | MowDirect,,,yes,no NumaSuite EAN; title score 57.9 < 85.0
831194,17338046,831194,tfidf+rapidfuzz,55.19,BRAKE CABLE FITS DC24-4,"Lawnmower Blade - 50.2cm | Fits Feider & Racing 20"" Models",,3664142164166,yes,no NumaSuite EAN; title score 55.2 < 85.0
SP45103,SPEC-SP45103,SP45103,tfidf+rapidfuzz,93.8,"Spectrum SP45103 36"" Towed Steel Lawn Roller""",Spectrum 91cm Towed Steel Lawn-Roller | SP45103,,,yes,no NumaSuite EAN
EG4500,EU22I,EG4500,tfidf+rapidfuzz,72.3,Honda EG4500 4.5KW / 4500W Petrol Generator,Honda EU22i Petrol Inverter Generator,,,yes,no NumaSuite EAN; title score 72.3 < 85.0
FRTF26,OLY-66-824,FRTF26,tfidf+rapidfuzz,58.19,SMALL BELT WHEEL FITS FRTF220,"Roughneck 24"" Bow Saw fitted with Small Straight Teeth",,0025997668248,yes,no NumaSuite EAN; title score 58.2 < 85.0
DC830107,C-DC24-4,DC830107,tfidf+rapidfuzz,82.24,SIDE DISCHARGE CHUTE FITS SPECTRUM DC24-4,*SHOP SOILED* Spectrum DC24-4 Ultra-Compact Rear-Collect/Side-Discharge Ride-On Mower with Manual Drive,,5065022450429,yes,no NumaSuite EAN; title score 82.2 < 85.0
DC830192,QG20SP,DC830192,tfidf+rapidfuzz,55.49,BLADE ENGAGE SAFETY SWITCH FITS DC24-4,Spectrum QG20SP  Petrol Self Propelled Lawnmower – WITH FREE BLADE WORTH £39.95!,,,yes,no NumaSuite EAN; title score 55.5 < 85.0
DC96163,100134O-AMZ,DC96163,tfidf+rapidfuzz,58.69,CYLINDER HEAD GASKET FITS SPECTRUM DC24-4,"Spectrum 100134O Replacement Concrete Mixer Drum — fits Belle, Build Buddy & Screwfix Mixers",,5065022450740,yes,no NumaSuite EAN; title score 58.7 < 85.0
50.111.009,HAN-HP-199,50.111.009,tfidf+rapidfuzz,59.22,FUEL TUBE (MITOX),Handy Sure-Start Fuel Additive - 250ml,,,yes,no NumaSuite EAN; title score 59.2 < 85.0
ALF016A58578,C-299439047/AT1,ALF016A58578,tfidf+rapidfuzz,81.7,REAR ROLLER PULLEY (ATCO),Atco Liner 16S Self-Propelled Petrol Rear-Roller Lawnmower,,8008984839106,yes,no NumaSuite EAN; title score 81.7 < 85.0
17210-Z6M-010,JR-FAA0004,17210-Z6M-010,tfidf+rapidfuzz,79.95,AIR FILTER HONDA,AIR FILTER BR690610 498596 697029,,3760011421443,yes,no NumaSuite EAN; title score 80.0 < 85.0
691035,JR-FAE0001,691035,tfidf+rapidfuzz,85.31,FUEL FILTER (B&S),FUEL FILTER RIDER -                        WP73112,,3760011421528,yes,no NumaSuite EAN
290802020/16,STIG-COLLECTOR-SWS-800G,290802020/16,tfidf+rapidfuzz,74.77,COLLECTION BOX -                FITS SWS800G,Stiga Collection Box for SWS 800 G Self-Propelled Sweeper | 290802020/16,,8008984640528,yes,no NumaSuite EAN; title score 74.8 < 85.0
80337-VK1-003,TG48-PRO,80337-VK1-003,tfidf+rapidfuzz,76.28,PIN (HONDA),Spectrum TG48-PRO Honda Powered Petrol Self Propelled Lawnmower - 4 blade,,5065022450177,yes,no NumaSuite EAN; title score 76.3 < 85.0
4114-149-1205,ST-BR600,4114-149-1205,tfidf+rapidfuzz,59.88,CARB MANIFOLD GASKET (STIHL),STIHL BR600 Magnum Petrol Backpack Leaf-Blower,,0000000000000,yes,no NumaSuite EAN; title score 59.9 < 85.0
TG20000034,17338046,TG20000034,tfidf+rapidfuzz,62.9,ENGINE COWLING FITS ALL TG MODELS,"Lawnmower Blade - 50.2cm | Fits Feider & Racing 20"" Models",,3664142164166,yes,no NumaSuite EAN; title score 62.9 < 85.0
DC831187,STIG-278131808/St1,DC831187,tfidf+rapidfuzz,55.21,SPRING FITS DC24-4,Stiga Fast Charger | Fits E-Ride Models,,,yes,no NumaSuite EAN; title score 55.2 < 85.0
80288-VK1-003,FG320,80288-VK1-003,tfidf+rapidfuzz,62.83,FUEL METER ASSY (HONDA),Honda FG320 Petrol Compact Tiller,,,yes,no NumaSuite EAN; title score 62.8 < 85.0
DC831162,DM26C,DC831162,tfidf+rapidfuzz,64.74,STEERING SHAFT FITS SPECTRUM DC24-4,Spectrum DM26C Curved-Shaft Petrol Grass and weed Strimmer,,5065022450023,yes,no NumaSuite EAN; title score 64.7 < 85.0
GND-18,PRT021,GND-18,tfidf+rapidfuzz,59.55,ZAMA GASKET KIT,Garden Safety-Kit - JR PRT021,,3760011424710,yes,no NumaSuite EAN; title score 59.6 < 85.0
15400-RTA-003,JR-FAH0002,15400-RTA-003,tfidf+rapidfuzz,76.74,OIL FILTER HONDA,OIL FILTER LONG VARIOUS,,3760011421559,yes,no NumaSuite EAN; title score 76.7 < 85.0
DC92308,19158015,DC92308,tfidf+rapidfuzz,53.8,PEDAL FITS DC24-4,Blade - Fits Feider FTDT5175ES Lawnmower | MowDirect,,,yes,no NumaSuite EAN; title score 53.8 < 85.0
BT145S,BERT-BT401S,BT145S,tfidf+rapidfuzz,88.23,BERTOLINI BT145S SCYTHE MOWER (HONDA ENGINE),Bertolini BT401S Petrol-Powered Scythe Mower (Honda Engine),,,yes,no NumaSuite EAN
DC830108,MF-327107506/0,DC830108,tfidf+rapidfuzz,79.3,SIDE DISCHARGE CHUTE FITS DC24-4,Mountfield Side-Discharge Chute - for MTF 66 MQ | 327107506/0,,7313323035066,yes,no NumaSuite EAN; title score 79.3 < 85.0
EWP050SW,SEAL-LS520H,EWP050SW,tfidf+rapidfuzz,60.33,"SEALEY SUCTION HOSE - 2"" DIAMETER / 5M""",Sealey LS520H Horizontal Electric Log-Splitter | 5-Tonne/2200w,,5051747384941,yes,no NumaSuite EAN; title score 60.3 < 85.0
RTF220,FRTF220-1,RTF220,tfidf+rapidfuzz,84.66,FEIDER RTF220 REAR TINE TILLER,Feider RTF220 Pro Two-Wheel Rear-Tine Rotary Cultivator,,3661602025906,yes,no NumaSuite EAN; title score 84.7 < 85.0
DC831193,100134Y,DC831193,tfidf+rapidfuzz,61.71,TENSIONER SPRING FITS SPECTRUM DC24-4,"Spectrum  100134Y Replacement Concrete Mixer Drum — fits Belle, Build Buddy & Screwfix Mixers",,5065022450764,yes,no NumaSuite EAN; title score 61.7 < 85.0
4227-122-1805,ST-FS40,4227-122-1805,tfidf+rapidfuzz,61.91,HEAT SHIELD GASKET (STIHL),STIHL FS40 Curved-Shaft Grass Trimmer,,,yes,no NumaSuite EAN; title score 61.9 < 85.0
182004361/0,JR-LTD0011,182004361/0,tfidf+rapidfuzz,76.08,LEFT HAND MULCHING BLADE,MOWER BLADE MULCHING 81004146/0 L476MM BORE 18.3MM SPA 65MM,,3760011422518,yes,no NumaSuite EAN; title score 76.1 < 85.0
1638H-RTN,MF-2T2630483/M22,1638H-RTN,tfidf+rapidfuzz,90.5,SHOP SOILED MOUNTFIELD 1638H LAWN AND GARDEN TRACTOR,SHOP SOILED Mountfield 1638H Rear-Collect V-Twin Garden Tractor with Hydrostatic Drive - INCLUDING FREE PETROL BLOWER VAC WORTH £119.95!!,,8008984851542,yes,no NumaSuite EAN
DC295608,100134O,DC295608,tfidf+rapidfuzz,61.93,OIL FILLER NECK FITS SPECTRUM DC24-4,"Spectrum 100134O Replacement Concrete Mixer Drum — fits Belle, Build Buddy & Screwfix Mixers",,5065022450740,yes,no NumaSuite EAN; title score 61.9 < 85.0
DM26PBV-AMZ,C-DM26PBV-AMZ,DM26PBV-AMZ,tfidf+rapidfuzz,89.31,SPECTRUM DM26PBV BLOWER VAC - AMAZON FULFILLED,Spectrum DM26PBV Petrol Blower-Vac (Amazon),,5065022450443,yes,no NumaSuite EAN
1134-7465-01,MANT-6222,1134-7465-01,tfidf+rapidfuzz,67.94,ATTACHMENT HOOK PLATES KIT,Mantis Planter & Furrower Attachment | 6222,,,yes,no NumaSuite EAN; title score 67.9 < 85.0
FRTF20,CC-XM3ER53,FRTF20,tfidf+rapidfuzz,53.15,CLUTCH CABLE ASSEMBLY FITS FRTF220,Cub Cadet XM3ER53 3-in-1 Variable-Speed Petrol Lawnmower with Blade-Brake Clutch,,4008423891966,yes,no NumaSuite EAN; title score 53.2 < 85.0
DC831186,STIG-278131808/St1,DC831186,tfidf+rapidfuzz,55.21,SPRING FITS DC24-4,Stiga Fast Charger | Fits E-Ride Models,,,yes,no NumaSuite EAN; title score 55.2 < 85.0
31500-VK1-E82,CV3680XA,31500-VK1-E82,tfidf+rapidfuzz,82.03,BATTERY SLAB (HONDA),Honda CV3680XABM Fast Battery Charger,,,yes,no NumaSuite EAN; title score 82.0 < 85.0
TG17000153,2T2010483/M25,TG17000153,tfidf+rapidfuzz,57.16,DRIVE BELT FITS TG51 0-740E,Mountfield T30M Gear Drive 2-in-1 Lawn Tractor,,8008984869042,yes,no NumaSuite EAN; title score 57.2 < 85.0
830175-216,19158015,830175-216,tfidf+rapidfuzz,55.27,SEAT FITS DC24-4,Blade - Fits Feider FTDT5175ES Lawnmower | MowDirect,,,yes,no NumaSuite EAN; title score 55.3 < 85.0
DC830176,17338046,DC830176,tfidf+rapidfuzz,56.76,STEERING EYLEY FITS DC24-4,"Lawnmower Blade - 50.2cm | Fits Feider & Racing 20"" Models",,3664142164166,yes,no NumaSuite EAN; title score 56.8 < 85.0
TG51PD-AMZ,C-TG51PD-AMZ,TG51PD-AMZ,tfidf+rapidfuzz,83.0,SPECTRUM TG51PD LAWNMOWER - AMAZON FULFILLED,Spectrum TG51PD Self-Propelled Petrol Lawnmower (Amazon),,5065022450146,yes,no NumaSuite EAN; title score 83.0 < 85.0
TG50-UTILITY-RET,TG50-UTILITY,TG50-UTILITY-RET,tfidf+rapidfuzz,98.5,SPECTRUM TG50-UTILITY LAWNMOWER (RETURN),Spectrum TG50-Utility Lawnmower,,5065022450191,yes,no NumaSuite EAN
TG11000033,JR-LAN0004,TG11000033,tfidf+rapidfuzz,69.7,HIGHT OF CUT HANDLE TG40PD,RECOIL HANDLE,,3760011422327,yes,no NumaSuite EAN; title score 69.7 < 85.0
180020894,JR-FAA001,180020894,tfidf+rapidfuzz,71.65,COMPLETE AIR FILTER ASSEMBLYINCLUDES AIR FILTER FITS GNP560,AIR FILTER JR-FAA001,,,yes,no NumaSuite EAN; title score 71.6 < 85.0
91102-VA4-013,MF-SP53H,91102-VA4-013,tfidf+rapidfuzz,65.14,BEARING (HONDA),Mountfield SP53 Elite 3-in-1 Self-Propelled Petrol Lawnmower (with Honda Engine),,8008984843349,yes,no NumaSuite EAN; title score 65.1 < 85.0
BCH-500T,OM-BCH-500T,BCH-500T,tfidf+rapidfuzz,100.0,OLEO-MAC BCH 500T PETROL BRUSHCUTTER,Oleo-Mac BCH-500T Petrol Brushcutter,,6098449590545,yes,no NumaSuite EAN
FRTF25,STIG-PRUN-ATTACH-226,FRTF25,tfidf+rapidfuzz,57.25,SMALL BELT WHEEL SHAFT BUSHING FITS FRTF220,Stiga Tree-Pruner Attachment for Split-Shaft Brushcutters | 232511810/15,,8008984634688,yes,no NumaSuite EAN; title score 57.2 < 85.0
19303006,SVC-PUNCTURE-PREV,19303006,tfidf+rapidfuzz,37.72,IGNITION COIL AND LEAD,Pre-delivery Puncture Prevention Service,,,yes,no NumaSuite EAN; title score 37.7 < 85.0
DC93061,STIG-278131808/St1,DC93061,tfidf+rapidfuzz,55.01,BEARING FITS DC24-4,Stiga Fast Charger | Fits E-Ride Models,,,yes,no NumaSuite EAN; title score 55.0 < 85.0
9959-0820-16,PFC-20G-M,9959-0820-16,tfidf+rapidfuzz,54.92,FLANGED SCREW (M8 X 20),Spectrum PFC-20G-M Jerry Can – 20 Litre,,5065022450399,yes,no NumaSuite EAN; title score 54.9 < 85.0
DC831178,17338046,DC831178,tfidf+rapidfuzz,56.91,STRRETING ARM ROD FITS DC24-4,"Lawnmower Blade - 50.2cm | Fits Feider & Racing 20"" Models",,3664142164166,yes,no NumaSuite EAN; title score 56.9 < 85.0
TG12000416,19158015,TG12000416,tfidf+rapidfuzz,62.27,BLADE PROTECTOR FITS TG60FTTR,Blade - Fits Feider FTDT5175ES Lawnmower | MowDirect,,,yes,no NumaSuite EAN; title score 62.3 < 85.0
830144181,17338046,830144181,tfidf+rapidfuzz,53.88,GRASSBOX NETTING FITS DC24-4,"Lawnmower Blade - 50.2cm | Fits Feider & Racing 20"" Models",,3664142164166,yes,no NumaSuite EAN; title score 53.9 < 85.0
DC96168,100134Y,DC96168,tfidf+rapidfuzz,62.38,EXHAUST GASKET FITS SPECTRUM DC24-4,"Spectrum  100134Y Replacement Concrete Mixer Drum — fits Belle, Build Buddy & Screwfix Mixers",,5065022450764,yes,no NumaSuite EAN; title score 62.4 < 85.0
DC831137,UMS-425-LN,DC831137,tfidf+rapidfuzz,56.3,MANDRIL SHAFT FITS DC24-4,UMS 425 LN 4-stroke Bent Shaft Petrol Brushcutter,,,yes,no NumaSuite EAN; title score 56.3 < 85.0
DC94072,MANT-4222,DC94072,tfidf+rapidfuzz,64.52,DECK WASH HOSE ATTACHMENT FITS SPECTRUM DC24-4,Mantis Aerator Attachment | 4222,,,yes,no NumaSuite EAN; title score 64.5 < 85.0
TG11000121,AP-907970000,TG11000121,tfidf+rapidfuzz,65.06,REAR WHEEL TRIM FITS TG51,Apache Rear-Mounted Tiller/Cultivator Attachment – for P70 Two-Wheel Tractor,,0000000000000,yes,no NumaSuite EAN; title score 65.1 < 85.0
2825,OLY-64-400,2825,tfidf+rapidfuzz,53.69,GASKET SET (B&S),"Gorilla 14"" & 24"" Bar Set  - 64-400",,0025997644006,yes,no NumaSuite EAN; title score 53.7 < 85.0
A226-001410,JR-FAA0004,A226-001410,tfidf+rapidfuzz,97.0,AIR FILTER,AIR FILTER BR690610 498596 697029,,3760011421443,yes,no NumaSuite EAN
FRTF2,JR-LAN0004,FRTF2,tfidf+rapidfuzz,69.94,UPPER HANDLE BAR FIXING SCREW FITS FRTF220,RECOIL HANDLE,,3760011422327,yes,no NumaSuite EAN; title score 69.9 < 85.0
HF2417HTERFB,HF-2417-HTE,HF2417HTERFB,tfidf+rapidfuzz,97.0,HONDA HF 2417 HTE PREMIUM GARDEN TRACTOR - SLIGHTLY SHOP SOILED,Honda HF 2417 HTE Premium Garden Tractor,,,yes,no NumaSuite EAN
HV5997294-01,JR-FAA0004,HV5997294-01,tfidf+rapidfuzz,72.92,AIR FILTER (HUSQVARNA),AIR FILTER BR690610 498596 697029,,3760011421443,yes,no NumaSuite EAN; title score 72.9 < 85.0
DC96112,100134Y,DC96112,tfidf+rapidfuzz,63.16,CASING GASKET FITS SPECTRUM DC24-4,"Spectrum  100134Y Replacement Concrete Mixer Drum — fits Belle, Build Buddy & Screwfix Mixers",,5065022450764,yes,no NumaSuite EAN; title score 63.2 < 85.0
ALF016L66176,AT-2T2110447/AT2,ALF016L66176,tfidf+rapidfuzz,59.09,THROTTLE LEVER ASSY (ATCO),Atco GT 30H Rear-Collect Lawn Tractor with Hydrostatic Drive,,8008984851757,yes,no NumaSuite EAN; title score 59.1 < 85.0
ST00009581022,STIG-HPS235R,ST00009581022,tfidf+rapidfuzz,61.41,SPROCKET WASHER (STHIL),Stiga HPS 235 R Electric Pressure-Washer,,8008984837478,yes,no NumaSuite EAN; title score 61.4 < 85.0
TG50-UTILITY-AMZ,C-TG50-UTILITY-AMZ,TG50-UTILITY-AMZ,tfidf+rapidfuzz,83.58,SPECTRUM TG50-UTILITY - AMAZON FULFILLED,Spectrum TG50-Utility Lawnmower (Amazon),,5065022450191,yes,no NumaSuite EAN; title score 83.6 < 85.0
178-010-521-30,MTA-AH-HD,178-010-521-30,tfidf+rapidfuzz,60.53,ECHO THROTTLE TRIGGER,ECHO MTA-AH-HD Hedge Trimmer Attachment,,,yes,no NumaSuite EAN; title score 60.5 < 85.0
FRT70EA-RET,FRT70EA,FRT70EA-RET,tfidf+rapidfuzz,79.21,FEIDER FRT70EA TRACTOR - RETURN MODEL,Feider FRT70EA Rear-Collect Lawn Tractor with Manual Drive,,3661602049124,yes,no NumaSuite EAN; title score 79.2 < 85.0
DC831128,STIG-13-0921-62,DC831128,tfidf+rapidfuzz,75.71,FRONT AXLE FRAME FITS DC24-4,Stiga 2 x 13.5kg Axle Frame Weights for Select Park Front-Cut Ride-On Mowers | 13-0921-62,,7313321305420,yes,no NumaSuite EAN; title score 75.7 < 85.0
TG11000222,JR-PRT008,TG11000222,tfidf+rapidfuzz,60.9,LARGE PLASTIC DOUBLE PULLEY FITS TG60FTTR,SAFETY GLASSES PLASTIC,,,yes,no NumaSuite EAN; title score 60.9 < 85.0
DC830032,MANT-9222,DC830032,tfidf+rapidfuzz,58.87,COMPLETE STRRERING WHEEL FITS DC24-4,Mantis Wheel-Kit | 9222,,,yes,no NumaSuite EAN; title score 58.9 < 85.0
TG14000088,STIG-278131808/St1,TG14000088,tfidf+rapidfuzz,57.78,OPC CABLE FITS TG40PD,Stiga Fast Charger | Fits E-Ride Models,,,yes,no NumaSuite EAN; title score 57.8 < 85.0
DC314301,100134Y,DC314301,tfidf+rapidfuzz,60.45,GOVERNER ASSEMBLY FITS SPECTRUM DC24-4,"Spectrum  100134Y Replacement Concrete Mixer Drum — fits Belle, Build Buddy & Screwfix Mixers",,5065022450764,yes,no NumaSuite EAN; title score 60.4 < 85.0
DC831130,17338046,DC831130,tfidf+rapidfuzz,58.63,LEFT STEERING ARM FITS DC24-4,"Lawnmower Blade - 50.2cm | Fits Feider & Racing 20"" Models",,3664142164166,yes,no NumaSuite EAN; title score 58.6 < 85.0
798897,JR-FAA0004,798897,tfidf+rapidfuzz,84.88,AIR FILTER (B&S),AIR FILTER BR690610 498596 697029,,3760011421443,yes,no NumaSuite EAN; title score 84.9 < 85.0
ST94606240801,ST-MS291-16,ST94606240801,tfidf+rapidfuzz,62.06,CHAIN SPROCKET CLIP (STIHL),STIHL MS291 Petrol Chainsaw (40cm Guide Bar),,0000000000000,yes,no NumaSuite EAN; title score 62.1 < 85.0
796352S,CP-JERRYCAN5|L,796352S,tfidf+rapidfuzz,55.52,FUEL MANAGEMENT BOX,5 Litre Green Plastic Jerry Can for Fuel - Petrol Can,,,yes,no NumaSuite EAN; title score 55.5 < 85.0
765435,MASP-419090,765435,tfidf+rapidfuzz,61.95,CLUTCH CABLE (MASPORT),Masport Olympic 400 Petrol Cylinder Mower,,,yes,no NumaSuite EAN; title score 61.9 < 85.0
CS-590/50,ECH-CS-590,CS-590/50,tfidf+rapidfuzz,89.59,"ECHO CS-590/50 PETROL CHAINSAW 59.8CC 20"" / 50CM BAR",Echo CS-590 Petrol Chainsaw (50cm Guide Bar),,4934110711364,yes,no NumaSuite EAN
CS-7310SX/60,ECH-CS-7310SX,CS-7310SX/60,tfidf+rapidfuzz,90.03,"ECHO CS-7310SX/60 PETROL CHAINSAW 73.5CC 24"" / 60CM BAR",Echo CS-7310SX Petrol Chainsaw (60cm Guide Bar),,0000000000000,yes,no NumaSuite EAN
PB-770,ECH-PB-770,PB-770,tfidf+rapidfuzz,100.0,ECHO PB-770 BACKPACK BLOWER,Echo PB-770 Backpack Blower,,4934110705066,yes,no NumaSuite EAN
PB-8010,ECH-PB-8010,PB-8010,tfidf+rapidfuzz,88.39,ECHO PB-8010 BACK PACK BLOWER 79.9CC,Echo PB-8010 Backpack Blower,,4934110705561,yes,no NumaSuite EAN
327110579/0,SNAP-1695776,327110579/0,tfidf+rapidfuzz,57.82,GRASS BAG COVER (66MQ),Snapper Triple-Bag Collector - for SPX210 | 1695776,,0000000000000,yes,no NumaSuite EAN; title score 57.8 < 85.0
EC-A021-001742,ECH-HCA-265ES-HD,EC-A021-001742,tfidf+rapidfuzz,54.55,CARBURETOR ECHO (WITH DIAPHRAGM),Echo HCA-265ES-HD Long-Reach Petrol Hedgetrimmer,,4934110705639,yes,no NumaSuite EAN; title score 54.5 < 85.0
137510327/2,STIG-155H-TITAN-DOD,137510327/2,tfidf+rapidfuzz,80.91,DECK PIN (STIGA),Stiga 155H Titan DOD Cutter-Deck (13-7825-24),,,yes,no NumaSuite EAN; title score 80.9 < 85.0
B796352S,ACC-DEFL-84CM,B796352S,tfidf+rapidfuzz,42.04,MODULE-ELECT CHOKE,Rear Deflector Flor 84cm Mountfield/Stiga Tractors,,,yes,no NumaSuite EAN; title score 42.0 < 85.0
CS-3410/35,ECH-CS310ES-35,CS-3410/35,tfidf+rapidfuzz,85.18,"ECHO CS-3410/35 PETROL CHAINSAW 35CM / 14"" BAR",Echo CS-310ES Petrol Chainsaw (35cm Guide Bar),,,yes,no NumaSuite EAN
73014,JR-FAE0001,73014,tfidf+rapidfuzz,70.69,FUEL FILTER (2-STROKE),FUEL FILTER RIDER -                        WP73112,,3760011421528,yes,no NumaSuite EAN; title score 70.7 < 85.0
382840101/0,2T2010483/M25,382840101/0,tfidf+rapidfuzz,40.08,GEARBOX (LANGHUI),Mountfield T30M Gear Drive 2-in-1 Lawn Tractor,,8008984869042,yes,no NumaSuite EAN; title score 40.1 < 85.0
17263238,19158015,17263238,tfidf+rapidfuzz,72.75,BLADE BOSS (FITS 66MQ),Blade - Fits Feider FTDT5175ES Lawnmower | MowDirect,,,yes,no NumaSuite EAN; title score 72.7 < 85.0
21302000,2T2010483/M25,21302000,tfidf+rapidfuzz,34.28,BELT TOOTHED 15X880,Mountfield 1330M Gear Drive 2-in-1 Lawn Tractor,,8008984869042,yes,no NumaSuite EAN; title score 34.3 < 85.0
7581,HAN-HP-199,7581,tfidf+rapidfuzz,58.52,FUEL TANK GROMET (20MM),Handy Sure-Start Fuel Additive - 250ml,,,yes,no NumaSuite EAN; title score 58.5 < 85.0
HV5979673-05,CS-3410,HV5979673-05,tfidf+rapidfuzz,38.14,HOSE ASSY (HUSQVARNA),Echo CS-3410 Petrol 2-Stroke Chainsaw,,,yes,no NumaSuite EAN; title score 38.1 < 85.0
41441801104,ST-BR430,41441801104,tfidf+rapidfuzz,64.27,THROTTLE CABLE (STIHL),STIHL BR430 Backpack Leaf-Blower,,,yes,no NumaSuite EAN; title score 64.3 < 85.0
PPT-2620HES,ECH-PPT-2620HES,PPT-2620HES,tfidf+rapidfuzz,87.86,Echo PPT-2620HES Pole Pruner 25.4cc,Echo PPT-2620HES Power Pruner,,,yes,no NumaSuite EAN
DCT38H-RDM-RET,DCT38H,DCT38H-RDM-RET,tfidf+rapidfuzz,81.22,SPECTRUM DCT38H-RDM-RET,"Spectrum DCT38H 38"" Lawn Tractor with Hydrostatic Drive",,5065022450528,yes,no NumaSuite EAN; title score 81.2 < 85.0
SBA2012KR,STIG-SBT4080AE,SBA2012KR,tfidf+rapidfuzz,63.42,SLAB BATTERY - 12V 20AH SLA1120,Stiga SBT4080AE 80v/4.0Ah Battery | 1111-9309-01,,,yes,no NumaSuite EAN; title score 63.4 < 85.0
UMK435UE,MF-281321003/21,UMK435UE,tfidf+rapidfuzz,72.71,HONDA UMK 435 UE HORN HANDLE BRUSHCUTTER,Mountfield BC 435 HD 4-Stroke Petrol Brushcutter (Honda Engine),,8008984840515,yes,no NumaSuite EAN; title score 72.7 < 85.0
EU10I,EU22I,EU10I,tfidf+rapidfuzz,85.88,HONDA EU10I PETROL GENERATOR,Honda EU22i Petrol Inverter Generator,,,yes,no NumaSuite EAN
19316002,R210,19316002,tfidf+rapidfuzz,37.65,IGNITION COIL,Rato Horizontal Engine,,,yes,no NumaSuite EAN; title score 37.6 < 85.0
WBVAC,WEBB-WBV,WBVAC,tfidf+rapidfuzz,93.91,WEBB WBVAC  58CM WALK-BEHIND VACUUM & BLOWER,Webb Walk-Behind Vacuum,,,yes,no NumaSuite EAN
WEESS,WEB-WEESS,WEESS,tfidf+rapidfuzz,96.19,WEBB WEESS ELECTRIC SILENT SHREDDER 2800W,Webb Electric Silent Garden Shredder with Box - 2800W - WEESS,,5055661903981,yes,no NumaSuite EAN
FAST175-BAG-HANDLE,FAST175-BAG,FAST175-BAG-HANDLE,tfidf+rapidfuzz,84.66,FEIDER REPLACEMENT BAG HANDLE,Feider FAST175 Replacement Bag for Feider FAST Wheeled Garden-Vacuums,,3661602027542,yes,no NumaSuite EAN; title score 84.7 < 85.0
411001,HF2625HTEH,411001,tfidf+rapidfuzz,40.11,PULLEY VARIATOR,Honda HF 2625 HTE Premium Lawn Tractor,,,yes,no NumaSuite EAN; title score 40.1 < 85.0
31500-VK1-E81,STIG-294346068/UKS,31500-VK1-E81,tfidf+rapidfuzz,62.65,BATTERY - ACID FILLED RIGHT HAND +VE,Stiga Combi 336e KIT 48v 3-in-1 Hand-Propelled Cordless Lawnmower (Inc. Battery & Charger),,,yes,no NumaSuite EAN; title score 62.6 < 85.0
12031547,TG480RTTR,12031547,tfidf+rapidfuzz,37.75,WIRING LOOM,"Spectrum TG480RTTR Rear-Tine Petrol Cultivator — 211cc, 48cm Working Width",,5061122340196,yes,no NumaSuite EAN; title score 37.8 < 85.0
4001-713-3812,ST-AP300(2),4001-713-3812,tfidf+rapidfuzz,59.28,STIHL 260-2 CUTTING BLADE,STIHL AP300 36v 227Wh/6Ah Lithium-Ion Battery,,,yes,no NumaSuite EAN; title score 59.3 < 85.0
6392,JR-FAA0004,6392,tfidf+rapidfuzz,97.0,AIR FILTER,AIR FILTER BR690610 498596 697029,,3760011421443,yes,no NumaSuite EAN
559025,EPB,559025,tfidf+rapidfuzz,70.15,BRUSH KNIFE,"SCH Equestrian Powered 36"" Brush - EPB",,EPB,yes,no NumaSuite EAN; title score 70.2 < 85.0
4134-141-0300,JR-FAA0004,4134-141-0300,tfidf+rapidfuzz,97.0,AIR FILTER,AIR FILTER BR690610 498596 697029,,3760011421443,yes,no NumaSuite EAN
118120069/0,LBP-56V125,118120069/0,tfidf+rapidfuzz,63.29,BATTERY WITH LEADS - 12V 7Ah,ECHO LBP-56V125 Battery Charger (56V),,,yes,no NumaSuite EAN; title score 63.3 < 85.0
100,TRT4645ORG-1,100,tfidf+rapidfuzz,73.15,FREE TO USE,TCK TRT4645ORG-1 Petrol Chainsaw with Free Starter-Kit (45cm Guide Bar),,,yes,no NumaSuite EAN; title score 73.1 < 85.0
TY5-7WEDGE,TY5-7 WEDGE,TY5-7WEDGE,tfidf+rapidfuzz,100.0,SPECTRUM TY5-7 4 WAY LOG SPLITTER WEDGE,Spectrum TY5-7 4 Way Log Splitter Wedge,,,yes,no NumaSuite EAN
17218-ZG9-M00,JR-FAA0004,17218-ZG9-M00,tfidf+rapidfuzz,65.04,PRE FILTER (HONDA),AIR FILTER BR690610 498596 697029,,3760011421443,yes,no NumaSuite EAN; title score 65.0 < 85.0
17211-ZG9-M00,JR-FAA0004,17211-ZG9-M00,tfidf+rapidfuzz,79.95,AIR FILTER (HONDA),AIR FILTER BR690610 498596 697029,,3760011421443,yes,no NumaSuite EAN; title score 80.0 < 85.0
112728450/0,STIG-Titan-SL90-Spreader-13-7917-13,112728450/0,tfidf+rapidfuzz,66.78,SELF TAPPING SCREW (STIGA),Stiga Titan SL90 Self-Loading Sand Spreader (13-7917-13),,,yes,no NumaSuite EAN; title score 66.8 < 85.0
322670018/0,MF-S421R-PD,322670018/0,tfidf+rapidfuzz,84.21,HALF ROLLER (MOUNTFIELD),Mountfield S421R-PD Self-Propelled Petrol Rear-Roller Lawnmower,,8008984817401,yes,no NumaSuite EAN; title score 84.2 < 85.0
271302203/MUK,MF-271302203/MUK,271302203/MUK,tfidf+rapidfuzz,81.7,MOUNTFIELD MHT 20 LI KIT 20V HEDGE TRIMMER (INC B&C),Mountfield MHT 20 Li KIT 20v Cordless Hedgetrimmer (Inc. Battery & Charger),,8008984844629,yes,no NumaSuite EAN; title score 81.7 < 85.0
278302208/UKS,STIG-278302208/UKS,278302208/UKS,tfidf+rapidfuzz,89.53,STIGA HT 500E KIT 48v CORDLESS HEDGE TRIMMER (INC B&C),Stiga HT 500e KIT 48v Cordless Hedgetrimmer (Inc. Battery & Charger),,8008984854956,yes,no NumaSuite EAN
HHH25D75E,HHH25S75ET,HHH25D75E,tfidf+rapidfuzz,78.58,HONDA HHH 25D 75E DOUBLE SIDED PETROL HEDGE CUTTER 4 STROKE,Honda HHH 25S 75E Hedge Trimmer,,,yes,no NumaSuite EAN; title score 78.6 < 85.0
1134-9177-01,C-2T0053404/A22,1134-9177-01,tfidf+rapidfuzz,75.77,RIDE ON MOWER COVER (ALPINA 2TA66),Alpina AT2 66 QA Compact Rear-Collect & Side-Discharge Ride-On Mower with Manual Drive,,8008984851313,yes,no NumaSuite EAN; title score 75.8 < 85.0
42411404404,JR-FAA001,42411404404,tfidf+rapidfuzz,66.1,AIR FILTER BG86/SH86 (STIHL),AIR FILTER JR-FAA001,,,yes,no NumaSuite EAN; title score 66.1 < 85.0
WX10T,WT30,WX10T,tfidf+rapidfuzz,77.29,"HONDA WX10T 1"" WATER PUMP",HONDA WT30 3″ Petrol Water Pump,,,yes,no NumaSuite EAN; title score 77.3 < 85.0
FG201,FG320,FG201,tfidf+rapidfuzz,84.83,HONDA FG201 PETROL TILLER,Honda FG320 Petrol Compact Tiller,,,yes,no NumaSuite EAN; title score 84.8 < 85.0
WT20X,WT30,WT20X,tfidf+rapidfuzz,77.82,"HONDA WT20X 2"" WATER PUMP",HONDA WT30 3″ Petrol Water Pump,,,yes,no NumaSuite EAN; title score 77.8 < 85.0
HRM2500_LIVE,HRM-4000BC-LIVE,HRM2500_LIVE,tfidf+rapidfuzz,87.46,HONDA MIIMO HRM2500 LIVE ROBOTIC MOWER,HONDA Miimo HRM4000BC-LIVE Robotic Lawn Mower,,,yes,no NumaSuite EAN
UMS425LN,MF-281210003/21,UMS425LN,tfidf+rapidfuzz,75.7,HONDA UMS 425 LN CURVED SHAFT STRIMMER,Mountfield TR 425 HJ 4-Stroke Curved-Shaft Petrol Grass-Trimmer (Honda Engine),,8008984843646,yes,no NumaSuite EAN; title score 75.7 < 85.0
EH-LCJU-560,ECH-LBP-50-250,EH-LCJU-560,tfidf+rapidfuzz,58.87,56V ULTRA RAPID CHARGE (ECHO),Echo LBP-50-250 56v/5Ah Lithium-Ion Battery,,0000000000000,yes,no NumaSuite EAN; title score 58.9 < 85.0
HA134-0240,CC-XM3ER53,HA134-0240,tfidf+rapidfuzz,55.91,CLUTCH CABLE (HAYTER OSPREY),Cub Cadet XM3ER53 3-in-1 Variable-Speed Petrol Lawnmower with Blade-Brake Clutch,,4008423891966,yes,no NumaSuite EAN; title score 55.9 < 85.0
31500-VA3-P01,SBSCDC,31500-VA3-P01,tfidf+rapidfuzz,61.51,BATTERY BATTERY ASSY (LCS2912H),Spectrum SBSCDC 40V Dual Battery Charger (2A Fast Charge),,5065022450702,yes,no NumaSuite EAN; title score 61.5 < 85.0
122042073/0,GC-SC4240P-RTN,122042073/0,tfidf+rapidfuzz,35.25,BELT GUARD BUSH,Einhell GC-SC 4240-P Petrol Lawn Scarifier - Refurbished,,4006825638073,yes,no NumaSuite EAN; title score 35.3 < 85.0
135064005/0,TG561-SWT,135064005/0,tfidf+rapidfuzz,36.2,TOOTHED BELT,Spectrum TG561-SWT Self Propelled Wheeled Trimmer,,5065022450511,yes,no NumaSuite EAN; title score 36.2 < 85.0
181004366/2,JR-LTD0011,181004366/2,tfidf+rapidfuzz,82.18,MULCHING BLADE 48CM,MOWER BLADE MULCHING 81004146/0 L476MM BORE 18.3MM SPA 65MM,,3760011422518,yes,no NumaSuite EAN; title score 82.2 < 85.0
322060270/3,PRT003,322060270/3,tfidf+rapidfuzz,71.5,BELT PROTECTION GUARD,Transparent Protection-Visor- JR PRT003,,3760011422594,yes,no NumaSuite EAN; title score 71.5 < 85.0
2F7062505/ST1,STIG-2F7062505/ST1,2F7062505/ST1,tfidf+rapidfuzz,100.0,STIGA GYRO 500e ‘DRIVE-BY-WIRE'’ ELECTRIC BATTERY POWERED AXIAL RIDE-ON LAWNMOWER,Stiga Gyro 500e ‘Drive-by-Wire’ Electric Battery-Powered Axial Ride-On Lawnmower,,8008984853089,yes,no NumaSuite EAN
WB20XT,WT30,WB20XT,tfidf+rapidfuzz,74.28,"HONDA WB20XT WATER PUMP - 2"" TRASH",HONDA WT30 3″ Petrol Water Pump,,,yes,no NumaSuite EAN; title score 74.3 < 85.0
181005541/0,MF-MTR50Li,181005541/0,tfidf+rapidfuzz,54.21,THROTTLE CABLE (MP2 50-55 GGP 160),Mountfield MTR 50 Li 48v 2-in-1 Cordless Grass-Trimmer & Lawn Edger (Tool Only),,,yes,no NumaSuite EAN; title score 54.2 < 85.0
72531-VK8-J50,BERT-BT405-CULT,72531-VK8-J50,tfidf+rapidfuzz,71.07,BLADE - UPPER ROTARY (HONDA),Bertolini BT405S Two-Wheel Rear-Tine Rotary Cultivator (Honda Engine),,0000000000000,yes,no NumaSuite EAN; title score 71.1 < 85.0
72511-VK8-J50,BERT-BT405-CULT,72511-VK8-J50,tfidf+rapidfuzz,79.21,BLADE - ROTARY (HONDA),Bertolini BT405S Two-Wheel Rear-Tine Rotary Cultivator (Honda Engine),,0000000000000,yes,no NumaSuite EAN; title score 79.2 < 85.0
72511-VF0-K60,BERT-BT405-CULT,72511-VF0-K60,tfidf+rapidfuzz,79.21,BLADE - ROTARY (HONDA),Bertolini BT405S Two-Wheel Rear-Tine Rotary Cultivator (Honda Engine),,0000000000000,yes,no NumaSuite EAN; title score 79.2 < 85.0
5749,STIG-107CM-RUB-SCRAPER,5749,tfidf+rapidfuzz,61.95,HUSQVARNA BLADE (94CM/103CM),Stiga Rubber Scraper Bar for 107cm Snow Blade | 13-3904-61,,7313321307714,yes,no NumaSuite EAN; title score 62.0 < 85.0
13031054130,JR-FAA0004,13031054130,tfidf+rapidfuzz,81.65,ECHO AIR FILTER,AIR FILTER BR690610 498596 697029,,3760011421443,yes,no NumaSuite EAN; title score 81.7 < 85.0
405000141,DDS016,405000141,tfidf+rapidfuzz,64.98,ECHO 255MM 8 TOOTH CUTTING BLADE,80 Tooth Metal Brushcutter-Blade -  25.5cm x 1.9mm -  JR DDS016,,,yes,no NumaSuite EAN; title score 65.0 < 85.0
DRP14,HAN-HP-140,DRP14,tfidf+rapidfuzz,61.86,OIL DRAIN PAN 6L SEALEY,Handy 600ml SAE30 Lawnmower Engine-Oil,,0000,yes,no NumaSuite EAN; title score 61.9 < 85.0
RRSP18L,MASP-457945,RRSP18L,tfidf+rapidfuzz,86.59,"MASPORT ROTAROLA 18"" SELF PROPELLED LONCIN ENGINE",Masport Rotarola RRSP 18H Self-Propelled Petrol Rear-Roller Lawnmower (with Honda Engine),,,yes,no NumaSuite EAN
325785509/0,LF-PRO-REAR-DEFLECTOR-71901-924,325785509/0,tfidf+rapidfuzz,75.34,REAR DEFLECTOR PLATE (BLACK),Lawnflite-Pro Rear Deflector - for Lawnflite-Pro Rear-Collect Mowers (71901-924),,,yes,no NumaSuite EAN; title score 75.3 < 85.0
PRINCESS-34-RTN,MF-PRINCESS-34,PRINCESS-34-RTN,tfidf+rapidfuzz,83.27,MOUNTFIELD PRINCESS 34 ELECTRIC LAWNMOWER - REFURBISHED MODEL,Mountfield Princess 34 Electric 4-Wheel Roller Lawnmower,,,yes,no NumaSuite EAN; title score 83.3 < 85.0
SP41-RTN,2033,SP41-RTN,tfidf+rapidfuzz,79.88,MOUNTFIELD SP41 LAWNMOWER - REFURBISHED MODEL,Feider TR4870 Variable-Speed Rear-Roller Lawnmower | Refurbished Model,,,yes,no NumaSuite EAN; title score 79.9 < 85.0
RAC5175SPM-RTN,2033,RAC5175SPM-RTN,tfidf+rapidfuzz,80.78,RACING 5175SPM LAWNMOWER - REFURBISHED MODEL,Feider TR4870 Variable-Speed Rear-Roller Lawnmower | Refurbished Model,,,yes,no NumaSuite EAN; title score 80.8 < 85.0
RAC4000T-RTN,2033,RAC4000T-RTN,tfidf+rapidfuzz,79.89,RACING 400T LAWNMOWER - REFURBISHED,Feider TR4870 Variable-Speed Rear-Roller Lawnmower | Refurbished Model,,,yes,no NumaSuite EAN; title score 79.9 < 85.0
FTDT4125-RTN,2033,FTDT4125-RTN,tfidf+rapidfuzz,84.64,FEIDER FTDT4125 LAWNMOWER - REFURBISHED,Feider TR4870 Variable-Speed Rear-Roller Lawnmower | Refurbished Model,,,yes,no NumaSuite EAN; title score 84.6 < 85.0
X201-000021,CT28,X201-000021,tfidf+rapidfuzz,67.71,ECHO CHAIN 25 1/4,"JR CT28 Chainsaw Chain 0.325"" P 1.5mm (55cm / 86 Links)",,3760011421122,yes,no NumaSuite EAN; title score 67.7 < 85.0
6926,STIG-RUBBER-SCRAPER-13-1958-62,6926,tfidf+rapidfuzz,59.67,HAYTER HARRIER 56 BLADE,Stiga Rubber Scraper Bar for 120cm Snow Blade | 13-1958-62,,7313321305727,yes,no NumaSuite EAN; title score 59.7 < 85.0
560041,LFP-448HW,560041,tfidf+rapidfuzz,64.62,HAYTER O.P.C ENGINE BRAKE CABLE,"Lawnflite-Pro 448HW Professional Self-Propelled Petrol Lawnmower (with 2-Speed Drive, Blade-Brake Clutch & Honda Engine)",,,yes,no NumaSuite EAN; title score 64.6 < 85.0
6572,JR-FAA0004,6572,tfidf+rapidfuzz,79.5,STIHL AIR FILTER,AIR FILTER BR690610 498596 697029,,3760011421443,yes,no NumaSuite EAN; title score 79.5 < 85.0
X242-000010,CG009,X242-000010,tfidf+rapidfuzz,65.05,GENUINE ECHO 33CM CHAIN 56 LINK,"Guide-Bar & Chain Combi-Pack 3/8"" P 1.3mm (40cm / 56 Links) - JR CG009",,3760011420699,yes,no NumaSuite EAN; title score 65.0 < 85.0
999888-00722,JR-AFC0024,999888-00722,tfidf+rapidfuzz,94.22,ECHO CHAIN SHARPENING FILE KIT,SHARPENING KIT,,3760011420279,yes,no NumaSuite EAN
41401242800,JR-FAA001,41401242800,tfidf+rapidfuzz,72.32,"STIHL FS55, HS45, KM55 AIR FILTER",AIR FILTER JR-FAA001,,,yes,no NumaSuite EAN; title score 72.3 < 85.0
TG46S-AMZ,C-TG50-UTILITY-AMZ,TG46S-AMZ,tfidf+rapidfuzz,78.35,SPECTRUM TG46S LAWNMOWER - AMAZON FULFILLED,Spectrum TG50-Utility Lawnmower (Amazon),,5065022450191,yes,no NumaSuite EAN; title score 78.4 < 85.0
MA-009873,DDS007,MA-009873,tfidf+rapidfuzz,58.89,BLADE BASEPLATE 500,3-Tooth Metal Brushcutter-Blade -,,3760011421337,yes,no NumaSuite EAN; title score 58.9 < 85.0
234594688912,LON-LC50ZB60-4.5Q,234594688912,tfidf+rapidfuzz,67.0,"2X HIGH LIFT BLADES 42""","Loncin LC50ZB60-4.5Q 2"" Petrol Powered High Lift Water Pump",,,yes,no NumaSuite EAN; title score 67.0 < 85.0
118120071/0,MF-271014000/21,118120071/0,tfidf+rapidfuzz,64.27,LEAD BATTERY 12V 9AH,Mountfield B24 20v/4Ah Freedom 100 Battery,,8008984841161,yes,no NumaSuite EAN; title score 64.3 < 85.0
12211,JR-AFC0012,12211,tfidf+rapidfuzz,84.98,CHAINSAW CHAIN FILE 150MM FLAT,Flat Chainsaw File - JR Spares - 15cm x 1.6cm Chain Saw Sharpener - JR-AFC0012,,3760011420156,yes,no NumaSuite EAN; title score 85.0 < 85.0
182FKR,JR-AFC0001,182FKR,tfidf+rapidfuzz,77.11,"CHAINSAW CHAIN FILE 1/8"" 3.2MM ROUND",Chainsaw File - JR Spares - 3.5mm  Chain Saw Sharpener - JR-AFC0001,,3760011420040,yes,no NumaSuite EAN; title score 77.1 < 85.0
534370,OLY-64-396,534370,tfidf+rapidfuzz,83.19,WOODEN FILE HANDLE,Big Mutt Pro Multi-Purpose Scraper with Wooden Handle | 64-396,,0025997643962,yes,no NumaSuite EAN; title score 83.2 < 85.0
70502,JR-AFC0004,70502,tfidf+rapidfuzz,81.5,"CHAINSAW CHAIN FILE 7/32"" 5.5MM ROUND",Chainsaw File - JR Spares - 5.5mm  Chain Saw Sharpener - JR-AFC0004,,3760011420071,yes,no NumaSuite EAN; title score 81.5 < 85.0
70503,JR-AFC0003,70503,tfidf+rapidfuzz,69.94,"CHANSAW CHAIN FILE 3/16"" 4.8MM ROUND",Chainsaw File - JR Spares - 4.8mm  Chain Saw Sharpener - JR-AFC0003,,,yes,no NumaSuite EAN; title score 69.9 < 85.0
70504,JR-AFC0003,70504,tfidf+rapidfuzz,76.22,"CHAINSAW CHAIN FILE 5/32"" 4.0MM ROUND",Chainsaw File - JR Spares - 4.8mm  Chain Saw Sharpener - JR-AFC0003,,,yes,no NumaSuite EAN; title score 76.2 < 85.0
70505,JR-AFC0004,70505,tfidf+rapidfuzz,75.37,"CHAINSAW CHAIN FILE 13/64"" 5.2MM ROUND",Chainsaw File - JR Spares - 5.5mm  Chain Saw Sharpener - JR-AFC0004,,3760011420071,yes,no NumaSuite EAN; title score 75.4 < 85.0
FGP000034,BOU004,FGP000034,tfidf+rapidfuzz,66.6,SPARK PLUG WRENCH 16/19MM,Spark Plug - JR BOU004 ( Equivalent to NGK BPR5ES OR CHAMPION RN11YC),,3760011423515,yes,no NumaSuite EAN; title score 66.6 < 85.0
FGP015169,BOU004,FGP015169,tfidf+rapidfuzz,66.6,SPARK PLUG WRENCH 17/21MM,Spark Plug - JR BOU004 ( Equivalent to NGK BPR5ES OR CHAMPION RN11YC),,3760011423515,yes,no NumaSuite EAN; title score 66.6 < 85.0
FGP015170,JR-CLB007,FGP015170,tfidf+rapidfuzz,66.93,SPARK PLUG WRENCH 17/19MM,PLUG SPANNER FLAT SCREWDRIVER 17MM 19MM,,3760011424635,yes,no NumaSuite EAN; title score 66.9 < 85.0
FGP015171,BOU012,FGP015171,tfidf+rapidfuzz,66.6,SPARK PLUG WRENCH 13/16MM,Spark Plug - JR BOU012 ( Equivalent to NGK BPR5ES OR CHAMPION RN11YC),,3760011423515,yes,no NumaSuite EAN; title score 66.6 < 85.0
FK001KR,TRT4645ORG-1,FK001KR,tfidf+rapidfuzz,70.97,CHAINSAW FILING FIELD KIT,TCK TRT4645ORG-1 Petrol Chainsaw with Free Starter-Kit (45cm Guide Bar),,,yes,no NumaSuite EAN; title score 71.0 < 85.0
792105,JR-FAA0004,792105,tfidf+rapidfuzz,83.98,B&S AIR FILTER,AIR FILTER BR690610 498596 697029,,3760011421443,yes,no NumaSuite EAN; title score 84.0 < 85.0
HRX537VY,LFP-553HWSP-HST,HRX537VY,tfidf+rapidfuzz,71.71,"HONDA HRX537 VY 21"" SMART DRIVE LAWNMOWER","Lawnflite-Pro 553HWSP-HST Professional Self-Propelled Petrol Lawnmower (with Hydrostatic Drive, Blade-Brake Clutch & Honda Engine)",,5050581002462,yes,no NumaSuite EAN; title score 71.7 < 85.0
271724203/MUK,MF-271724203/MUK,271724203/MUK,tfidf+rapidfuzz,94.74,MOUNTFIELD MMT 20 LI KIT CORDLESS MULTI-TOOL,"Mountfield MMT 20 Li KIT 20v Cordless Multi-Tool (Inc, Battery & Charger)",,,yes,no NumaSuite EAN
CS-362TES/30,ECH-CS-362TES-30,CS-362TES/30,tfidf+rapidfuzz,89.5,"ECHO CS-362TES/30 TOP HANDLE CHAINSAW 12"" / 30CM",Echo CS-362TES Top-Handle Petrol Arborist's Chainsaw (30cm Guide Bar),,4934110701969,yes,no NumaSuite EAN
CS-251WESC,ECH-CS-2511WESC,CS-251WESC,tfidf+rapidfuzz,98.43,"ECHO CS-2511WESC PETROL CHAINSAW 10"" / 25CM GUIDE BAR",Echo CS-2511WESC Petrol Chainsaw (25cm Guide Bar),,4934110705530,yes,no NumaSuite EAN
72511-VH4-R10,BERT-BT405-CULT,72511-VH4-R10,tfidf+rapidfuzz,79.21,ROTARY BLADE - HONDA,Bertolini BT405S Two-Wheel Rear-Tine Rotary Cultivator (Honda Engine),,0000000000000,yes,no NumaSuite EAN; title score 79.2 < 85.0
327787119/0,STIG-2F5820421/ST2,327787119/0,tfidf+rapidfuzz,58.24,FRONT DASHBOARD SUPPORT (DARK RED),Stiga Park 300 Front-Cut Ride-On Lawnmower (Excluding Deck),,8008984852235,yes,no NumaSuite EAN; title score 58.2 < 85.0
EC-C304-000000,DCT38M-RDM,EC-C304-000000,tfidf+rapidfuzz,39.69,SPIKE GUARD,"Spectrum DCT38M-RDM  38"" Lawn Tractor with Manual Drive",,5065022450603,yes,no NumaSuite EAN; title score 39.7 < 85.0
EC-V805-000000,R210,EC-V805-000000,tfidf+rapidfuzz,38.24,BOLT TORX 5,Rato Horizontal Engine,,,yes,no NumaSuite EAN; title score 38.2 < 85.0
184106074/0,CUB-19A70040100,184106074/0,tfidf+rapidfuzz,50.96,GRASSCATCHER BAG,Cub Cadet Triple-Bag Collector - for XZ3122 (19A70040100),,43033565054,yes,no NumaSuite EAN; title score 51.0 < 85.0
91014-205,DAN-LM5360HXAR,91014-205,tfidf+rapidfuzz,66.89,"DANARM 21"" BLADE",Danarm LM5360HXAR Petrol Rear-Roller Lawnmower (with Honda Engine),,0000000000000,yes,no NumaSuite EAN; title score 66.9 < 85.0
M75LPX025R,"(JR-CT17) SAW CHAIN 40CM X 57 LINKS GAUGE 0.050"" 1.3MM)",M75LPX025R,tfidf+rapidfuzz,67.16,OREGON 75LPX SAW CHAIN,"(JR-CT17) SAW CHAIN 40CM X 57 LINKS GAUGE 0.050"" 1.3MM)",,,yes,no NumaSuite EAN; title score 67.2 < 85.0
HD1230-12V-3AH,ENG-TDE-40N,HD1230-12V-3AH,tfidf+rapidfuzz,81.82,LAWNMOWER BATTERY 12V 3AH,Energizer® TDE-40N 40v 3-in-1 Cordless Lawnmower (Inc. Battery & Charger),,3661602048844,yes,no NumaSuite EAN; title score 81.8 < 85.0
13211544331,ECH-HCR-165ES,13211544331,tfidf+rapidfuzz,60.41,ECHO FUEL TANK GROMMET,Echo HCR-165ES Petrol Hedgetrimmer,,4934110714709,yes,no NumaSuite EAN; title score 60.4 < 85.0
KH100200,STIG-278031200/22-1,KH100200,tfidf+rapidfuzz,61.48,FORESTRY HELMET STANDARD,Stiga C 415 DU 48v/1.5A ePower Dual Standard Charger | 278021200/21,,8008984841574,yes,no NumaSuite EAN; title score 61.5 < 85.0
HRTF220,C-HRTF220,HRTF220,tfidf+rapidfuzz,89.1,FEIDER HRTF220 REAR TINE CULTIVATOR (BLUE),Feider HRTF220 Pro Two-Wheel Rear-Tine Rotary Cultivator,,3661602049346,yes,no NumaSuite EAN
CGM250205,JR-FAA0004,CGM250205,tfidf+rapidfuzz,78.65,PRE FILTER,AIR FILTER BR690610 498596 697029,,3760011421443,yes,no NumaSuite EAN; title score 78.7 < 85.0
CGM010878,2T2010483/M25,CGM010878,tfidf+rapidfuzz,37.51,CARBURETTOR,Mountfield T30M Gear Drive 2-in-1 Lawn Tractor,,8008984869042,yes,no NumaSuite EAN; title score 37.5 < 85.0
CGM010063,2T2010483/M25,CGM010063,tfidf+rapidfuzz,37.51,CARBURETTOR,Mountfield T30M Gear Drive 2-in-1 Lawn Tractor,,8008984869042,yes,no NumaSuite EAN; title score 37.5 < 85.0
CGM010064,2T2010483/M25,CGM010064,tfidf+rapidfuzz,37.51,CARBURETTOR,Mountfield T30M Gear Drive 2-in-1 Lawn Tractor,,8008984869042,yes,no NumaSuite EAN; title score 37.5 < 85.0
CGM010392,2T2010483/M25,CGM010392,tfidf+rapidfuzz,37.51,CARBURETTOR,Mountfield T30M Gear Drive 2-in-1 Lawn Tractor,,8008984869042,yes,no NumaSuite EAN; title score 37.5 < 85.0
381030140/0,LFP-553HWSP-HST,381030140/0,tfidf+rapidfuzz,75.48,CLUTCH DRIVE CABLE GT,"Lawnflite-Pro 553HWSP-HST Professional Self-Propelled Petrol Lawnmower (with Hydrostatic Drive, Blade-Brake Clutch & Honda Engine)",,5050581002462,yes,no NumaSuite EAN; title score 75.5 < 85.0
CGM010393,2T2010483/M25,CGM010393,tfidf+rapidfuzz,37.51,CARBURETTOR,Mountfield T30M Gear Drive 2-in-1 Lawn Tractor,,8008984869042,yes,no NumaSuite EAN; title score 37.5 < 85.0
CGM010400,2T2010483/M25,CGM010400,tfidf+rapidfuzz,37.51,CARBURETTOR,Mountfield T30M Gear Drive 2-in-1 Lawn Tractor,,8008984869042,yes,no NumaSuite EAN; title score 37.5 < 85.0
CGM010401,2T2010483/M25,CGM010401,tfidf+rapidfuzz,37.51,CARBURETTOR,Mountfield T30M Gear Drive 2-in-1 Lawn Tractor,,8008984869042,yes,no NumaSuite EAN; title score 37.5 < 85.0
CGM796077,2T2010483/M25,CGM796077,tfidf+rapidfuzz,37.51,CARBURETTOR,Mountfield T30M Gear Drive 2-in-1 Lawn Tractor,,8008984869042,yes,no NumaSuite EAN; title score 37.5 < 85.0
CGM010403,SBSCBC,CGM010403,tfidf+rapidfuzz,42.28,CARBURETTOR AND TANK ASSY,Spectrum SBSCBC 40V Standard Battery Charger (0.5A),,5065022450719,yes,no NumaSuite EAN; title score 42.3 < 85.0
CGM010405,2T2010483/M25,CGM010405,tfidf+rapidfuzz,37.51,CARBURETTOR,Mountfield T30M Gear Drive 2-in-1 Lawn Tractor,,8008984869042,yes,no NumaSuite EAN; title score 37.5 < 85.0
CGM160319,JR-BOU001,CGM160319,tfidf+rapidfuzz,84.45,SPARK PLUG L7T,Spark Plug - JR BOU001 ( Equivalent to CHAMPION RJ19LM OR NGK BR21LM),,3760011423485,yes,no NumaSuite EAN; title score 84.4 < 85.0
CGM010407,2T2010483/M25,CGM010407,tfidf+rapidfuzz,37.51,CARBURETTOR,Mountfield T30M Gear Drive 2-in-1 Lawn Tractor,,8008984869042,yes,no NumaSuite EAN; title score 37.5 < 85.0
CGM010408,2T2010483/M25,CGM010408,tfidf+rapidfuzz,37.51,CARBURETTOR,Mountfield T30M Gear Drive 2-in-1 Lawn Tractor,,8008984869042,yes,no NumaSuite EAN; title score 37.5 < 85.0
CGM01410,2T2010483/M25,CGM01410,tfidf+rapidfuzz,37.51,CARBURETTOR,Mountfield T30M Gear Drive 2-in-1 Lawn Tractor,,8008984869042,yes,no NumaSuite EAN; title score 37.5 < 85.0
CGM010411,2T2010483/M25,CGM010411,tfidf+rapidfuzz,37.51,CARBURETTOR,Mountfield T30M Gear Drive 2-in-1 Lawn Tractor,,8008984869042,yes,no NumaSuite EAN; title score 37.5 < 85.0
CGM010417,2T2010483/M25,CGM010417,tfidf+rapidfuzz,37.51,CARBURETTOR,Mountfield T30M Gear Drive 2-in-1 Lawn Tractor,,8008984869042,yes,no NumaSuite EAN; title score 37.5 < 85.0
CGM010419,2T2010483/M25,CGM010419,tfidf+rapidfuzz,37.51,CARBURETTOR,Mountfield T30M Gear Drive 2-in-1 Lawn Tractor,,8008984869042,yes,no NumaSuite EAN; title score 37.5 < 85.0
CGM010420,2T2010483/M25,CGM010420,tfidf+rapidfuzz,37.51,CARBURETTOR,Mountfield T30M Gear Drive 2-in-1 Lawn Tractor,,8008984869042,yes,no NumaSuite EAN; title score 37.5 < 85.0
CGM010424,2T2010483/M25,CGM010424,tfidf+rapidfuzz,37.51,CARBURETTOR,Mountfield T30M Gear Drive 2-in-1 Lawn Tractor,,8008984869042,yes,no NumaSuite EAN; title score 37.5 < 85.0
CG010428,2T2010483/M25,CG010428,tfidf+rapidfuzz,37.51,CARBURETTOR,Mountfield T30M Gear Drive 2-in-1 Lawn Tractor,,8008984869042,yes,no NumaSuite EAN; title score 37.5 < 85.0
CGM250114,JR-FAA0004,CGM250114,tfidf+rapidfuzz,97.0,AIR FILTER,AIR FILTER BR690610 498596 697029,,3760011421443,yes,no NumaSuite EAN
CGM250120,JR-FAA0004,CGM250120,tfidf+rapidfuzz,97.0,AIR FILTER,AIR FILTER BR690610 498596 697029,,3760011421443,yes,no NumaSuite EAN
CGM250125,JR-FAA0004,CGM250125,tfidf+rapidfuzz,97.0,AIR FILTER,AIR FILTER BR690610 498596 697029,,3760011421443,yes,no NumaSuite EAN
CGM250126,JR-FAA0004,CGM250126,tfidf+rapidfuzz,97.0,AIR FILTER,AIR FILTER BR690610 498596 697029,,3760011421443,yes,no NumaSuite EAN
CGM250127,JR-FAA0004,CGM250127,tfidf+rapidfuzz,97.0,AIR FILTER,AIR FILTER BR690610 498596 697029,,3760011421443,yes,no NumaSuite EAN
CGM250195,JR-FAA0004,CGM250195,tfidf+rapidfuzz,97.0,AIR FILTER,AIR FILTER BR690610 498596 697029,,3760011421443,yes,no NumaSuite EAN
CGM250196,JR-FAA0004,CGM250196,tfidf+rapidfuzz,97.0,AIR FILTER,AIR FILTER BR690610 498596 697029,,3760011421443,yes,no NumaSuite EAN
CGM250202,JR-FAA0004,CGM250202,tfidf+rapidfuzz,97.0,AIR FILTER,AIR FILTER BR690610 498596 697029,,3760011421443,yes,no NumaSuite EAN
CGM250207,JR-FAA0004,CGM250207,tfidf+rapidfuzz,97.0,AIR FILTER,AIR FILTER BR690610 498596 697029,,3760011421443,yes,no NumaSuite EAN
CGM250208,JR-FAA0004,CGM250208,tfidf+rapidfuzz,97.0,AIR FILTER,AIR FILTER BR690610 498596 697029,,3760011421443,yes,no NumaSuite EAN
CGM250209,JR-FAA0004,CGM250209,tfidf+rapidfuzz,97.0,AIR FILTER,AIR FILTER BR690610 498596 697029,,3760011421443,yes,no NumaSuite EAN
SRM-237TESU,ECH-SRM-237TESU,SRM-237TESU,tfidf+rapidfuzz,74.32,ECHO SRM-237TESU HORN HANDLE BRUSHCUTTER 21.2CC,Echo SRM-237TESU High-Torque Petrol Brushcutter,,4260382996773,yes,no NumaSuite EAN; title score 74.3 < 85.0
SP10W30-1L,SP31130,SP10W30-1L,tfidf+rapidfuzz,60.88,SPECTRUM SP10W30-1L UNIVERSAL 10W30 OIL,Spectrum 122cm Steel Towed Spike-Type Roller Aerator | SP31130,,5065022450054,yes,no NumaSuite EAN; title score 60.9 < 85.0
TY31506WHEEL,TY31506,TY31506WHEEL,tfidf+rapidfuzz,84.5,X2 CASTOR WHEEL SPECTRUM SWEEPER COLLECTION BOX,Spectrum TY31506 Collection Box,,5065022450542,yes,no NumaSuite EAN; title score 84.5 < 85.0
CGM250210,JR-FAA0004,CGM250210,tfidf+rapidfuzz,78.65,PRE FILTER,AIR FILTER BR690610 498596 697029,,3760011421443,yes,no NumaSuite EAN; title score 78.7 < 85.0
CGM250213,JR-FAA0004,CGM250213,tfidf+rapidfuzz,97.0,AIR FILTER,AIR FILTER BR690610 498596 697029,,3760011421443,yes,no NumaSuite EAN
CGM250214,JR-FAA0004,CGM250214,tfidf+rapidfuzz,78.65,PRE FILTER,AIR FILTER BR690610 498596 697029,,3760011421443,yes,no NumaSuite EAN; title score 78.7 < 85.0
CGM250215,JR-FAA0004,CGM250215,tfidf+rapidfuzz,97.0,AIR FILTER,AIR FILTER BR690610 498596 697029,,3760011421443,yes,no NumaSuite EAN
CGM250216,JR-FAA0004,CGM250216,tfidf+rapidfuzz,78.65,PRE FILTER,AIR FILTER BR690610 498596 697029,,3760011421443,yes,no NumaSuite EAN; title score 78.7 < 85.0
CGM250234,JR-FAA0004,CGM250234,tfidf+rapidfuzz,97.0,AIR FILTER,AIR FILTER BR690610 498596 697029,,3760011421443,yes,no NumaSuite EAN
CGM160319,JR-BOU001,CGM160319,tfidf+rapidfuzz,97.0,SPARK PLUG,Spark Plug - JR BOU001 ( Equivalent to CHAMPION RJ19LM OR NGK BR21LM),,3760011423485,yes,no NumaSuite EAN
CGM160323,JR-BOU001,CGM160323,tfidf+rapidfuzz,97.0,SPARK PLUG,Spark Plug - JR BOU001 ( Equivalent to CHAMPION RJ19LM OR NGK BR21LM),,3760011423485,yes,no NumaSuite EAN
CGM260041,JR-FAE0001,CGM260041,tfidf+rapidfuzz,74.72,INLINE FUEL FILTER,FUEL FILTER RIDER -                        WP73112,,3760011421528,yes,no NumaSuite EAN; title score 74.7 < 85.0
CGM260042,JR-FAE0001,CGM260042,tfidf+rapidfuzz,74.72,INLINE FUEL FILTER,FUEL FILTER RIDER -                        WP73112,,3760011421528,yes,no NumaSuite EAN; title score 74.7 < 85.0
CGM010391,2T2010483/M25,CGM010391,tfidf+rapidfuzz,37.51,CARBURETTOR,Mountfield T30M Gear Drive 2-in-1 Lawn Tractor,,8008984869042,yes,no NumaSuite EAN; title score 37.5 < 85.0
CGM010390,2T2010483/M25,CGM010390,tfidf+rapidfuzz,37.51,CARBURETTOR,Mountfield T30M Gear Drive 2-in-1 Lawn Tractor,,8008984869042,yes,no NumaSuite EAN; title score 37.5 < 85.0
CGM250219,JR-FAA0004,CGM250219,tfidf+rapidfuzz,97.0,AIR FILTER,AIR FILTER BR690610 498596 697029,,3760011421443,yes,no NumaSuite EAN
CGM250222,FAA008,CGM250222,tfidf+rapidfuzz,82.79,AIR FILTER AND PRE FILTER,Lawn Mower Air Filter -  JR Spares - JR-FAA0008 fits Briggs and Stratton,,3760011421481,yes,no NumaSuite EAN; title score 82.8 < 85.0
CGM260103,SVC-PUNCTURE-PREV,CGM260103,tfidf+rapidfuzz,37.59,PRIMER BUBBLE,Pre-delivery Puncture Prevention Service,,,yes,no NumaSuite EAN; title score 37.6 < 85.0
CGM020114,TG561-SWT,CGM020114,tfidf+rapidfuzz,33.48,GROMMET,Spectrum TG561-SWT Self Propelled Wheeled Trimmer,,5065022450511,yes,no NumaSuite EAN; title score 33.5 < 85.0
CGM020115,TG561-SWT,CGM020115,tfidf+rapidfuzz,33.48,GROMMET,Spectrum TG561-SWT Self Propelled Wheeled Trimmer,,5065022450511,yes,no NumaSuite EAN; title score 33.5 < 85.0
CGM050105,SBSCBC,CGM050105,tfidf+rapidfuzz,34.24,SPINDLE ASSY,Spectrum SBSCBC 40V Standard Battery Charger (0.5A),,5065022450719,yes,no NumaSuite EAN; title score 34.2 < 85.0
CGM090067,JR-CARB0001,CGM090067,tfidf+rapidfuzz,74.22,FUEL CAP,FUEL PIPE INNER DIAMETER 6.35MM OUTER 12.7MM L30CM,,3760011420552,yes,no NumaSuite EAN; title score 74.2 < 85.0
CGM090068,JR-FAH0002,CGM090068,tfidf+rapidfuzz,68.92,OIL CAP,OIL FILTER LONG VARIOUS,,3760011421559,yes,no NumaSuite EAN; title score 68.9 < 85.0
5266,JR-FAA001,5266,tfidf+rapidfuzz,73.15,AIR FILTER - FITS ECHO / SHINDAIWA,AIR FILTER JR-FAA001,,,yes,no NumaSuite EAN; title score 73.1 < 85.0
8751,PRT016,8751,tfidf+rapidfuzz,53.53,KAWASAKI SERVICE KIT - FITS FR651V ENGINES,"Safety-Kit  JR PRT016 - Suited to Chainsaw, brushcutter or Log Splitter users",,3760011422723,yes,no NumaSuite EAN; title score 53.5 < 85.0
MR4082-RET,LF-60SDE,MR4082-RET,tfidf+rapidfuzz,63.51,VIKING RIDER MOWER MR4082 USED,Lawnflite Mini-Rider 60-SDE Ultra-Compact Side-Discharge Ride-On Mower with Transmatic Drive,,4008423855814,yes,no NumaSuite EAN; title score 63.5 < 85.0
BELT TG56,TG561-SWT,BELT TG56,tfidf+rapidfuzz,39.99,BELT TG56SE (O-800E),Spectrum TG561-SWT Self Propelled Wheeled Trimmer,,5065022450511,yes,no NumaSuite EAN; title score 40.0 < 85.0
G334-001830,ECH-DHCA-310,G334-001830,tfidf+rapidfuzz,79.92,ECHO CORDLESS SWITCH,Echo DHCA-310 40v Long-Reach Cordless Hedgetrimmer (Tool Only),,,yes,no NumaSuite EAN; title score 79.9 < 85.0
SS4,SOL-475-D,SS4,tfidf+rapidfuzz,61.88,SEALEY SS4 KNAPSACK SPRAYER,Solo 475/D Diaphragm-Pump Backpack Sprayer,,4015966475003,yes,no NumaSuite EAN; title score 61.9 < 85.0
TG11000200,JR-CLB004,TG11000200,tfidf+rapidfuzz,60.0,"MULCH PLUG TG51, TG56",PLUG SPANNER,,,yes,no NumaSuite EAN; title score 60.0 < 85.0
381103359/1,JR-LAN0004,381103359/1,tfidf+rapidfuzz,69.86,HANDLE LOCKING LEVER,RECOIL HANDLE,,3760011422327,yes,no NumaSuite EAN; title score 69.9 < 85.0
742-05253,CC-XM3ER53,742-05253,tfidf+rapidfuzz,93.15,BLADE - CUB CADET,Cub Cadet XM3ER53 3-in-1 Variable-Speed Petrol Lawnmower with Blade-Brake Clutch,,4008423891966,yes,no NumaSuite EAN
2L0536033/MC,MF-2L0536033/MC,2L0536033/MC,tfidf+rapidfuzz,93.46,MOUNTFIELD SP53H LAWNMOWER - HONDA ENGINE,Mountfield SP53H 3-in-1 Self-Propelled Petrol Lawnmower (with Honda Engine),,8008984817999,yes,no NumaSuite EAN
2T0980483/M25,MF-2T0980483/M25,2T0980483/M25,tfidf+rapidfuzz,78.8,MOUNTFIELD 2240H LAWN TRACTOR - ST650 TWIN 653CC,Mountfield 2240H Rear-Collect V-Twin Garden Tractor with Hydrostatic Drive,,8008984869387,yes,no NumaSuite EAN; title score 78.8 < 85.0
119410608/1,R210,119410608/1,tfidf+rapidfuzz,45.08,NEUTRAL SWITCH (LANGHUI),Rato Horizontal Engine,,,yes,no NumaSuite EAN; title score 45.1 < 85.0
325110548/0,BCH005,325110548/0,tfidf+rapidfuzz,59.12,CENTRAL COVER (BLACK),Protective Cover for Snow Throwers- JR BCH005,,3760011424550,yes,no NumaSuite EAN; title score 59.1 < 85.0
13-0993-61,STIG-RAC-VILLAS,13-0993-61,tfidf+rapidfuzz,82.22,RAC QUICK CONNECTION 4WD PARK,Stiga RAC Quick Connection - for Villa Models | 13-0994-61,,,yes,no NumaSuite EAN; title score 82.2 < 85.0
731-10069D,CC-19A30030100,731-10069D,tfidf+rapidfuzz,74.11,BRACKET (CUB CADET),Cub Cadet 200-Litre Twin-Bagger (19A30030100),,4008423879636,yes,no NumaSuite EAN; title score 74.1 < 85.0
SRM-2621TESU,ECH-SRM-2621TESU,SRM-2621TESU,tfidf+rapidfuzz,74.36,ECHO SRM-2621TESU 25.4CC HORN HANDLE BRUSHCUTTER,Echo SRM-2621TESU High-Torque Petrol Brushcutter,,4934110707732,yes,no NumaSuite EAN; title score 74.4 < 85.0
72531-VR8-E00,BERT-BT405-CULT,72531-VR8-E00,tfidf+rapidfuzz,70.65,HONDA ROTARY BLADE UPPER,Bertolini BT405S Two-Wheel Rear-Tine Rotary Cultivator (Honda Engine),,0000000000000,yes,no NumaSuite EAN; title score 70.6 < 85.0
72511-VR8-E00,BERT-BT405-CULT,72511-VR8-E00,tfidf+rapidfuzz,71.07,HONDA ROTARY BLADE LOWER,Bertolini BT405S Two-Wheel Rear-Tine Rotary Cultivator (Honda Engine),,0000000000000,yes,no NumaSuite EAN; title score 71.1 < 85.0
181102422/0,SBSCSC,181102422/0,tfidf+rapidfuzz,34.96,GRASSBAG (BLACK) CP1,Spectrum SBSCSC 40V Fast Battery Charger (2A),,5065022450696,yes,no NumaSuite EAN; title score 35.0 < 85.0
182105947/0,SBSCSC,182105947/0,tfidf+rapidfuzz,40.31,FABRIC GRASSCATCHER BLACK MP84 C HE,Spectrum SBSCSC 40V Fast Battery Charger (2A),,5065022450696,yes,no NumaSuite EAN; title score 40.3 < 85.0
112760605/0,STIG-Titan-Snow-Chains-13-7914-11,112760605/0,tfidf+rapidfuzz,58.5,SCREW M8 X 20,"Stiga Titan Snow Chains 20"" x 10 (13-7914-11)",,,yes,no NumaSuite EAN; title score 58.5 < 85.0
WPFB550907,STIG-271021000/21,WPFB550907,tfidf+rapidfuzz,59.37,FULBAT SLA12-22 SLAB BATTERY 12V 22AH,Stiga C 215 SU 20v ePower Single-Port Battery Charger | 271021000/21,,8008984841208,yes,no NumaSuite EAN; title score 59.4 < 85.0
91003-169,R210,91003-169,tfidf+rapidfuzz,41.76,CONTROL CABLE,Rato Horizontal Engine,,,yes,no NumaSuite EAN; title score 41.8 < 85.0
KT400-3 PRO RTN,KT400-3 PRO,KT400-3 PRO RTN,tfidf+rapidfuzz,85.46,SPECTRUM KT400-3 PRO RETURN,Spectrum KT400-3 Pro 3-in-1 Petrol Lawn Scarifier/Aerator/Sweeper-Groomer,,5065022450573,yes,no NumaSuite EAN
2T0830483/M25,MF-2T0830483/M25,2T0830483/M25,tfidf+rapidfuzz,94.54,MOUNTFIELD 1738H TRACTOR.,Mountfield 1738H Rear-Collect V-Twin Garden Tractor with Hydrostatic Drive,,8008984869660,yes,no NumaSuite EAN
PTX210-RTN,2T0980473/C22,PTX210-RTN,tfidf+rapidfuzz,83.31,CASTEL GARDEN PTX 210 HD LAWN TRACTOR - EX DEMO,Castel Garden PTX 210 HD Rear-Collect V-Twin Garden Tractor with Hydrostatic Drive,,8008984851672,yes,no NumaSuite EAN; title score 83.3 < 85.0
742-05254,CC-XM3ER53,742-05254,tfidf+rapidfuzz,93.15,BLADE - CUB CADET,Cub Cadet XM3ER53 3-in-1 Variable-Speed Petrol Lawnmower with Blade-Brake Clutch,,4008423891966,yes,no NumaSuite EAN
731-10070A,MTD-MULCH-PLUG-196-589-678,731-10070A,tfidf+rapidfuzz,69.89,BONNET PIN - CUB CADET,MTD Mulching-Plug - for 53cm MTD Optima & Cub Cadet Mowers (196-589-678),,4008423855920,yes,no NumaSuite EAN; title score 69.9 < 85.0
TB120000013,JR-FAA0004,TB120000013,tfidf+rapidfuzz,82.54,AIR FILTER - TB51,AIR FILTER BR690610 498596 697029,,3760011421443,yes,no NumaSuite EAN; title score 82.5 < 85.0
381008691/0,DEMKIT,381008691/0,tfidf+rapidfuzz,54.44,SCREWS ASSEMBLY KIT,JR 8-Piece Demolition Kit | DEMKIT,,3661602041210,yes,no NumaSuite EAN; title score 54.4 < 85.0
SRM-2621TES/L,ECH-SRM-222ES,SRM-2621TES/L,tfidf+rapidfuzz,70.47,ECHO SRM-2621TES/L LOOP HANDLE BRUSH CUTTER 25.4CC ENGINE,Echo SRM-222ES Petrol Brushcutter,,4934110710718,yes,no NumaSuite EAN; title score 70.5 < 85.0
CS-621SX/50,ECH-CS-621SX,CS-621SX/50,tfidf+rapidfuzz,93.36,"ECHO CS-621SX/50 PETROL CHAINSAW 20"" GUIDE BAR",Echo CS-621SX Petrol Chainsaw (50cm Guide Bar),,3666973000071,yes,no NumaSuite EAN
SXDCS82,GW-G40CS30K2,SXDCS82,tfidf+rapidfuzz,74.25,"SNAPPER SXDCS82 CORDLESS CHAINSAW 46CM / 18"" GUIDE BAR",Greenworks G40CS30K2 40v Cordless Chainsaw – 30cm Guide Bar (Inc. 2Ah Battery & Charger),,6952909013145,yes,no NumaSuite EAN; title score 74.2 < 85.0
HFT200-RTN,HFT200,HFT200-RTN,tfidf+rapidfuzz,96.17,FEIDER HFT200 PETROL SCYTHE-BAR MOWER RETURN,Feider HFT200 Scythe-Bar Mower,,3661602048172,yes,no NumaSuite EAN
61460035R,EF-EP90,61460035R,tfidf+rapidfuzz,59.46,STARTER ASSY EFCO,Efco EP90 Pruner Attachment,,3000315102045,yes,no NumaSuite EAN; title score 59.5 < 85.0
66030276R,R-RTN631,66030276R,tfidf+rapidfuzz,62.32,CABLE - BRAKE O.M,Stiga Twinclip 55 SH BBC Self-Propelled Lawnmower with Blade-Brake Clutch,,,yes,no NumaSuite EAN; title score 62.3 < 85.0
100864011,DDS008,100864011,tfidf+rapidfuzz,56.92,BLADE DCT38 M/H RDM (RIGHT),3-Tooth Metal Brushcutter-Blade JR DDS008,,3760011421344,yes,no NumaSuite EAN; title score 56.9 < 85.0
100864012,OLY-64-398,100864012,tfidf+rapidfuzz,57.65,BLADE DCT38 M/H RDM (LEFT),"Big MUTT Pro with 9""x7"" Blade and 64"" Steel Handle",,,yes,no NumaSuite EAN; title score 57.6 < 85.0
1134-9152-01,OLY-39-014,1134-9152-01,tfidf+rapidfuzz,65.04,BELT  - CUTTER (BELT A105),"Olympia 14"" Bolt Cutter, Centre Cut - (39-014)",,0025997390149,yes,no NumaSuite EAN; title score 65.0 < 85.0
13X660A26,KT400-3 PRO,13X660A26,tfidf+rapidfuzz,53.3,BELT 13X660 A26 (KT400),Spectrum KT400-3 Pro 3-in-1 Petrol Lawn Scarifier/Aerator/Sweeper-Groomer,,5065022450573,yes,no NumaSuite EAN; title score 53.3 < 85.0
RO-16081,CC-XM3ER53,RO-16081,tfidf+rapidfuzz,93.15,BLADE -  CUB CADET,Cub Cadet XM3ER53 3-in-1 Variable-Speed Petrol Lawnmower with Blade-Brake Clutch,,4008423891966,yes,no NumaSuite EAN
754-05025A,MTD-MULCH-PLUG-196-589-678,754-05025A,tfidf+rapidfuzz,71.06,DECK BELT - CUB CADET,MTD Mulching-Plug - for 53cm MTD Optima & Cub Cadet Mowers (196-589-678),,4008423855920,yes,no NumaSuite EAN; title score 71.1 < 85.0
TG11000199CA,SIMP-1696072,TG11000199CA,tfidf+rapidfuzz,57.33,BELT COVER TG56 (COMPLETE ASSY),Simplicity Mulch Kit - Cover Only - for SLT110 | 1696072,,0000000000000,yes,no NumaSuite EAN; title score 57.3 < 85.0
CS-7310SX/70,ECH-CS-7310SX-70,CS-7310SX/70,tfidf+rapidfuzz,90.23,"ECHO CS-7310SX/70 PETROL CHAINSAW 73.5CC 28"" / 70CM BAR",Echo CS-7310SX Petrol Chainsaw (70cm Guide Bar),,,yes,no NumaSuite EAN
125160072/0,HAR-LMG53SHL-T,125160072/0,tfidf+rapidfuzz,68.44,WHEEL SPACER,Harry LMG53SHL-T 4-in-1 Self-Propelled Hi-Wheel Petrol Lawnmower,,0000000000000,yes,no NumaSuite EAN; title score 68.4 < 85.0
182700006/0,MANT-9222,182700006/0,tfidf+rapidfuzz,61.37,ANTI-SCALP WHEEL D=95MM,Mantis Wheel-Kit | 9222,,,yes,no NumaSuite EAN; title score 61.4 < 85.0
118870263/0,R210,118870263/0,tfidf+rapidfuzz,41.52,NEUTRAL SWITCH,Rato Horizontal Engine,,,yes,no NumaSuite EAN; title score 41.5 < 85.0
66070730,OM-KA30,66070730,tfidf+rapidfuzz,79.8,WHEEL KIT OLEO MAC,Oleo-Mac KA30 Vacuum Conversion-Kit,,,yes,no NumaSuite EAN; title score 79.8 < 85.0
31057-197,TAN-B4-9-1.6,31057-197,tfidf+rapidfuzz,58.46,BLADE/DECK BOLT DANARM,Tanaka Brushcutter Blade (B4/9/1.6),,,yes,no NumaSuite EAN; title score 58.5 < 85.0
X047-000561,CL40-SQ,X047-000561,tfidf+rapidfuzz,69.85,ECHO STRIMMER HEAD,Spectrum CL40-R-SQ 4.0mm Square Strimmer Line,,,yes,no NumaSuite EAN; title score 69.8 < 85.0
281210003/21,MF-281210003/21,281210003/21,tfidf+rapidfuzz,88.28,MOUNTFIELD TR 425 HJ PETROL HEDGE TRIMMER,Mountfield TR 425 HJ 4-Stroke Curved-Shaft Petrol Grass-Trimmer (Honda Engine),,8008984843646,yes,no NumaSuite EAN
OLYMPIC-600,MASP-419091,OLYMPIC-600,tfidf+rapidfuzz,88.57,MASPORT OLYMPIC 660 CYLINDER LAWNMOWER,Masport Olympic 500 Cylinder Mower,,,yes,no NumaSuite EAN
CSWB1,STIG-2F7062505/ST1,CSWB1,tfidf+rapidfuzz,77.26,SPECTRUM CSWB1 ELECTRIC POWERED BATTERY,Stiga Gyro 500e ‘Drive-by-Wire’ Electric Battery-Powered Axial Ride-On Lawnmower,,8008984853089,yes,no NumaSuite EAN; title score 77.3 < 85.0
SF500/E,TFN042,SF500/E,tfidf+rapidfuzz,58.69,ECHO SF500/E SPEED FEED HEAD (30-50CC),Universal Pro Combi Quad Line-Head with Blade for 30-40cc Brushcutters - JR TFN042,,3760011423164,yes,no NumaSuite EAN; title score 58.7 < 85.0
WP02598CPK,HAN-WP02571BPK,WP02598CPK,tfidf+rapidfuzz,80.45,ROCKWOOD UNIVERSAL DURAFIX BUMP FEED HEAD WITH BOLTS,Handy Universal Bump Feed Head c/w Ad. Bolts,,,yes,no NumaSuite EAN; title score 80.5 < 85.0
118551662/0,C-HF2317HME,118551662/0,tfidf+rapidfuzz,62.15,CARBURETTOR (HONDA),Honda HF 2317 HME Garden Tractor,,,yes,no NumaSuite EAN; title score 62.2 < 85.0
118552560/0,ACC-DEFL-84CM,118552560/0,tfidf+rapidfuzz,43.72,STARTER MOTOR,Rear Deflector Flor 84cm Mountfield/Stiga Tractors,,,yes,no NumaSuite EAN; title score 43.7 < 85.0
135063800/0,LPW1600,135063800/0,tfidf+rapidfuzz,36.12,BELT Z27 LP=710,"Spectrum LPW1600 Electric Pressure Washer — 1600W, 130 Bar",,5065022450726,yes,no NumaSuite EAN; title score 36.1 < 85.0
322042067/0,SBSCBC,322042067/0,tfidf+rapidfuzz,31.11,AXLE BUSH,Spectrum SBSCBC 40V Standard Battery Charger (0.5A),,5065022450719,yes,no NumaSuite EAN; title score 31.1 < 85.0
384680091/0,C-HRTF220,384680091/0,tfidf+rapidfuzz,64.74,REAR WHEEL ASSY MTF66/827,Feider HRTF220 Pro Two-Wheel Rear-Tine Rotary Cultivator,,3661602049346,yes,no NumaSuite EAN; title score 64.7 < 85.0
SRM-3611T/U,ECH-SRM-222ES,SRM-3611T/U,tfidf+rapidfuzz,72.19,ECHO SRM-3611T/U HORN HANDLE BRUSHCUTTER 36.3CC,Echo SRM-222ES Petrol Brushcutter,,4934110710718,yes,no NumaSuite EAN; title score 72.2 < 85.0
DHC-310,ECH-DHC-310,DHC-310,tfidf+rapidfuzz,73.96,"ECHO DHC-310 CORDLESS HEDGECUTTER 24"" / 60CM",Echo DHC-310 40v Cordless Hedgetrimmer (Tool Only),,,yes,no NumaSuite EAN; title score 74.0 < 85.0
DSRM-310L,ECH-DSRM-310L,DSRM-310L,tfidf+rapidfuzz,81.68,ECHO DSRM-310L CORDLESS TRIMMER LOOP HANDLE,Echo DSRM-310L 40v Cordless Grass-Trimmer (Tool Only),,4934110780001,yes,no NumaSuite EAN; title score 81.7 < 85.0
HCR-165ES,ECH-HCR-165ES,HCR-165ES,tfidf+rapidfuzz,78.44,"ECHO HCR-165ES DOUBLE SIDED PETROL HEDGE TRIMMER 25"" / 64CM",Echo HCR-165ES Petrol Hedgetrimmer,,4934110714709,yes,no NumaSuite EAN; title score 78.4 < 85.0
180130289-0001,JR-FAA0004,180130289-0001,tfidf+rapidfuzz,77.95,AIR FILTER LONCIN,AIR FILTER BR690610 498596 697029,,3760011421443,yes,no NumaSuite EAN; title score 78.0 < 85.0
ZTX105,SNAP-ZTX105,ZTX105,tfidf+rapidfuzz,85.47,SNAPPER ZTX105 ZERO TURN TRACTOR,Snapper ZTX105 Zero-Turn Ride-On Mower,,3570523581906,yes,no NumaSuite EAN
SP31537,WEBB-WBV,SP31537,tfidf+rapidfuzz,70.56,SPECTRUM SP31537 WALK BEHIND SPREADER 80 LBS,Webb Walk-Behind Vacuum,,,yes,no NumaSuite EAN; title score 70.6 < 85.0
SP31576,SPEC-SP31508,SP31576,tfidf+rapidfuzz,65.67,SPECTRUM SP31576 TOWED BEHIND SPREADER 200 LBS,Spectrum 57kg-Capacity Towed Broadcast Spreader | SP31508,,,yes,no NumaSuite EAN; title score 65.7 < 85.0
SP31105-6,100134O-AMZ,SP31105-6,tfidf+rapidfuzz,69.01,REPLACEMENT HOPPER BAG - FITS SP31105,"Spectrum 100134O Replacement Concrete Mixer Drum — fits Belle, Build Buddy & Screwfix Mixers",,5065022450740,yes,no NumaSuite EAN; title score 69.0 < 85.0
T30M-RET,1330M-XDISP,T30M-RET,tfidf+rapidfuzz,93.43,MOUNTFIELD T30M TRACTOR - EX DEMO,Mountfield T30M Rear-Collect Lawn Tractor with Manual Drive - Ex Demo,,8008984869042,yes,no NumaSuite EAN
4147 141 0300,JR-FAA0004,4147 141 0300,tfidf+rapidfuzz,79.95,AIR FILTER - STHIL,AIR FILTER BR690610 498596 697029,,3760011421443,yes,no NumaSuite EAN; title score 80.0 < 85.0
0000 350 3521,JR-FAE0001,0000 350 3521,tfidf+rapidfuzz,77.92,FUEL FILTER - STIHL,FUEL FILTER RIDER -                        WP73112,,3760011421528,yes,no NumaSuite EAN; title score 77.9 < 85.0
4180 120 1800,JR-FAA0004,4180 120 1800,tfidf+rapidfuzz,79.95,AIR FILTER - STIHL,AIR FILTER BR690610 498596 697029,,3760011421443,yes,no NumaSuite EAN; title score 80.0 < 85.0
LPW1600-AMZ,TG561-SWT-AMZ,LPW1600-AMZ,tfidf+rapidfuzz,59.06,SPECTRUM LPW1600 PRESSURE WASHER - AMAZON FULFILLED,Spectrum TG561-SWT Self Propelled Wheeled Trimmer (Amazon),,5065022450511,yes,no NumaSuite EAN; title score 59.1 < 85.0
382680125/0,HY-M3300E,382680125/0,tfidf+rapidfuzz,66.09,REAR WHEEL ASSY 1330/T30,Hyundai 1200w/33cm 3-in-1 Electric 4-Wheel Rear-Roller Lawnmower | HYM3300E,,5056275757977,yes,no NumaSuite EAN; title score 66.1 < 85.0
LPW2200-AMZ,C-TG40SE-AMZ,LPW2200-AMZ,tfidf+rapidfuzz,66.35,SPECTRUM LPW2200 ELECTRIC PRESSURE WASHER,Spectrum TG40SE Self-Propelled Petrol Lawnmower with Electric Start (Amazon),,5065022450115,yes,no NumaSuite EAN; title score 66.3 < 85.0
465773,MASP-482948,465773,tfidf+rapidfuzz,85.17,"MASPORT 500 AL PETROL LAWNMOWER 18"" / 46CM",Masport 500 AL Hand-Propelled  Petrol Lawnmower with Low-Vibration Handlebar,,9414974657732,yes,no NumaSuite EAN
CSDP1,SEAL-LS520H,CSDP1,tfidf+rapidfuzz,64.46,SEALEY CSDP1 500KG ELECTRIC MINI DUMPER,Sealey LS520H Horizontal Electric Log-Splitter | 5-Tonne/2200w,,5051747384941,yes,no NumaSuite EAN; title score 64.5 < 85.0
419091,MASP-419091,419091,tfidf+rapidfuzz,100.0,MASPORT OLYMPIC 500 CYLINDER MOWER,Masport Olympic 500 Cylinder Mower,,,yes,no NumaSuite EAN
483809,MASP-483809,483809,tfidf+rapidfuzz,97.27,MASPORT 200 ST HAND PROPELLED LAWNMOWER,Masport 200 ST Hand-Propelled Petrol Lawnmower,,,yes,no NumaSuite EAN
457945,MASP-457945,457945,tfidf+rapidfuzz,100.0,MASPORT ROTAROLA RRSP 18H SELF PROPELLED PETROL REAR ROLLER LAWNMOWER (HONDA ENGINE),Masport Rotarola RRSP 18H Self-Propelled Petrol Rear-Roller Lawnmower (with Honda Engine),,,yes,no NumaSuite EAN
465743,MASP-465743,465743,tfidf+rapidfuzz,99.19,MASPORT 300 AL HAND PROPELLED PETROL LAWNMOWER WITH ALUMINIUM DECK,Masport 300 AL L Hand-Propelled Petrol Lawnmower with Aluminium Deck,,9414974657435,yes,no NumaSuite EAN
465805,MASP-464791,465805,tfidf+rapidfuzz,100.0,MASPORT 250 ST SP COMBINATION 3-IN-1 SELF PROPELLED PETROL LAWNMOWER,Masport 250 ST SP Combination 3-in-1 Self-Propelled Petrol Lawnmower,,9414974658050,yes,no NumaSuite EAN
DSRM-2600L,ECH-DSRM-2600/L,DSRM-2600L,tfidf+rapidfuzz,90.53,ECHO DSRM-2600L CORDLESS BRUSHCUTTER (TOOL ONLY),Echo DSRM-2600/L 56v Professional Cordless Brushcutter (Tool Only),,,yes,no NumaSuite EAN
2853,ST-AL100(2),2853,tfidf+rapidfuzz,64.14,TRI BLADE - STIHL,STIHL AL100 Standard Charger,,,yes,no NumaSuite EAN; title score 64.1 < 85.0
196-707-678,MTD-196-749A678,196-707-678,tfidf+rapidfuzz,79.92,MTD 60-RDE MULCH KIT,MTD/Lawnflite/Cub Cadet Mulch-Kit (196-749A678),,4008423836080,yes,no NumaSuite EAN; title score 79.9 < 85.0
80305-Y09-003,OM-MAX-53-THX,80305-Y09-003,tfidf+rapidfuzz,80.32,DECK BELT - HONDA,Oleo-Mac MAX 53-THX AllRoad ALU Self-Propelled Petrol Lawnmower with Aluminium Deck (Honda Engine),,8026619064037,yes,no NumaSuite EAN; title score 80.3 < 85.0
1121550000/0,WH20XT,1121550000/0,tfidf+rapidfuzz,60.87,SELF LOCKING NUT M8,HONDA WH20 Self Priming Water Pump,,,yes,no NumaSuite EAN; title score 60.9 < 85.0
SCREW TORX M6,SBSCBC,SCREW TORX M6,tfidf+rapidfuzz,38.15,112727799/0,Spectrum SBSCBC 40V Standard Battery Charger (0.5A),,5065022450719,yes,no NumaSuite EAN; title score 38.1 < 85.0
1134-6073-01,JR-AFC0005,1134-6073-01,tfidf+rapidfuzz,65.25,HANDLE ASSY - PARK,Chainsaw File Handle - JR Spares - Universal Handle for  Chainsaw Sharpener - JR-AFC0005,,,yes,no NumaSuite EAN; title score 65.3 < 85.0
118552634/0,ACC-DEFL-84CM,118552634/0,tfidf+rapidfuzz,43.72,STARTER MOTOR,Rear Deflector Flor 84cm Mountfield/Stiga Tractors,,,yes,no NumaSuite EAN; title score 43.7 < 85.0
125510103/0,R210,125510103/0,tfidf+rapidfuzz,32.35,BOLT,Rato Horizontal Engine,,,yes,no NumaSuite EAN; title score 32.3 < 85.0
322226194/0,STIG-13-3916-61,322226194/0,tfidf+rapidfuzz,75.94,PLASTIC FRONT COVER,Stiga Dust Cover for 85cm Front-Mounted Sweeper | 13-3916-61,,7313321308902,yes,no NumaSuite EAN; title score 75.9 < 85.0
322393642/0,STIG-2A0000000/S16,322393642/0,tfidf+rapidfuzz,69.32,PLASTIC FRONT COVER (GREY),Stiga Protective Cover for Park Front-Cut Ride-On Mowers | 2A0000000/S16,,8008984781696,yes,no NumaSuite EAN; title score 69.3 < 85.0
325038007/0,GC-SC4240P-RTN,325038007/0,tfidf+rapidfuzz,27.21,BUSH,Einhell GC-SC 4240-P Petrol Lawn Scarifier - Refurbished,,4006825638073,yes,no NumaSuite EAN; title score 27.2 < 85.0
325840029/0,C-HRTF220,325840029/0,tfidf+rapidfuzz,43.14,TIE ROD,Feider HRTF220 Pro Two-Wheel Rear-Tine Rotary Cultivator,,3661602049346,yes,no NumaSuite EAN; title score 43.1 < 85.0
382230375/1,STIG-HT-ATTACH-226,382230375/1,tfidf+rapidfuzz,47.24,"STUB AXLE 15""",Stiga Hedgetrimmer Attachment for Split-Shaft Brushcutters | 232511710/15,,8008984634671,yes,no NumaSuite EAN; title score 47.2 < 85.0
382680125/0,HY-M3800E,382680125/0,tfidf+rapidfuzz,74.06,"REAR WHEEL ASSY 15""",Hyundai 1600w/38cm Electric 4-Wheel Rear-Roller Mulching Lawnmower | HYM3800E,,600231974196,yes,no NumaSuite EAN; title score 74.1 < 85.0
9893-0616-16,CS-3410,9893-0616-16,tfidf+rapidfuzz,32.01,SCREW M6,Echo CS-3410 Petrol 2-Stroke Chainsaw,,,yes,no NumaSuite EAN; title score 32.0 < 85.0
MUCKMATE,100134O,MUCKMATE,tfidf+rapidfuzz,59.21,CHIPPERFIELD MUCKMATE ELECTRIC CONCRETE MIXER - 230V,"Spectrum 100134O Replacement Concrete Mixer Drum — fits Belle, Build Buddy & Screwfix Mixers",,5065022450740,yes,no NumaSuite EAN; title score 59.2 < 85.0
SRM-3021TES/L,ECH-SRM-222ES,SRM-3021TES/L,tfidf+rapidfuzz,72.56,ECHO SRM-3021TES/L LOOP HANDLE BRUSHCUTTER 30.5CC,Echo SRM-222ES Petrol Brushcutter,,4934110710718,yes,no NumaSuite EAN; title score 72.6 < 85.0
WEPWT,WEB-WEPWT,WEPWT,tfidf+rapidfuzz,97.28,WEBB WEPWT 161cc 56CM (22″) PETROL WHEELED LINE TRIMMER,Webb 56cm (22”) Petrol Wheeled Line Trimmer - WEPWT,,5055661903943,yes,no NumaSuite EAN
U1L9MF,MF-271012000/21,U1L9MF,tfidf+rapidfuzz,66.3,12V 28AH GEL BATTERY,Mountfield B22 20v/2Ah Freedom 100 Battery,,8008984841154,yes,no NumaSuite EAN; title score 66.3 < 85.0
112727799/0,DCT38M-RDM,112727799/0,tfidf+rapidfuzz,38.87,SCREW TORX M6,"Spectrum DCT38M-RDM  38"" Lawn Tractor with Manual Drive",,5065022450603,yes,no NumaSuite EAN; title score 38.9 < 85.0
HCS770X,HCS870,HCS770X,tfidf+rapidfuzz,89.72,CHIPPERFIELD HCS770X PETROL SCYTHE-BAR MOWER,"Chipperfield HCS870 Petrol Scythe-Bar Mower — 87cm, 196cc Loncin Engine",,5061122340295,yes,no NumaSuite EAN
HCT270P,AP-907970000,HCT270P,tfidf+rapidfuzz,60.29,CHIPPERFIELD HCT270P 2 WHEEL TRACTOR (UNIT ONLY),Apache Rear-Mounted Tiller/Cultivator Attachment – for P70 Two-Wheel Tractor,,0000000000000,yes,no NumaSuite EAN; title score 60.3 < 85.0
HCT296D,XHT-240,HCT296D,tfidf+rapidfuzz,59.25,CHIPPERFIELD HCT296D DIESEL 2 WHEEL TRACTOR (UNIT ONLY),Castel Garden XHT 240 4 Wheel-Drive Rear-Collect V-Twin Garden Tractor with Hydrostatic Drive,,,yes,no NumaSuite EAN; title score 59.2 < 85.0
HCTS,EF-EP90,HCTS,tfidf+rapidfuzz,63.64,CHIPPERFIELD HCTS SCYTHE ATTACHMENT - FITS HCT270P / HCT296D,Efco EP90 Pruner Attachment,,3000315102045,yes,no NumaSuite EAN; title score 63.6 < 85.0
HCTC,EF-EP90,HCTC,tfidf+rapidfuzz,63.64,CHIPPERFIELD HCTC CULTIVATOR ATTACHMENT - FITS HCT270P / HCT296D,Efco EP90 Pruner Attachment,,3000315102045,yes,no NumaSuite EAN; title score 63.6 < 85.0
2T2805481/ST1,STIG-2T2205481/ST2,2T2805481/ST1,tfidf+rapidfuzz,89.26,STIGA ESTATE 598e BATTERY TRACTOR,Stiga Estate 584e Battery-Powered Rear-Collect Lawn Tractor with Stepless Electronic Drive,,,yes,no NumaSuite EAN
HF2417HBE,HF-2417-HTE,HF2417HBE,tfidf+rapidfuzz,88.43,HONDA HF 2417 HBE TRACTOR,Honda HF 2417 HTE Premium Garden Tractor,,,yes,no NumaSuite EAN
SRM-2621TES COWHORN HANDLED BRUSHCUTTER,STIG-277210008/ST2,SRM-2621TES COWHORN HANDLED BRUSHCUTTER,tfidf+rapidfuzz,70.63,SRM-2621TES COWHORN HANDLED BRUSHCUTTER,Stiga BC 700e B 48v Cordless Brushcutter with ‘Cowhorn’ Handle (Tool Only),,,yes,no NumaSuite EAN; title score 70.6 < 85.0
