"id","org_id","created_date","created_by_user_id","last_modified_date","last_modified_by_user_id","deleted_date","deleted_by_user_id","product_code","product_sku","product_name","product_description","cost_price","cost_price_average","cost_price_percentage","cost_chart_of_accounts","cost_currency","premium_declaration_cost_price","underwriter_cost_price","underwriter_cost_price_percentage","agent_cost_price","agent_cost_price_percentage","sell_currency","sell_price","sell_chart_of_accounts","status","product_type","product_category","pending_product_qty_in_stock","product_qty_in_stock","manage_stock","stock_value","resell_value","minimum_retail_price","maximum_retail_price","template_id","company_id","start_date","end_date","external_reference","sales_unit","recommended_retail_price","weight","service_levy_percentage","admin_fee","service_provision","plan_operating_charge","clip_fee_percentage","location","margin_calculation","supplier_id","part_number","bay","ean_barcode","product_image"
66335,6,,,,666,,,"139PTIL-63C-RET","139PTIL-63C-RET","RACING 139PTIL63-C PETROL FRONT TINE TILLER - EX DEMO","RACING 139PTIL63-C PETROL FRONT TINE TILLER - EX DEMO",116.44,116.44,,"4017","GBP",,,,,,"GBP",149.95,"4017","Active","4017 - TILLERS & CULTIVATORS","2",0,0,0,0,0,,,,,,,"139PTIL-63C-RET",,,,,,,,,"",,,,,,
66336,6,,,"2025-11-13T13:55:39.000Z",24305274,,,"19052001","19052001","ROLLER HALF - FITS FEIDER 21"" ROLLER MODELS","ROLLER HALF - FITS FTDTR5220 / FTDTR5220ES ",11.55,11.55,,"4098","GBP",,,,,,"GBP",24.99,"4098","Active","4098 - SPARE PARTS","15",0,0,1,0,0,,,,,,,"19052001",,,6,,,,,,"B3S3",,752066,"19052001",,,
66337,6,,,,666,,,"19157065","19157065","BLADE               FITS FTDT4640(ES)","BLADE               FITS FTDT4640(ES)",14.4,14.4,,"4098","GBP",,,,,,"GBP",28.8,"4098","Active","4098 - SPARE PARTS","15",0,1,1,14.4,28.8,,,,,,,"19157065",,,,,,,,,"",,,,,,
66339,6,,,,666,,,"22301018","22301018","BELT","BELT",0.94,0,,"4098","GBP",,,,,,"GBP",15,"4098","Active","4098 - SPARE PARTS","15",0,0,1,0,0,,,,,,,"22301018",,,,,,,,,"",,,,,,
66340,6,,,,666,,,"232511610/16","232511610/16","STIGA EXTENSION POLE FOR SPLIT SHAFT BRUSHTCUTTERS","STIGA EXTENSION POLE FOR SPLIT SHAFT BRUSHTCUTTERS",14.78,0,,"4025","GBP",,,,,,"GBP",33.95,"4025","Active","4025 - MISC","32",0,0,1,0,0,,,,,,,"232511610/16",,,,,,,,,"",,,,,,
66341,6,,,,666,,,"283321008/ST2","283321008/ST2","STIGA BC 740 B PETROL BRUSHCUTTER","STIGA BC 740 B PETROL BRUSHCUTTER",193.73,193.73,,"4012","GBP",,,,,,"GBP",300,"4012","Active","4012 - HANDHELD PRODCUTS","32",0,0,1,0,0,,,,,,,"283321008/ST2",,,8.3,,,,,,"",,,,,,
66342,6,,,,666,,,"2T1210483/M25","2T1210483/M25","MOUNTFIELD 1543H SD HYDROSTATIC LAWN AND GARDEN TRACTOR","MOUNTFIELD 1543H SD HYDROSTATIC LAWN AND GARDEN TRACTOR",1513.45,1312.87,,"4011","GBP",,,,,,"GBP",2619,"4011","Active","4011 - RIDE ON LAWNMOWERS","31",0,-2,1,-3026.9,-5238,,,,,,,"2T1210483/M25",,,159,,,,,,"",,,,,,
66343,6,,,,666,,,"5818430-01","5818430-01","GENUINE HUSQVARNA BLADE BOSS","GENUINE HUSQVARNA BLADE BOSS",16.22,16.1,,"4098","GBP",,,,,,"GBP",33,"4098","Active","4098 - SPARE PARTS","20",0,0,1,0,0,,,,,,,"5818430-01",,,,,,,,,"",,,,,,
66345,6,,,,666,,,"799579","799579","BRIGGS AND STRATTON AIR FILTER","BRIGGS AND STRATTON AIR FILTER",2.8,2.8,,"4098","GBP",,,,,,"GBP",4.95,"4098","Active","4098 - SPARE PARTS","1",0,0,1,0,0,,,,,,,"799579",,,,,,,,,"",,,,,,
66346,6,,,,666,,,"B593934","B593934","STARTER MOTOR","STARTER MOTOR",109.99,109.99,,"4098","GBP",,,,,,"GBP",219.98,"4098","Active","4098 - SPARE PARTS","20",0,1,1,109.99,219.98,,,,,,,"B593934",,,,,,,,,"",,,,,,
66347,6,,,,666,,,"BDDELCHARGES","BDDELCHARGES","CHARGES FOR VEHICLE CHARGES - MARCH 2024","CHARGES FOR VEHICLE CHARGES - MARCH 2024",1320,0,,"4905","GBP",,,,,,"GBP",0,"4905","Active","4905 - Distribution and Carriage","300",0,0,1,0,0,,,,,,,"BDDELCHARGES",,,,,,,,,"",,,,,,
66348,6,,,,666,,,"BDMARKETINGCHARGE","BDMARKETINGCHARGE","MARKETING CHARGES - SOCIAL MEDIA","MARKETING CHARGES - SOCIAL MEDIA",1260,0,,"4900","GBP",,,,,,"GBP",0,"4900","Active","4900 - Miscellaneous Income","300",0,0,1,0,0,,,,,,,"BDMARKETINGCHARGE",,,0,,,,,,"",,,,,,
66349,6,,,,666,,,"BOU009","BOU009","JR BOU009 Replaces: Bosch WSR6F, Champion RCJ7Y, Denso W20MP-U, NGK BPMR7A, Torch L7RTC","JR BOU009 Replaces: Bosch WSR6F, Champion RCJ7Y, Denso W20MP-U, NGK BPMR7A, Torch L7RTC",0.79,0.79,,"4098","GBP",,,,,,"GBP",6.98,"4098","Active","4098 - SPARE PARTS","15",0,3,1,2.37,20.94,,,,,,,"BOU009",,,,,,,,,"",,,,,,
66350,6,,,,777,,,"02071496","02071496","DRIVE BELT","DRIVE BELT",7.8,7.8,,"4098","GBP",,,,,,"GBP",31,"4098","Active","4098 - SPARE PARTS","15",0,0,1,0,0,,,,,,,"C-02071496",,,,,,,,,"",,,,,,
66351,6,,,,777,,,"02071497","02071497","BELT - CUTTING                 (BELTA39)","BELT - CUTTING                 (BELTA39)",6.57,6.57,,"4098","GBP",,,,,,"GBP",23.96,"4098","Active","4098 - SPARE PARTS","15",0,0,1,0,0,,,,,,,"C-02071497",,,,,,,,,"4B",,752066,,,,
66352,6,,,,777,,,"0300010609","0300010609","SCREW","SCREW",0.45,0.45,,"4098","GBP",,,,,,"GBP",1,"4098","Active","4098 - SPARE PARTS","20",0,0,1,0,0,,,,,,,"C-0300010609",,,,,,,,,"",,752095,,,,
66353,6,,,,777,,,"0306030036","0306030036","HARNESS BELT","HARNESS BELT",35.91,35.91,,"4098","GBP",,,,,,"GBP",62.48,"4098","Active","4098 - SPARE PARTS","20",0,0,1,0,0,,,,,,,"C-0306030036",,,,,,,,,"",,752095,,,,
66354,6,,,,777,,,"0340040014","0340040014","DON'T USE","DON'T USE",0,0,,"4025","GBP",,,,,,"GBP",0,"4025","Active","4025 - MISC","19",0,0,1,0,0,,,,,,,"C-0340040014",,,,,,,,,"",,752095,,,,
66355,6,,,,777,,,"04041450","04041450","CHAIN   FITS FTRT494","CHAIN   FITS FTRT494",6,6,,"4098","GBP",,,,,,"GBP",29.95,"4098","Active","4098 - SPARE PARTS","15",0,0,1,0,0,,,,,,,"C-04041450",,,,,,,,,"",,,,,,
66356,6,,,,777,,,"04121135","04121135","BLADES                  [FITS FBT70]","BLADES                  [FITS FBT70]",12.24,12.24,,"4098","GBP",,,,,,"GBP",29.37,"4098","Active","4098 - SPARE PARTS","15",0,0,1,0,0,,,,,,,"C-04121135",,,,,,,,,"",,,,,,
66357,6,,,,777,,,"06541-VB5-A01","06541-VB5-A01","DRIVE CABLE -                                  FITS HRD536","DRIVE CABLE -                                  FITS HRD536",14.99,19.74,,"4098","GBP",,,,,,"GBP",48.96,"4098","Active","4098 - SPARE PARTS","20",0,0,1,0,0,,,,,,,"C-06541-VB5-A01",,,,,,,,,"",,752107,,,,
66358,6,,,,777,,,"092317","092317","FUEL CAP    FITS FRT7550M","FUEL CAP    FITS FRT7550M",3.9,0,,"4098","GBP",,,,,,"GBP",19.73,"4098","Active","4098 - SPARE PARTS","15",0,0,1,0,0,,,,,,,"C-092317",,,,,,,,,"",,,,,,
66359,6,,,,777,,,"1000","1000","DISPOSABLES","DISPOSABLES",0.01,0.01,,"4096","GBP",,,,,,"GBP",5.5,"4096","Active","4096 - CONSUMABLES & DISPOSABLES","201",0,-64,1,-0.64,-352,,,,,,,"C-1000",,,,,,,,,"",,,,,,
66360,6,,,"2025-11-12T16:02:18.000Z",24305274,,,"1011","1011","FRT75BS125 CUTTING BELT","Universal 4L450K V Belt (1/2"" Section) - FRT75BS125 CUTTING BELT",16.2,15.7,,"4098","GBP",,,,,,"GBP",34.95,"4098","Active","4098 - SPARE PARTS","20",0,3,1,48.6,104.85,,,,,,,"C-1011",,,,,,,,,"4C",,,,,,
66361,6,,,,777,,,"1015CX","1015CX","TROLLEY JACK 1.5 TONNE SHORT CHASSIS","TROLLEY JACK 1.5 TONNE SHORT CHASSIS",23.98,23.98,,"4025","GBP",,,,,,"GBP",40.79,"4025","Active","4025 - MISC","24",0,0,1,0,0,,,,,,,"C-1015CX",,,,,,,,,"",,,,,,
66362,6,,,,777,,,"106-8397","106-8397","BATERY -                              FITS TORO RECYCLER 20797","BATERY -                              FITS TORO RECYCLER 20797",16.44,16.44,,"4098","GBP",,,,,,"GBP",68.92,"4098","Active","4098 - SPARE PARTS","20",0,0,1,0,0,,,,,,,"C-106-8397",,,,,,,,,"",,,,,,
66363,6,,,,777,,,"11000118","11000118","BATTERY TRAY","BATTERY TRAY",10.15,10.15,,"4098","GBP",,,,,,"GBP",20.79,"4098","Active","4098 - SPARE PARTS","20",0,0,1,0,0,,,,,,,"C-11000118",,,,,,,,,"",,,,,,
66364,6,,,,777,,,"11000121","11000121","WHEEL TRIM -                           TG46SE","WHEEL TRIM -                           TG46SE",2.34,2.34,,"4098","GBP",,,,,,"GBP",5.85,"4098","Active","4098 - SPARE PARTS","20",0,0,1,0,0,,,,,,,"C-11000121",,,,,,,,,"",,,,,,
66365,6,,,,777,,,"11000176","11000176","FRONT PANEL -                             FITS TG51SE","FRONT PANEL -                             FITS TG51SE",9.95,9.95,,"4098","GBP",,,,,,"GBP",19.95,"4098","Active","4098 - SPARE PARTS","20",0,0,1,0,0,,,,,,,"C-11000176",,,,,,,,,"",,,,,,
66366,6,,,,777,,,"11006-152","11006-152","GENUINE DANARM STAY","GENUINE DANARM STAY",9.56,9.56,,"4098","GBP",,,,,,"GBP",19.12,"4098","Active","4098 - SPARE PARTS","20",0,0,1,0,0,,,,,,,"C-11006-152",,,,,,,,,"",,752107,,,,
66367,6,,,,777,,,"11013-0752","11013-0752","KAWASAKI FR651V, FR691V, FS484V AIR FILTER","KAWASAKI FR651V, FR691V, FS484V AIR FILTER",5.36,5.06,,"4098","GBP",,,,,,"GBP",24.98,"4098","Active","4098 - SPARE PARTS","20",0,0,1,0,0,,,,,,,"C-11013-0752",,,,,,,,,"",,,,,,
66368,6,,,,777,,,"11013-7046","11013-7046","GENUINE KAWASKI PRE FILTER","GENUINE KAWASKI PRE FILTER",7.49,7.49,,"4098","GBP",,,,,,"GBP",14.98,"4098","Active","4098 - SPARE PARTS","20",0,0,1,0,0,,,,,,,"C-11013-7046",,,,,,,,,"",,,,,,
66369,6,,,,777,,,"110513","110513","FRONT WHEEL BEARING     TORO","FRONT WHEEL BEARING     TORO",3.78,3.78,,"4098","GBP",,,,,,"GBP",8.47,"4098","Active","4098 - SPARE PARTS","20",0,0,1,0,0,,,,,,,"C-110513",,,,,,,,,"",,,,,,
66370,6,,,,777,,,"111-1150","111-1150","GENUINE HAYTER 41 CABLE VARIATOR","GENUINE HAYTER 41 CABLE VARIATOR",33.05,33.05,,"4098","GBP",,,,,,"GBP",66.1,"4098","Active","4098 - SPARE PARTS","20",0,0,1,0,0,,,,,,,"C-111-1150",,,,,,,,,"",,752107,,,,
66371,6,,,,777,,,"111-1151","111-1151","GENUINE HAYTER 41 CLUTCH CABLE","GENUINE HAYTER 41 CLUTCH CABLE",16.15,16.15,,"4098","GBP",,,,,,"GBP",39.98,"4098","Active","4098 - SPARE PARTS","20",0,0,1,0,0,,,,,,,"C-111-1151",,,,,,,,,"",,752107,,,,
66372,6,,,,777,,,"1111-3038-01","1111-3038-01","BLADE   FITS SP550","BLADE   FITS SP550",10.44,10.44,,"4098","GBP",,,,,,"GBP",39.95,"4098","Active","4098 - SPARE PARTS","20",0,1,1,10.44,39.95,,,,,,,"C-1111-3038-01",,,,,,,,,"",,,,,,
66373,6,,,,777,,,"1111201WR","1111201WR","WILKINSON DIGGING FORK","WILKINSON DIGGING FORK",0,0,,"4098","GBP",,,,,,"GBP",24.99,"4098","Active","4098 - SPARE PARTS","20",0,0,1,0,0,,,,,,,"C-1111201WR",,,0,,,,,,"",,,,,,
66374,6,,,,777,,,"1111203WR","1111203WR","WILKINSON BORDER FORK","WILKINSON BORDER FORK",0,0,,"4098","GBP",,,,,,"GBP",24.99,"4098","Active","4098 - SPARE PARTS","20",0,0,1,0,0,,,,,,,"C-1111203WR",,,0,,,,,,"",,,,,,
66375,6,,,,777,,,"1119216035/0","1119216035/0","BEARING 6001 2RS (12 X 28 X 8)","BEARING 6001 2RS (12 X 28 X 8)",1.53,1.53,,"4098","GBP",,,,,,"GBP",3.5,"4098","Active","4098 - SPARE PARTS","20",0,1,1,1.53,3.5,,,,,,,"C-1119216035/0",,,,,,,,,"",,752173,,,,
66376,6,,,,777,,,"112139100/0","112139100/0","WOODRUFF KEY","WOODRUFF KEY",0.83,0.83,,"4098","GBP",,,,,,"GBP",2.66,"4098","Active","4098 - SPARE PARTS","20",0,2,1,1.66,5.32,,,,,,,"C-112139100/0",,,,,,,,,"",,,,,,
66377,6,,,,777,,,"112154220/0","112154220/0","FLANGED NUT","FLANGED NUT",1.04,1.04,,"4098","GBP",,,,,,"GBP",3.65,"4098","Active","4098 - SPARE PARTS","20",0,0,1,0,0,,,,,,,"C-112154220/0",,,,,,,,,"",,,,,,
66378,6,,,,777,,,"112154330/0","112154330/0","LOW SELF LOCKING NUT","LOW SELF LOCKING NUT",1.01,1.01,,"4098","GBP",,,,,,"GBP",4.98,"4098","Active","4098 - SPARE PARTS","20",0,1,1,1.01,4.98,,,,,,,"C-112154330/0",,,,,,,,,"",,752107,,,,
66379,6,,,,777,,,"112156602/0","112156602/0","NUT - DECK HANGER","NUT - DECK HANGER",0.62,0.62,,"4098","GBP",,,,,,"GBP",1.57,"4098","Active","4098 - SPARE PARTS","20",0,0,1,0,0,,,,,,,"C-112156602/0",,,,,,,,,"",,752173,,,,
66380,6,,,,777,,,"112293200/0","112293200/0","HEXAGON NUT","HEXAGON NUT",0.77,0.76,,"4098","GBP",,,,,,"GBP",1.52,"4098","Active","4098 - SPARE PARTS","20",0,2,1,1.54,3.04,,,,,,,"C-112293200/0",,,,,,,,,"1A",,752173,,,,
66381,6,,,,777,,,"112521350/0","112521350/0","WASHER M8","WASHER M8",0.91,0.91,,"4098","GBP",,,,,,"GBP",1.52,"4098","Active","4098 - SPARE PARTS","20",0,0,1,0,0,,,,,,,"C-112521350/0",,,,,,,,,"",,,,,,
66382,6,,,,777,,,"112540260/0","112540260/0","INNER TOOTHED WASHER","INNER TOOTHED WASHER",0.67,0.67,,"4098","GBP",,,,,,"GBP",1.34,"4098","Active","4098 - SPARE PARTS","20",0,2,1,1.34,2.68,,,,,,,"C-112540260/0",,,,,,,,,"",,752173,,,,
66383,6,,,,777,,,"112608600/0","112608600/0","CIRCLIP D=12 UNI 7435 C60","CIRCLIP D=12 UNI 7435 C60",0.67,0.67,,"4098","GBP",,,,,,"GBP",1.5,"4098","Active","4098 - SPARE PARTS","20",0,1,1,0.67,1.5,,,,,,,"C-112608600/0",,,,,,,,,"",,752173,,,,
66384,6,,,,777,,,"112728300/0","112728300/0","SELF TAPPING SCREW","SELF TAPPING SCREW",1.11,1.11,,"4098","GBP",,,,,,"GBP",3.96,"4098","Active","4098 - SPARE PARTS","20",0,0,1,0,0,,,,,,,"C-112728300/0",,,,,,,,,"",,752107,,,,
66385,6,,,,777,,,"112728697/0","112728697/0","SELF TAPPING SCREW","SELF TAPPING SCREW",0.76,0,,"4098","GBP",,,,,,"GBP",0,"4098","Active","4098 - SPARE PARTS","20",0,0,1,0,0,,,,,,,"C-112728697/0",,,,,,,,,"4D",,,,,,
66386,6,,,,777,,,"112728903/0","112728903/0","DRIVE COVER SCREWS","DRIVE COVER SCREWS",0.69,0.69,,"4098","GBP",,,,,,"GBP",1.39,"4098","Active","4098 - SPARE PARTS","20",0,4,1,2.76,5.56,,,,,,,"C-112728903/0",,,,,,,,,"",,,,,,
66387,6,,,,777,,,"112737450/0","112737450/0","SCREW","SCREW",1.66,1.66,,"4098","GBP",,,,,,"GBP",3.32,"4098","Active","4098 - SPARE PARTS","20",0,1,1,1.66,3.32,,,,,,,"C-112737450/0",,,,,,,,,"",,752173,,,,
66388,6,,,,777,,,"1134-0433-00","1134-0433-00","MUFFLER GASKET","MUFFLER GASKET",2.39,2.39,,"4098","GBP",,,,,,"GBP",4.78,"4098","Active","4098 - SPARE PARTS","20",0,1,1,2.39,4.78,,,,,,,"C-1134-0433-00",,,,,,,,,"",,752173,,,,
66389,6,,,,777,,,"1134-4190-01","1134-4190-01","GEARBOX FAN","GEARBOX FAN",9.21,9.21,,"4098","GBP",,,,,,"GBP",18.42,"4098","Active","4098 - SPARE PARTS","20",0,1,1,9.21,18.42,,,,,,,"C-1134-4190-01",,,,,,,,,"",,752173,,,,
66390,6,,,,777,,,"1134-9116-01","1134-9116-01","BLADE BAR ASSEMBLY 85C","BLADE BAR ASSEMBLY 85C",46.35,46.35,,"4098","GBP",,,,,,"GBP",120.65,"4098","Active","4098 - SPARE PARTS","20",0,0,1,0,0,,,,,,,"C-1134-9116-01",,,,,,,,,"",,752173,,,,
66391,6,,,,777,,,"1134-9119-01","1134-9119-01","BLADE TIP KIT STIGA PARK","BLADE TIP KIT STIGA PARK",17.3,17.3,,"4098","GBP",,,,,,"GBP",49.98,"4098","Active","4098 - SPARE PARTS","20",0,2,1,34.6,99.96,,,,,,,"C-1134-9119-01",,,,,,,,,"",,752173,,,,
66392,6,,,,777,,,"1134-9130-01","1134-9130-01","BLADE TIP KIT STIGA PARK","BLADE TIP KIT STIGA PARK",16.6,16.6,,"4098","GBP",,,,,,"GBP",49.97,"4098","Active","4098 - SPARE PARTS","20",0,2,1,33.2,99.94,,,,,,,"C-1134-9130-01",,,,,,,,,"",,752173,,,,
66393,6,,,,777,,,"1134-9172-01","1134-9172-01","PTO DRIVE BELT","PTO DRIVE BELT",16.5,16.5,,"4098","GBP",,,,,,"GBP",49.98,"4098","Active","4098 - SPARE PARTS","20",0,0,1,0,0,,,,,,,"C-1134-9172-01",,,,,,,,,"",,752173,,,,
66394,6,,,,777,,,"1134-9220-01","1134-9220-01","WINGED BLADE 84CM/30"" (BLADE PACK)""","WINGED BLADE 84CM/30"" (BLADE PACK)""",27.14,27.03,,"4098","GBP",,,,,,"GBP",79.99,"4098","Active","4098 - SPARE PARTS","20",0,-1,1,-27.14,-79.99,,,,,,,"C-1134-9220-01",,,,,,,,,"",,,,,,
66395,6,,,,777,,,"1134-9225-01","1134-9225-01","MULCHING BLADE 98CM/38"" [STIGA PACK]""","MULCHING BLADE 98CM/38"" [STIGA PACK]""",22.09,22.09,,"4098","GBP",,,,,,"GBP",55.23,"4098","Active","4098 - SPARE PARTS","20",0,0,1,0,0,,,,,,,"C-1134-9225-01",,,,,,,,,"4A",,,,,,
66396,6,,,,777,,,"1134-9226-01","1134-9226-01","WINGED BLADE 98CM/38""""","WINGED BLADE 98CM/38""""",33.9,33.9,,"4098","GBP",,,,,,"GBP",70,"4098","Active","4098 - SPARE PARTS","20",0,0,1,0,0,,,,,,,"C-1134-9226-01",,,,,,,,,"",,752173,,,,
66397,6,,,,777,,,"1134-9228-01","1134-9228-01","WINGED BLKADE 102CM/40"" PACK""","WINGED BLKADE 102CM/40"" PACK""",38.05,38.05,,"4098","GBP",,,,,,"GBP",84.36,"4098","Active","4098 - SPARE PARTS","20",0,0,1,0,0,,,,,,,"C-1134-9228-01",,,,,,,,,"",,752173,,,,
66398,6,,,,777,,,"1134-9231-01","1134-9231-01","MULCHING BLADE 108CM/ 43 PACK","MULCHING BLADE 108CM/ 43 PACK",31.13,31.13,,"4098","GBP",,,,,,"GBP",62.26,"4098","Active","4098 - SPARE PARTS","20",0,0,1,0,0,,,,,,,"C-1134-9231-01",,,,,,,,,"",,752173,,,,
66399,6,,,,777,,,"1134-9245-01","1134-9245-01","PTO BELT [4WD PARK 100CD]","PTO BELT [4WD PARK 100CD]",26.98,26.98,,"4098","GBP",,,,,,"GBP",53.95,"4098","Active","4098 - SPARE PARTS","20",0,1,1,26.98,53.95,,,,,,,"C-1134-9245-01",,,,,,,,,"1C",,,,,,
66400,6,,,,777,,,"1134-9250-01","1134-9250-01","MOUNTFIELD/STIGA/ATCO BATTERY CHARGER FOR RIDE-ONS","MOUNTFIELD/STIGA/ATCO BATTERY CHARGER FOR RIDE-ONS",31.44,31.44,,"4098","GBP",,,,,,"GBP",66.62,"4098","Active","4098 - SPARE PARTS","20",0,-11,1,-345.84,-732.82,,,,,,,"C-1134-9250-01",,,,,,,,,"",,,,,,
66401,6,,,,777,,,"1137-0914-01","1137-0914-01","TANK BRACKET","TANK BRACKET",15.91,15.91,,"4098","GBP",,,,,,"GBP",39.98,"4098","Active","4098 - SPARE PARTS","20",0,0,1,0,0,,,,,,,"C-1137-0914-01",,,,,,,,,"",,,,,,
66402,6,,,,777,,,"1143114","1143114","BELT","BELT",9.82,0,,"4098","GBP",,,,,,"GBP",24.95,"4098","Active","4098 - SPARE PARTS","20",0,0,1,0,0,,,,,,,"C-1143114",,,,,,,,,"",,,,,,
66403,6,,,,777,,,"114366134/0","114366134/0","LABEL - ADJUST LEVER","LABEL - ADJUST LEVER",4.29,4.29,,"4098","GBP",,,,,,"GBP",9.69,"4098","Active","4098 - SPARE PARTS","25",0,0,1,0,0,,,,,,,"C-114366134/0",,,,,,,,,"",,752173,,,,
66404,6,,,,777,,,"1145112","1145112","BELT FITS FTDTR4870","BELT FITS FTDTR4870",13.99,13.99,,"4098","GBP",,,,,,"GBP",39.95,"4098","Active","4098 - SPARE PARTS","20",0,0,1,0,0,,,,,,,"C-1145112",,,,,,,,,"",,,,,,
66405,6,,,,777,,,"1148112","1148112","BELT FITS FTDTR5220ES","BELT FITS FTDTR5220ES",13.99,13.99,,"4098","GBP",,,,,,"GBP",39.95,"4098","Active","4098 - SPARE PARTS","20",0,0,1,0,0,,,,,,,"C-1148112",,,,,,,,,"",,,,,,
66406,6,,,,777,,,"1149147","1149147","PULLEY - VARIABLE SPEED IDLER","PULLEY - VARIABLE SPEED IDLER",4.99,0,,"4098","GBP",,,,,,"GBP",17.59,"4098","Active","4098 - SPARE PARTS","20",0,0,1,0,0,,,,,,,"C-1149147",,,,,,,,,"",,,,,,
66407,6,,,,777,,,"115-4669","115-4669","GENUINE TORO BELT","GENUINE TORO BELT",20.41,20.41,,"4098","GBP",,,,,,"GBP",69.98,"4098","Active","4098 - SPARE PARTS","20",0,0,1,0,0,,,,,,,"C-115-4669",,,,,,,,,"",,752107,,,,
66408,6,,,,777,,,"1159","1159","BRIGGS & STRATTON CARBURETTOR DIAPHRAGM & GASKET KIT","BRIGGS & STRATTON CARBURETTOR DIAPHRAGM & GASKET KIT",2.29,2.29,,"4098","GBP",,,,,,"GBP",14.97,"4098","Active","4098 - SPARE PARTS","20",0,12,1,27.48,179.64,,,,,,,"C-1159",,,,,,,,,"",,752107,,,,
66409,6,,,,777,,,"1162","1162","BRIGGS & STRATTON SPRING & CLASSIC PRIMER BULB","BRIGGS & STRATTON SPRING & CLASSIC PRIMER BULB",1.89,1.89,,"4098","GBP",,,,,,"GBP",9.97,"4098","Active","4098 - SPARE PARTS","20",0,8,1,15.12,79.76,,,,,,,"C-1162",,,,,,,,,"",,752107,,,,
66410,6,,,,777,,,"118120064/0","118120064/0","BATTERY 12V 4AH","BATTERY 12V 4AH",20.25,20.25,,"4025","GBP",,,,,,"GBP",48.6,"4025","Active","4025 - MISC","20",0,1,1,20.25,48.6,,,,,,,"C-118120064/0",,,,,,,,,"",,752173,,,,
66411,6,,,,777,,,"118120068/0","118120068/0","BATTERY 12V 18AH LEAD ACID STIGA","BATTERY 12V 18AH LEAD ACID STIGA",53.92,53.92,,"4098","GBP",,,,,,"GBP",107.84,"4098","Active","4098 - SPARE PARTS","15",0,4,1,215.68,431.36,,,,,,,"C-118120068/0",,,,,,,,,"2E",,,,,,
66412,6,,,,777,,,"118204210/0","118204210/0","BATTERY CHARGER E100-E200 (WORKSHOP USE)","BATTERY CHARGER E100-E200 (WORKSHOP USE)",164.42,164.42,,"4098","GBP",,,,,,"GBP",328.84,"4098","Active","4098 - SPARE PARTS","20",0,1,1,164.42,328.84,,,,,,,"C-118204210/0",,,,,,,,,"",,752173,,,,
66413,6,,,,777,,,"118206013/0","118206013/0","CONTROLLER - LI 48V","CONTROLLER - LI 48V",76.72,76.72,,"4098","GBP",,,,,,"GBP",153.44,"4098","Active","4098 - SPARE PARTS","20",0,0,1,0,0,,,,,,,"C-118206013/0",,,,,,,,,"P C/O",,752173,,,,
66414,6,,,,777,,,"118210023/0","118210023/0","IGNITION KEY [2]","IGNITION KEY [2]",3.46,3.46,,"4098","GBP",,,,,,"GBP",9.13,"4098","Active","4098 - SPARE PARTS","20",0,4,1,13.84,36.52,,,,,,,"C-118210023/0",,,,,,,,,"",,,,,,
66415,6,,,,777,,,"118450075/1","118450075/1","STARTING SWITCH","STARTING SWITCH",11.9,11.9,,"4098","GBP",,,,,,"GBP",28.56,"4098","Active","4098 - SPARE PARTS","20",0,0,1,0,0,,,,,,,"C-118450075/1",,,,,,,,,"",,,,,,
66416,6,,,,777,,,"118550199/0","118550199/0","AIR FILTER - 1538H - 1538M-SD","AIR FILTER - 1538H - 1538M-SD",10.55,10.55,,"4098","GBP",,,,,,"GBP",21,"4098","Active","4098 - SPARE PARTS","20",0,0,1,0,0,,,,,,,"C-118550199/0",,,,,,,,,"1A",,752173,,,,
66417,6,,,,777,,,"118550321/0","118550321/0","AIR FILTER - 1530H - 1228H","AIR FILTER - 1530H - 1228H",8.38,8.38,,"4098","GBP",,,,,,"GBP",19.99,"4098","Active","4098 - SPARE PARTS","20",0,5,1,41.9,99.95,,,,,,,"C-118550321/0",,,,,,,,,"1B",,,,,,
66418,6,,,,777,,,"118550421/0","118550421/0","AIR FILTER","AIR FILTER",10.03,10.03,,"4098","GBP",,,,,,"GBP",24.99,"4098","Active","4098 - SPARE PARTS","20",0,0,1,0,0,,,,,,,"C-118550421/0",,,,,,,,,"",,752173,,,,
66419,6,,,,777,,,"118550427/0","118550427/0","FUEL FILTER","FUEL FILTER",2.7,2.7,,"4098","GBP",,,,,,"GBP",9.97,"4098","Active","4098 - SPARE PARTS","20",0,1,1,2.7,9.97,,,,,,,"C-118550427/0",,,,,,,,,"",,752173,,,,
66420,6,,,,777,,,"118550704/0","118550704/0","AIR FILTER","AIR FILTER",1.53,1.53,,"4098","GBP",,,,,,"GBP",4.6,"4098","Active","4098 - SPARE PARTS","20",0,6,1,9.18,27.6,,,,,,,"C-118550704/0",,,,,,,,,"",,752173,,,,
66421,6,,,,777,,,"118550945/0","118550945/0","AIR FILTER   OUTER","AIR FILTER   OUTER",1.54,1.88,,"4098","GBP",,,,,,"GBP",5.86,"4098","Active","4098 - SPARE PARTS","20",0,0,1,0,0,,,,,,,"C-118550945/0",,,,,,,,,"",,,,,,
66422,6,,,,777,,,"118550946/0","118550946/0","AIR FILTER    INNER","AIR FILTER    INNER",1.61,1.96,,"4098","GBP",,,,,,"GBP",4.88,"4098","Active","4098 - SPARE PARTS","20",0,0,1,0,0,,,,,,,"C-118550946/0",,,,,,,,,"",,,,,,
66423,6,,,,777,,,"118551138/0","118551138/0","CHARGE COIL ASSEMBLY","CHARGE COIL ASSEMBLY",23.51,23.51,,"4098","GBP",,,,,,"GBP",0,"4098","Active","4098 - SPARE PARTS","20",0,1,1,23.51,0,,,,,,,"C-118551138/0",,,,,,,,,"",,,,,,
66424,6,,,,777,,,"118551157/0","118551157/0","AIR FILTER - 827M - 66MQ","AIR FILTER - 827M - 66MQ",5.65,5.65,,"4098","GBP",,,,,,"GBP",15.99,"4098","Active","4098 - SPARE PARTS","20",0,0,1,0,0,,,,,,,"C-118551157/0",,,,,,,,,"",,752173,,,,
66425,6,,,,777,,,"118551406/0","118551406/0","AIR FILTER - 1330M - 1538M-SD","AIR FILTER - 1330M - 1538M-SD",7.74,7.74,,"4098","GBP",,,,,,"GBP",19.99,"4098","Active","4098 - SPARE PARTS","20",0,8,1,61.92,159.92,,,,,,,"C-118551406/0",,,,,,,,,"2E",,752173,,,,
66426,6,,,,777,,,"118551414/0","118551414/0","ELECTRONIC COIL","ELECTRONIC COIL",16.44,0,,"4098","GBP",,,,,,"GBP",34.64,"4098","Active","4098 - SPARE PARTS","20",0,0,1,0,0,,,,,,,"C-118551414/0",,,,,,,,,"",,,,,,
66427,6,,,,777,,,"118551531/0","118551531/0","ROCKER COVER GASKET - 1438M-SD - 1530H","ROCKER COVER GASKET - 1438M-SD - 1530H",7.25,7.25,,"4098","GBP",,,,,,"GBP",20,"4098","Active","4098 - SPARE PARTS","20",0,3,1,21.75,60,,,,,,,"C-118551531/0",,,,,,,,,"1A",,752173,,,,
66428,6,,,,777,,,"118551534/0","118551534/0","CYLINDER HEAD COVER","CYLINDER HEAD COVER",3.68,3.68,,"4098","GBP",,,,,,"GBP",7.36,"4098","Active","4098 - SPARE PARTS","20",0,0,1,0,0,,,,,,,"C-118551534/0",,,,,,,,,"",,,,,,
66429,6,,,,777,,,"118551535/0","118551535/0","HEXAGONAL BOLT","HEXAGONAL BOLT",0.98,0.98,,"4098","GBP",,,,,,"GBP",1.96,"4098","Active","4098 - SPARE PARTS","20",0,6,1,5.88,11.76,,,,,,,"C-118551535/0",,,,,,,,,"",,,,,,
66430,6,,,,777,,,"118551566/0","118551566/0","OIL FILLER","OIL FILLER",9.27,9.27,,"4098","GBP",,,,,,"GBP",20,"4098","Active","4098 - SPARE PARTS","20",0,0,1,0,0,,,,,,,"C-118551566/0",,,,,,,,,"",,752173,,,,
66431,6,,,,777,,,"118551590/0","118551590/0","AIR FILTER","AIR FILTER",24.21,24.21,,"4098","GBP",,,,,,"GBP",50,"4098","Active","4098 - SPARE PARTS","20",0,0,1,0,0,,,,,,,"C-118551590/0",,,,,,,,,"",,752173,,,,
66432,6,,,,777,,,"118738276/0","118738276/0","EXHASUT PIPE CONNECTION","EXHASUT PIPE CONNECTION",38.05,38.05,,"4098","GBP",,,,,,"GBP",76.1,"4098","Active","4098 - SPARE PARTS","20",0,1,1,38.05,76.1,,,,,,,"C-118738276/0",,,,,,,,,"",,752173,,,,
66433,6,,,,777,,,"118801766/0","118801766/0","AIR FILTER","AIR FILTER",6.53,6.53,,"4098","GBP",,,,,,"GBP",19.98,"4098","Active","4098 - SPARE PARTS","20",0,0,1,0,0,,,,,,,"C-118801766/0",,,,,,,,,"",,752107,,,,
66434,6,,,,777,,,"118803934/0","118803934/0","DOUBLE SCREW","DOUBLE SCREW",0.9,0.9,,"4098","GBP",,,,,,"GBP",4.96,"4098","Active","4098 - SPARE PARTS","20",0,0,1,0,0,,,,,,,"C-118803934/0",,,,,,,,,"",,752107,,,,
66435,6,,,,777,,,"1188048490","1188048490","STIGA 6m EXTENSION MAINS CABLE","STIGA 6m EXTENSION MAINS CABLE",8.72,0,,"4025","GBP",,,,,,"GBP",22.95,"4025","Active","4025 - MISC","32",0,0,1,0,0,,,,,,,"C-1188048490",,,1,,,,,,"",,,,,,
66436,6,,,,777,,,"11920000","11920000","RECOIL FOR 139PTIL","RECOIL FOR 139PTIL",8.45,8.45,,"4098","GBP",,,,,,"GBP",20,"4098","Active","4098 - SPARE PARTS","15",0,0,1,0,0,,,,,,,"C-11920000",,,,,,,,,"",,,,,,
66437,6,,,,777,,,"119216035/0","119216035/0","BEARING 6001 2RS","BEARING 6001 2RS",1.73,1.73,,"4098","GBP",,,,,,"GBP",10.39,"4098","Active","4098 - SPARE PARTS","20",0,0,1,0,0,,,,,,,"C-119216035/0",,,,,,,,,"",,752173,,,,
66438,6,,,,777,,,"119216036/0","119216036/0","BEARING 6201-2RS NR C3","BEARING 6201-2RS NR C3",4.17,4.17,,"4098","GBP",,,,,,"GBP",10,"4098","Active","4098 - SPARE PARTS","20",0,-2,1,-8.34,-20,,,,,,,"C-119216036/0",,,,,,,,,"",,752173,,,,
66439,6,,,,777,,,"119410609/1LC","119410609/1LC","MICRO SWITCH KEDU","MICRO SWITCH KEDU",13.35,13.35,,"4098","GBP",,,,,,"GBP",26.7,"4098","Active","4098 - SPARE PARTS","20",0,0,1,0,0,,,,,,,"C-119410609/1LC",,,,,,,,,"",,752173,,,,
66440,6,,,,777,,,"119410618/0","119410618/0","MICRO SWITCH","MICRO SWITCH",2.35,2.35,,"4098","GBP",,,,,,"GBP",4.8,"4098","Active","4098 - SPARE PARTS","20",0,0,1,0,0,,,,,,,"C-119410618/0",,,,,,,,,"",,752173,,,,
66441,6,,,,777,,,"119410622/0","119410622/0","GRASS BOX MICRO SWITCH","GRASS BOX MICRO SWITCH",4.72,4.72,,"4098","GBP",,,,,,"GBP",14.56,"4098","Active","4098 - SPARE PARTS","20",0,2,1,9.44,29.12,,,,,,,"C-119410622/0",,,,,,,,,"",,752107,,,,
66442,6,,,,777,,,"119410622/1","119410622/1","MICRO SWITCH","MICRO SWITCH",3.25,3.25,,"4098","GBP",,,,,,"GBP",8.99,"4098","Active","4098 - SPARE PARTS","20",0,-1,1,-3.25,-8.99,,,,,,,"C-119410622/1",,,,,,,,,"",,752173,,,,
66443,6,,,,777,,,"119410623/0","119410623/0","MICRO SWITCH N.C.","MICRO SWITCH N.C.",3.74,3.74,,"4098","GBP",,,,,,"GBP",8.98,"4098","Active","4098 - SPARE PARTS","20",0,0,1,0,0,,,,,,,"C-119410623/0",,,,,,,,,"",,,,,,
66444,6,,,,777,,,"119410633/0","119410633/0","MICRO SWITCH N.O","MICRO SWITCH N.O",3.09,3.09,,"4098","GBP",,,,,,"GBP",7.72,"4098","Active","4098 - SPARE PARTS","20",0,0,1,0,0,,,,,,,"C-119410633/0",,,,,,,,,"",,752173,,,,
66446,6,,,,777,,,"12000292","12000292","DONT USE","DONT USE",12.97,0,,"4098","GBP",,,,,,"GBP",25.94,"4098","Active","4098 - SPARE PARTS","20",0,0,1,0,0,,,,,,,"C-12000292",,,,,,,,,"",,,,,,
66447,6,,,,777,,,"12031476","12031476","KEY IGNITION - FRT90EA","KEY IGNITION - FRT90EA",13.77,13.77,,"4098","GBP",,,,,,"GBP",27.55,"4098","Active","4098 - SPARE PARTS","15",0,1,1,13.77,27.55,,,,,,,"C-12031476",,,,,,,,,"",,,,,,
66448,6,,,,777,,,"12031501","12031501","BLADE RAC62PR","BLADE RAC62PR",17.9,19.13,,"4098","GBP",,,,,,"GBP",49.95,"4098","Active","4098 - SPARE PARTS","15",0,3,1,53.7,149.85,,,,,,,"C-12031501",,,,,,,,,"2D",,,,,,
66449,6,,,,777,,,"12031508","12031508","Throttle control (kit) 120mm - RAC62PR","Throttle control (kit) 120mm - RAC62PR",3.02,3.02,,"4098","GBP",,,,,,"GBP",14.98,"4098","Active","4098 - SPARE PARTS","15",0,1,1,3.02,14.98,,,,,,,"C-12031508",,,,,,,,,"",,752066,,,,
66450,6,,,,777,,,"12031537","12031537","STEERING ROD -                    FITS RAC62PR","STEERING ROD -                    FITS RAC62PR",9.13,9.13,,"4098","GBP",,,,,,"GBP",21.48,"4098","Active","4098 - SPARE PARTS","15",0,-1,1,-9.13,-21.48,,,,,,,"C-12031537",,,,,,,,,"P C/O",,752066,,,,
66451,6,,,,777,,,"12031542","12031542","SAFETY SWITCH","SAFETY SWITCH",0.58,0.58,,"4098","GBP",,,,,,"GBP",6.48,"4098","Active","4098 - SPARE PARTS","20",0,1,1,0.58,6.48,,,,,,,"C-12031542",,,,,,,,,"",,,,,,
66452,6,,,,777,,,"122170820/0","122170820/0","ROLLER SPACER","ROLLER SPACER",7.73,7.73,,"4098","GBP",,,,,,"GBP",19.89,"4098","Active","4098 - SPARE PARTS","20",0,1,1,7.73,19.89,,,,,,,"C-122170820/0",,,,,,,,,"",,752173,,,,
66453,6,,,,777,,,"122465608/3","122465608/3","BLADE BOSS","BLADE BOSS",7.31,7.31,,"4098","GBP",,,,,,"GBP",14.62,"4098","Active","4098 - SPARE PARTS","20",0,1,1,7.31,14.62,,,,,,,"C-122465608/3",,,,,,,,,"3B",,,,,,
66454,6,,,,777,,,"122465618/0","122465618/0","BLADE BOSS     D=22.2","BLADE BOSS     D=22.2",4.12,4.12,,"4098","GBP",,,,,,"GBP",9.95,"4098","Active","4098 - SPARE PARTS","20",0,0,1,0,0,,,,,,,"C-122465618/0",,,,,,,,,"",,,,,,
66455,6,,,,777,,,"122465630/0","122465630/0","BLADE BOSS D=25MM","BLADE BOSS D=25MM",3.75,0,,"4098","GBP",,,,,,"GBP",29.95,"4098","Active","4098 - SPARE PARTS","20",0,0,1,0,0,,,,,,,"C-122465630/0",,,,,,,,,"",,752173,,,,
66456,6,,,,777,,,"122465639/2","122465639/2","BLADE BOSS    MTF","BLADE BOSS    MTF",10.77,10.77,,"4098","GBP",,,,,,"GBP",24.56,"4098","Active","4098 - SPARE PARTS","20",0,0,1,0,0,,,,,,,"C-122465639/2",,,,,,,,,"",,,,,,
66457,6,,,,777,,,"1231","1231","COUNTAX/WESTWOOD 36"" & 38"""" BLADE SET""","COUNTAX/WESTWOOD 36"" & 38"""" BLADE SET""",11.61,11.61,,"4098","GBP",,,,,,"GBP",69.98,"4098","Active","4098 - SPARE PARTS","20",0,0,1,0,0,,,,,,,"C-1231",,,,,,,,,"",,752107,,,,
66458,6,,,,777,,,"124487995/0","124487995/0","CLIP UNI","CLIP UNI",0.91,0.91,,"4098","GBP",,,,,,"GBP",1.52,"4098","Active","4098 - SPARE PARTS","20",0,1,1,0.91,1.52,,,,,,,"C-124487995/0",,,,,,,,,"",,,,,,
66459,6,,,,777,,,"124487998/0","124487998/0","R-CLIP","R-CLIP",1.11,1.11,,"4098","GBP",,,,,,"GBP",2.87,"4098","Active","4098 - SPARE PARTS","20",0,0,1,0,0,,,,,,,"C-124487998/0",,,,,,,,,"",,,,,,
66460,6,,,,777,,,"125160048/0","125160048/0","SPACER MTF","SPACER MTF",0.97,0.97,,"4098","GBP",,,,,,"GBP",0,"4098","Active","4098 - SPARE PARTS","20",0,1,1,0.97,0,,,,,,,"C-125160048/0",,,,,,,,,"4D",,,,,,
66461,6,,,,777,,,"125430220/0","125430220/0","SPRING - GEARBOX","SPRING - GEARBOX",2,2,,"4098","GBP",,,,,,"GBP",4.52,"4098","Active","4098 - SPARE PARTS","20",0,0,1,0,0,,,,,,,"C-125430220/0",,,,,,,,,"",,752173,,,,
66462,6,,,,777,,,"125430263/0","125430263/0","SEAT SWITCH SPRING","SEAT SWITCH SPRING",0.69,0.69,,"4098","GBP",,,,,,"GBP",0,"4098","Active","4098 - SPARE PARTS","20",0,2,1,1.38,0,,,,,,,"C-125430263/0",,,,,,,,,"4D",,,,,,
66463,6,,,,777,,,"125430264/1","125430264/1","SEAT SPRING","SEAT SPRING",4.6,4.6,,"4098","GBP",,,,,,"GBP",0,"4098","Active","4098 - SPARE PARTS","20",0,2,1,9.2,0,,,,,,,"C-125430264/1",,,,,,,,,"4D",,,,,,
66464,6,,,,777,,,"125463200/0","125463200/0","BLADE BOSS","BLADE BOSS",4.15,4.15,,"4098","GBP",,,,,,"GBP",11.67,"4098","Active","4098 - SPARE PARTS","20",0,-2,1,-8.3,-23.34,,,,,,,"C-125463200/0",,,,,,,,,"",,,,,,
66465,6,,,,777,,,"125510056/1","125510056/1","DECK HANGER - FRONT RIGHT","DECK HANGER - FRONT RIGHT",2.34,2.34,,"4098","GBP",,,,,,"GBP",5.95,"4098","Active","4098 - SPARE PARTS","20",0,0,1,0,0,,,,,,,"C-125510056/1",,,,,,,,,"",,752173,,,,
66466,6,,,,777,,,"125510068/0","125510068/0","FULCRUM PIN","FULCRUM PIN",1.33,1.33,,"4098","GBP",,,,,,"GBP",4.36,"4098","Active","4098 - SPARE PARTS","20",0,0,1,0,0,,,,,,,"C-125510068/0",,,,,,,,,"",,,,,,
66467,6,,,,777,,,"125601554/0","125601554/0","PLASTIC PULLEY","PLASTIC PULLEY",12.62,12.62,,"4098","GBP",,,,,,"GBP",37.14,"4098","Active","4098 - SPARE PARTS","15",0,1,1,12.62,37.14,,,,,,,"C-125601554/0",,,,,,,,,"1C",,,,,,
66468,6,,,,777,,,"125601612/0","125601612/0","PLASTIC DRIVE PULLY [NTN BEARING] -1330M - 1538H","PLASTIC DRIVE PULLY [NTN BEARING] -1330M - 1538H",15.66,15.66,,"4098","GBP",,,,,,"GBP",31.32,"4098","Active","4098 - SPARE PARTS","20",0,0,1,0,0,,,,,,,"C-125601612/0",,,,,,,,,"3C",,752173,,,,
66469,6,,,,777,,,"125795001/1","125795001/1","FUEL TANK CAP","FUEL TANK CAP",3.91,3.91,,"4098","GBP",,,,,,"GBP",9.99,"4098","Active","4098 - SPARE PARTS","20",0,0,1,0,0,,,,,,,"C-125795001/1",,,,,,,,,"",,752173,,,,
66470,6,,,,777,,,"125840011/1","125840011/1","LOCKING RUBBER TIE","LOCKING RUBBER TIE",3.53,3.53,,"4098","GBP",,,,,,"GBP",14.95,"4098","Active","4098 - SPARE PARTS","20",0,0,1,0,0,,,,,,,"C-125840011/1",,,,,,,,,"",,752173,,,,
66471,6,,,,777,,,"127034091/0","127034091/0","GEAR ROD - 66RDB - 827H","GEAR ROD - 66RDB - 827H",3.71,3.71,,"4098","GBP",,,,,,"GBP",10,"4098","Active","4098 - SPARE PARTS","20",0,-1,1,-3.71,-10,,,,,,,"C-127034091/0",,,,,,,,,"1A",,752173,,,,
66472,6,,,,777,,,"127510126/0","127510126/0","PIN BOLT","PIN BOLT",2.49,2.49,,"4098","GBP",,,,,,"GBP",6.87,"4098","Active","4098 - SPARE PARTS","20",0,1,1,2.49,6.87,,,,,,,"C-127510126/0",,,,,,,,,"1B",,752173,,,,
66473,6,,,,777,,,"127604015/0","127604015/0","TRACTION PULLEY","TRACTION PULLEY",6.04,6.04,,"4098","GBP",,,,,,"GBP",14.99,"4098","Active","4098 - SPARE PARTS","20",0,0,1,0,0,,,,,,,"C-127604015/0",,,,,,,,,"",,,,,,
66474,6,,,,777,,,"127840058/2","127840058/2","TIE ROD","TIE ROD",5.48,5.48,,"4098","GBP",,,,,,"GBP",10.96,"4098","Active","4098 - SPARE PARTS","20",0,0,1,0,0,,,,,,,"C-127840058/2",,,,,,,,,"",,752173,,,,
66475,6,,,,777,,,"13-3902-11","13-3902-11","STIGA FLAIL MOWER ATTACHMENT (WITH ELECTRIC HEIGHT ADJUSTMENT) FOR PARK FRONT CUT RIDE ON MOWERS","STIGA FLAIL MOWER ATTACHMENT (WITH ELECTRIC HEIGHT ADJUSTMENT) FOR PARK FRONT CUT RIDE ON MOWERS",1207.5,1207.5,,"4011","GBP",,,,,,"GBP",2300,"4011","Active","4011 - RIDE ON LAWNMOWERS","32",0,0,1,0,0,,,,,,,"C-13-3902-11",,,77,,,,,,"",,752173,,,,
66476,6,,,,777,,,"13-3906-11","13-3906-11","STIGA 100KG CAPACITY GALVANISED STEEL TRAILER","STIGA 100KG CAPACITY GALVANISED STEEL TRAILER",370.65,370.65,,"4025","GBP",,,,,,"GBP",709,"4025","Active","4025 - MISC","32",0,0,1,0,0,,,,,,,"C-13-3906-11",,,47,,,,,,"",,752173,,,,
66477,6,,,,777,,,"130150050-0001","130150050-0001","CONN ROD ASSEMBLY","CONN ROD ASSEMBLY",8.61,0,,"4098","GBP",,,,,,"GBP",20.99,"4098","Active","4098 - SPARE PARTS","20",0,0,1,0,0,,,,,,,"C-130150050-0001",,,,,,,,,"",,752053,,,,
66478,6,,,,777,,,"131-9683-03","131-9683-03","GENUINE TORO RECYCLER BLADE","GENUINE TORO RECYCLER BLADE",27.84,27.84,,"4098","GBP",,,,,,"GBP",55.68,"4098","Active","4098 - SPARE PARTS","20",0,1,1,27.84,55.68,,,,,,,"C-131-9683-03",,,,,,,,,"",,752107,,,,
66479,6,,,,777,,,"1315","1315","COBRA, DANARM, LAWNFLITE PRO 21"" BLADE""","COBRA, DANARM, LAWNFLITE PRO 21"" BLADE""",12.48,12.48,,"4098","GBP",,,,,,"GBP",34.25,"4098","Active","4098 - SPARE PARTS","20",0,0,1,0,0,,,,,,,"C-1315",,,,,,,,,"",,752107,,,,
66480,6,,,,777,,,"133-8183-03","133-8183-03","BLADE RECYCLING 21""""","BLADE RECYCLING 21""""",19.49,19.49,,"4098","GBP",,,,,,"GBP",49.98,"4098","Active","4098 - SPARE PARTS","20",0,0,1,0,0,,,,,,,"C-133-8183-03",,,,,,,,,"",,752107,,,,
66481,6,,,,777,,,"135061407/1","135061407/1","TRANSMISSION BELT AX31 - 1228H - 1328H [A31]","TRANSMISSION BELT AX31 - 1228H - 1328H [A31]",10.74,10.74,,"4098","GBP",,,,,,"GBP",30,"4098","Active","4098 - SPARE PARTS","20",0,3,1,32.22,90,,,,,,,"C-135061407/1",,,,,,,,,"1C",,,,,,
66482,6,,,,777,,,"135061423/0G","135061423/0G","DECK DRIVE BELT A49 [GATES] - 1328H","DECK DRIVE BELT A49 [GATES] - 1328H",22.1,22.1,,"4098","GBP",,,,,,"GBP",50,"4098","Active","4098 - SPARE PARTS","20",0,0,1,0,0,,,,,,,"C-135061423/0G",,,,,,,,,"",,752173,,,,
66483,6,,,,777,,,"135061428/0","135061428/0","DECK DRIVE BELT A41 - 827M - 66MQ","DECK DRIVE BELT A41 - 827M - 66MQ",25.92,20.1,,"4098","GBP",,,,,,"GBP",37.84,"4098","Active","4098 - SPARE PARTS","20",0,3,1,77.76,113.52,,,,,,,"C-135061428/0",,,,,,,,,"1E",,752173,,,,
66484,6,,,,777,,,"135061430/0","135061430/0","TRANSMISSION BELT A35 1/2","TRANSMISSION BELT A35 1/2",17.8,17.8,,"4098","GBP",,,,,,"GBP",33.29,"4098","Active","4098 - SPARE PARTS","20",0,1,1,17.8,33.29,,,,,,,"C-135061430/0",,,,,,,,,"1D",,,,,,
66485,6,,,,777,,,"135061504/0","135061504/0","TRAPEZOIDAL BELT A77 - 1538H-SD","TRAPEZOIDAL BELT A77 - 1538H-SD",13.5,13.5,,"4098","GBP",,,,,,"GBP",35,"4098","Active","4098 - SPARE PARTS","20",0,0,1,0,0,,,,,,,"C-135061504/0",,,,,,,,,"1D",,,,,,
66486,6,,,"2025-11-12T16:38:38.000Z",24305274,,,"135061508/0","135061508/0","DECK DRIVE BELT- 1330M (AA SECTION)","DECK DRIVE BELT AA86 - 1330M (BELTAA86)",28.85,28.85,,"4098","GBP",,,,,,"GBP",60,"4098","Active","4098 - SPARE PARTS","20",0,5,1,144.25,300,,,,,,,"C-135061508/0",,,,,,,,,"1C",,752173,,,,
66487,6,,,,777,,,"135061509/0","135061509/0","DECK DRIVE BELT AA96 - 1538H - 1638H TWIN","DECK DRIVE BELT AA96 - 1538H - 1638H TWIN",40.2,40.2,,"4098","GBP",,,,,,"GBP",90,"4098","Active","4098 - SPARE PARTS","20",0,1,1,40.2,90,,,,,,,"C-135061509/0",,,,,,,,,"1D",,,,,,
66488,6,,,,777,,,"135062014/0","135062014/0","TRANSMISSION BELT A97 EPDM - 1538M-SD","TRANSMISSION BELT A97 EPDM - 1538M-SD",19.64,19.64,,"4098","GBP",,,,,,"GBP",50,"4098","Active","4098 - SPARE PARTS","20",0,0,1,0,0,,,,,,,"C-135062014/0",,,,,,,,,"1E",,,,,,
66489,6,,,,777,,,"135062018/0","135062018/0","TRANSMISSION BELT A98 [MEGADYNE] - 1330M -1530M","TRANSMISSION BELT A98 [MEGADYNE] - 1330M -1530M",17.12,17.12,,"4098","GBP",,,,,,"GBP",40,"4098","Active","4098 - SPARE PARTS","20",0,2,1,34.24,80,,,,,,,"C-135062018/0",,,,,,,,,"",,,,,,
66490,6,,,,777,,,"135062019/0","135062019/0","TRANSMISSION BELT A96 1/2 [HYDRO-GEAR] - 1436H - 1540H","TRANSMISSION BELT A96 1/2 [HYDRO-GEAR] - 1436H - 1540H",19.02,19.02,,"4098","GBP",,,,,,"GBP",50,"4098","Active","4098 - SPARE PARTS","20",0,1,1,19.02,50,,,,,,,"C-135062019/0",,,,,,,,,"1E",,,,,,
66491,6,,,,777,,,"135062020/1","135062020/1","TRANSMISSION BELT 4L 980 [MEGADYNE] - 1538H - 1430H [A96]","TRANSMISSION BELT 4L 980 [MEGADYNE] - 1538H - 1430H [A96]",22.26,20.16,,"4098","GBP",,,,,,"GBP",45,"4098","Active","4098 - SPARE PARTS","20",0,2,1,44.52,90,,,,,,,"C-135062020/1",,,,,,,,,"",,,,,,
66492,6,,,,777,,,"135062813/1","135062813/1","DECK DRIVE BELT B55 K - ESTATE 5102 HW","DECK DRIVE BELT B55 K - ESTATE 5102 HW",17.8,17.8,,"4098","GBP",,,,,,"GBP",40,"4098","Active","4098 - SPARE PARTS","20",0,1,1,17.8,40,,,,,,,"C-135062813/1",,,,,,,,,"1E",,,,,,
66493,6,,,,777,,,"135063710/0","135063710/0","BELT Z25","BELT Z25",4.65,4.65,,"4098","GBP",,,,,,"GBP",14.93,"4098","Active","4098 - SPARE PARTS","20",0,2,1,9.3,29.86,,,,,,,"C-135063710/0",,,,,,,,,"1C",,752173,,,,
66494,6,,,,777,,,"135063900/0","135063900/0","TRAPEZOIDAL BELT Z28","TRAPEZOIDAL BELT Z28",9.71,9.71,,"4098","GBP",,,,,,"GBP",15.18,"4098","Active","4098 - SPARE PARTS","20",0,0,1,0,0,,,,,,,"C-135063900/0",,,,,,,,,"",,,,,,
66495,6,,,,777,,,"135064394/0","135064394/0","V-BELT FITS SP5555V","V-BELT FITS SP5555V",21.09,21.09,,"4098","GBP",,,,,,"GBP",59.98,"4098","Active","4098 - SPARE PARTS","20",0,0,1,0,0,,,,,,,"C-135064394/0",,,,,,,,,"",,752107,,,,
66496,6,,,,777,,,"135065605/0","135065605/0","DOUBLE TOOTHED DECK BELT 102CM - 1440H - 1540H","DOUBLE TOOTHED DECK BELT 102CM - 1440H - 1540H",41.74,41.74,,"4098","GBP",,,,,,"GBP",100,"4098","Active","4098 - SPARE PARTS","20",0,1,1,41.74,100,,,,,,,"C-135065605/0",,,,,,,,,"1C",,,,,,
66497,6,,,,777,,,"137-7040","137-7040","TENSIONER SPRING","TENSIONER SPRING",1.23,1.23,,"4098","GBP",,,,,,"GBP",4.98,"4098","Active","4098 - SPARE PARTS","20",0,1,1,1.23,4.98,,,,,,,"C-137-7040",,,,,,,,,"",,,,,,
66498,6,,,,777,,,"1401046","1401046","STEERING RACK    FITS FRT7550","STEERING RACK    FITS FRT7550",5.59,10.77,,"4098","GBP",,,,,,"GBP",89.46,"4098","Active","4098 - SPARE PARTS","15",0,0,1,0,0,,,,,,,"C-1401046",,,,,,,,,"",,,,,,
66499,6,,,,777,,,"1401099","1401099","STEERING PINION GEAR     FITS FRT7550M","STEERING PINION GEAR     FITS FRT7550M",4.72,5.72,,"4098","GBP",,,,,,"GBP",28.7,"4098","Active","4098 - SPARE PARTS","15",0,1,1,4.72,28.7,,,,,,,"C-1401099",,,,,,,,,"",,,,,,
66500,6,,,,777,,,"14330033","14330033","LOWER HANDLE","LOWER HANDLE",9.6,0,,"4098","GBP",,,,,,"GBP",23,"4098","Active","4098 - SPARE PARTS","15",0,0,1,0,0,,,,,,,"C-14330033",,,,,,,,,"",,,,,,
66501,6,,,,777,,,"14330048","14330048","COIL AND LEAD    FITS FAST175","COIL AND LEAD    FITS FAST175",9.24,9.24,,"4098","GBP",,,,,,"GBP",54,"4098","Active","4098 - SPARE PARTS","15",0,0,1,0,0,,,,,,,"C-14330048",,,,,,,,,"",,,,,,
66502,6,,,,777,,,"147-2924","147-2924","TORO CUTTING BELT","TORO CUTTING BELT",1.01,1.01,,"4098","GBP",,,,,,"GBP",69.98,"4098","Active","4098 - SPARE PARTS","20",0,1,1,1.01,69.98,,,,,,,"C-147-2924",,,,,,,,,"",,,,,,
66503,6,,,,777,,,"15106000","15106000","BATTERY CHARGER","BATTERY CHARGER",12.96,12.96,,"4098","GBP",,,,,,"GBP",29.95,"4098","Active","4098 - SPARE PARTS","15",0,-1,1,-12.96,-29.95,,,,,,,"C-15106000",,,,,,,,,"",,752066,,,,
66504,6,,,,777,,,"15301010","15301010","AIR FILTER    FITS FST212","AIR FILTER    FITS FST212",6.04,0,,"4098","GBP",,,,,,"GBP",12.08,"4098","Active","4098 - SPARE PARTS","15",0,0,1,0,0,,,,,,,"C-15301010",,,,,,,,,"",,,,,,
66505,6,,,,777,,,"15336010","15336010","ENGINE HOOD FTDT5070","ENGINE HOOD FTDT5070",4.37,4.37,,"4098","GBP",,,,,,"GBP",19.98,"4098","Active","4098 - SPARE PARTS","15",0,1,1,4.37,19.98,,,,,,,"C-15336010",,,,,,,,,"",,752066,,,,
66506,6,,,,777,,,"16100-Z0L-023","16100-Z0L-023","Honda GC135, GC160, GCV135, GCV160 Carburettor","Honda GC135, GC160, GCV135, GCV160 Carburettor",14.49,14.49,,"4098","GBP",,,,,,"GBP",69.98,"4098","Active","4098 - SPARE PARTS","20",0,1,1,14.49,69.98,,,,,,,"C-16100-Z0L-023",,,,,,,,,"",,752107,,,,
66507,6,,,,777,,,"16100-ZM1-825","16100-ZM1-825","Genuine Honda GCV135 Carburettor Assy","Genuine Honda GCV135 Carburettor Assy",80.73,80.73,,"4098","GBP",,,,,,"GBP",160,"4098","Active","4098 - SPARE PARTS","20",0,2,1,161.46,320,,,,,,,"C-16100-ZM1-825",,,,,,,,,"",,752107,,,,
66508,6,,,,777,,,"16260Z02011000","16260Z02011000","MUFFLER INSULATION","MUFFLER INSULATION",16.4,16.4,,"4098","GBP",,,,,,"GBP",32.8,"4098","Active","4098 - SPARE PARTS","20",0,0,1,0,0,,,,,,,"C-16260Z02011000",,,,,,,,,"",,752053,,,,
66509,6,,,,777,,,"16330011","16330011","AIR FILTER   FITS RAC5675ES","AIR FILTER   FITS RAC5675ES",2.16,2.16,,"4098","GBP",,,,,,"GBP",15.67,"4098","Active","4098 - SPARE PARTS","15",0,0,1,0,0,,,,,,,"C-16330011",,,,,,,,,"",,,,,,
66510,6,,,,777,,,"16334083","16334083","ENGINE PULLY","ENGINE PULLY",2.88,2.88,,"4098","GBP",,,,,,"GBP",9.98,"4098","Active","4098 - SPARE PARTS","15",0,1,1,2.88,9.98,,,,,,,"C-16334083",,,,,,,,,"",,752066,,,,
66511,6,,,,777,,,"1673","1673","WALBRO WA, WT, WYJ, WYL Primer Bulb (ID 14mm, OD 16mm, H 14mm, Lip 18mm)","WALBRO WA, WT, WYJ, WYL Primer Bulb (ID 14mm, OD 16mm, H 14mm, Lip 18mm)",2.39,2.39,,"4098","GBP",,,,,,"GBP",5.71,"4098","Active","4098 - SPARE PARTS","20",0,0,1,0,0,,,,,,,"C-1673",,,,,,,,,"",,752107,,,,
66513,6,,,,777,,,"1696908","1696908","MULCH KIT - 52""      FITS SZT350""","MULCH KIT - 52""      FITS SZT350""",321.81,299.5,,"4025","GBP",,,,,,"GBP",349.17,"4025","Active","4025 - MISC","58",0,0,1,0,0,,,,,,,"C-1696908",,,,,,,,,"",,752098,,,,
66515,6,,,,777,,,"1703836SM","1703836SM","Genuine Briggs & Stratton Beltarbor Drie 50 V","Genuine Briggs & Stratton Beltarbor Drie 50 V",38.45,38.45,,"4098","GBP",,,,,,"GBP",98.98,"4098","Active","4098 - SPARE PARTS","20",0,2,1,76.9,197.96,,,,,,,"C-1703836SM",,,,,,,,,"",,752107,,,,
66516,6,,,"2026-03-11T08:18:33.000Z",24307252,,,"1707740SM","1707740SM","BELT - PTO","BELT - PTO",28.45,27.23,,"4098","GBP",,,,,,"GBP",64.93,"4098","Active","4098 - SPARE PARTS","20",0,1,1,28.45,64.93,,,,,,,"C-1707740SM",,,,,,,,,"SHELF 2B",,752098,,,,
66517,6,,,,777,,,"17094037","17094037","LAUNCH BELL   FST212","LAUNCH BELL   FST212",2.16,2.16,,"4098","GBP",,,,,,"GBP",8.8,"4098","Active","4098 - SPARE PARTS","15",0,0,1,0,0,,,,,,,"C-17094037",,,,,,,,,"",,,,,,
66518,6,,,,777,,,"17150-Z03011-00","17150-Z03011-00","SUBARU 173CC AIR FILTER","SUBARU 173CC AIR FILTER",4.84,4.84,,"4098","GBP",,,,,,"GBP",18.96,"4098","Active","4098 - SPARE PARTS","20",0,0,1,0,0,,,,,,,"C-17150-Z03011-00",,,,,,,,,"",,752107,,,,
66519,6,,,,777,,,"17210-Z1T-621","17210-Z1T-621","GENUINE HONDA AIR FILTER","GENUINE HONDA AIR FILTER",22.78,22.78,,"4098","GBP",,,,,,"GBP",45.56,"4098","Active","4098 - SPARE PARTS","20",0,0,1,0,0,,,,,,,"C-17210-Z1T-621",,,,,,,,,"",,752107,,,,
66520,6,,,,777,,,"17210-ZE1-505","17210-ZE1-505","HONDA GX140, GX160, GX200 PRO AIR FILTER","HONDA GX140, GX160, GX200 PRO AIR FILTER",4.86,4.86,,"4098","GBP",,,,,,"GBP",16.59,"4098","Active","4098 - SPARE PARTS","20",0,0,1,0,0,,,,,,,"C-17210-ZE1-505",,,,,,,,,"",,752107,,,,
66521,6,,,,777,,,"17210-ZE6-305","17210-ZE6-305","AIR FILTER     HONDA","AIR FILTER     HONDA",3.96,3.96,,"4098","GBP",,,,,,"GBP",12.68,"4098","Active","4098 - SPARE PARTS","20",0,0,1,0,0,,,,,,,"C-17210-ZE6-305",,,,,,,,,"",,,,,,
66522,6,,,,777,,,"17211-ZE7-W03","17211-ZE7-W03","HONDA AIR FILTER","HONDA AIR FILTER",4.5,4.5,,"4098","GBP",,,,,,"GBP",14.69,"4098","Active","4098 - SPARE PARTS","20",0,2,1,9,29.38,,,,,,,"C-17211-ZE7-W03",,,,,,,,,"5B",,,,,,
66523,6,,,,777,,,"1721532SM","1721532SM","BELT 83.1","BELT 83.1",37.6,37.6,,"4098","GBP",,,,,,"GBP",80,"4098","Active","4098 - SPARE PARTS","20",0,0,1,0,0,,,,,,,"C-1721532SM",,,,,,,,,"",,752098,,,,
66524,6,,,,777,,,"1727407SM","1727407SM","BELT -                                              KEVLAR     BELTA109.5","BELT -                                              KEVLAR     BELTA109.5",43.68,43.68,,"4098","GBP",,,,,,"GBP",104.13,"4098","Active","4098 - SPARE PARTS","20",0,0,1,0,0,,,,,,,"C-1727407SM",,,,,,,,,"",,752098,,,,
66525,6,,,,777,,,"17282019","17282019","RECOIL","RECOIL",12.6,12.6,,"4098","GBP",,,,,,"GBP",23.34,"4098","Active","4098 - SPARE PARTS","17",0,0,1,0,0,,,,,,,"C-17282019",,,,,,,,,"",,,,,,
66526,6,,,,777,,,"17282021","17282021","PRIMER BULB","PRIMER BULB",4.27,4.27,,"4098","GBP",,,,,,"GBP",10.24,"4098","Active","4098 - SPARE PARTS","15",0,0,1,0,0,,,,,,,"C-17282021",,,,,,,,,"3C",,,,,,
66527,6,,,,777,,,"17299003","17299003","COIL AND LEAD","COIL AND LEAD",9.24,0,,"4098","GBP",,,,,,"GBP",45,"4098","Active","4098 - SPARE PARTS","15",0,0,1,0,0,,,,,,,"C-17299003",,,,,,,,,"",,,,,,
66528,6,,,,777,,,"17338001","17338001","IGNITION COIL","IGNITION COIL",12.49,12.49,,"4098","GBP",,,,,,"GBP",24.98,"4098","Active","4098 - SPARE PARTS","15",0,0,1,0,0,,,,,,,"C-17338001",,,,,,,,,"",,,,,,
66529,6,,,,777,,,"17338009","17338009","ENGINE BRAKE","ENGINE BRAKE",4.28,4.28,,"4098","GBP",,,,,,"GBP",8.32,"4098","Active","4098 - SPARE PARTS","15",0,1,1,4.28,8.32,,,,,,,"C-17338009",,,,,,,,,"",,,,,,
66530,6,,,,777,,,"17338028","17338028","BELT","BELT",5.27,5.27,,"4098","GBP",,,,,,"GBP",15,"4098","Active","4098 - SPARE PARTS","15",0,0,1,0,0,,,,,,,"C-17338028",,,,,,,,,"",,,,,,
66531,6,,,,777,,,"17338044","17338044","BLADE BOLT","BLADE BOLT",1.56,1.56,,"4098","GBP",,,,,,"GBP",9.98,"4098","Active","4098 - SPARE PARTS","15",0,1,1,1.56,9.98,,,,,,,"C-17338044",,,,,,,,,"",,752066,,,,
66532,6,,,,777,,,"17338046","17338046","BLADE 502MM X 57MM     [FITS 5175SPM]","BLADE 502MM X 57MM     [FITS 5175SPM]",15,15,,"4098","GBP",,,,,,"GBP",38,"4098","Active","4098 - SPARE PARTS","15",0,0,1,0,0,,,,,,,"C-17338046",,,0,,,,,,"4C",,,,,,
66533,6,,,,777,,,"17347033","17347033","DRIVE SPROCKET SET - FTDT5096","DRIVE SPROCKET SET - FTDT5096",5.95,5.95,,"4000","GBP",,,,,,"GBP",14.98,"4000","Active","4000 - Delivery charges - outward freight","15",0,1,1,5.95,14.98,,,,,,,"C-17347033",,,,,,,,,"",,,,,,
66534,6,,,,777,,,"17352005","17352005","BATTERY -          FITS C25-7 / RAC62PR / RAC6224PR","BATTERY -          FITS C25-7 / RAC62PR / RAC6224PR",19.8,0,,"4098","GBP",,,,,,"GBP",60,"4098","Active","4098 - SPARE PARTS","15",0,0,1,0,0,,,,,,,"C-17352005",,,,,,,,,"",,752066,,,,
66535,6,,,,777,,,"17355007","17355007","50mm side deflector- FITS FTDT5096 - FTDT5070","50mm side deflector- FITS FTDT5096 - FTDT5070",13.44,13.44,,"4098","GBP",,,,,,"GBP",39.98,"4098","Active","4098 - SPARE PARTS","20",0,1,1,13.44,39.98,,,,,,,"C-17355007",,,,,,,,,"",,752066,,,,
66536,6,,,,777,,,"17355023","17355023","REAR WHEEL SET","REAR WHEEL SET",21.85,21.85,,"4098","GBP",,,,,,"GBP",69.42,"4098","Active","4098 - SPARE PARTS","15",0,3,1,65.55,208.26,,,,,,,"C-17355023",,,,,,,,,"",,752066,,,,
66537,6,,,,777,,,"17356049","17356049","BLADE                    [FITS 75BS125/7550M)","BLADE                    [FITS 75BS125/7550M)",1.01,0.51,,"4098","GBP",,,,,,"GBP",35,"4098","Active","4098 - SPARE PARTS","15",0,0,1,0,0,,,,,,,"C-17356049",,,,,,,,,"",,,,,,
66538,6,,,,777,,,"17356051","17356051","WHEEL ASSEMBLY 62PR","WHEEL ASSEMBLY 62PR",22.2,22.2,,"4098","GBP",,,,,,"GBP",44.4,"4098","Active","4098 - SPARE PARTS","15",0,0,1,0,0,,,,,,,"C-17356051",,,,,,,,,"4D",,,,,,
66539,6,,,,777,,,"1736868","1736868","REGENT THROTTLE CHOKE","REGENT THROTTLE CHOKE",45.78,0,,"4098","GBP",,,,,,"GBP",90,"4098","Active","4098 - SPARE PARTS","20",0,0,1,0,0,,,,,,,"C-1736868",,,,,,,,,"",,,,,,
66540,6,,,,777,,,"1758511BMYP","1758511BMYP","BLADE, RH, 38'","BLADE, RH, 38'",42.45,42.45,,"4098","GBP",,,,,,"GBP",70.75,"4098","Active","4098 - SPARE PARTS","20",0,1,1,42.45,70.75,,,,,,,"C-1758511BMYP",,,,,,,,,"",,,,,,
66541,6,,,,777,,,"1758512BMYP","1758512BMYP","BLADE, LH, 38'","BLADE, LH, 38'",42.45,42.45,,"4098","GBP",,,,,,"GBP",70.75,"4098","Active","4098 - SPARE PARTS","20",0,2,1,84.9,141.5,,,,,,,"C-1758512BMYP",,,,,,,,,"",,,,,,
66542,6,,,,777,,,"1782","1782","SOLENOID - 4 POLE        (44814801)","SOLENOID - 4 POLE        (44814801)",12.47,12.47,,"4098","GBP",,,,,,"GBP",34.87,"4098","Active","4098 - SPARE PARTS","20",0,2,1,24.94,69.74,,,,,,,"C-1782",,,,,,,,,"",,752107,,,,
66543,6,,,,777,,,"18002000","18002000","KEYS    FITS FRT7550M","KEYS    FITS FRT7550M",1.36,0,,"4098","GBP",,,,,,"GBP",11.2,"4098","Active","4098 - SPARE PARTS","15",0,0,1,0,0,,,,,,,"C-18002000",,,,,,,,,"",,,,,,
66544,6,,,,777,,,"18002002","18002002","STARTER RELAY","STARTER RELAY",6,6,,"4098","GBP",,,,,,"GBP",32.54,"4098","Active","4098 - SPARE PARTS","15",0,3,1,18,97.62,,,,,,,"C-18002002",,,,,,,,,"4C",,,,,,
66545,6,,,,777,,,"18002010","18002010","STEERING RACK    FITS FRT7550M","STEERING RACK    FITS FRT7550M",11.23,11.23,,"4098","GBP",,,,,,"GBP",22.46,"4098","Active","4098 - SPARE PARTS","15",0,0,1,0,0,,,,,,,"C-18002010",,,,,,,,,"4A",,,,,,
66546,6,,,,777,,,"18002011","18002011","SEAT FRT7550M-1","SEAT FRT7550M-1",35.14,35.14,,"4098","GBP",,,,,,"GBP",70.28,"4098","Active","4098 - SPARE PARTS","15",0,1,1,35.14,70.28,,,,,,,"C-18002011",,,,,,,,,"4 FLOOR",,,,,,
66547,6,,,,777,,,"18087060","18087060","BLADE         [FITS 4000T]","BLADE         [FITS 4000T]",8.4,8.4,,"4098","GBP",,,,,,"GBP",25,"4098","Active","4098 - SPARE PARTS","15",0,1,1,8.4,25,,,,,,,"C-18087060",,,,,,,,,"",,,,,,
66548,6,,,,777,,,"18087066","18087066","FRONT WHEEL                                 [FITS 4000T]","FRONT WHEEL                                 [FITS 4000T]",3.16,0,,"4000","GBP",,,,,,"GBP",14.69,"4000","Active","4000 - Delivery charges - outward freight","15",0,0,1,0,0,,,,,,,"C-18087066",,,,,,,,,"",,,,,,
66549,6,,,,777,,,"18087071","18087071","GRASS BAG   FITS RAC","GRASS BAG   FITS RAC",4.76,4.76,,"4098","GBP",,,,,,"GBP",28,"4098","Active","4098 - SPARE PARTS","15",0,1,1,4.76,28,,,,,,,"C-18087071",,,,,,,,,"",,,,,,
66550,6,,,,777,,,"18088047","18088047","BLADE","BLADE",7.5,7.5,,"4098","GBP",,,,,,"GBP",28,"4098","Active","4098 - SPARE PARTS","15",0,0,1,0,0,,,,,,,"C-18088047",,,,,,,,,"",,,,,,
66551,6,,,,777,,,"181004121/0","181004121/0","BLADE - 45CM","BLADE - 45CM",6.57,6.57,,"4098","GBP",,,,,,"GBP",26.29,"4098","Active","4098 - SPARE PARTS","20",0,1,1,6.57,26.29,,,,,,,"C-181004121/0",,,,,,,,,"",,752173,,,,
66552,6,,,,777,,,"181004144/0","181004144/0","BLADE    FITS SP555R (2014)","BLADE    FITS SP555R (2014)",14.39,0,,"4098","GBP",,,,,,"GBP",29.62,"4098","Active","4098 - SPARE PARTS","20",0,0,1,0,0,,,,,,,"C-181004144/0",,,,,,,,,"",,,,,,
66553,6,,,,777,,,"181004341/3","181004341/3","BLADE 41CM","BLADE 41CM",6.42,6.53,,"4098","GBP",,,,,,"GBP",39.95,"4098","Active","4098 - SPARE PARTS","20",0,0,1,0,0,,,,,,,"C-181004341/3",,,,,,,,,"",,752173,,,,
66554,6,,,,777,,,"181004346/3","181004346/3","BLADE   18""""","BLADE   18""""",5.99,5.75,,"4098","GBP",,,,,,"GBP",34.8,"4098","Active","4098 - SPARE PARTS","20",0,0,1,0,0,,,,,,,"C-181004346/3",,,,,,,,,"",,,,,,
66555,6,,,,777,,,"181004365/3","181004365/3","BLADE","BLADE",8.25,8.25,,"4098","GBP",,,,,,"GBP",20.83,"4098","Active","4098 - SPARE PARTS","20",0,1,1,8.25,20.83,,,,,,,"C-181004365/3",,,,,,,,,"",,,,,,
66556,6,,,,777,,,"181004397/0","181004397/0","WINGED BLADE R46","WINGED BLADE R46",11.76,11.76,,"4098","GBP",,,,,,"GBP",39.95,"4098","Active","4098 - SPARE PARTS","20",0,0,1,0,0,,,,,,,"C-181004397/0",,,,,,,,,"",,752173,,,,
66557,6,,,,777,,,"181004415/0","181004415/0","TWINCLIP BLADE - 19"" CUT""","TWINCLIP BLADE - 19"" CUT""",28.36,23.84,,"4098","GBP",,,,,,"GBP",54.9,"4098","Active","4098 - SPARE PARTS","20",0,0,1,0,0,,,,,,,"C-181004415/0",,,,,,,,,"2D",,752173,,,,
66558,6,,,,777,,,"181004417/0","181004417/0","53CM 21"" BLADE""","53CM 21"" BLADE""",28.05,28.05,,"4098","GBP",,,,,,"GBP",67.32,"4098","Active","4098 - SPARE PARTS","20",0,0,1,0,0,,,,,,,"C-181004417/0",,,,,,,,,"",,,,,,
66559,6,,,,777,,,"181004459/0","181004459/0","BLADE - MULCHING 53CM","BLADE - MULCHING 53CM",7.36,7.36,,"4098","GBP",,,,,,"GBP",22.09,"4098","Active","4098 - SPARE PARTS","20",0,1,1,7.36,22.09,,,,,,,"C-181004459/0",,,,,,,,,"3A",,752173,,,,
66560,6,,,,777,,,"18123001","18123001","UK Battery Charger Fits C25-7","UK Battery Charger Fits C25-7",7.2,7.2,,"4098","GBP",,,,,,"GBP",29.98,"4098","Active","4098 - SPARE PARTS","15",0,1,1,7.2,29.98,,,,,,,"C-18123001",,,,,,,,,"",,752066,,,,
66561,6,,,,777,,,"18151067","18151067","FUEL PIPE KIT    FITS FSTD55","FUEL PIPE KIT    FITS FSTD55",4.8,0,,"4098","GBP",,,,,,"GBP",14.4,"4098","Active","4098 - SPARE PARTS","15",0,0,1,0,0,,,,,,,"C-18151067",,,,,,,,,"",,,,,,
66562,6,,,,777,,,"18187035","18187035","SCREW KIT    FITS FRT7550M","SCREW KIT    FITS FRT7550M",9.84,0,,"4098","GBP",,,,,,"GBP",28.34,"4098","Active","4098 - SPARE PARTS","15",0,0,1,0,0,,,,,,,"C-18187035",,,,,,,,,"",,,,,,
66563,6,,,,777,,,"182004340/1","182004340/1","LEFT WINGED BLADE 102CM TC/TCP - 1440H - 1540H","LEFT WINGED BLADE 102CM TC/TCP - 1440H - 1540H",13.5,13.5,,"4098","GBP",,,,,,"GBP",35,"4098","Active","4098 - SPARE PARTS","20",0,0,1,0,0,,,,,,,"C-182004340/1",,,,,,,,,"",,,,,,
66564,6,,,,777,,,"182004341/1","182004341/1","RIGHT WINGED BLADE 102CM TC/TCP - 1440H - 1540H","RIGHT WINGED BLADE 102CM TC/TCP - 1440H - 1540H",13.5,13.5,,"4098","GBP",,,,,,"GBP",35,"4098","Active","4098 - SPARE PARTS","20",0,0,1,0,0,,,,,,,"C-182004341/1",,,,,,,,,"",,,,,,
66565,6,,,,777,,,"182004346/0","182004346/0","LEFT MULCHING BLADE 98CM - 1538H-SD - 1438M","LEFT MULCHING BLADE 98CM - 1538H-SD - 1438M",10.07,10.07,,"4098","GBP",,,,,,"GBP",45,"4098","Active","4098 - SPARE PARTS","20",0,0,1,0,0,,,,,,,"C-182004346/0",,,,,,,,,"",,752173,,,,
66566,6,,,,777,,,"182004358/0","182004358/0","RIGHT WINGED BLADE 84CM - 1330M - 1530M","RIGHT WINGED BLADE 84CM - 1330M - 1530M",9.76,9.76,,"4098","GBP",,,,,,"GBP",30,"4098","Active","4098 - SPARE PARTS","20",0,0,1,0,0,,,,,,,"C-182004358/0",,,,,,,,,"2A",,752173,,,,
66567,6,,,,777,,,"182004359/0","182004359/0","LEFT WINGED BLADE 84CM - 1330M - 1530M","LEFT WINGED BLADE 84CM - 1330M - 1530M",9.76,9.76,,"4098","GBP",,,,,,"GBP",30,"4098","Active","4098 - SPARE PARTS","20",0,0,1,0,0,,,,,,,"C-182004359/0",,,,,,,,,"2A",,752173,,,,
66568,6,,,,777,,,"182004362/0","182004362/0","RIGHT WINGED BLADE 98CM - 1538H - 1638H TWIN","RIGHT WINGED BLADE 98CM - 1538H - 1638H TWIN",11.97,11.97,,"4098","GBP",,,,,,"GBP",35,"4098","Active","4098 - SPARE PARTS","20",0,1,1,11.97,35,,,,,,,"C-182004362/0",,,,,,,,,"",,752173,,,,
66569,6,,,,777,,,"182004363/0","182004363/0","LEFT WINGED BLADE 98CM - 1538H - 1638H TWIN","LEFT WINGED BLADE 98CM - 1538H - 1638H TWIN",11.42,11.42,,"4098","GBP",,,,,,"GBP",35,"4098","Active","4098 - SPARE PARTS","20",0,0,1,0,0,,,,,,,"C-182004363/0",,,,,,,,,"",,752173,,,,
66570,6,,,,777,,,"182180051/0","182180051/0","BATTERY CHARGER 12V 200MA","BATTERY CHARGER 12V 200MA",29.53,0,,"4098","GBP",,,,,,"GBP",79.98,"4098","Active","4098 - SPARE PARTS","20",0,0,1,0,0,,,,,,,"C-182180051/0",,,,,,,,,"3B",,,,,,
66571,6,,,,777,,,"182180091/0","182180091/0","STIGA/MOUNTFIELD CHARGER","STIGA/MOUNTFIELD CHARGER",29.53,29.53,,"4098","GBP",,,,,,"GBP",79.95,"4098","Active","4098 - SPARE PARTS","32",0,-9,1,-265.77,-719.55,,,,,,,"C-182180091/0",,,0.25,,,,,,"",,,,,,
66572,6,,,,777,,,"182180190/1","182180190/1","MOUNTFIELD/STIGA BATTERY CHARGER FOR RIDE-ONS & TRACTOR MOWERS","MOUNTFIELD/STIGA BATTERY CHARGER FOR RIDE-ONS & TRACTOR MOWERS",26.2,26.2,,"4098","GBP",,,,,,"GBP",66.63,"4098","Active","4098 - SPARE PARTS","20",0,45,1,1179,2998.35,,,,,,,"C-182180190/1",,,,,,,,,"3B",,752173,,,,
66573,6,,,,777,,,"18236012","18236012","BELT 13 X 680   FST212","BELT 13 X 680   FST212",5.93,5.93,,"4098","GBP",,,,,,"GBP",15.4,"4098","Active","4098 - SPARE PARTS","15",0,0,1,0,0,,,,,,,"C-18236012",,,,,,,,,"4C",,,,,,
66574,6,,,,777,,,"18236020","18236020","SCARIFIER CASSETTE    FST212","SCARIFIER CASSETTE    FST212",37.68,37.68,,"4098","GBP",,,,,,"GBP",87.98,"4098","Active","4098 - SPARE PARTS","15",0,0,1,0,0,,,,,,,"C-18236020",,,,,,,,,"",,,,,,
66575,6,,,,777,,,"18240004","18240004","BEARING KIT     FITS FST212","BEARING KIT     FITS FST212",14.15,0,,"4098","GBP",,,,,,"GBP",28.3,"4098","Active","4098 - SPARE PARTS","15",0,0,1,0,0,,,,,,,"C-18240004",,,,,,,,,"",,,,,,
66576,6,,,,777,,,"18250002","18250002","WHEEL ASSEMBLY 175MM FEIFER/HYUNDAI","WHEEL ASSEMBLY 175MM FEIFER/HYUNDAI",11.52,11.52,,"4098","GBP",,,,,,"GBP",15.2,"4098","Active","4098 - SPARE PARTS","15",0,1,1,11.52,15.2,,,,,,,"C-18250002",,,,,,,,,"4D",,,,,,
66577,6,,,,777,,,"18253014","18253014","RECOIL   FST212","RECOIL   FST212",10.8,10.8,,"4098","GBP",,,,,,"GBP",24.95,"4098","Active","4098 - SPARE PARTS","15",0,0,1,0,0,,,,,,,"C-18253014",,,,,,,,,"",,,,,,
66578,6,,,,777,,,"182700001/0","182700001/0","ANTI-SCALP WHEEL D=100mm","ANTI-SCALP WHEEL D=100mm",2.73,2.73,,"4098","GBP",,,,,,"GBP",14.98,"4098","Active","4098 - SPARE PARTS","20",0,1,1,2.73,14.98,,,,,,,"C-182700001/0",,,,,,,,,"",,752173,,,,
66579,6,,,,777,,,"18318025","18318025","BELT - FTDT511ZT","BELT - FTDT511ZT",2.28,2.28,,"4098","GBP",,,,,,"GBP",19.98,"4098","Active","4098 - SPARE PARTS","15",0,2,1,4.56,39.96,,,,,,,"C-18318025",,,,,,,,,"",,752066,,,,
66580,6,,,,777,,,"18319001","18319001","Rear wheel set","Rear wheel set",9.92,9.92,,"4098","GBP",,,,,,"GBP",39.96,"4098","Active","4098 - SPARE PARTS","15",0,0,1,0,0,,,,,,,"C-18319001",,,,,,,,,"",,752066,,,,
66581,6,,,,777,,,"18320015","18320015","STARTER MOTOR","STARTER MOTOR",38.5,38.5,,"4098","GBP",,,,,,"GBP",92.4,"4098","Active","4098 - SPARE PARTS","15",0,0,1,0,0,,,,,,,"C-18320015",,,,,,,,,"",,,,,,
66582,6,,,,777,,,"18320036","18320036","SPRING KIT","SPRING KIT",9.32,9.32,,"4098","GBP",,,,,,"GBP",18.64,"4098","Active","4098 - SPARE PARTS","15",0,1,1,9.32,18.64,,,,,,,"C-18320036",,,,,,,,,"4B",,,,,,
66583,6,,,,777,,,"18323003","18323003","CLUTCH CABLE","CLUTCH CABLE",4.61,4.61,,"4098","GBP",,,,,,"GBP",13.83,"4098","Active","4098 - SPARE PARTS","15",0,2,1,9.22,27.66,,,,,,,"C-18323003",,,,,,,,,"4D",,,,,,
66584,6,,,,777,,,"18348005","18348005","CHARGER FOR FEIDER, CHIPPERFIELD AND RACING COMPACT RIDERS","CHARGER FOR FEIDER, CHIPPERFIELD AND RACING COMPACT RIDERS",3,3,,"4098","GBP",,,,,,"GBP",39.95,"4098","Active","4098 - SPARE PARTS","15",0,-1,1,-3,-39.95,,,,,,,"C-18348005",,,,,,,,,"3B",,,,,,
66585,6,,,,777,,,"18352043","18352043","AIR FILTER","AIR FILTER",3,3,,"4098","GBP",,,,,,"GBP",19.99,"4098","Active","4098 - SPARE PARTS","15",0,6,1,18,119.94,,,,,,,"C-18352043",,,,,,,,,"",,752066,,,,
66586,6,,,,777,,,"18352050","18352050","BELT TENSIONING PLATE","BELT TENSIONING PLATE",13,0,,"4098","GBP",,,,,,"GBP",26,"4098","Active","4098 - SPARE PARTS","15",0,0,1,0,0,,,,,,,"C-18352050",,,,,,,,,"",,,,,,
66587,6,,,,777,,,"18352052","18352052","STEERING COLUMN COWLING","STEERING COLUMN COWLING",9.44,9.44,,"4098","GBP",,,,,,"GBP",37.86,"4098","Active","4098 - SPARE PARTS","15",0,1,1,9.44,37.86,,,,,,,"C-18352052",,,,,,,,,"4E",,,,,,
66588,6,,,,777,,,"18353002","18353002","MOWING BELT FITS FRT75BS125","MOWING BELT FITS FRT75BS125",15,15,,"4098","GBP",,,,,,"GBP",40,"4098","Active","4098 - SPARE PARTS","15",0,0,1,0,0,,,,,,,"C-18353002",,,,,,,,,"",,,,,,
66589,6,,,"2026-01-13T15:42:08.000Z",24305282,,,"184109500/0","184109500/0","WINGED BLADE 72CM/28INCH","WINGED BLADE 72CM/28INCH",24.56,24.56,,"4098","GBP",,,,,,"GBP",75,"4098","Active","4098 - SPARE PARTS","20",0,0,1,0,0,,,,,,,"C-184109500/0",,,,,,,,,"2C",,752173,,,,
66590,6,,,"2025-11-12T16:04:46.000Z",24305274,,,"184109505/0","184109505/0","WINGED BLADE L=651MM - 66RDB - 827H","WINGED BLADE L=651MM - 66RDB - 827H",45.72,23.57,,"4098","GBP",,,,,,"GBP",55.95,"4098","Active","4098 - SPARE PARTS","20",0,2,1,91.44,111.9,,,,,,,"C-184109505/0",,,,,,,,,"4A",,752173,,,,
66591,6,,,,777,,,"184996400","184996400","COUNTAX PGC LIFT LEVER GRIP    (148996400)","COUNTAX PGC LIFT LEVER GRIP    (148996400)",6.24,6.24,,"4098","GBP",,,,,,"GBP",15,"4098","Active","4098 - SPARE PARTS","20",0,1,1,6.24,15,,,,,,,"C-184996400",,,,,,,,,"",,,,,,
66592,6,,,,777,,,"19050009","19050009","AIR FILTER","AIR FILTER",2.87,2.87,,"4098","GBP",,,,,,"GBP",7.95,"4098","Active","4098 - SPARE PARTS","15",0,0,1,0,0,,,,,,,"C-19050009",,,,,,,,,"PL5A",,752066,,,,
66593,6,,,,777,,,"19050019","19050019","SPRING KIT    FTDTR5220","SPRING KIT    FTDTR5220",4.13,4.13,,"4098","GBP",,,,,,"GBP",8.26,"4098","Active","4098 - SPARE PARTS","15",0,0,1,0,0,,,,,,,"C-19050019",,,,,,,,,"",,,,,,
66594,6,,,,777,,,"19050020","19050020","RECOIL","RECOIL",9.79,9.79,,"4098","GBP",,,,,,"GBP",23.49,"4098","Active","4098 - SPARE PARTS","15",0,0,1,0,0,,,,,,,"C-19050020",,,,,,,,,"",,,,,,
66595,6,,,,777,,,"19051004","19051004","BELT COVER","BELT COVER",6.01,6.01,,"4098","GBP",,,,,,"GBP",14.42,"4098","Active","4098 - SPARE PARTS","15",0,0,1,0,0,,,,,,,"C-19051004",,,,,,,,,"",,,,,,
66596,6,,,,777,,,"19051005","19051005","BELT V10 X 816 - FTDTR5220","BELT V10 X 816 - FTDTR5220",6.07,8.6,,"4098","GBP",,,,,,"GBP",24.98,"4098","Active","4098 - SPARE PARTS","15",0,5,1,30.35,124.9,,,,,,,"C-19051005",,,,,,,,,"4B",,,,,,
66597,6,,,,777,,,"19051007","19051007","40 Links Transmission Chain - FTDTR ROLLER MODELS","40 Links Transmission Chain - FTDTR ROLLER MODELS",3.41,3.41,,"4098","GBP",,,,,,"GBP",10.17,"4098","Active","4098 - SPARE PARTS","15",0,2,1,6.82,20.34,,,,,,,"C-19051007",,,,,,,,,"",,752066,,,,
66598,6,,,,777,,,"19051011","19051011","GEARBOX TENSION BRACKET","GEARBOX TENSION BRACKET",0.8,0,,"4098","GBP",,,,,,"GBP",14.88,"4098","Active","4098 - SPARE PARTS","15",0,0,1,0,0,,,,,,,"C-19051011",,,,,,,,,"",,,,,,
66599,6,,,,777,,,"19051013","19051013","CLUTCH CABLE","CLUTCH CABLE",4.99,4.99,,"4098","GBP",,,,,,"GBP",24.95,"4098","Active","4098 - SPARE PARTS","15",0,2,1,9.98,49.9,,,,,,,"C-19051013",,,,,,,,,"PL5A",,752066,,,,
66600,6,,,,777,,,"19051015","19051015","THROTTLE CABLE   FITS TR4870","THROTTLE CABLE   FITS TR4870",4.9,4.9,,"4098","GBP",,,,,,"GBP",24.13,"4098","Active","4098 - SPARE PARTS","15",0,0,1,0,0,,,,,,,"C-19051015",,,,,,,,,"",,,,,,
66601,6,,,,777,,,"19051024","19051024","LOCKING HANDLE KIT","LOCKING HANDLE KIT",6.42,6.42,,"4098","GBP",,,,,,"GBP",15.4,"4098","Active","4098 - SPARE PARTS","15",0,0,1,0,0,,,,,,,"C-19051024",,,,,,,,,"",,,,,,
66602,6,,,,777,,,"19051027","19051027","BLADE","BLADE",21,21,,"4098","GBP",,,,,,"GBP",44,"4098","Active","4098 - SPARE PARTS","15",0,0,1,0,0,,,,,,,"C-19051027",,,,,,,,,"",,,,,,
66603,6,,,,777,,,"19051033","19051033","RIGHT COVER","RIGHT COVER",7.81,7.81,,"4098","GBP",,,,,,"GBP",15.6,"4098","Active","4098 - SPARE PARTS","15",0,0,1,0,0,,,,,,,"C-19051033",,,,,,,,,"",,,,,,
66604,6,,,,777,,,"19051034","19051034","LEFT COVER","LEFT COVER",7.92,7.92,,"4098","GBP",,,,,,"GBP",15.6,"4098","Active","4098 - SPARE PARTS","15",0,1,1,7.92,15.6,,,,,,,"C-19051034",,,,,,,,,"",,,,,,
66605,6,,,,777,,,"19052000","19052000","DRIVE FOR TR4870","DRIVE FOR TR4870",14.5,0,,"4098","GBP",,,,,,"GBP",49.95,"4098","Active","4098 - SPARE PARTS","15",0,0,1,0,0,,,,,,,"C-19052000",,,,,,,,,"",,,,,,
66606,6,,,"2025-11-13T13:56:49.000Z",24305274,,,"C-19052001","C-19052001"," NOW USE 19052001"," NOW USE 19052001",13.01,13.01,,"4098","GBP",,,,,,"GBP",26,"4098","Active","4098 - SPARE PARTS","15",0,0,1,0,0,,,,,,,"C-19052001",,,,,,,,,"",,,,,,
66607,6,,,,777,,,"19052003","19052003","BELT 9.5 X 760 FITS FTDTR4870","BELT 9.5 X 760 FITS FTDTR4870",17.14,17.14,,"4098","GBP",,,,,,"GBP",40,"4098","Active","4098 - SPARE PARTS","15",0,1,1,17.14,40,,,,,,,"C-19052003",,,,,,,,,"",,752066,,,,
66608,6,,,,777,,,"19052005","19052005","BLADE","BLADE",15,15,,"4098","GBP",,,,,,"GBP",29.17,"4098","Active","4098 - SPARE PARTS","20",0,0,1,0,0,,,,,,,"C-19052005",,,,,,,,,"",,,,,,
66609,6,,,,777,,,"19067011","19067011","OIL DIPSTICK - FAST175","OIL DIPSTICK - FAST175",1.78,1.78,,"4098","GBP",,,,,,"GBP",9.98,"4098","Active","4098 - SPARE PARTS","15",0,1,1,1.78,9.98,,,,,,,"C-19067011",,,,,,,,,"",,752066,,,,
66610,6,,,,777,,,"1911-9291-01","1911-9291-01","STIGA 15M POWER CABLE","STIGA 15M POWER CABLE",18.6,18.6,,"4098","GBP",,,,,,"GBP",33.29,"4098","Active","4098 - SPARE PARTS","20",0,0,1,0,0,,,,,,,"C-1911-9291-01",,,6,,,,,,"",,,,,,
66611,6,,,,777,,,"19157043","19157043","BELT COVER FEIDER","BELT COVER FEIDER",0,0,,"4098","GBP",,,,,,"GBP",0,"4098","Active","4098 - SPARE PARTS","15",0,0,1,0,0,,,,,,,"C-19157043",,,,,,,,,"4 FLOOR",,,,,,
66612,6,,,,777,,,"19157058","19157058","LOWER HANDLE FEIDER","LOWER HANDLE FEIDER",8.53,8.53,,"4098","GBP",,,,,,"GBP",20.24,"4098","Active","4098 - SPARE PARTS","1",0,0,1,0,0,,,,,,,"C-19157058",,,,,,,,,"",,,,,,
66613,6,,,,666,,,"C-19157065","C-19157065","BLADE 460MM X 57MM FEIDER","BLADE 460MM X 57MM FEIDER",14.4,14.4,,"4098","GBP",,,,,,"GBP",43.2,"4098","Active","4098 - SPARE PARTS","15",0,1,1,14.4,43.2,,,,,,,"C-19157065",,,,,,,,,"4B",,,,,,
66614,6,,,,777,,,"19157074","19157074","BLADE BOSS - FTDT4640ES","BLADE BOSS - FTDT4640ES",3.48,3.48,,"4098","GBP",,,,,,"GBP",19.98,"4098","Active","4098 - SPARE PARTS","15",0,3,1,10.44,59.94,,,,,,,"C-19157074",,,,,,,,,"",,752066,,,,
66615,6,,,,777,,,"19158010","19158010","BELT COVER","BELT COVER",2.5,2.5,,"4098","GBP",,,,,,"GBP",14.98,"4098","Active","4098 - SPARE PARTS","15",0,0,1,0,0,,,,,,,"C-19158010",,,,,,,,,"",,752066,,,,
66616,6,,,,777,,,"19158017","19158017","SIDE EJECT FLAP","SIDE EJECT FLAP",3,3,,"4098","GBP",,,,,,"GBP",19.95,"4098","Active","4098 - SPARE PARTS","15",0,0,1,0,0,,,,,,,"C-19158017",,,,,,,,,"",,752066,,,,
66617,6,,,,777,,,"19168029","19168029","FRONT WHEEL    FAST175","FRONT WHEEL    FAST175",10.8,10.8,,"4098","GBP",,,,,,"GBP",21.6,"4098","Active","4098 - SPARE PARTS","1",0,0,1,0,0,,,,,,,"C-19168029",,,,,,,,,"",,,,,,
66618,6,,,,777,,,"19170014","19170014","GEARBOX AND DRIVE SHAFT - FAST175T","GEARBOX AND DRIVE SHAFT - FAST175T",25.6,25.6,,"4098","GBP",,,,,,"GBP",70.83,"4098","Active","4098 - SPARE PARTS","17",0,0,1,0,0,,,,,,,"C-19170014",,,,,,,,,"",,,,,,
66619,6,,,"2025-11-22T12:34:14.000Z",24305282,,,"19170017","19170017","DRIVE BELT - FAST175T","DRIVE BELT - FAST175T",5.32,5.32,,"4098","GBP",,,,,,"GBP",19.97,"4098","Active","4098 - SPARE PARTS","15",0,3,1,15.96,59.91,,,,,,,"C-19170017",,,,,,,,,"2D",,752066,,,,
66620,6,,,,777,,,"19171000","19171000","SAFETY SWITCH","SAFETY SWITCH",4.92,4.92,,"4098","GBP",,,,,,"GBP",8.25,"4098","Active","4098 - SPARE PARTS","15",0,6,1,29.52,49.5,,,,,,,"C-19171000",,,,,,,,,"1B",,,,,,
66621,6,,,,777,,,"19192000","19192000","FFT200 CONTROL CABLE","FFT200 CONTROL CABLE",5.4,5.4,,"4098","GBP",,,,,,"GBP",19.44,"4098","Active","4098 - SPARE PARTS","15",0,1,1,5.4,19.44,,,,,,,"C-19192000",,,,,,,,,"",,,,,,
66622,6,,,,777,,,"19192001","19192001","Clutch cable FFT200","Clutch cable FFT200",2.4,2.4,,"4098","GBP",,,,,,"GBP",24.98,"4098","Active","4098 - SPARE PARTS","15",0,1,1,2.4,24.98,,,,,,,"C-19192001",,,,,,,,,"",,752066,,,,
66623,6,,,,777,,,"19193002","19193002","BELT - FFT200","BELT - FFT200",8,8,,"4098","GBP",,,,,,"GBP",29.98,"4098","Active","4098 - SPARE PARTS","15",0,1,1,8,29.98,,,,,,,"C-19193002",,,,,,,,,"",,752066,,,,
66624,6,,,,777,,,"19197015","19197015","REAR WHEEL FEIDER","REAR WHEEL FEIDER",49.62,49.62,,"4098","GBP",,,,,,"GBP",117.66,"4098","Active","4098 - SPARE PARTS","20",0,0,1,0,0,,,,,,,"C-19197015",,,,,,,,,"",,,,,,
66625,6,,,,777,,,"19197030","19197030","FRONT WHEEL FBAE200 74MM","FRONT WHEEL FBAE200 74MM",18.7,0,,"4098","GBP",,,,,,"GBP",49.98,"4098","Active","4098 - SPARE PARTS","15",0,0,1,0,0,,,,,,,"C-19197030",,,,,,,,,"",,752066,,,,
66626,6,,,,777,,,"19242004","19242004","IGNITION COIL    FBT70","IGNITION COIL    FBT70",5.28,0,,"4098","GBP",,,,,,"GBP",38.48,"4098","Active","4098 - SPARE PARTS","15",0,0,1,0,0,,,,,,,"C-19242004",,,,,,,,,"",,,,,,
66627,6,,,,777,,,"19248001","19248001","FUEL CAP     FITS RACING","FUEL CAP     FITS RACING",1.2,1.2,,"4098","GBP",,,,,,"GBP",10.18,"4098","Active","4098 - SPARE PARTS","15",0,0,1,0,0,,,,,,,"C-19248001",,,,,,,,,"",,,,,,
66628,6,,,,777,,,"1925004","1925004","IGNITION COIL","IGNITION COIL",4.46,0,,"4098","GBP",,,,,,"GBP",43.48,"4098","Active","4098 - SPARE PARTS","15",0,0,1,0,0,,,,,,,"C-1925004",,,,,,,,,"",,,,,,
66629,6,,,,777,,,"19303009","19303009","Complete Carburetor - FTDT5070","Complete Carburetor - FTDT5070",34.9,34.9,,"4098","GBP",,,,,,"GBP",69.98,"4098","Active","4098 - SPARE PARTS","15",0,1,1,34.9,69.98,,,,,,,"C-19303009",,,,,,,,,"",,752066,,,,
66630,6,,,,777,,,"19303010","19303010","LAUNCHER BELL","LAUNCHER BELL",1.9,1.9,,"4098","GBP",,,,,,"GBP",9.98,"4098","Active","4098 - SPARE PARTS","15",0,1,1,1.9,9.98,,,,,,,"C-19303010",,,,,,,,,"",,752066,,,,
66631,6,,,,777,,,"19303024","19303024","PRIMER BULB - FTDT5096","PRIMER BULB - FTDT5096",6.6,6.6,,"4098","GBP",,,,,,"GBP",11.95,"4098","Active","4098 - SPARE PARTS","15",0,2,1,13.2,23.9,,,,,,,"C-19303024",,,,,,,,,"",,,,,,
66632,6,,,,777,,,"19304001","19304001","OPC CABLE FTDT5070","OPC CABLE FTDT5070",2.33,2.33,,"4098","GBP",,,,,,"GBP",19.98,"4098","Active","4098 - SPARE PARTS","15",0,1,1,2.33,19.98,,,,,,,"C-19304001",,,,,,,,,"",,752066,,,,
66633,6,,,,777,,,"19353000","19353000","FIXING KIT FTDT5096","FIXING KIT FTDT5096",7.51,7.51,,"4098","GBP",,,,,,"GBP",29.98,"4098","Active","4098 - SPARE PARTS","15",0,1,1,7.51,29.98,,,,,,,"C-19353000",,,,,,,,,"",,752066,,,,
66634,6,,,,777,,,"19354000","19354000","FIXING KIT FTDT5070","FIXING KIT FTDT5070",7.82,7.82,,"4098","GBP",,,,,,"GBP",29.98,"4098","Active","4098 - SPARE PARTS","15",0,1,1,7.82,29.98,,,,,,,"C-19354000",,,,,,,,,"",,752066,,,,
66635,6,,,,777,,,"196-398-000","196-398-000","LAWNFLITE / CUB CADET TOW BAR","LAWNFLITE / CUB CADET TOW BAR",38.91,38.91,,"4025","GBP",,,,,,"GBP",83.33,"4025","Active","4025 - MISC","41",0,0,1,0,0,,,,,,,"C-196-398-000",,,0,,,,,,"",,752053,,,,
66636,6,,,,777,,,"19A30018100","19A30018100","CUB CADET TRIPLE BAG COLLECTOR FOR XT3QS127 & XT3QS137","CUB CADET TRIPLE BAG COLLECTOR FOR XT3QS127 & XT3QS137",398.51,398.51,,"4011","GBP",,,,,,"GBP",650,"4011","Active","4011 - RIDE ON LAWNMOWERS","40",0,0,1,0,0,,,,,,,"C-19A30018100",,,0,,,,,,"",,752053,,,,
66637,6,,,,777,,,"1E34F.11G","1E34F.11G","RECOIL STARTER -                               FITS DM26PB","RECOIL STARTER -                               FITS DM26PB",1.04,1.04,,"4098","GBP",,,,,,"GBP",16.63,"4098","Active","4098 - SPARE PARTS","20",0,50,1,52,831.5,,,,,,,"C-1E34F.11G",,,,,,,,,"",,,,,,
66638,6,,,,777,,,"1E34F.9.1","1E34F.9.1","FUEL TANK -                                           FITS DM26H / L/ C","FUEL TANK -                                           FITS DM26H / L/ C",0.32,0.32,,"4098","GBP",,,,,,"GBP",11.63,"4098","Active","4098 - SPARE PARTS","20",0,10,1,3.2,116.3,,,,,,,"C-1E34F.9.1",,,,,,,,,"",,,,,,
66639,6,,,,777,,,"1E34F.F13","1E34F.F13","CARBURETTOR -                                                FITS DM26PBV","CARBURETTOR -                                                FITS DM26PBV",2.72,2.72,,"4098","GBP",,,,,,"GBP",24.96,"4098","Active","4098 - SPARE PARTS","20",0,19,1,51.68,474.24,,,,,,,"C-1E34F.F13",,,,,,,,,"",,,,,,
66640,6,,,,777,,,"1E34FB.4.1-2","1E34FB.4.1-2","MAGNETO -                                                      FITS DM26PBV","MAGNETO -                                                      FITS DM26PBV",1.44,1.44,,"4098","GBP",,,,,,"GBP",14.13,"4098","Active","4098 - SPARE PARTS","20",0,10,1,14.4,141.3,,,,,,,"C-1E34FB.4.1-2",,,,,,,,,"",,,,,,
66641,6,,,,777,,,"20000036A","20000036A","AIR FILTER ASSY -                        FITS TG46S / TG46SE","AIR FILTER ASSY -                        FITS TG46S / TG46SE",5.5,5.5,,"4098","GBP",,,,,,"GBP",15.95,"4098","Active","4098 - SPARE PARTS","20",0,0,1,0,0,,,,,,,"C-20000036A",,,,,,,,,"",,,,,,
66642,6,,,,777,,,"20059011","20059011","EZN2200-UK HANDLE GUN","EZN2200-UK HANDLE GUN",12,12,,"4098","GBP",,,,,,"GBP",24,"4098","Active","4098 - SPARE PARTS","15",0,0,1,0,0,,,,,,,"C-20059011",,,,,,,,,"",,,,,,
66643,6,,,,777,,,"20072017","20072017","BELT                [FITS TR4870]","BELT                [FITS TR4870]",2.88,2.88,,"4098","GBP",,,,,,"GBP",21,"4098","Active","4098 - SPARE PARTS","15",0,0,1,0,0,,,,,,,"C-20072017",,,,,,,,,"",,,,,,
66644,6,,,,777,,,"20072029","20072029","BLADE 420MM X 57MM","BLADE 420MM X 57MM",15.22,15.22,,"4098","GBP",,,,,,"GBP",42.2,"4098","Active","4098 - SPARE PARTS","15",0,0,1,0,0,,,,,,,"C-20072029",,,,,,,,,"4D",,,,,,
66645,6,,,,777,,,"20072038","20072038","GRASS COLLECTOR FRAME FEIDER","GRASS COLLECTOR FRAME FEIDER",12,12,,"4098","GBP",,,,,,"GBP",24,"4098","Active","4098 - SPARE PARTS","15",0,1,1,12,24,,,,,,,"C-20072038",,,,,,,,,"",,,,,,
66646,6,,,,777,,,"20072039","20072039","GRASS COLLECTOR BAG FEIDER","GRASS COLLECTOR BAG FEIDER",13.2,13.2,,"4098","GBP",,,,,,"GBP",26.4,"4098","Active","4098 - SPARE PARTS","15",0,1,1,13.2,26.4,,,,,,,"C-20072039",,,,,,,,,"4E",,,,,,
66647,6,,,,777,,,"20072040","20072040","CHARGER   FITS FTDTR4240ES","CHARGER   FITS FTDTR4240ES",9.58,0,,"4098","GBP",,,,,,"GBP",29.95,"4098","Active","4098 - SPARE PARTS","15",0,0,1,0,0,,,,,,,"C-20072040",,,,,,,,,"",,,,,,
66648,6,,,,777,,,"20072049","20072049","BRIMBER BULB - FTDTR4240","BRIMBER BULB - FTDTR4240",1.49,1.49,,"4098","GBP",,,,,,"GBP",9.98,"4098","Active","4098 - SPARE PARTS","15",0,1,1,1.49,9.98,,,,,,,"C-20072049",,,,,,,,,"",,752066,,,,
66649,6,,,,777,,,"201026","201026","HAYTER HARRIER 41 BLADE","HAYTER HARRIER 41 BLADE",7.65,7.65,,"4098","GBP",,,,,,"GBP",25,"4098","Active","4098 - SPARE PARTS","20",0,-1,1,-7.65,-25,,,,,,,"C-201026",,,,,,,,,"",,752107,,,,
66651,6,,,,777,,,"211360043/M20","211360043/M20","MANOR COMPACT 36 V TILLER","MANOR COMPACT 36 V TILLER",166.94,166.94,,"4017","GBP",,,,,,"GBP",215.83,"4017","Active","4017 - TILLERS & CULTIVATORS","31",0,0,1,0,0,,,,,,,"C-211360043/M20",,,,,,,,,"",,,,,,
66652,6,,,,777,,,"211400248/ST1","211400248/ST1","STIGA SVP 40 G PETROL SCARIFIER","STIGA SVP 40 G PETROL SCARIFIER",312.11,312.11,,"4013","GBP",,,,,,"GBP",415.83,"4013","Active","4013 - SCARIFIERS","32",0,-1,1,-312.11,-415.83,,,,,,,"C-211400248/ST1",,,44,,,,,,"",,752173,,,,
66653,6,,,,777,,,"21252024","21252024","BLADE   FITS RAC5675ES","BLADE   FITS RAC5675ES",8.08,8.08,,"4098","GBP",,,,,,"GBP",24.33,"4098","Active","4098 - SPARE PARTS","15",0,1,1,8.08,24.33,,,,,,,"C-21252024",,,3.9,,,,,,"4D",,,,,,
66654,6,,,,777,,,"21252028","21252028","BELT   FITS RAC5675ES","BELT   FITS RAC5675ES",2.16,2.16,,"4098","GBP",,,,,,"GBP",24.76,"4098","Active","4098 - SPARE PARTS","15",0,0,1,0,0,,,,,,,"C-21252028",,,,,,,,,"",,,,,,
66655,6,,,,777,,,"21295000","21295000","HOSE FITS FNHPT240","HOSE FITS FNHPT240",41.7,41.7,,"4098","GBP",,,,,,"GBP",110,"4098","Active","4098 - SPARE PARTS","15",0,2,1,83.4,220,,,,,,,"C-21295000",,,,,,,,,"",,752066,,,,
66656,6,,,,777,,,"21313002","21313002","CHARGER FOR RAC62PR","CHARGER FOR RAC62PR",4.2,4.2,,"4098","GBP",,,,,,"GBP",29.95,"4098","Active","4098 - SPARE PARTS","15",0,1,1,4.2,29.95,,,,,,,"C-21313002",,,,,,,,,"",,752066,,,,
66657,6,,,,777,,,"21344001","21344001","COIL & LEAD","COIL & LEAD",4.09,0,,"4098","GBP",,,,,,"GBP",18.48,"4098","Active","4098 - SPARE PARTS","15",0,0,1,0,0,,,,,,,"C-21344001",,,,,,,,,"4B",,,,,,
66658,6,,,,777,,,"21344009","21344009","RECOIL","RECOIL",8.64,8.64,,"4098","GBP",,,,,,"GBP",21,"4098","Active","4098 - SPARE PARTS","15",0,0,1,0,0,,,,,,,"C-21344009",,,,,,,,,"",,,,,,
66659,6,,,,777,,,"21361000","21361000","Blade engagement lever (62PR)","Blade engagement lever (62PR)",21.6,21.6,,"4098","GBP",,,,,,"GBP",76.45,"4098","Active","4098 - SPARE PARTS","15",0,1,1,21.6,76.45,,,,,,,"C-21361000",,,,,,,,,"",,752066,,,,
66660,6,,,,777,,,"213851142/ST1","213851142/ST1","STIGA SRC 685 RG PETROL FRONT TINE TILLER","STIGA SRC 685 RG PETROL FRONT TINE TILLER",323.28,323.28,,"4017","GBP",,,,,,"GBP",499,"4017","Active","4017 - TILLERS & CULTIVATORS","32",0,0,1,0,0,,,,,,,"C-213851142/ST1",,,62.5,,,,,,"",,752173,,,,
66661,6,,,,777,,,"2157","2157","BRIGGS & STRATTON QUANTUM AIR FILTER","BRIGGS & STRATTON QUANTUM AIR FILTER",2.03,2.03,,"4098","GBP",,,,,,"GBP",9.99,"4098","Active","4098 - SPARE PARTS","20",0,9,1,18.27,89.91,,,,,,,"C-2157",,,,,,,,,"1B",,752107,,,,
66662,6,,,,777,,,"219000080/15","219000080/15","STIGA TYRE KIT FOR SRC 685 RG FRONT TINE TILLER","STIGA TYRE KIT FOR SRC 685 RG FRONT TINE TILLER",49,49,,"4025","GBP",,,,,,"GBP",99,"4025","Active","4025 - MISC","32",0,0,1,0,0,,,,,,,"C-219000080/15",,,11.4,,,,,,"",,,,,,
66663,6,,,,777,,,"219000120/18","219000120/18","STIGA HALF SIDE PLOUGH FOR SRC 685 RG FRONT TINE TILLER","STIGA HALF SIDE PLOUGH FOR SRC 685 RG FRONT TINE TILLER",25.75,25.75,,"4025","GBP",,,,,,"GBP",59.95,"4025","Active","4025 - MISC","32",0,0,1,0,0,,,,,,,"C-219000120/18",,,6.1,,,,,,"",,752173,,,,
66664,6,,,,777,,,"219000130/18","219000130/18","STIGA DOUBLE SIDE PLOUGH FOR SRC 685 RG FRONT TINE TILLER","STIGA DOUBLE SIDE PLOUGH FOR SRC 685 RG FRONT TINE TILLER",25.72,25.72,,"4025","GBP",,,,,,"GBP",49,"4025","Active","4025 - MISC","32",0,0,1,0,0,,,,,,,"C-219000130/18",,,6.1,,,,,,"",,,,,,
66665,6,,,,777,,,"219000140/18","219000140/18","STIGA IRON WHEELS KIT FOR SRC 685 RG FRONT TINE TILLER","STIGA IRON WHEELS KIT FOR SRC 685 RG FRONT TINE TILLER",51.97,51.97,,"4025","GBP",,,,,,"GBP",99,"4025","Active","4025 - MISC","32",0,0,1,0,0,,,,,,,"C-219000140/18",,,10.1,,,,,,"",,752173,,,,
66666,6,,,,777,,,"22220001","22220001","GRASS BAG FEIDER","GRASS BAG FEIDER",55.23,55.23,,"4098","GBP",,,,,,"GBP",110.46,"4098","Active","4098 - SPARE PARTS","15",0,1,1,55.23,110.46,,,,,,,"C-22220001",,,,,,,,,"SHELF 5 FLOOR",,,,,,
66667,6,,,,777,,,"22220010","22220010","STEERING EYELETS    FITS RACT90EA","STEERING EYELETS    FITS RACT90EA",0.8,0.8,,"4098","GBP",,,,,,"GBP",2.5,"4098","Active","4098 - SPARE PARTS","15",0,0,1,0,0,,,,,,,"C-22220010",,,,,,,,,"",,,,,,
66668,6,,,,777,,,"22220011","22220011","TRACK ROD   FITS RACT90EA","TRACK ROD   FITS RACT90EA",1.01,0,,"4098","GBP",,,,,,"GBP",14.99,"4098","Active","4098 - SPARE PARTS","15",0,0,1,0,0,,,,,,,"C-22220011",,,,,,,,,"",,,,,,
66669,6,,,,777,,,"22220025","22220025","BATTERY FITS RACT90EA","BATTERY FITS RACT90EA",15,15,,"4098","GBP",,,,,,"GBP",69.98,"4098","Active","4098 - SPARE PARTS","15",0,1,1,15,69.98,,,,,,,"C-22220025",,,,,,,,,"",,752066,,,,
66670,6,,,,777,,,"22220037","22220037","STEERING COLUMN RACT90EA","STEERING COLUMN RACT90EA",28.32,28.32,,"4098","GBP",,,,,,"GBP",56.64,"4098","Active","4098 - SPARE PARTS","15",0,1,1,28.32,56.64,,,,,,,"C-22220037",,,,,,,,,"4 FLOOR",,,,,,
66671,6,,,,777,,,"22220040","22220040","STEERING WHEEL      FITS RACT90EA","STEERING WHEEL      FITS RACT90EA",25.34,25.34,,"4098","GBP",,,,,,"GBP",21,"4098","Active","4098 - SPARE PARTS","15",0,1,1,25.34,21,,,,,,,"C-22220040",,,,,,,,,"4 FLOOR",,,,,,
66672,6,,,,777,,,"22220045","22220045","RACK AND PINION   FITS RACT90EA","RACK AND PINION   FITS RACT90EA",1.01,0,,"4098","GBP",,,,,,"GBP",24.99,"4098","Active","4098 - SPARE PARTS","15",0,0,1,0,0,,,,,,,"C-22220045",,,,,,,,,"",,,,,,
66673,6,,,,777,,,"22220046","22220046","RACT90EA DRIVE BELT","RACT90EA DRIVE BELT",12.48,12.48,,"4098","GBP",,,,,,"GBP",21,"4098","Active","4098 - SPARE PARTS","15",0,0,1,0,0,,,,,,,"C-22220046",,,,,,,,,"",,,,,,
66674,6,,,,777,,,"2222CB","2222CB","CUTTING BELT  FITS RACT90EA","CUTTING BELT  FITS RACT90EA",1.01,1.01,,"4098","GBP",,,,,,"GBP",35,"4098","Active","4098 - SPARE PARTS","15",0,0,1,0,0,,,,,,,"C-2222CB",,,,,,,,,"4E",,,,,,
66675,6,,,,777,,,"22262005","22262005","Seat 500mm Height 390mm Width 450mm FEIDER","Seat 500mm Height 390mm Width 450mm FEIDER",94.02,94.02,,"4098","GBP",,,,,,"GBP",188.04,"4098","Active","4098 - SPARE PARTS","15",0,1,1,94.02,188.04,,,,,,,"C-22262005",,,,,,,,,"SHELF 4 FLOOR",,,,,,
66676,6,,,,777,,,"22262032","22262032","On/off contactor 120mm FEIDER","On/off contactor 120mm FEIDER",7.14,7.14,,"4098","GBP",,,,,,"GBP",21.41,"4098","Active","4098 - SPARE PARTS","15",0,0,1,0,0,,,,,,,"C-22262032",,,,,,,,,"",,752066,,,,
66677,6,,,,777,,,"22262035","22262035","DASHBOARD FEIDER","DASHBOARD FEIDER",32.16,0,,"4098","GBP",,,,,,"GBP",80.4,"4098","Active","4098 - SPARE PARTS","15",0,0,1,0,0,,,,,,,"C-22262035",,,,,,,,,"",,,,,,
66678,6,,,,777,,,"22262053","22262053","FEIDER propulsion controller","FEIDER propulsion controller",151,0,,"4098","GBP",,,,,,"GBP",300,"4098","Active","4098 - SPARE PARTS","15",0,0,1,0,0,,,,,,,"C-22262053",,,,,,,,,"",,,,,,
66679,6,,,,777,,,"22287005","22287005","FTDT5096-AC SIDE CHUTE","FTDT5096-AC SIDE CHUTE",4.33,4.33,,"4098","GBP",,,,,,"GBP",17.35,"4098","Active","4098 - SPARE PARTS","15",0,1,1,4.33,17.35,,,,,,,"C-22287005",,,,,,,,,"",,,,,,
66680,6,,,,777,,,"22287027","22287027","FRONT WHEEL FST212","FRONT WHEEL FST212",3.43,3.43,,"4098","GBP",,,,,,"GBP",14.98,"4098","Active","4098 - SPARE PARTS","15",0,1,1,3.43,14.98,,,,,,,"C-22287027",,,,,,,,,"",,752066,,,,
66681,6,,,,777,,,"22290061","22290061","BLADE    FITS FTDT5096ES","BLADE    FITS FTDT5096ES",3.89,3.89,,"4098","GBP",,,,,,"GBP",39.95,"4098","Active","4098 - SPARE PARTS","15",0,0,1,0,0,,,,,,,"C-22290061",,,,,,,,,"",,,,,,
66682,6,,,,777,,,"22301015","22301015","REAR WHEEL    FITS FTDTD5096ES","REAR WHEEL    FITS FTDTD5096ES",5.6,5.6,,"4098","GBP",,,,,,"GBP",27.83,"4098","Active","4098 - SPARE PARTS","15",0,0,1,0,0,,,,,,,"C-22301015",,,,,,,,,"",,,,,,
66683,6,,,,777,,,"23041457","23041457","BLADE BOSS","BLADE BOSS",8.4,0,,"4098","GBP",,,,,,"GBP",16,"4098","Active","4098 - SPARE PARTS","15",0,0,1,0,0,,,,,,,"C-23041457",,,,,,,,,"",,,,,,
66684,6,,,,777,,,"23041460","23041460","BELT","BELT",9.17,9.17,,"4098","GBP",,,,,,"GBP",21,"4098","Active","4098 - SPARE PARTS","15",0,0,1,0,0,,,,,,,"C-23041460",,,,,,,,,"",,,,,,
66685,6,,,,777,,,"23073002","23073002","BACK PANEL FEIDER","BACK PANEL FEIDER",3.11,3.11,,"4098","GBP",,,,,,"GBP",34.99,"4098","Active","4098 - SPARE PARTS","15",0,1,1,3.11,34.99,,,,,,,"C-23073002",,,,,,,,,"SHELF 5 FLOOR",,,,,,
66686,6,,,,777,,,"2320","2320","AIR FILTER -              FITS HONDA GXV160K ENGINE","AIR FILTER -              FITS HONDA GXV160K ENGINE",4.5,4.5,,"4098","GBP",,,,,,"GBP",19.97,"4098","Active","4098 - SPARE PARTS","20",0,0,1,0,0,,,,,,,"C-2320",,,,,,,,,"B1S3",,752107,,,,
66687,6,,,,777,,,"2376","2376","ZAMA PRIMER BULB (ID 16MM, OD 18MM, H 19MM, LIP 22MM)","ZAMA PRIMER BULB (ID 16MM, OD 18MM, H 19MM, LIP 22MM)",0.53,0.53,,"4098","GBP",,,,,,"GBP",4.99,"4098","Active","4098 - SPARE PARTS","20",0,4,1,2.12,19.96,,,,,,,"C-2376",,,,,,,,,"",,,,,,
66688,6,,,,777,,,"2389","2389","MAKITA FUEL FILTER","MAKITA FUEL FILTER",1.92,1.92,,"4098","GBP",,,,,,"GBP",5.99,"4098","Active","4098 - SPARE PARTS","20",0,8,1,15.36,47.92,,,,,,,"C-2389",,,,,,,,,"1B",,752107,,,,
66689,6,,,,777,,,"24016017","24016017","WHEEL -                                FMT560","WHEEL -                                FMT560",24.95,24.95,,"4098","GBP",,,,,,"GBP",49.9,"4098","Active","4098 - SPARE PARTS","15",0,0,1,0,0,,,,,,,"C-24016017",,,,,,,,,"",,752066,,,,
66690,6,,,,777,,,"2402710128/ST2","2402710128/ST2","STIGA PR 730 C TOP-HANDLE PETROL ARBORISTS CHAINSAW","STIGA PR 730 C TOP-HANDLE PETROL ARBORISTS CHAINSAW",127.86,0,,"4016","GBP",,,,,,"GBP",199,"4016","Active","4016 - CHAINSAW","32",0,-2,1,-255.72,-398,,,,,,,"C-2402710128/ST2",,,,,,,,,"",,752173,,,,
66691,6,,,,777,,,"240381402/ST1","240381402/ST1","STIGA CS 540 PETROL CHAINSAW 35CM GUIDE BAR","STIGA CS 540 PETROL CHAINSAW 35CM GUIDE BAR",93.98,93.98,,"4012","GBP",,,,,,"GBP",158.83,"4012","Active","4012 - HANDHELD PRODCUTS","32",0,0,1,0,0,,,,,,,"C-240381402/ST1",,,5.5,,,,,,"",,752173,,,,
66692,6,,,,777,,,"240421602/ST1","240421602/ST1","STIGA CS-545 CHAINSAW","STIGA CS-545 CHAINSAW",111.11,0,,"4016","GBP",,,,,,"GBP",179,"4016","Active","4016 - CHAINSAW","32",0,-1,1,-111.11,-179,,,,,,,"C-240421602/ST1",,,7.6,,,,,,"",,,,,,
66693,6,,,,777,,,"2523","2523","RYOBIi PCN4040, PCN4545 CARBURETTOR DIAPHRAGM & GASKET SET","RYOBIi PCN4040, PCN4545 CARBURETTOR DIAPHRAGM & GASKET SET",4.42,4.42,,"4098","GBP",,,,,,"GBP",8.84,"4098","Active","4098 - SPARE PARTS","20",0,0,1,0,0,,,,,,,"C-2523",,,,,,,,,"",,752107,,,,
66694,6,,,,777,,,"252421008/ST2","252421008/ST2","STIGA HT 525 PETROL HEDGE TRIMMER","STIGA HT 525 PETROL HEDGE TRIMMER",119.23,0,,"4012","GBP",,,,,,"GBP",169,"4012","Active","4012 - HANDHELD PRODCUTS","32",0,0,1,0,0,,,,,,,"C-252421008/ST2",,,5.7,,,,,,"",,,,,,
66695,6,,,,777,,,"252422008/ST2","252422008/ST2","STIGA SHT 670 PROFESSIONAL HEDGETRIMMER (60CM BLADES)","STIGA SHT 670 PROFESSIONAL HEDGETRIMMER (60CM BLADES)",151.13,151.13,,"4012","GBP",,,,,,"GBP",224.16,"4012","Active","4012 - HANDHELD PRODCUTS","32",0,0,1,0,0,,,,,,,"C-252422008/ST2",,,5.7,,,,,,"",,752173,,,,
66696,6,,,,777,,,"255127092/ST","255127092/ST","STIGA BL 530 PETROL BLOWER STIGA","STIGA BL 530 PETROL BLOWER STIGA",0,0,,"4012","GBP",,,,,,"GBP",199,"4012","Active","4012 - HANDHELD PRODCUTS","32",0,0,1,0,0,,,,,,,"C-255127092/ST",,,,,,,,,"",,,,,,
66697,6,,,,777,,,"255175102/ST1","255175102/ST1","STIGA BL 980R BACKPACK BLOWER","STIGA BL 980R BACKPACK BLOWER",256.28,0,,"4018","GBP",,,,,,"GBP",399,"4018","Active","4018 - VACCUMS & SWEEPERS","32",0,0,1,0,0,,,,,,,"C-255175102/ST1",,,12.4,,,,,,"",,752173,,,,
66698,6,,,,777,,,"2571","2571","BATTERY 12V FITS - 827M","BATTERY 12V FITS - 827M",25.11,25.11,,"4098","GBP",,,,,,"GBP",69.99,"4098","Active","4098 - SPARE PARTS","20",0,3,1,75.33,209.97,,,,,,,"C-2571",,,,,,,,,"",,752107,,,,
66699,6,,,,777,,,"2691696","2691696","SIMPLICITY SZT350 ZERO TURN TRACTOR","SIMPLICITY SZT350 ZERO TURN TRACTOR",4935,4800.35,,"4011","GBP",,,,,,"GBP",6582.5,"4011","Active","4011 - RIDE ON LAWNMOWERS","58",0,1,1,4935,6582.5,,,,,,,"C-2691696",,,329,,,,,,"",,752098,,,,
66700,6,,,,777,,,"271302218/UKS","271302218/UKS","STIGA HT100e KIT 20v CORDLESS HEDGETRIMMER (INC B&C)","STIGA HT100e KIT 20v CORDLESS HEDGETRIMMER (INC B&C)",55.28,0,,"4012","GBP",,,,,,"GBP",99,"4012","Active","4012 - HANDHELD PRODCUTS","32",0,0,1,0,0,,,,,,,"C-271302218/UKS",,,2.2,,,,,,"",,752173,,,,
66701,6,,,,777,,,"271504203/MUK","271504203/MUK","MOUNTFIELD MAB 20 LI CORDLESS BLOWER (B&C INC)","MOUNTFIELD MAB 20 LI CORDLESS BLOWER (B&C INC)",55.28,0,,"4012","GBP",,,,,,"GBP",82.5,"4012","Active","4012 - HANDHELD PRODCUTS","31",0,-1,1,-55.28,-82.5,,,,,,,"C-271504203/MUK",,,0,,,,,,"",,752173,,,,
66702,6,,,,777,,,"271504218/UKS","271504218/UKS","STIGA BL100e KIT 20V CORDLESS LEAF BLOWER (INC BATTERY & CHARGER)","STIGA BL100e KIT 20V CORDLESS LEAF BLOWER (INC BATTERY & CHARGER)",62.48,62.48,,"4012","GBP",,,,,,"GBP",99,"4012","Active","4012 - HANDHELD PRODCUTS","32",0,0,1,0,0,,,,,,,"C-271504218/UKS",,,2.1,,,,,,"",,752173,,,,
66703,6,,,,777,,,"271504298/UKS","271504298/UKS","STIGA VS 100E KIT 20v CORDLESS BLOWER-VAC (INC. 2 x BATTERIES & CHARGER)","STIGA VS 100E KIT 20v CORDLESS BLOWER-VAC (INC. 2 x BATTERIES & CHARGER)",122.28,122.28,,"4012","GBP",,,,,,"GBP",182.5,"4012","Active","4012 - HANDHELD PRODCUTS","32",0,0,1,0,0,,,,,,,"C-271504298/UKS",,,3.6,,,,,,"",,,,,,
66704,6,,,,777,,,"271724218/UKS","271724218/UKS","STIGA MT 100e KIT 20V CORDLESS MULTI-TOOL","STIGA MT 100e KIT 20V CORDLESS MULTI-TOOL",120.22,120.22,,"4012","GBP",,,,,,"GBP",229,"4012","Active","4012 - HANDHELD PRODCUTS","32",0,0,1,0,0,,,,,,,"C-271724218/UKS",,,4.7,,,,,,"",,752173,,,,
66705,6,,,,777,,,"271936","271936","DIAPHRAGM & GASKET SET","DIAPHRAGM & GASKET SET",8.53,0,,"4098","GBP",,,,,,"GBP",14.21,"4098","Active","4098 - SPARE PARTS","1",0,0,1,0,0,,,,,,,"C-271936",,,,,,,,,"",,,,,,
66706,6,,,,777,,,"272403S","272403S","BRIGGS & STRATTON 12HP-15HP PRE FILTER","BRIGGS & STRATTON 12HP-15HP PRE FILTER",2.68,2.68,,"4098","GBP",,,,,,"GBP",7.86,"4098","Active","4098 - SPARE PARTS","20",0,0,1,0,0,,,,,,,"C-272403S",,,,,,,,,"",,752107,,,,
66707,6,,,,777,,,"273302501/ST1","273302501/ST1","STIGA HT 300E KIT CORDLESS HEDGE TRIMMER (B&C INC)","STIGA HT 300E KIT CORDLESS HEDGE TRIMMER (B&C INC)",108.88,0,,"4012","GBP",,,,,,"GBP",162.5,"4012","Active","4012 - HANDHELD PRODCUTS","32",0,0,1,0,0,,,,,,,"C-273302501/ST1",,,,,,,,,"",,752173,,,,
66708,6,,,,777,,,"277210008/ST1","277210008/ST1","STIGA SBC 700 D AE 40v CORDLESS BRUSHCUTTER COWHORN HANDLE [TOOL ONLY]","STIGA SBC 700 D AE 40v CORDLESS BRUSHCUTTER COWHORN HANDLE [TOOL ONLY]",151.72,151.72,,"4012","GBP",,,,,,"GBP",204.17,"4012","Active","4012 - HANDHELD PRODCUTS","33",0,0,1,0,0,,,,,,,"C-277210008/ST1",,,6,,,,,,"",,,,,,
66709,6,,,,777,,,"277710038/ST2","277710038/ST2","STIGA PH 700e 48v CORDLESS LONG-REACH HEDGETRIMMER [TOOL ONLY]","STIGA PH 700e 48v CORDLESS LONG-REACH HEDGETRIMMER [TOOL ONLY]",133.45,142.01,,"4012","GBP",,,,,,"GBP",165.83,"4012","Active","4012 - HANDHELD PRODCUTS","32",0,0,1,0,0,,,,,,,"C-277710038/ST2",,,5,,,,,,"",,,,,,
66710,6,,,,777,,,"278200003/M21","278200003/M21","MOUNTFIELD MBC 50 Li 48v CORDLESS BRUSHCUTTER (Tool Only)","MOUNTFIELD MBC 50 Li 48v CORDLESS BRUSHCUTTER (Tool Only)",60.86,0,,"4012","GBP",,,,,,"GBP",189,"4012","Active","4012 - HANDHELD PRODCUTS","31",0,0,1,0,0,,,,,,,"C-278200003/M21",,,4.7,,,,,,"",,752173,,,,
66711,6,,,,777,,,"278300003/M21","278300003/M21","MOUNTFIELD MHT 50 Li 48v CORDLESS HEDGETRIMMER (Tool Only)","MOUNTFIELD MHT 50 Li 48v CORDLESS HEDGETRIMMER (Tool Only)",60.86,0,,"4012","GBP",,,,,,"GBP",129,"4012","Active","4012 - HANDHELD PRODCUTS","31",0,0,1,0,0,,,,,,,"C-278300003/M21",,,3.7,,,,,,"",,752173,,,,
66712,6,,,,777,,,"2784","2784","UNIVERSAL SPARK PLUG CAP AND WIRE","UNIVERSAL SPARK PLUG CAP AND WIRE",1.64,1.64,,"4098","GBP",,,,,,"GBP",6.98,"4098","Active","4098 - SPARE PARTS","20",0,6,1,9.84,41.88,,,,,,,"C-2784",,,,,,,,,"",,752107,,,,
66713,6,,,,777,,,"278500008/ST3","278500008/ST3","STIGA BL 500e 40v CORDLESS LEAF BLOWER (TOOL ONLY)","STIGA BL 500e 40v CORDLESS LEAF BLOWER (TOOL ONLY)",92.97,0,,"4012","GBP",,,,,,"GBP",119,"4012","Active","4012 - HANDHELD PRODCUTS","32",0,0,1,0,0,,,,,,,"C-278500008/ST3",,,2.6,,,,,,"",,,,,,
66714,6,,,,777,,,"278502208/UKS","278502208/UKS","STIGA BL500e KIT 48v CORDLESS LEAF BLOWER (INC B&C)","STIGA BL500e KIT 48v CORDLESS LEAF BLOWER (INC B&C)",122.28,0,,"4012","GBP",,,,,,"GBP",199,"4012","Active","4012 - HANDHELD PRODCUTS","32",0,-1,1,-122.28,-199,,,,,,,"C-278502208/UKS",,,2.6,,,,,,"",,,,,,
66715,6,,,,777,,,"281221003/21","281221003/21","MOUNTFIELD BC 425 HD BRUSHCUTTER (HONDA ENGINE)","MOUNTFIELD BC 425 HD BRUSHCUTTER (HONDA ENGINE)",225.23,225.23,,"4012","GBP",,,,,,"GBP",357.5,"4012","Active","4012 - HANDHELD PRODCUTS","31",0,0,1,0,0,,,,,,,"C-281221003/21",,,6.6,,,,,,"",,752173,,,,
66716,6,,,,777,,,"28132100/21","28132100/21","MOUNTFIELD  BC 435 HD BRUSHCUTTER","MOUNTFIELD  BC 435 HD BRUSHCUTTER",293.47,293.47,,"4012","GBP",,,,,,"GBP",559,"4012","Active","4012 - HANDHELD PRODCUTS","31",0,0,1,0,0,,,,,,,"C-28132100/21",,,,,,,,,"",,752173,,,,
66717,6,,,,777,,,"281521003/21","281521003/21","MOUNTFIELD BC 450 HD PETROL BRUSHCUTTER (HONDA ENGINE)","MOUNTFIELD BC 450 HD PETROL BRUSHCUTTER (HONDA ENGINE)",314.48,314.48,,"4012","GBP",,,,,,"GBP",432.5,"4012","Active","4012 - HANDHELD PRODCUTS","31",0,0,1,0,0,,,,,,,"C-281521003/21",,,8.2,,,,,,"",,,,,,
66718,6,,,,777,,,"287120153/M16","287120153/M16","MOUNTFIELD MM2605 - 5 IN 1 MULTI-TOOL","MOUNTFIELD MM2605 - 5 IN 1 MULTI-TOOL",188.48,188.48,,"4012","GBP",,,,,,"GBP",249.17,"4012","Active","4012 - HANDHELD PRODCUTS","32",0,0,1,0,0,,,,,,,"C-287120153/M16",,,0,,,,,,"",,752173,,,,
66719,6,,,,777,,,"287121102/ST2","287121102/ST2","STIGA BC 330 AB PETROL BRUSHCUTTER","STIGA BC 330 AB PETROL BRUSHCUTTER",99.94,0,,"4012","GBP",,,,,,"GBP",132.5,"4012","Active","4012 - HANDHELD PRODCUTS","32",0,0,1,0,0,,,,,,,"C-287121102/ST2",,,7.6,,,,,,"",,,,,,
66720,6,,,,777,,,"287220002/ST1","287220002/ST1","STIGA BC 535 PETROL LOOP HANDLE BRUSHCUTTER","STIGA BC 535 PETROL LOOP HANDLE BRUSHCUTTER",108.88,0,,"4012","GBP",,,,,,"GBP",169,"4012","Active","4012 - HANDHELD PRODCUTS","32",0,0,1,0,0,,,,,,,"C-287220002/ST1",,,8,,,,,,"",,,,,,
66721,6,,,,777,,,"2886","2886","STIHL TS400 SERVICE KIT (Filters, Belt, Decomp, Handle, Shroud Cap, Plug)","STIHL TS400 SERVICE KIT (Filters, Belt, Decomp, Handle, Shroud Cap, Plug)",28.68,28.68,,"4098","GBP",,,,,,"GBP",75,"4098","Active","4098 - SPARE PARTS","20",0,1,1,28.68,75,,,,,,,"C-2886",,,,,,,,,"",,,,,,
66722,6,,,,777,,,"290001252/14","290001252/14","STIGA BIO SILENT SH2500 ELECTRIC SHREDDER","STIGA BIO SILENT SH2500 ELECTRIC SHREDDER",181.36,0,,"4015","GBP",,,,,,"GBP",207.5,"4015","Active","4015 - CHIPPERS & SHREDDERS","33",0,0,1,0,0,,,,,,,"C-290001252/14",,,,,,,,,"",,,,,,
66723,6,,,,777,,,"290002152/14","290002152/14","STIGA SV 415 E 1500w/38CM 2-in-1 ELECTRIC SCARIFIER/AERATOR","STIGA SV 415 E 1500w/38CM 2-in-1 ELECTRIC SCARIFIER/AERATOR",122.28,122.28,,"4025","GBP",,,,,,"GBP",189,"4025","Active","4025 - MISC","32",0,0,1,0,0,,,,,,,"C-290002152/14",,,14.5,,,,,,"",,752173,,,,
66724,6,,,,777,,,"290401208/S15","290401208/S15","STIGA SCM 240 R PUSH CYLINDER MOWER","STIGA SCM 240 R PUSH CYLINDER MOWER",64.77,0,,"4010","GBP",,,,,,"GBP",74.17,"4010","Active","4010 - WALK BEHIND LAWNMOWERS","32",0,0,1,0,0,,,,,,,"C-290401208/S15",,,10.5,,,,,,"",,,,,,
66725,6,,,,777,,,"290602020","290602020","STIGA COLLECTION  BOX FOR SWS600G SWEEPER","STIGA COLLECTION  BOX FOR SWS600G SWEEPER",43.2,0,,"4025","GBP",,,,,,"GBP",89,"4025","Active","4025 - MISC","1",0,0,1,0,0,,,,,,,"C-290602020",,,,,,,,,"",,752173,,,,
66726,6,,,,777,,,"291302063/M21","291302063/M21","MOUNTFIELD ELECTRESS 30li CORDLESS MOWER WITH B&C","MOUNTFIELD ELECTRESS 30li CORDLESS MOWER WITH B&C",99.94,0,,"4010","GBP",,,,,,"GBP",159,"4010","Active","4010 - WALK BEHIND LAWNMOWERS","31",0,0,1,0,0,,,,,,,"C-291302063/M21",,,8.7,,,,,,"",,752173,,,,
66727,6,,,,777,,,"291302168/UKS","291302168/UKS","STIGA COLLECTOR 132E","STIGA COLLECTOR 132E",99.94,99.94,,"4010","GBP",,,,,,"GBP",159,"4010","Active","4010 - WALK BEHIND LAWNMOWERS","32",0,0,1,0,0,,,,,,,"C-291302168/UKS",,,8.8,,,,,,"",,,,,,
66728,6,,,"2026-05-16T12:21:48.000Z",24305274,,,"291342063/M26","291342063/M26","MOUNTFIELD ELECTRESS 34LI 20V HAND PROPELLED CORDLESS MOWER (INC B&C)","MOUNTFIELD ELECTRESS 34LI 20V HAND PROPELLED CORDLESS MOWER (INC B&C)",147.96,147.96,,"4010","GBP",,,,,,"GBP",229,"4010","Active","4010 - WALK BEHIND LAWNMOWERS","31",0,-1,1,-147.96,-229,,,,,,,"C-291342063/M21",,,11.6,,,,,,"",,752173,,,,
66729,6,,,,777,,,"291342168/UKS","291342168/UKS","STIGA COLLECTOR 136e","STIGA COLLECTOR 136e",122.27,0,,"4010","GBP",,,,,,"GBP",199,"4010","Active","4010 - WALK BEHIND LAWNMOWERS","32",0,0,1,0,0,,,,,,,"C-291342168/UKS",,,11.75,,,,,,"",,,,,,
66730,6,,,,777,,,"291380063/M22","291380063/M22","MOUNTFIELD ELECTRESS 38 LAWNMOWER","MOUNTFIELD ELECTRESS 38 LAWNMOWER",88.78,88.78,,"4010","GBP",,,,,,"GBP",132.5,"4010","Active","4010 - WALK BEHIND LAWNMOWERS","30",0,0,1,0,0,,,,,,,"C-291380063/M22",,,,,,,,,"",,752173,,,,
66731,6,,,,777,,,"291501048/ST2","291501048/ST2","STIGA MULTICLIP 550 HAND PROPELLED PETROL MULCHING MOWER","STIGA MULTICLIP 550 HAND PROPELLED PETROL MULCHING MOWER",196.1,0,,"4010","GBP",,,,,,"GBP",410.95,"4010","Active","4010 - WALK BEHIND LAWNMOWERS","32",0,0,1,0,0,,,,,,,"C-291501048/ST2",,,28,,,,,,"",,,,,,
66732,6,,,,777,,,"2936","2936","INNER TUBE - 15X6.00-6","INNER TUBE - 15X6.00-6",9.65,9.65,,"4098","GBP",,,,,,"GBP",19.3,"4098","Active","4098 - SPARE PARTS","20",0,0,1,0,0,,,,,,,"C-2936",,,,,,,,,"",,752107,,,,
66733,6,,,"2025-12-15T11:45:27.000Z",24305274,,,"294340063/M21","294340063/M21","MOUNTFIELD PRINCESS 34 ELECTRIC 4-WHEEL ROLLER LAWN-MOWER","MOUNTFIELD PRINCESS 34 ELECTRIC 4-WHEEL ROLLER LAWN-MOWER",105.53,107.21,,"4010","GBP",,,,,,"GBP",162.5,"4010","Active","4010 - WALK BEHIND LAWNMOWERS","31",0,-2,1,-211.06,-325,,,,,,,"C-294340063/M21",,,,,,,,,"",,752173,,,,
66734,6,,,,777,,,"294346063/M21","294346063/M21","MOUNTFIELD PRINCESS 34 Li 48V CORDLESS 4-WHEEL REAR-ROLLER LAWNMOWER","MOUNTFIELD PRINCESS 34 Li 48V CORDLESS 4-WHEEL REAR-ROLLER LAWNMOWER",161.36,0,,"4010","GBP",,,,,,"GBP",299,"4010","Active","4010 - WALK BEHIND LAWNMOWERS","31",0,0,1,0,0,,,,,,,"C-294346063/M21",,,,,,,,,"",,,,,,
66735,6,,,,777,,,"294346068/UKS","294346068/UKS","STIGA COMBI 336e KIT 48v3-in-1 HAND PROPELLED CORDLESS MOWER (INC B&C)","STIGA COMBI 336e KIT 48v3-in-1 HAND PROPELLED CORDLESS MOWER (INC B&C)",161.36,0,,"4010","GBP",,,,,,"GBP",259,"4010","Active","4010 - WALK BEHIND LAWNMOWERS","32",0,-1,1,-161.36,-259,,,,,,,"C-294346068/UKS",,,12,,,,,,"",,752173,,,,
66736,6,,,,777,,,"294380063/M21","294380063/M21","MOUNTFIELD PRINCESS 38 CORDED LAWNMOWER","MOUNTFIELD PRINCESS 38 CORDED LAWNMOWER",127.86,127.86,,"4010","GBP",,,,,,"GBP",159.2,"4010","Active","4010 - WALK BEHIND LAWNMOWERS","31",0,-3,1,-383.58,-477.6,,,,,,,"C-294380063/M21",,,,,,,,,"",,752173,,,,
66737,6,,,,777,,,"294386063/M21","294386063/M21","MOUNTFIELD PRINCESS 38 LI LAWNMOWER (B&C INC)","MOUNTFIELD PRINCESS 38 LI LAWNMOWER (B&C INC)",206.03,0,,"4010","GBP",,,,,,"GBP",274.17,"4010","Active","4010 - WALK BEHIND LAWNMOWERS","31",0,0,1,0,0,,,,,,,"C-294386063/M21",,,,,,,,,"",,752173,,,,
66738,6,,,,777,,,"294386068/UKS","294386068/UKS","STIGA COMBI 340e KIT 48v 3-IN-1 HP MOWER WITH B&C","STIGA COMBI 340e KIT 48v 3-IN-1 HP MOWER WITH B&C",200.44,0,,"4010","GBP",,,,,,"GBP",319,"4010","Active","4010 - WALK BEHIND LAWNMOWERS","32",0,0,1,0,0,,,,,,,"C-294386068/UKS",,,14,,,,,,"",,752173,,,,
66739,6,,,,777,,,"294513998/UKS","294513998/UKS","STIGA TWINCLIP 950e V KIT 40V (INC BATTERY & CHARGER)","STIGA TWINCLIP 950e V KIT 40V (INC BATTERY & CHARGER)",742.02,742.02,,"4010","GBP",,,,,,"GBP",915.83,"4010","Active","4010 - WALK BEHIND LAWNMOWERS","32",0,0,1,0,0,,,,,,,"C-294513998/UKS",,,42,,,,,,"",,752173,,,,
66740,6,,,,777,,,"294519037-GROUNDFEST","294519037-GROUNDFEST","ATCO LINER 19SH V LAWNMOWER - GROUNDFEST","ATCO LINER 19SH V LAWNMOWER - GROUNDFEST",393.75,393.75,,"4010","GBP",,,,,,"GBP",787.5,"4010","Active","4010 - WALK BEHIND LAWNMOWERS","30",0,0,1,0,0,,,,,,,"C-294519037-GROUNDFEST",,,,,,,,,"",,752173,,,,
66741,6,,,,777,,,"294519037/AT1","294519037/AT1","ATCO LINER 19SH V VARIABLE-SPEED PETROL REAR-ROLLER LAWNMOWER (HONDA ENGINE)","ATCO LINER 19SH V VARIABLE-SPEED PETROL REAR-ROLLER LAWNMOWER (HONDA ENGINE)",527.63,527.63,,"4010","GBP",,,,,,"GBP",682.5,"4010","Active","4010 - WALK BEHIND LAWNMOWERS","30",0,0,1,0,0,,,,,,,"C-294519037/AT1",,,45,,,,,,"",,752173,,,,
66742,6,,,,777,,,"294519043/M22","294519043/M22","MOUNTFIELD SP505R V VARIABLE SPEED PETROL REAR-ROLLER LAWNMOWER","MOUNTFIELD SP505R V VARIABLE SPEED PETROL REAR-ROLLER LAWNMOWER",527.63,527.63,,"4010","GBP",,,,,,"GBP",682.5,"4010","Active","4010 - WALK BEHIND LAWNMOWERS","31",0,4,1,2110.52,2730,,,,,,,"C-294519043/M22",,,,,,,,,"",,,,,,
66743,6,,,,777,,,"294519048/ST1","294519048/ST1","MOUNTFIELD PRINCESS 38 LI CORDLESS LAWNMOWER","MOUNTFIELD PRINCESS 38 LI CORDLESS LAWNMOWER",206.03,206.03,,"4010","GBP",,,,,,"GBP",307.5,"4010","Active","4010 - WALK BEHIND LAWNMOWERS","31",0,-1,1,-206.03,-307.5,,,,,,,"C-294519048/ST1",,,44,,,,,,"",,752173,,,,
66744,6,,,,777,,,"294519198/ST1","294519198/ST1","STIGA TWINCLIP 950e VR KIT 48v VARIABLE SPEED CORDLESS REAR ROLLER MOWER","STIGA TWINCLIP 950e VR KIT 48v VARIABLE SPEED CORDLESS REAR ROLLER MOWER",769.94,769.94,,"4010","GBP",,,,,,"GBP",1199,"4010","Active","4010 - WALK BEHIND LAWNMOWERS","32",0,0,1,0,0,,,,,,,"C-294519198/ST1",,,41,,,,,,"",,752173,,,,
66745,6,,,,777,,,"294556043/M22","294556043/M22","MOUNTFIELD HW531-PD SELF-PROPELLED PETROL LAWNMOWER","MOUNTFIELD HW531-PD SELF-PROPELLED PETROL LAWNMOWER",300.94,300.94,,"4010","GBP",,,,,,"GBP",390.83,"4010","Active","4010 - WALK BEHIND LAWNMOWERS","31",0,-3,1,-902.82,-1172.49,,,,,,,"C-294556043/M22",,,,,,,,,"",,752173,,,,
66746,6,,,,777,,,"294557848/ST2","294557848/ST2","STIGA COMBI 955 V 4-in-1 VARIABLE SPEED MOWER","STIGA COMBI 955 V 4-in-1 VARIABLE SPEED MOWER",382.46,0,,"4010","GBP",,,,,,"GBP",589,"4010","Active","4010 - WALK BEHIND LAWNMOWERS","32",0,0,1,0,0,,,,,,,"C-294557848/ST2",,,38,,,,,,"",,752173,,,,
66747,6,,,"2026-05-16T12:34:40.000Z",24305274,,,"294563033/M22","294563033/M22","MOUNTFIELD SP555V LAWNMOWER","MOUNTFIELD SP555V LAWNMOWER",407.03,407.03,,"4010","GBP",,,,,,"GBP",607.5,"4010","Active","4010 - WALK BEHIND LAWNMOWERS","31",0,-3,1,-1221.09,-1822.5,,,,,,,"C-294563033",,,,,,,,,"",,752173,,,,
66748,6,,,,777,,,"294569037-GROUNDFEST","294569037-GROUNDFEST","ATCO LINER 22SH V LAWNMOWER - GROUNDFEST","ATCO LINER 22SH V LAWNMOWER - GROUNDFEST",452.08,452.08,,"4010","GBP",,,,,,"GBP",904.17,"4010","Active","4010 - WALK BEHIND LAWNMOWERS","30",0,-1,1,-452.08,-904.17,,,,,,,"C-294569037-GROUNDFEST",,,,,,,,,"",,752173,,,,
66749,6,,,"2026-05-16T12:47:09.000Z",24305274,,,"294569037/AT20","294569037/AT20","ATCO LINER 22SH V LAWNMOWER","ATCO LINER 22SH V LAWNMOWER",605.79,605.79,,"4010","GBP",,,,,,"GBP",904.17,"4010","Active","4010 - WALK BEHIND LAWNMOWERS","30",0,0,1,0,0,,,,,,,"C-294569037/AT1",,,47,,,,,,"",,752173,,,,
66750,6,,,,777,,,"297411043/M21","297411043/M21","MOUNTFIELD HP41 HAND PROPELLED PETROL LAWNMOWER","MOUNTFIELD HP41 HAND PROPELLED PETROL LAWNMOWER",115.33,123.55,,"4010","GBP",,,,,,"GBP",157.5,"4010","Active","4010 - WALK BEHIND LAWNMOWERS","31",0,14,1,1614.62,2205,,,,,,,"C-297411043/M21",,,,,,,,,"",,,,,,
66751,6,,,,777,,,"297412043/M21","297412043/M21","MOUNTFIELD SP41 MOWER SELF PROPELLED PETROL LAWNMOWER","MOUNTFIELD SP41 MOWER SELF PROPELLED PETROL LAWNMOWER",131.58,137.17,,"4010","GBP",,,,,,"GBP",219,"4010","Active","4010 - WALK BEHIND LAWNMOWERS","31",0,0,1,0,0,,,,,,,"C-297412043/M21",,,,,,,,,"",,,,,,
66752,6,,,,777,,,"298302068/UKS","298302068/UKS","STIGA AERO 132E KIT 20V CORDLESS HOVER MOWER (INC X2 B&C)","STIGA AERO 132E KIT 20V CORDLESS HOVER MOWER (INC X2 B&C)",92.68,92.68,,"4010","GBP",,,,,,"GBP",124.17,"4010","Active","4010 - WALK BEHIND LAWNMOWERS","32",0,0,1,0,0,,,,,,,"C-298302068/UKS",,,7,,,,,,"",,,,,,
66753,6,,,,777,,,"298471048/ST2","298471048/ST2","STIGA MULTICLIP 547 LAWNMOWER","STIGA MULTICLIP 547 LAWNMOWER",200.44,200.44,,"4010","GBP",,,,,,"GBP",299.17,"4010","Active","4010 - WALK BEHIND LAWNMOWERS","32",0,0,1,0,0,,,,,,,"C-298471048/ST2",,,23,,,,,,"",,752173,,,,
66754,6,,,,777,,,"298471848/ST1","298471848/ST1","STIGA MULTICLIP 547 D","STIGA MULTICLIP 547 D",211.61,211.61,,"4010","GBP",,,,,,"GBP",329,"4010","Active","4010 - WALK BEHIND LAWNMOWERS","32",0,0,1,0,0,,,,,,,"C-298471848/ST1",,,,,,,,,"",,752173,,,,
66755,6,,,,777,,,"299434043/M19","299434043/M19","MOUNTFIELD S421R HP REAR ROLLER LAWNMOWER","MOUNTFIELD S421R HP REAR ROLLER LAWNMOWER",222.77,222.77,,"4010","GBP",,,,,,"GBP",290.83,"4010","Active","4010 - WALK BEHIND LAWNMOWERS","32",0,0,1,0,0,,,,,,,"C-299434043/M19",,,,,,,,,"",,752173,,,,
66756,6,,,,777,,,"299439043/M19","299439043/M19","MOUNTFIELD S421R PD PETEROL ROLLER LAWNMOWER","MOUNTFIELD S421R PD PETEROL ROLLER LAWNMOWER",222.78,222.78,,"4010","GBP",,,,,,"GBP",296.63,"4010","Active","4010 - WALK BEHIND LAWNMOWERS","31",0,0,1,0,0,,,,,,,"C-299439043/M19",,,,,,,,,"",,752173,,,,
66757,6,,,,777,,,"299439077-GROUNDFEST","299439077-GROUNDFEST","ATCO LINER 16S LI CORDLESS LAWMOWER - GROUNDFEST","ATCO LINER 16S LI CORDLESS LAWMOWER - GROUNDFEST",262.08,262.08,,"4010","GBP",,,,,,"GBP",524.17,"4010","Active","4010 - WALK BEHIND LAWNMOWERS","30",0,0,1,0,0,,,,,,,"C-299439077-GROUNDFEST",,,,,,,,,"",,752173,,,,
66758,6,,,,777,,,"299439077/AT1","299439077/AT1","ATCO LINER 16S LI SELF-PROPELLED REAR ROLLER CORDLESS LAWN MOWER KIT","ATCO LINER 16S LI SELF-PROPELLED REAR ROLLER CORDLESS LAWN MOWER KIT",388.6,388.6,,"4010","GBP",,,,,,"GBP",479.2,"4010","Active","4010 - WALK BEHIND LAWNMOWERS","30",0,0,1,0,0,,,,,,,"C-299439077/AT1",,,28,,,,,,"",,752173,,,,
66759,6,,,,777,,,"299489037/AT9","299489037/AT9","ATCO LINER 18SH PETROL SELF-PROPELLED REAR-ROLLER LAWN MOWER (HONDA ENGINE)","ATCO LINER 18SH PETROL SELF-PROPELLED REAR-ROLLER LAWN MOWER (HONDA ENGINE)",317.69,326.07,,"4010","GBP",,,,,,"GBP",449.17,"4010","Active","4010 - WALK BEHIND LAWNMOWERS","30",0,0,1,0,0,,,,,,,"C-299489037/AT9",,,,,,,,,"",,752173,,,,
66760,6,,,,777,,,"299489043/M19","299489043/M19","MOUNTFIELD S461R-PD SELF PROPELLED PETROL ROLLER MOWER","MOUNTFIELD S461R-PD SELF PROPELLED PETROL ROLLER MOWER",289.78,292.57,,"4010","GBP",,,,,,"GBP",469,"4010","Active","4010 - WALK BEHIND LAWNMOWERS","31",0,-2,1,-579.56,-938,,,,,,,"C-299489043/M19",,,,,,,,,"",,752173,,,,
66761,6,,,,777,,,"299489077-GROUNDFEST","299489077-GROUNDFEST","ATCO LINER 18S LI CORDLESS LAWNMOWER - GROUNDFEST","ATCO LINER 18S LI CORDLESS LAWNMOWER - GROUNDFEST",303.75,303.75,,"4010","GBP",,,,,,"GBP",607.5,"4010","Active","4010 - WALK BEHIND LAWNMOWERS","30",0,0,1,0,0,,,,,,,"C-299489077-GROUNDFEST",,,,,,,,,"",,752173,,,,
66762,6,,,,777,,,"299489077/AT1","299489077/AT1","ATCO LINER 18LI LI SELF-PROPELLED REAR ROLLER CORDLESS LAWN MOWER KIT 2 X 4AH","ATCO LINER 18LI LI SELF-PROPELLED REAR ROLLER CORDLESS LAWN MOWER KIT 2 X 4AH",446.11,446.11,,"4010","GBP",,,,,,"GBP",551.2,"4010","Active","4010 - WALK BEHIND LAWNMOWERS","30",0,0,1,0,0,,,,,,,"C-299489077/AT1",,,29,,,,,,"",,752173,,,,
66763,6,,,,777,,,"299900006/0","299900006/0","MOUNTFIELD TRAILER HITCH KIT - MTF92H","MOUNTFIELD TRAILER HITCH KIT - MTF92H",30,30,,"4098","GBP",,,,,,"GBP",120,"4098","Active","4098 - SPARE PARTS","20",0,-1,1,-30,-120,,,,,,,"C-299900006/0",,,1.6,,,,,,"",,752173,,,,
66764,6,,,,777,,,"299900016/0","299900016/0","STIGA REAR DEFLECTOR FOR 92/102/122CM","STIGA REAR DEFLECTOR FOR 92/102/122CM",78.17,0,,"4011","GBP",,,,,,"GBP",140,"4011","Active","4011 - RIDE ON LAWNMOWERS","32",0,-1,1,-78.17,-140,,,,,,,"C-299900016/0",,,,,,,,,"",,752173,,,,
66765,6,,,"2025-12-02T15:04:35.000Z",24305282,,,"299900036/0","299900036/0","72CM MULCHING KIT","72CM MULCHING KIT",44.67,44.67,,"4098","GBP",,,,,,"GBP",66.66,"4098","Active","4098 - SPARE PARTS","32",0,0,1,0,0,,,,,,,"C-299900036/0",,,2,,,,,,"UP1A",,752173,,,,
66766,6,,,,777,,,"299900046/0","299900046/0","STIGA MULCHING PLUG 122CM","STIGA MULCHING PLUG 122CM",54.17,0,,"4011","GBP",,,,,,"GBP",80,"4011","Active","4011 - RIDE ON LAWNMOWERS","32",0,0,1,0,0,,,,,,,"C-299900046/0",,,,,,,,,"",,752173,,,,
66767,6,,,,777,,,"299900051/0","299900051/0","STIGA 92CM REAR DEFLECTOR","STIGA 92CM REAR DEFLECTOR",42.52,42.52,,"4000","GBP",,,,,,"GBP",135,"4000","Active","4000 - Delivery charges - outward freight","20",0,0,1,0,0,,,,,,,"C-299900051/0",,,,,,,,,"",,,,,,
66768,6,,,,777,,,"299900055/0","299900055/0","122CM MULCH KIT","122CM MULCH KIT",54.17,0,,"4011","GBP",,,,,,"GBP",80,"4011","Active","4011 - RIDE ON LAWNMOWERS","32",0,0,1,0,0,,,,,,,"C-299900055/0",,,1.4,,,,,,"",,752173,,,,
66769,6,,,,777,,,"299900081/0","299900081/0","92CM TOW BAR STIGA","92CM TOW BAR STIGA",25.66,25.66,,"4000","GBP",,,,,,"GBP",94.95,"4000","Active","4000 - Delivery charges - outward freight","20",0,0,1,0,0,,,,,,,"C-299900081/0",,,,,,,,,"",,,,,,
66770,6,,,,777,,,"299900135/0","299900135/0","MOUNTFIELD MULCH PLUG 66CM","MOUNTFIELD MULCH PLUG 66CM",50,45.2,,"4025","GBP",,,,,,"GBP",66.66,"4025","Active","4025 - MISC","20",0,3,1,150,199.98,,,,,,,"C-299900135/0",,,,,,,,,"",,752173,,,,
66771,6,,,,777,,,"299900310/0","299900310/0","MTF 84H REAR DEFLECTOR","MTF 84H REAR DEFLECTOR",64.16,64.16,,"4000","GBP",,,,,,"GBP",116.16,"4000","Active","4000 - Delivery charges - outward freight","1",0,0,1,0,0,,,,,,,"C-299900310/0",,,,,,,,,"",,,,,,
66772,6,,,,777,,,"299900341/0","299900341/0","MULCH KIT 98CM","MULCH KIT 98CM",31.5,31.5,,"4025","GBP",,,,,,"GBP",50,"4025","Active","4025 - MISC","32",0,0,1,0,0,,,,,,,"C-299900341/0",,,0.25,,,,,,"2-2C",,752173,,,,
66773,6,,,,777,,,"299900346/0","299900346/0","MULCH PLUG FOR 108CM S/D","MULCH PLUG FOR 108CM S/D",33.5,33.5,,"4025","GBP",,,,,,"GBP",60,"4025","Active","4025 - MISC","31",0,0,1,0,0,,,,,,,"C-299900346/0",,,0.2,,,,,,"",,,,,,
66774,6,,,,777,,,"299900370/1","299900370/1","MULCHING KIT WITH BLADES FOR 84cm TRACTOR","MULCHING KIT WITH BLADES FOR 84cm TRACTOR",65.63,0,,"4025","GBP",,,,,,"GBP",125,"4025","Active","4025 - MISC","32",0,0,1,0,0,,,,,,,"C-299900370/1",,,3.8,,,,,,"",,,,,,
66775,6,,,,777,,,"299900374/0","299900374/0","MULCHING KIT WITH BLADES 98CM","MULCHING KIT WITH BLADES 98CM",65.63,65.63,,"4098","GBP",,,,,,"GBP",131.26,"4098","Active","4098 - SPARE PARTS","20",0,-2,1,-131.26,-262.52,,,,,,,"C-299900374/0",,,,,,,,,"",,752173,,,,
66776,6,,,,777,,,"29990038/0","29990038/0","MULCHING KIT 92CM","MULCHING KIT 92CM",30.71,0,,"4098","GBP",,,,,,"GBP",60,"4098","Active","4098 - SPARE PARTS","20",0,0,1,0,0,,,,,,,"C-29990038/0",,,,,,,,,"",,,,,,
66777,6,,,,777,,,"299900385/0","299900385/0","TOW BAR FOR 98CM & 10CM SIDE-DISHCARGE TRACTOR","TOW BAR FOR 98CM & 10CM SIDE-DISHCARGE TRACTOR",33.5,32.83,,"4098","GBP",,,,,,"GBP",50,"4098","Active","4098 - SPARE PARTS","20",0,1,1,33.5,50,,,,,,,"C-299900385/0",,,1,,,,,,"",,,,,,
66778,6,,,,777,,,"299900395/0","299900395/0","TOW BAR FITS 84CM & 98CM","TOW BAR FITS 84CM & 98CM",33.5,32.5,,"4025","GBP",,,,,,"GBP",50,"4025","Active","4025 - MISC","31",0,5,1,167.5,250,,,,,,,"C-299900395/0",,,1.3,,,,,,"",,752173,,,,
66779,6,,,,777,,,"2A6107010/S17","2A6107010/S17","STIGA 107CM TOWED GRASS & LEAF COLLECTION FOR FRONT CUT R/O","STIGA 107CM TOWED GRASS & LEAF COLLECTION FOR FRONT CUT R/O",317.63,317.63,,"4000","GBP",,,,,,"GBP",605,"4000","Active","4000 - Delivery charges - outward freight","32",0,0,1,0,0,,,,,,,"C-2A6107010/S17",,,30,,,,,,"",,,,,,
66780,6,,,"2025-12-12T10:06:45.000Z",24305274,,,"2D5809521/ST2","2D5809521/ST2","STIGA PARK COMBI 95 Q QUICK FLIP DECK","STIGA COMBI 95 Q QUICK FLIP CUTTING DECK",613.61,582.9,,"4025","GBP",,,,,,"GBP",716.67,"4025","Active","4025 - MISC","32",0,0,1,0,0,,,,,,,"C-2D5809521/ST2",,,47,,,,,,"",,,,,,
66781,6,,,"2025-12-12T10:06:57.000Z",24305274,,,"2D6210021/ST2","2D6210021/ST2","STIGA PARK COMBI 100 Q QUICK FLIP DECK","STIGA COMBI 100 Q PLUS CUTTING DECK",769.94,769.94,,"4025","GBP",,,,,,"GBP",1000,"4025","Active","4025 - MISC","32",0,0,1,0,0,,,,,,,"C-2D6210021/ST2",,,68,,,,,,"",,752173,,,,
66783,6,,,"2025-12-12T10:07:13.000Z",24305274,,,"2D6312521/ST2","2D6312521/ST2","STIGA PARK COMBI 125 Q QUICK FLIP DECK","STIGA COMBI PRO 125 Q PLUS CUTTER DECK",1216.61,1216.61,,"4025","GBP",,,,,,"GBP",1815.83,"4025","Active","4025 - MISC","32",0,0,1,0,0,,,,,,,"C-2D6312521/ST2",,,81,,,,,,"",,752173,,,,
66784,6,,,,777,,,"2F5820421/ST2","2F5820421/ST2","STIGA PARK 300 FRONT-CUT RIDE-ON LAWNMOWER (EXCLUDING DECK)","STIGA PARK 300 FRONT-CUT RIDE-ON LAWNMOWER (EXCLUDING DECK)",1618.61,1618.61,,"4011","GBP",,,,,,"GBP",2274.17,"4011","Active","4011 - RIDE ON LAWNMOWERS","32",0,0,1,0,0,,,,,,,"C-2F5820421/ST2",,,167,,,,,,"",,752173,,,,
66785,6,,,,777,,,"2F6120545/ST2","2F6120545/ST2","STIGA PARK 500 FRONT-CUT RIDE-ON LAWNMOWER (Excluding Deck)","STIGA PARK 500 FRONT-CUT RIDE-ON LAWNMOWER (Excluding Deck)",2121.11,0,,"4011","GBP",,,,,,"GBP",3299,"4011","Active","4011 - RIDE ON LAWNMOWERS","32",0,0,1,0,0,,,,,,,"C-2F6120545/ST2",,,174,,,,,,"",,752173,,,,
66786,6,,,,777,,,"2F6120645/ST2","2F6120645/ST2","STIGA PARK 500 W OUT FRONT TRACTOR (EXCLUDING DECK)","STIGA PARK 500 W OUT FRONT TRACTOR (EXCLUDING DECK)",2360.28,2312.5,,"4011","GBP",,,,,,"GBP",3665.83,"4011","Active","4011 - RIDE ON LAWNMOWERS","32",0,1,1,2360.28,3665.83,,,,,,,"C-2F6120645/ST2",,,,,,,,,"",,752173,,,,
66787,6,,,,777,,,"2F6130645/ST2","2F6130645/ST2","STIGA PARK 500 WX (EXCLUDING DECK)","STIGA PARK 500 WX (EXCLUDING DECK)",3103.78,3103.78,,"4011","GBP",,,,,,"GBP",4632.5,"4011","Active","4011 - RIDE ON LAWNMOWERS","32",0,0,1,0,0,,,,,,,"C-2F6130645/ST2",,,198,,,,,,"",,752173,,,,
66788,6,,,,777,,,"2F6230745/ST2","2F6230745/ST2","STIGA PARK 700 WX 4WD V-TWIN FRONT CUT MOWER","STIGA PARK 700 WX 4WD V-TWIN FRONT CUT MOWER",3103.78,3103.78,,"4011","GBP",,,,,,"GBP",6099,"4011","Active","4011 - RIDE ON LAWNMOWERS","32",0,0,1,0,0,,,,,,,"C-2F6230745/ST2",,,218,,,,,,"",,752173,,,,
66789,6,,,,777,,,"2F6230845/ST1","2F6230845/ST1","STIGA PARK 700 WX 4WD V-TWIN FRONT CUT MOWER(EXCLUDING DECK)","STIGA PARK 700 WX 4WD V-TWIN FRONT CUT MOWER(EXCLUDING DECK)",3907.78,3907.78,,"4011","GBP",,,,,,"GBP",6099,"4011","Active","4011 - RIDE ON LAWNMOWERS","32",0,-1,1,-3907.78,-6099,,,,,,,"C-2F6230845/ST1",,,,,,,,,"",,752173,,,,
66790,6,,,"2026-03-12T08:58:21.000Z",24307252,,,"2F6230845/ST2","2F6230845/ST2","STIGA PARK 900 WX 4-WD WX V-TWIN FRONT CUT RIDE ON (EXCLUDING DECK)","STIGA PARK 900 4-WD WX V-TWIN FRONT CUT RIDE ON (EXCLUDING DECK)",6811.11,6811.11,,"4011","GBP",,,,,,"GBP",6415.83,"4011","Active","4011 - RIDE ON LAWNMOWERS","32",0,-1,1,-6811.11,-6415.83,,,,,,,"C-2F6230845/ST2",,,,,,,,,"",,752173,,,,
66791,6,,,,777,,,"2F6430831/ST2","2F6430831/ST2","STIGA PARK PRO 900 WX 4WD V-TWIN FRONT CUT RIDE ON (EXCLUDING DECK)","STIGA PARK PRO 900 WX 4WD V-TWIN FRONT CUT RIDE ON (EXCLUDING DECK)",6470.55,6470.55,,"4011","GBP",,,,,,"GBP",8479.2,"4011","Active","4011 - RIDE ON LAWNMOWERS","32",0,0,1,0,0,,,,,,,"C-2F6430831/ST2",,,277,,,,,,"",,752173,,,,
66792,6,,,,777,,,"2I0000000/17","2I0000000/17","STIGA TOWBAR FOR 122CM SIDE DISCHARGE","STIGA TOWBAR FOR 122CM SIDE DISCHARGE",33.5,33.5,,"4025","GBP",,,,,,"GBP",60,"4025","Active","4025 - MISC","32",0,0,1,0,0,,,,,,,"C-2I0000000/17",,,0.4,,,,,,"",,752173,,,,
66793,6,,,"2025-12-02T15:02:43.000Z",24305282,,,"2I0205000/19","2I0205000/19","MULCH PLUG  84CM -MP84","MULCH PLUG  84CM -MP84",42,42,,"4025","GBP",,,,,,"GBP",83.33,"4025","Active","4025 - MISC","31",0,-1,1,-42,-83.33,,,,,,,"C-2I0205000/19",,,3.8,,,,,,"UP1A",,752173,,,,
66794,6,,,,777,,,"2I0205001/19","2I0205001/19","MULCH PLUG - 98CM","MULCH PLUG - 98CM",53.6,45.57,,"4098","GBP",,,,,,"GBP",66.67,"4098","Active","4098 - SPARE PARTS","32",0,2,1,107.2,133.34,,,,,,,"C-2I0205001/19",,,,,,,,,"",,,,,,
66795,6,,,,777,,,"2I0300000/17","2I0300000/17","MULCH KIT FOR 122CM SIDE DISCHARGE STIGA","MULCH KIT FOR 122CM SIDE DISCHARGE STIGA",45,45,,"4025","GBP",,,,,,"GBP",105,"4025","Active","4025 - MISC","32",0,0,1,0,0,,,,,,,"C-2I0300000/17",,,3.1,,,,,,"",,,,,,
66796,6,,,,777,,,"2L0431048/M19","2L0431048/M19","MOUNTFIELD HP42 PETROL PUSH MOWER","MOUNTFIELD HP42 PETROL PUSH MOWER",144.61,144.61,,"4010","GBP",,,,,,"GBP",229,"4010","Active","4010 - WALK BEHIND LAWNMOWERS","31",0,-5,1,-723.05,-1145,,,,,,,"C-2L0431048/M19",,,,,,,,,"",,752173,,,,
66797,6,,,,777,,,"2L0432048/M19","2L0432048/M19","MOUNTFIELD SP42 LAWNMOWER","MOUNTFIELD SP42 LAWNMOWER",172.52,172.52,,"4010","GBP",,,,,,"GBP",257.5,"4010","Active","4010 - WALK BEHIND LAWNMOWERS","31",0,-5,1,-862.6,-1287.5,,,,,,,"C-2L0432048/M19",,,,,,,,,"",,752173,,,,
66798,6,,,,777,,,"2L0432048/ST2","2L0432048/ST2","STIGA COLLECTOR 543 S SELF-PROPELLED PETROL LAWNMOWER","STIGA COLLECTOR 543 S SELF-PROPELLED PETROL LAWNMOWER",189.28,189.28,,"4010","GBP",,,,,,"GBP",249.17,"4010","Active","4010 - WALK BEHIND LAWNMOWERS","32",0,0,1,0,0,,,,,,,"C-2L0432048/ST2",,,29,,,,,,"",,,,,,
66799,6,,,,777,,,"2L0432147/MC","2L0432147/MC","ATCO CLASSIC 16S 3-IN-1 SELF-PROPELLED PETROL LAWNMOWER","ATCO CLASSIC 16S 3-IN-1 SELF-PROPELLED PETROL LAWNMOWER",207.03,207.03,,"4010","GBP",,,,,,"GBP",224.16,"4010","Active","4010 - WALK BEHIND LAWNMOWERS","30",0,0,1,0,0,,,,,,,"C-2L0432147/MC",,,24,,,,,,"",,,,,,
66800,6,,,,777,,,"2L0482008/M24","2L0482008/M24","MOUNTFIELD SP185 Li KIT LAWNMOWER","MOUNTFIELD SP185 Li KIT LAWNMOWER",254.04,254.04,,"4010","GBP",,,,,,"GBP",458.29,"4010","Active","4010 - WALK BEHIND LAWNMOWERS","31",0,0,1,0,0,,,,,,,"C-2L0482008/M24",,,,,,,,,"",,752173,,,,
66801,6,,,,777,,,"2L0482043/MC","2L0482043/MC","MOUNTFIELD SP185 PETROL SELF PROPELLED LAWNMOWER","MOUNTFIELD SP185 PETROL SELF PROPELLED LAWNMOWER",184,184,,"4098","GBP",,,,,,"GBP",289.95,"4098","Active","4098 - SPARE PARTS","31",0,1,1,184,289.95,,,,,,,"C-2L0482043/MC",,,,,,,,,"",,752173,,,,
66802,6,,,,777,,,"2L0482048/M21","2L0482048/M21","MOUNTFIELD SP46 LAWNMOWER","MOUNTFIELD SP46 LAWNMOWER",189.28,189.28,,"4010","GBP",,,,,,"GBP",282.5,"4010","Active","4010 - WALK BEHIND LAWNMOWERS","31",0,-9,1,-1703.52,-2542.5,,,,,,,"C-2L0482048/M21",,,,,,,,,"",,752173,,,,
66803,6,,,,777,,,"2L0486008/UKS","2L0486008/UKS","STIGA COLLECTOR 548e S KIT48v SELF PROPELLED CORDLESS MOWER","STIGA COLLECTOR 548e S KIT48v SELF PROPELLED CORDLESS MOWER",427.02,0,,"4010","GBP",,,,,,"GBP",629,"4010","Active","4010 - WALK BEHIND LAWNMOWERS","32",0,0,1,0,0,,,,,,,"C-2L0486008/UKS",,,30,,,,,,"",,752173,,,,
66804,6,,,,777,,,"2L0486038/M19","2L0486038/M19","MOUNTFIELD SP46 ELITE SELF-PROPELLED LAWNMOWER (HONDA ENGINE)","MOUNTFIELD SP46 ELITE SELF-PROPELLED LAWNMOWER (HONDA ENGINE)",245.11,245.11,,"4010","GBP",,,,,,"GBP",365.83,"4010","Active","4010 - WALK BEHIND LAWNMOWERS","31",0,0,1,0,0,,,,,,,"C-2L0486038/M19",,,,,,,,,"",,752173,,,,
66805,6,,,,777,,,"2L0486047/MC","2L0486047/MC","ATCO CLASSIC 18S 3-IN-1 SELF-PROPELLED LAWNMOWER","ATCO CLASSIC 18S 3-IN-1 SELF-PROPELLED LAWNMOWER",189.28,189.28,,"4010","GBP",,,,,,"GBP",249.17,"4010","Active","4010 - WALK BEHIND LAWNMOWERS","30",0,0,1,0,0,,,,,,,"C-2L0486047/MC",,,27,,,,,,"",,,,,,
66806,6,,,,777,,,"2L0486803/M22","2L0486803/M22","MOUNTFIELD EMPRESS 46 LI KIT 4-in-1 SELF PROPELLED CORDLESS MOWER","MOUNTFIELD EMPRESS 46 LI KIT 4-in-1 SELF PROPELLED CORDLESS MOWER",419.18,0,,"4010","GBP",,,,,,"GBP",649,"4010","Active","4010 - WALK BEHIND LAWNMOWERS","31",0,0,1,0,0,,,,,,,"C-2L0486803/M22",,,,,,,,,"",,,,,,
66807,6,,,,777,,,"2L0487837838/ST2","2L0487837838/ST2","STIGA COMBI 748V 4 in 1 VARIABLE SPEED MOWER","STIGA COMBI 748V 4 in 1 VARIABLE SPEED MOWER",387.94,387.94,,"4010","GBP",,,,,,"GBP",499,"4010","Active","4010 - WALK BEHIND LAWNMOWERS","32",0,0,1,0,0,,,,,,,"C-2L0487837838/ST2",,,,,,,,,"",,,,,,
66808,6,,,,777,,,"2L0487838/ST2","2L0487838/ST2","STIGA COMBI 748 V LAWNMOWER","STIGA COMBI 748 V LAWNMOWER",312.11,0,,"4010","GBP",,,,,,"GBP",415.83,"4010","Active","4010 - WALK BEHIND LAWNMOWERS","32",0,0,1,0,0,,,,,,,"C-2L0487838/ST2",,,35,,,,,,"",,752173,,,,
66809,6,,,,777,,,"2L0487978/ST1","2L0487978/ST1","STIGA COMBI 748e V KIT 48v 4-IN-1 VARIABLE SPEED CORDLESS (INC B&C)","STIGA COMBI 748e V KIT 48v 4-IN-1 VARIABLE SPEED CORDLESS (INC B&C)",451.69,451.69,,"4010","GBP",,,,,,"GBP",582.5,"4010","Active","4010 - WALK BEHIND LAWNMOWERS","32",0,0,1,0,0,,,,,,,"C-2L0487978/ST1",,,30,,,,,,"",,,,,,
66810,6,,,,777,,,"2L0536038/M21","2L0536038/M21","MOUNTFIELD SP53 ELITE PETROL MOWER","MOUNTFIELD SP53 ELITE PETROL MOWER",278.61,278.61,,"4010","GBP",,,,,,"GBP",429,"4010","Active","4010 - WALK BEHIND LAWNMOWERS","31",0,-4,1,-1114.44,-1716,,,,,,,"C-2L0536038/M21",,,,,,,,,"",,,,,,
66811,6,,,,777,,,"2L0536047/MC","2L0536047/MC","ATCO CLASSIC 20S LAWNMOWER","ATCO CLASSIC 20S LAWNMOWER",222.77,222.77,,"4010","GBP",,,,,,"GBP",332.5,"4010","Active","4010 - WALK BEHIND LAWNMOWERS","30",0,0,1,0,0,,,,,,,"C-2L0536047/MC",,,32,,,,,,"",,752173,,,,
66812,6,,,,777,,,"2L0536048/M21","2L0536048/M21","MOUNTFIELD SP53 3-in-1 SELF-PROPELLED PETROL LAWNMOWER","MOUNTFIELD SP53 3-in-1 SELF-PROPELLED PETROL LAWNMOWER",222.78,222.78,,"4010","GBP",,,,,,"GBP",279.2,"4010","Active","4010 - WALK BEHIND LAWNMOWERS","31",0,-1,1,-222.78,-279.2,,,,,,,"C-2L0536048/M21",,,,,,,,,"",,752173,,,,
66813,6,,,,777,,,"2L0536133/MC","2L0536133/MC","MOUNTFIELD SP51H 3-IN-1 SELF-PROPELLED PETROL LAWNMOWER (HONDA ENGINE)","MOUNTFIELD SP51H 3-IN-1 SELF-PROPELLED PETROL LAWNMOWER (HONDA ENGINE)",250,243.33,,"4010","GBP",,,,,,"GBP",324.96,"4010","Active","4010 - WALK BEHIND LAWNMOWERS","31",0,0,1,0,0,,,,,,,"C-2L0536133/MC",,,35,,,,,,"",,,,,,
66814,6,,,,777,,,"2L0536548/ST2","2L0536548/ST2","STIGA COMBI 753 SE 4-IN-1 SELF PROPELLED PETROL MOWER","STIGA COMBI 753 SE 4-IN-1 SELF PROPELLED PETROL MOWER",323.28,323.28,,"4010","GBP",,,,,,"GBP",499,"4010","Active","4010 - WALK BEHIND LAWNMOWERS","32",0,0,1,0,0,,,,,,,"C-2L0536548/ST2",,,37,,,,,,"",,752173,,,,
66815,6,,,,777,,,"2L0536848/ST2","2L0536848/ST2","STIGA COMBI 753S PETROL MOWER","STIGA COMBI 753S PETROL MOWER",334.33,334.33,,"4010","GBP",,,,,,"GBP",429,"4010","Active","4010 - WALK BEHIND LAWNMOWERS","32",0,-2,1,-668.66,-858,,,,,,,"C-2L0536848/ST2",,,35,,,,,,"",,,,,,
66816,6,,,,777,,,"2L0537838/ST2","2L0537838/ST2","STIGA COMBI 753V 4 in 1 VARIABLE SPEED MOWER (HONDA ENGINE)","STIGA COMBI 753V 4 in 1 VARIABLE SPEED MOWER (HONDA ENGINE)",408.03,408.03,,"4010","GBP",,,,,,"GBP",529,"4010","Active","4010 - WALK BEHIND LAWNMOWERS","32",0,-1,1,-408.03,-529,,,,,,,"C-2L0537838/ST2",,,37,,,,,,"",,752173,,,,
66817,6,,,,777,,,"2T0050483/CAS","2T0050483/CAS","MOUNTFIELD MTF 66 MQ COMPACT RIDE-ON MOWER","MOUNTFIELD MTF 66 MQ COMPACT RIDE-ON MOWER",750,878.1,,"4011","GBP",,,,,,"GBP",1165.83,"4011","Active","4011 - RIDE ON LAWNMOWERS","31",0,-12,1,-9000,-13989.96,,,,,,,"C-2T0050483/CAS",,,129,,,,,,"",,752173,,,,
66818,6,,,,777,,,"2T0053404/A22","2T0053404/A22","ALPINA AT2 66 QA PETROL GARDEN TRACTOR","ALPINA AT2 66 QA PETROL GARDEN TRACTOR",885,885,,"4011","GBP",,,,,,"GBP",1332.5,"4011","Active","4011 - RIDE ON LAWNMOWERS","31",0,1,1,885,1332.5,,,,,,,"C-2T0053404/A22",,,130,,,,,,"",,752173,,,,
66819,6,,,,777,,,"2T0070481/ST2","2T0070481/ST2","STIGA COMBI 166 RIDE ON LAWNMOWER","STIGA COMBI 166 RIDE ON LAWNMOWER",969.63,1119.65,,"4011","GBP",,,,,,"GBP",1799,"4011","Active","4011 - RIDE ON LAWNMOWERS","32",0,-1,1,-969.63,-1799,,,,,,,"C-2T0070481/ST2",,,131,,,,,,"",,752173,,,,
66820,6,,,,777,,,"2T0210481/ST2","2T0210481/ST2","STIGA COMBI 372 RIDE-ON MOWER","STIGA COMBI 372 RIDE-ON MOWER",1208.48,1273.96,,"4011","GBP",,,,,,"GBP",1915.83,"4011","Active","4011 - RIDE ON LAWNMOWERS","32",0,2,1,2416.96,3831.66,,,,,,,"C-2T0210481/ST2",,,168,,,,,,"",,752173,,,,
66821,6,,,"2025-11-12T11:26:59.000Z",24305274,,,"2T0210483/M22","2T0210483/M22","MOUNTFIELD 1328H COMPACT REAR-COLLECT RIDE-ON MOWER WITH HYDROSTATIC DRIVE","MOUNTFIELD 1328H COMPACT REAR-COLLECT RIDE-ON MOWER WITH HYDROSTATIC DRIVE",1128.48,1293.05,,"4011","GBP",,,,,,"GBP",1832.5,"4011","Active","4011 - RIDE ON LAWNMOWERS","31",0,1,1,1128.48,1832.5,,,,,,,"C-2T0210483/M22",,,150,,,,,,"",,752173,,,,
66823,6,,,,777,,,"2T0250481/ST1M","2T0250481/ST1M","STIGA SWIFT 372E CORDLESS RIDER","STIGA SWIFT 372E CORDLESS RIDER",1950.26,1950.26,,"4012","GBP",,,,,,"GBP",3082.5,"4012","Active","4012 - HANDHELD PRODCUTS","32",0,0,1,0,0,,,,,,,"C-2T0250481/ST1M",,,,,,,,,"",,752173,,,,
66824,6,,,,777,,,"2T0510404/A22","2T0510404/A22","ALPINA AT3 98 A SIDE DISCHARGE RIDE ON MOWER","ALPINA AT3 98 A SIDE DISCHARGE RIDE ON MOWER",945,945,,"4011","GBP",,,,,,"GBP",1999,"4011","Active","4011 - RIDE ON LAWNMOWERS","32",0,2,1,1890,3998,,,,,,,"C-2T0510404/A22",,,158,,,,,,"",,752173,,,,
66825,6,,,,777,,,"2T0510481-RET","2T0510481-RET","STIGA TORNADO 398 M - EX DEMO","STIGA TORNADO 398 M - EX DEMO",1166.36,1166.36,,"4011","GBP",,,,,,"GBP",1415.83,"4011","Active","4011 - RIDE ON LAWNMOWERS","100",0,0,0,0,0,,,,,,,"C-2T0510481-RET",,,,,,,,,"",,752173,,,,
66826,6,,,,777,,,"2T0510481/ST3","2T0510481/ST3","STIGA TORNADO 398 M SIDE-DISCHARGE LAWN TRACTOR","STIGA TORNADO 398 M SIDE-DISCHARGE LAWN TRACTOR",1048.19,1055.32,,"4011","GBP",,,,,,"GBP",1965.83,"4011","Active","4011 - RIDE ON LAWNMOWERS","32",0,0,1,0,0,,,,,,,"C-2T0510481/ST3",,,,,,,,,"",,,,,,
66827,6,,,,777,,,"2T0510483/M25","2T0510483/M25","MOUNTFIELD 1538M-SD SIDE-DISCHARGE LAWN TRACTOR WITH MANUAL DRIVE","MOUNTFIELD 1538M-SD SIDE-DISCHARGE LAWN TRACTOR WITH MANUAL DRIVE",1048.19,1048.19,,"4011","GBP",,,,,,"GBP",1624.17,"4011","Active","4011 - RIDE ON LAWNMOWERS","31",0,-1,1,-1048.19,-1624.17,,,,,,,"C-2T0510483/M25",,,164,,,,,,"",,752173,,,,
66828,6,,,,777,,,"2T0515403/CAS","2T0515403/CAS","MOUNTFIELD MTF 98M SD SIDE-DISCHARGE LAWN TRACTOR","MOUNTFIELD MTF 98M SD SIDE-DISCHARGE LAWN TRACTOR",1048.19,1031.14,,"4011","GBP",,,,,,"GBP",2124.17,"4011","Active","4011 - RIDE ON LAWNMOWERS","31",0,2,1,2096.38,4248.34,,,,,,,"C-2T0515403/CAS",,,164,,,,,,"",,,,,,
66829,6,,,,777,,,"2T0610481/ST1","2T0610481/ST1","STIGA TORNADO 398 H LAWN TRACTOR","STIGA TORNADO 398 H LAWN TRACTOR",1386.33,1391.07,,"4011","GBP",,,,,,"GBP",1832.5,"4011","Active","4011 - RIDE ON LAWNMOWERS","32",0,0,1,0,0,,,,,,,"C-2T0610481/ST1",,,160,,,,,,"",,752173,,,,
66830,6,,,,777,,,"2T0610483/M22","2T0610483/M22","MOUNTFIELD MTF 98H SD SIDE-DISCHARGE LAWN TRACTOR","MOUNTFIELD MTF 98H SD SIDE-DISCHARGE LAWN TRACTOR",1383.19,1396.52,,"4011","GBP",,,,,,"GBP",1999,"4011","Active","4011 - RIDE ON LAWNMOWERS","31",0,0,1,0,0,,,,,,,"C-2T0610483/M22",,,,,,,,,"",,,,,,
66831,6,,,,777,,,"2T0620483/M25","2T0620483/M25","MOUNTFIELD 1538H-SD SIDE-DISCHARGE LAWN TRACTOR","MOUNTFIELD 1538H-SD SIDE-DISCHARGE LAWN TRACTOR",1386.33,1311.17,,"4011","GBP",,,,,,"GBP",1999.17,"4011","Active","4011 - RIDE ON LAWNMOWERS","31",0,-1,1,-1386.33,-1999.17,,,,,,,"C-2T0620483/M25",,,165,,,,,,"",,752173,,,,
66832,6,,,,777,,,"2T0780481/ST1","2T0780481/ST1","STIGA ESTATE 792 TRACTOR","STIGA ESTATE 792 TRACTOR",1674.44,1674.44,,"4011","GBP",,,,,,"GBP",2999.17,"4011","Active","4011 - RIDE ON LAWNMOWERS","32",0,0,1,0,0,,,,,,,"C-2T0780481/ST1",,,214,,,,,,"",,752173,,,,
66833,6,,,,777,,,"2T0785447/AT1","2T0785447/AT1","ATCO GTX 36H REAR-COLLECT V-TWIN GARDEN TRACTOR WITH HYDROSTATIC DRIVE","ATCO GTX 36H REAR-COLLECT V-TWIN GARDEN TRACTOR WITH HYDROSTATIC DRIVE",2137.86,2137.86,,"4011","GBP",,,,,,"GBP",2749.17,"4011","Active","4011 - RIDE ON LAWNMOWERS","30",0,0,1,0,0,,,,,,,"C-2T0785447/AT1",,,225,,,,,,"",,752173,,,,
66834,6,,,,777,,,"2T0785481/ST1","2T0785481/ST1","STIGA 792 W TRACTOR","STIGA 792 W TRACTOR",2137.86,2137.86,,"4011","GBP",,,,,,"GBP",2749.16,"4011","Active","4011 - RIDE ON LAWNMOWERS","32",0,0,1,0,0,,,,,,,"C-2T0785481/ST1",,,223,,,,,,"",,752173,,,,
66835,6,,,,777,,,"2T0785483/M22","2T0785483/M22","MOUNTFIELD MTF 92H HYDROSTATIC DRIVE","MOUNTFIELD MTF 92H HYDROSTATIC DRIVE",1759,2162.22,,"4011","GBP",,,,,,"GBP",3299,"4011","Active","4011 - RIDE ON LAWNMOWERS","31",0,0,1,0,0,,,,,,,"C-2T0785483/M22",,,225,,,,,,"",,,,,,
66836,6,,,,777,,,"2T0940681/ST1","2T0940681/ST1","STIGA ESTATE 9102 W","STIGA ESTATE 9102 W",2846.94,2846.94,,"4011","GBP",,,,,,"GBP",4399,"4011","Active","4011 - RIDE ON LAWNMOWERS","32",0,0,1,0,0,,,,,,,"C-2T0940681/ST1",,,252,,,,,,"",,,,,,
66837,6,,,,777,,,"2T1200403/CAS","2T1200403/CAS","MOUNTFIELD MTF 108H SD SIDE-DISCHARGE LAWN TRACTOR","MOUNTFIELD MTF 108H SD SIDE-DISCHARGE LAWN TRACTOR",1557.19,1557.19,,"4011","GBP",,,,,,"GBP",2324.17,"4011","Active","4011 - RIDE ON LAWNMOWERS","31",0,0,1,0,0,,,,,,,"C-2T1200403/CAS",,,,,,,,,"",,752173,,,,
66838,6,,,,777,,,"2T1210447-GROUNDFEST","2T1210447-GROUNDFEST","ATCO GT43 HR SIDE DISCHARGE TRACTOR - GROUNDFEST","ATCO GT43 HR SIDE DISCHARGE TRACTOR - GROUNDFEST",1100,1100,,"4011","GBP",,,,,,"GBP",2182.5,"4011","Active","4011 - RIDE ON LAWNMOWERS","30",0,0,1,0,0,,,,,,,"C-2T1210447-GROUNDFEST",,,,,,,,,"",,752173,,,,
66839,6,,,,777,,,"2T1215481/ST1","2T1215481/ST1","STIGA TORNADO 5108","STIGA TORNADO 5108",1949.01,1949.01,,"4011","GBP",,,,,,"GBP",2499,"4011","Active","4011 - RIDE ON LAWNMOWERS","32",0,0,1,0,0,,,,,,,"C-2T1215481/ST1",,,157,,,,,,"",,752173,,,,
66840,6,,,,777,,,"2T1310481/ST3","2T1310481/ST3","STIGA ESTATE 7122 W TWIN CYLINDER LAWN TRACTOR","STIGA ESTATE 7122 W TWIN CYLINDER LAWN TRACTOR",2567.78,2567.78,,"4011","GBP",,,,,,"GBP",3332.5,"4011","Active","4011 - RIDE ON LAWNMOWERS","32",0,0,1,0,0,,,,,,,"C-2T1310481/ST3",,,,,,,,,"",,752173,,,,
66841,6,,,,777,,,"2T1430381/ST2","2T1430381/ST2","STIGA ESTATE 9102 WX HONDA GXV","STIGA ESTATE 9102 WX HONDA GXV",4577.78,4577.78,,"4011","GBP",,,,,,"GBP",6832.5,"4011","Active","4011 - RIDE ON LAWNMOWERS","32",0,0,1,0,0,,,,,,,"C-2T1430381/ST2",,,,,,,,,"",,,,,,
66842,6,,,,777,,,"2T1835381/ST1","2T1835381/ST1","STIGA TORNADO 7108 W SPECIAL RIDE-ON SIDE DISCHARGE","STIGA TORNADO 7108 W SPECIAL RIDE-ON SIDE DISCHARGE",2623.61,2623.61,,"4011","GBP",,,,,,"GBP",3915.83,"4011","Active","4011 - RIDE ON LAWNMOWERS","32",0,0,1,0,0,,,,,,,"C-2T1835381/ST1",,,,,,,,,"",,752173,,,,
66843,6,,,,777,,,"2T1835481/ST1","2T1835481/ST1","STIGA TORNADO 7108 W SIDE-DISCHARGE V-TWIN GARDEN TRACTOR WITH HYDROSTATIC DRIVE","STIGA TORNADO 7108 W SIDE-DISCHARGE V-TWIN GARDEN TRACTOR WITH HYDROSTATIC DRIVE",2400.28,2400.28,,"4011","GBP",,,,,,"GBP",2959.2,"4011","Active","4011 - RIDE ON LAWNMOWERS","32",0,0,1,0,0,,,,,,,"C-2T1835481/ST1",,,224,,,,,,"",,752173,,,,
66844,6,,,"2026-04-17T11:33:46.000Z",24305274,,,"2T1950381/ST1","2T1950381/ST1","STIGA TORNADO 9121 W SIDE DISCHARGE TRACTOR","STIGA TORNADO 9121 W SIDE DISCHARGE TRACTOR - HONDA GXV 690 (688CC ENGINE)",2962.38,2998.84,,"4011","GBP",,,,,,"GBP",3915.83,"4011","Active","4011 - RIDE ON LAWNMOWERS","32",0,2,1,5924.76,7831.66,,,,,,,"C-2T1945481/ST2",,,,,,,,,"",,752173,,,,
66846,6,,,"2025-11-08T09:40:50.000Z",24305274,,,"2T2000404/A22 AT4 84 A","2T2000404/A22","ALPINA AT4 84 A REAR-COLLECT LAWN TRACTOR","ALPINA AT4 84 A REAR-COLLECT LAWN TRACTOR",1125,1125,,"4011","GBP",,,,,,"GBP",1582.5,"4011","Active","4011 - RIDE ON LAWNMOWERS","32",0,0,1,0,0,,,,,,,"C-2T2000404/A22",,,171,,,,,,"",,752173,,,,
66847,6,,,,777,,,"2T2000481/ST3","2T2000481/ST3","STIGA ESTATE 384 M LAWN TRACTOR","STIGA ESTATE 384 M LAWN TRACTOR",1152.76,956.25,,"4011","GBP",,,,,,"GBP",2024.17,"4011","Active","4011 - RIDE ON LAWNMOWERS","32",0,-1,1,-1152.76,-2024.17,,,,,,,"C-2T2000481/ST3",,,224,,,,,,"",,,,,,
66848,6,,,,777,,,"2T2005403/CAS","2T2005403/CAS","MOUNTFIELD MTF 84M TRACTOR","MOUNTFIELD MTF 84M TRACTOR",1243.61,1267.61,,"4011","GBP",,,,,,"GBP",1915.83,"4011","Active","4011 - RIDE ON LAWNMOWERS","31",0,0,1,0,0,,,,,,,"C-2T2005403/CAS",,,159,,,,,,"",,752173,,,,
66849,6,,,"2026-01-12T09:11:53.000Z",24305274,,,"2T2010483/M25","2T2010483/M25","MOUNTFIELD 1330M REAR-COLLECT LAWN TRACTOR WITH MANUAL DRIVE","MOUNTFIELD 1330M REAR-COLLECT LAWN TRACTOR WITH MANUAL DRIVE",864,976.42,,"4011","GBP",,,,,,"GBP",1799.17,"4011","Active","4011 - RIDE ON LAWNMOWERS","31",0,119,1,102816,214101.23,,,,,,,"C-2T2010483/M25",,,171,,,,,,"",,752173,,,,
66850,6,,,,777,,,"2T2100481/ST1","2T2100481/ST1","STIGA ESTATE 384 LAWN TRACTOR HYDROSTATIC","STIGA ESTATE 384 LAWN TRACTOR HYDROSTATIC",1466.94,1570.69,,"4011","GBP",,,,,,"GBP",2165.83,"4011","Active","4011 - RIDE ON LAWNMOWERS","32",0,3,1,4400.82,6497.49,,,,,,,"C-2T2100481/ST1",,,172,,,,,,"",,752173,,,,
66851,6,,,,777,,,"2T2105403/CAS","2T2105403/CAS","MOUNTFIELD MTF 84H TRACTOR","MOUNTFIELD MTF 84H TRACTOR",1326.94,1535.28,,"4011","GBP",,,,,,"GBP",1999.2,"4011","Active","4011 - RIDE ON LAWNMOWERS","31",0,-1,1,-1326.94,-1999.2,,,,,,,"C-2T2105403/CAS",,,190.5,,,,,,"",,752173,,,,
66852,6,,,,777,,,"2T2110447/AT2","2T2110447/AT2","ATCO GT 30H REAR-COLLECT LAWN TRACTOR WITH HYDROSTATIC DRIVE","ATCO GT 30H REAR-COLLECT LAWN TRACTOR WITH HYDROSTATIC DRIVE",1466.94,1550.69,,"4011","GBP",,,,,,"GBP",2599,"4011","Active","4011 - RIDE ON LAWNMOWERS","30",0,0,1,0,0,,,,,,,"C-2T2110447/AT2",,,174,,,,,,"",,752173,,,,
66853,6,,,,777,,,"2T2120483/M25","2T2120483/M25","MOUNTFIELD 1530H LAWN TRACTOR","MOUNTFIELD 1530H LAWN TRACTOR",1506.95,1453.61,,"4011","GBP",,,,,,"GBP",2249.17,"4011","Active","4011 - RIDE ON LAWNMOWERS","31",0,0,1,0,0,,,,,,,"C-2T2120483/M25",,,190.5,,,,,,"",,752173,,,,
66854,6,,,,777,,,"2T2200481/ST2","2T2200481/ST2","STIGA ESTATE 384E BATTERY-POWERED REAR-COLLECT LAWN TRACTOR WITH STEPLESS ELECTRONIC DRIVE","STIGA ESTATE 384E BATTERY-POWERED REAR-COLLECT LAWN TRACTOR WITH STEPLESS ELECTRONIC DRIVE",2567.78,2567.78,,"4011","GBP",,,,,,"GBP",3332.5,"4011","Active","4011 - RIDE ON LAWNMOWERS","32",0,0,1,0,0,,,,,,,"C-2T2200481/ST2",,,,,,,,,"",,752173,,,,
66855,6,,,,777,,,"2T2205481/ST2","2T2205481/ST2","STIGA ESTATE 584E BATTERY-POWERED LAWN TRACTOR","STIGA ESTATE 584E BATTERY-POWERED LAWN TRACTOR",2567.78,2567.78,,"4011","GBP",,,,,,"GBP",4457.5,"4011","Active","4011 - RIDE ON LAWNMOWERS","32",0,-1,1,-2567.78,-4457.5,,,,,,,"C-2T2205481/ST2",,,245,,,,,,"",,,,,,
66856,6,,,,777,,,"2T2610403/CAS","2T2610403/CAS","MOUNTFIELD MTF 98H LAWN TRACTOR","MOUNTFIELD MTF 98H LAWN TRACTOR",1786.11,1786.11,,"4011","GBP",,,,,,"GBP",2332.5,"4011","Active","4011 - RIDE ON LAWNMOWERS","31",0,0,1,0,0,,,,,,,"C-2T2610403/CAS",,,,,,,,,"",,752173,,,,
66857,6,,,,777,,,"2T2620481/ST2","2T2620481/ST2","STIGA ESTATE 598 TRACTOR","STIGA ESTATE 598 TRACTOR",1881.03,1881.03,,"4011","GBP",,,,,,"GBP",2807.5,"4011","Active","4011 - RIDE ON LAWNMOWERS","32",0,-1,1,-1881.03,-2807.5,,,,,,,"C-2T2620481/ST2",,,165,,,,,,"",,752173,,,,
66858,6,,,"2025-11-03T16:28:54.000Z",24305274,,,"2T2620483/M25","2T2620483/M25","MOUNTFIELD 1538H LAWN TRACTOR","MOUNTFIELD 1538H LAWN TRACTOR",1651.91,1651.91,,"4011","GBP",,,,,,"GBP",2524.17,"4011","Active","4011 - RIDE ON LAWNMOWERS","31",0,0,1,0,0,,,,,,,"C-2T2620483/M25",,,161,,,,,,"",,752173,,,,
66859,6,,,,777,,,"2T2630447/AT2","2T2630447/AT2","ATCO GT 38H REAR-COLLECT V-TWIN GARDEN TRACTOR","ATCO GT 38H REAR-COLLECT V-TWIN GARDEN TRACTOR",1774.03,1890.03,,"4011","GBP",,,,,,"GBP",2999.17,"4011","Active","4011 - RIDE ON LAWNMOWERS","30",0,6,1,10644.18,17995.02,,,,,,,"C-2T2630447/AT2",,,203,,,,,,"",,,,,,
66860,6,,,,777,,,"2T2630481/ST2","2T2630481/ST2","STIGA ESTATE 598 W LAWN TRACTOR","STIGA ESTATE 598 W LAWN TRACTOR",1774.03,1774.03,,"4011","GBP",,,,,,"GBP",2499.16,"4011","Active","4011 - RIDE ON LAWNMOWERS","32",0,0,1,0,0,,,,,,,"C-2T2630481/ST2",,,0,,,,,,"",,752173,,,,
66861,6,,,,777,,,"3014","3014","TYDON TYPE FUEL HOSE PIPE (2 STROKE) (1 FEET)","TYDON TYPE FUEL HOSE PIPE (2 STROKE) (1 FEET)",1.35,1.35,,"4098","GBP",,,,,,"GBP",4.99,"4098","Active","4098 - SPARE PARTS","20",0,1,1,1.35,4.99,,,,,,,"C-3014",,,,,,,,,"",,752107,,,,
66862,6,,,,777,,,"31062-169","31062-169","LOCK BOLT","LOCK BOLT",4.58,4.58,,"4098","GBP",,,,,,"GBP",9.98,"4098","Active","4098 - SPARE PARTS","20",0,0,1,0,0,,,,,,,"C-31062-169",,,,,,,,,"",,752053,,,,
66863,6,,,,777,,,"3171","3171","10 AMP DURAPLUG 2 CORE","10 AMP DURAPLUG 2 CORE",4.37,4.37,,"4098","GBP",,,,,,"GBP",9.99,"4098","Active","4098 - SPARE PARTS","20",0,3,1,13.11,29.97,,,,,,,"C-3171",,,,,,,,,"1B",,752107,,,,
66864,6,,,,777,,,"322055263/0","322055263/0","UPPER COVER BLACK","UPPER COVER BLACK",5.35,5.35,,"4098","GBP",,,,,,"GBP",14.96,"4098","Active","4098 - SPARE PARTS","20",0,0,1,0,0,,,,,,,"C-322055263/0",,,,,,,,,"",,752107,,,,
66865,6,,,,777,,,"322060290/0","322060290/0","L/H ROLLER COVER","L/H ROLLER COVER",5.05,5.05,,"4098","GBP",,,,,,"GBP",24.98,"4098","Active","4098 - SPARE PARTS","20",0,0,1,0,0,,,,,,,"C-322060290/0",,,,,,,,,"",,752173,,,,
66866,6,,,,777,,,"322140250/0","322140250/0","MOUNTFIELD MULCH PLUG","MOUNTFIELD MULCH PLUG",8.42,0,,"4098","GBP",,,,,,"GBP",15.95,"4098","Active","4098 - SPARE PARTS","31",0,0,1,0,0,,,,,,,"C-322140250/0",,,,,,,,,"",,752173,,,,
66867,6,,,,777,,,"322394516/0","322394516/0","HEIGHT ADJUST KNOB","HEIGHT ADJUST KNOB",2,2,,"4098","GBP",,,,,,"GBP",9.95,"4098","Active","4098 - SPARE PARTS","1",0,0,1,0,0,,,,,,,"C-322394516/0",,,,,,,,,"",,752173,,,,
66868,6,,,,777,,,"322601911/2","322601911/2","PLASTIC DRIVE PULLEY","PLASTIC DRIVE PULLEY",4,4,,"4098","GBP",,,,,,"GBP",14.98,"4098","Active","4098 - SPARE PARTS","20",0,0,1,0,0,,,,,,,"C-322601911/2",,,,,,,,,"",,752173,,,,
66869,6,,,,777,,,"325110391/0","325110391/0","BRAKE PEDAL COVER","BRAKE PEDAL COVER",3.32,3.32,,"4098","GBP",,,,,,"GBP",6.64,"4098","Active","4098 - SPARE PARTS","20",0,0,1,0,0,,,,,,,"C-325110391/0",,,,,,,,,"",,752173,,,,
66870,6,,,,777,,,"325140105/0","325140105/0","MULCHING PLUG STIGA","MULCHING PLUG STIGA",6.22,6.22,,"4098","GBP",,,,,,"GBP",39.98,"4098","Active","4098 - SPARE PARTS","15",0,3,1,18.66,119.94,,,,,,,"C-325140105/0",,,,,,,,,"4C",,,,,,
66871,6,,,,777,,,"325140108/0","325140108/0","PLASTIC DEFLECTOR PLATE","PLASTIC DEFLECTOR PLATE",2.42,2.42,,"4098","GBP",,,,,,"GBP",4.84,"4098","Active","4098 - SPARE PARTS","20",0,0,1,0,0,,,,,,,"C-325140108/0",,,,,,,,,"",,752173,,,,
66872,6,,,,777,,,"325318277/0","325318277/0","MICRO SWITCH LEVER","MICRO SWITCH LEVER",0.76,0.76,,"4098","GBP",,,,,,"GBP",1.82,"4098","Active","4098 - SPARE PARTS","22",0,0,1,0,0,,,,,,,"C-325318277/0",,,,,,,,,"",,,,,,
66873,6,,,,777,,,"325601599/0","325601599/0","STEEL PULLEY - 1436H - 1638H","STEEL PULLEY - 1436H - 1638H",8.35,8.35,,"4098","GBP",,,,,,"GBP",25,"4098","Active","4098 - SPARE PARTS","20",0,4,1,33.4,100,,,,,,,"C-325601599/0",,,,,,,,,"1C",,752173,,,,
66874,6,,,,777,,,"325785418/0","325785418/0","METAL SUPPORT PLATE","METAL SUPPORT PLATE",4.05,4.05,,"4098","GBP",,,,,,"GBP",8.1,"4098","Active","4098 - SPARE PARTS","20",0,0,1,0,0,,,,,,,"C-325785418/0",,,,,,,,,"",,752173,,,,
66875,6,,,,777,,,"325820109/1","325820109/1","SEAT SUPPORT MTF","SEAT SUPPORT MTF",4.71,4.71,,"4098","GBP",,,,,,"GBP",0,"4098","Active","4098 - SPARE PARTS","20",0,1,1,4.71,0,,,,,,,"C-325820109/1",,,,,,,,,"4D",,,,,,
66876,6,,,,777,,,"325840029/0","325840029/0","TRACKING BAR","TRACKING BAR",6.64,5.51,,"4098","GBP",,,,,,"GBP",11.87,"4098","Active","4098 - SPARE PARTS","20",0,1,1,6.64,11.87,,,,,,,"C-325840029/0",,,,,,,,,"",,,,,,
66877,6,,,,777,,,"327045072/0","327045072/0","STEERING ROD JOINT BUSH - 66RDB - 827H","STEERING ROD JOINT BUSH - 66RDB - 827H",1.05,1.05,,"4098","GBP",,,,,,"GBP",4,"4098","Active","4098 - SPARE PARTS","20",0,3,1,3.15,12,,,,,,,"C-327045072/0",,,,,,,,,"1A",,752173,,,,
66878,6,,,,777,,,"327060111/1","327060111/1","DECK PROTECTION COVER","DECK PROTECTION COVER",5.74,5.74,,"4098","GBP",,,,,,"GBP",14.99,"4098","Active","4098 - SPARE PARTS","20",0,1,1,5.74,14.99,,,,,,,"C-327060111/1",,,,,,,,,"",,752173,,,,
66879,6,,,,777,,,"327107506/0","327107506/0","SIDE DISCHARGE CHUTE - FITS MTF 66 MQ","SIDE DISCHARGE CHUTE - FITS MTF 66 MQ",11.83,11.83,,"4025","GBP",,,,,,"GBP",30,"4025","Active","4025 - MISC","31",0,0,1,0,0,,,,,,,"C-327107506/0",,,0.4,,,,,,"",,752173,,,,
66880,6,,,,777,,,"327110514/0","327110514/0","REAR PANEL RED     FITS 66MQ","REAR PANEL RED     FITS 66MQ",14.53,14.53,,"4098","GBP",,,,,,"GBP",27.44,"4098","Active","4098 - SPARE PARTS","20",0,0,1,0,0,,,,,,,"C-327110514/0",,,,,,,,,"",,,,,,
66881,6,,,,777,,,"33270559","33270559","AIR FILTER","AIR FILTER",13.17,0,,"4098","GBP",,,,,,"GBP",26.34,"4098","Active","4098 - SPARE PARTS","20",0,0,1,0,0,,,,,,,"C-33270559",,,,,,,,,"",,,,,,
66882,6,,,,777,,,"335M1020","335M1020","BLADE BOLT","BLADE BOLT",4.31,4.31,,"4098","GBP",,,,,,"GBP",9.98,"4098","Active","4098 - SPARE PARTS","20",0,0,1,0,0,,,,,,,"C-335M1020",,,,,,,,,"",,752053,,,,
66883,6,,,,777,,,"3460","3460","BRIGGS AND STRATTON CARBURETTOR","BRIGGS AND STRATTON CARBURETTOR",30.69,30.69,,"4098","GBP",,,,,,"GBP",71.38,"4098","Active","4098 - SPARE PARTS","20",0,0,1,0,0,,,,,,,"C-3460",,,,,,,,,"",,752107,,,,
66884,6,,,,777,,,"3604","3604","INNER TUBE 13 X 500 X 6 TR13","INNER TUBE 13 X 500 X 6 TR13",6.52,6.52,,"4098","GBP",,,,,,"GBP",15,"4098","Active","4098 - SPARE PARTS","20",0,5,1,32.6,75,,,,,,,"C-3604",,,,,,,,,"",,,,,,
66885,6,,,,777,,,"372E-RET","372E-RET","STIGA SWIFT 372E BATTERY RIDER  - EX DEMO","STIGA SWIFT 372E BATTERY RIDER  - EX DEMO",1814.03,0,,"4011","GBP",,,,,,"GBP",2165.83,"4011","Active","4011 - RIDE ON LAWNMOWERS","199",0,0,0,0,0,,,,,,,"C-372E-RET",,,,,,,,,"",,752173,,,,
66886,6,,,,777,,,"3806063R","3806063R","SCREW BERTOLINI","SCREW BERTOLINI",0.34,0.34,,"4098","GBP",,,,,,"GBP",0.96,"4098","Active","4098 - SPARE PARTS","20",0,0,1,0,0,,,,,,,"C-3806063R",,,,,,,,,"",,,,,,
66887,6,,,,777,,,"381007048/0","381007048/0","LOWER HANDLE MOUNTFIELD","LOWER HANDLE MOUNTFIELD",14.53,14.53,,"4098","GBP",,,,,,"GBP",29.6,"4098","Active","4098 - SPARE PARTS","20",0,0,1,0,0,,,,,,,"C-381007048/0",,,,,,,,,"",,,,,,
66888,6,,,,777,,,"381008639/0","381008639/0","GRASSCATCHER SCREW KIT","GRASSCATCHER SCREW KIT",1.56,1.56,,"4098","GBP",,,,,,"GBP",4.99,"4098","Active","4098 - SPARE PARTS","15",0,0,1,0,0,,,,,,,"C-381008639/0",,,,,,,,,"",,,,,,
66889,6,,,,777,,,"381103360/0","381103360/0","LOCKING HANDLE","LOCKING HANDLE",2.39,2.39,,"4098","GBP",,,,,,"GBP",5.98,"4098","Active","4098 - SPARE PARTS","20",0,1,1,2.39,5.98,,,,,,,"C-381103360/0",,,,,,,,,"",,752173,,,,
66890,6,,,,777,,,"3819013R","3819013R","GROWER WASHER BERTOLINI","GROWER WASHER BERTOLINI",0.45,0.45,,"4098","GBP",,,,,,"GBP",1.28,"4098","Active","4098 - SPARE PARTS","20",0,0,1,0,0,,,,,,,"C-3819013R",,,,,,,,,"",,,,,,
66891,6,,,,777,,,"382207204/1","382207204/1","BLADE SHAFT ASSEMBLY","BLADE SHAFT ASSEMBLY",50.16,50.16,,"4098","GBP",,,,,,"GBP",120.89,"4098","Active","4098 - SPARE PARTS","20",0,0,1,0,0,,,,,,,"C-382207204/1",,,,,,,,,"",,,,,,
66892,6,,,,777,,,"382230373/1","382230373/1","STUB AXLE - R/H","STUB AXLE - R/H",27.68,27.68,,"4098","GBP",,,,,,"GBP",55.36,"4098","Active","4098 - SPARE PARTS","20",0,0,1,0,0,,,,,,,"C-382230373/1",,,,,,,,,"",,752173,,,,
66893,6,,,,777,,,"382230375/1","382230375/1","STUB AXLE - L/H","STUB AXLE - L/H",34.92,29.74,,"4098","GBP",,,,,,"GBP",49.1,"4098","Active","4098 - SPARE PARTS","20",0,2,1,69.84,98.2,,,,,,,"C-382230375/1",,,,,,,,,"PL5A",,752173,,,,
66894,6,,,,777,,,"382722471/2","382722471/2","PC BOARD SD","PC BOARD SD",22.78,22.78,,"4098","GBP",,,,,,"GBP",58.72,"4098","Active","4098 - SPARE PARTS","20",0,0,1,0,0,,,,,,,"C-382722471/2",,,,,,,,,"",,752173,,,,
66895,6,,,,777,,,"387605008/0","387605008/0","TENSION PULLEY","TENSION PULLEY",17.3,17.3,,"4098","GBP",,,,,,"GBP",49.98,"4098","Active","4098 - SPARE PARTS","20",0,0,1,0,0,,,,,,,"C-387605008/0",,,,,,,,,"",,752173,,,,
66896,6,,,,777,,,"389605008/0","389605008/0","TENTION PULLEY","TENTION PULLEY",17.3,0,,"4098","GBP",,,,,,"GBP",39.98,"4098","Active","4098 - SPARE PARTS","20",0,0,1,0,0,,,,,,,"C-389605008/0",,,,,,,,,"",,752107,,,,
66897,6,,,,777,,,"38LP13S","38LP13S","GO PART CHAIN SAW CHAIN 3/8"" 1.3MM (SOLD PER LINK)""","GO PART CHAIN SAW CHAIN 3/8"" 1.3MM (SOLD PER LINK)""",0.06,0.06,,"4098","GBP",,,,,,"GBP",0.4,"4098","Active","4098 - SPARE PARTS","20",0,1217,1,73.02,486.8,,,,,,,"C-38LP13S",,,,,,,,,"",,752133,,,,
66898,6,,,,777,,,"3997815","3997815","OIL SEAL    FITS B&S","OIL SEAL    FITS B&S",7.34,0,,"4098","GBP",,,,,,"GBP",17.62,"4098","Active","4098 - SPARE PARTS","20",0,0,1,0,0,,,,,,,"C-3997815",,,,,,,,,"",,,,,,
66899,6,,,,777,,,"3PRONGPLUG","3PRONGPLUG","3 PRONG PLUG HEAD","3 PRONG PLUG HEAD",0,0,,"4098","GBP",,,,,,"GBP",0,"4098","Active","4098 - SPARE PARTS","20",0,0,1,0,0,,,,,,,"C-3PRONGPLUG",,,,,,,,,"3B",,,,,,
66900,6,,,"2025-11-12T16:11:18.000Z",24305274,,,"410002","410002","HAYTER REAR ROLLER SUPPORT BRACKET L/H","HAYTER REAR ROLLER SUPPORT BRACKET L/H",23.72,22.51,,"4098","GBP",,,,,,"GBP",45.02,"4098","Active","4098 - SPARE PARTS","20",0,0,1,0,0,,,,,,,"C-410002",,,,,,,,,"P C/O",,752107,,,,
66901,6,,,,777,,,"410016","410016","HAYTER ROLLER SUPPORT BRACKET R/H","HAYTER ROLLER SUPPORT BRACKET R/H",17.14,17.14,,"4098","GBP",,,,,,"GBP",34.28,"4098","Active","4098 - SPARE PARTS","20",0,0,1,0,0,,,,,,,"C-410016",,,,,,,,,"",,752107,,,,
66902,6,,,,777,,,"410032","410032","HAYTER WHEEL COVER L/H","HAYTER WHEEL COVER L/H",12.12,12.12,,"4098","GBP",,,,,,"GBP",24.24,"4098","Active","4098 - SPARE PARTS","20",0,1,1,12.12,24.24,,,,,,,"C-410032",,,,,,,,,"",,752107,,,,
66903,6,,,,777,,,"410050","410050","GENUINE HAYTER COUNTER BALANCE SPRING","GENUINE HAYTER COUNTER BALANCE SPRING",9.58,9.58,,"4098","GBP",,,,,,"GBP",25,"4098","Active","4098 - SPARE PARTS","20",0,0,1,0,0,,,,,,,"C-410050",,,,,,,,,"",,752107,,,,
66904,6,,,,777,,,"4108","4108","SPARK PLUG -                           BPR6HS","SPARK PLUG -                           BPR6HS",3.21,0,,"4098","GBP",,,,,,"GBP",7.99,"4098","Active","4098 - SPARE PARTS","20",0,0,1,0,0,,,,,,,"C-4108",,,,,,,,,"",,752107,,,,
66905,6,,,,777,,,"419091","419091","MASPORT OLYMPIC 500 CYLINDER MOWER","MASPORT OLYMPIC 500 CYLINDER MOWER",1058.4,1058.4,,"4010","GBP",,,,,,"GBP",1057.5,"4010","Active","4010 - WALK BEHIND LAWNMOWERS","57",0,0,1,0,0,,,,,,,"C-419091",,,68,,,,,,"",,,,,,
66906,6,,,,777,,,"42951-VF0-000","42951-VF0-000","FRONT ADJUSTER PLATE","FRONT ADJUSTER PLATE",7.89,7.89,,"4098","GBP",,,,,,"GBP",15.78,"4098","Active","4098 - SPARE PARTS","20",0,0,1,0,0,,,,,,,"C-42951-VF0-000",,,,,,,,,"",,752107,,,,
66907,6,,,,777,,,"42952-VA3-E40","42952-VA3-E40","GRIP ADJUSTER RUBBER","GRIP ADJUSTER RUBBER",1.24,1.24,,"4098","GBP",,,,,,"GBP",2.48,"4098","Active","4098 - SPARE PARTS","20",0,9,1,11.16,22.32,,,,,,,"C-42952-VA3-E40",,,,,,,,,"",,752107,,,,
66908,6,,,,777,,,"43008G-AF","43008G-AF","WHEEL","WHEEL",37.5,37.5,,"4098","GBP",,,,,,"GBP",69,"4098","Active","4098 - SPARE PARTS","20",0,2,1,75,138,,,,,,,"C-43008G-AF",,,,,,,,,"",,,,,,
66909,6,,,,777,,,"43349","43349","AIR FILTER   BRIGGS","AIR FILTER   BRIGGS",2.44,0,,"4098","GBP",,,,,,"GBP",0,"4098","Active","4098 - SPARE PARTS","20",0,0,1,0,0,,,,,,,"C-43349",,,,,,,,,"",,,,,,
66910,6,,,,777,,,"44049A","44049A","PRE FILTER","PRE FILTER",0.4,0.4,,"4098","GBP",,,,,,"GBP",3.97,"4098","Active","4098 - SPARE PARTS","20",0,25,1,10,99.25,,,,,,,"C-44049A",,,,,,,,,"",,752114,,,,
66911,6,,,,777,,,"448999901","448999901","DISPLAY DASH P.C.B BOARD","DISPLAY DASH P.C.B BOARD",176.17,176.17,,"4098","GBP",,,,,,"GBP",352.34,"4098","Active","4098 - SPARE PARTS","20",0,0,1,0,0,,,,,,,"C-448999901",,,,,,,,,"",,,,,,
66912,6,,,,777,,,"45-0101","45-0101","AGRI-FAB 340kg STEEL TRAILER","AGRI-FAB 340kg STEEL TRAILER",287.98,287.98,,"4025","GBP",,,,,,"GBP",657.95,"4025","Active","4025 - MISC","42",0,0,1,0,0,,,,,,,"C-45-0101",,,42,,,,,,"",,752053,,,,
66913,6,,,,777,,,"45-0267","45-0267","AGRI FAB 45-0267 ROLLER 60CM","AGRI FAB 45-0267 ROLLER 60CM",139.42,139.42,,"4025","GBP",,,,,,"GBP",199.17,"4025","Active","4025 - MISC","42",0,0,1,0,0,,,,,,,"C-45-0267",,,0.01,,,,,,"",,752053,,,,
66914,6,,,,777,,,"45-0288","45-0288","AGRI-FAB 45-0288 79KG-CAPACITY TOW BEHIND SPREADER","AGRI-FAB 45-0288 79KG-CAPACITY TOW BEHIND SPREADER",294.12,294.12,,"4025","GBP",,,,,,"GBP",479,"4025","Active","4025 - MISC","42",0,0,1,0,0,,,,,,,"C-45-0288",,,21,,,,,,"",,752053,,,,
66915,6,,,,777,,,"45-0294","45-0294","AGRI-FAB 102CM SPRING-TINE DETHATCHER | 45-0294","AGRI-FAB 102CM SPRING-TINE DETHATCHER | 45-0294",131.89,131.89,,"4025","GBP",,,,,,"GBP",209.95,"4025","Active","4025 - MISC","42",0,0,1,0,0,,,,,,,"C-45-0294",,,15.5,,,,,,"",,752053,,,,
66916,6,,,,777,,,"45-0457","45-0457","AGRI-FAB 41"" SPIKE AERATOR (BASE NEEDED)""","AGRI-FAB 41"" SPIKE AERATOR (BASE NEEDED)""",79.21,79.21,,"4025","GBP",,,,,,"GBP",179,"4025","Active","4025 - MISC","42",0,0,1,0,0,,,,,,,"C-45-0457",,,9.5,,,,,,"",,752053,,,,
66917,6,,,,777,,,"45-0458","45-0458","AGRI-FAB 42"" DETHATCHER (NEEDS BASE)""","AGRI-FAB 42"" DETHATCHER (NEEDS BASE)""",109.91,109.91,,"4025","GBP",,,,,,"GBP",229.95,"4025","Active","4025 - MISC","42",0,0,1,0,0,,,,,,,"C-45-0458",,,10.5,,,,,,"",,752053,,,,
66918,6,,,,777,,,"45-0473","45-0473","AGRI-FAB SMARTLINK BASE","AGRI-FAB SMARTLINK BASE",232.72,232.72,,"4025","GBP",,,,,,"GBP",379,"4025","Active","4025 - MISC","42",0,0,1,0,0,,,,,,,"C-45-0473",,,0.01,,,,,,"",,752053,,,,
66919,6,,,,777,,,"45-0527","45-0527","AGRI-FAB 50kg TOWED BROADCAST SPREADER","AGRI-FAB 50kg TOWED BROADCAST SPREADER",183.6,183.6,,"4025","GBP",,,,,,"GBP",419.95,"4025","Active","4025 - MISC","42",0,0,1,0,0,,,,,,,"C-45-0527",,,14,,,,,,"",,752053,,,,
66920,6,,,,777,,,"450916","450916","MASPORT LAWN EDGER","MASPORT LAWN EDGER",432,432,,"4017","GBP",,,,,,"GBP",525,"4017","Active","4017 - TILLERS & CULTIVATORS","57",0,0,1,0,0,,,,,,,"C-450916",,,28.3,,,,,,"",,,,,,
66921,6,,,,777,,,"4526","4526","Atco Balmoral, Commodore, Ensign Air Filter","Atco Balmoral, Commodore, Ensign Air Filter",4.7,4.7,,"4098","GBP",,,,,,"GBP",16.98,"4098","Active","4098 - SPARE PARTS","20",0,1,1,4.7,16.98,,,,,,,"C-4526",,,,,,,,,"",,752107,,,,
66922,6,,,,777,,,"4586","4586","GGP AIR FILTER","GGP AIR FILTER",4.9,4.9,,"4098","GBP",,,,,,"GBP",14.69,"4098","Active","4098 - SPARE PARTS","20",0,2,1,9.8,29.38,,,,,,,"C-4586",,,,,,,,,"",,752107,,,,
66923,6,,,,777,,,"464042380080","464042380080","SHIED - TRAILING","SHIED - TRAILING",4.23,4.23,,"4098","GBP",,,,,,"GBP",8.46,"4098","Active","4098 - SPARE PARTS","20",0,0,1,0,0,,,,,,,"C-464042380080",,,,,,,,,"",,,,,,
66924,6,,,,777,,,"464923","464923","MASPORT 150 ST HAND PROPELLED PETROL MOWER","MASPORT 150 ST HAND PROPELLED PETROL MOWER",196,0,,"4010","GBP",,,,,,"GBP",279,"4010","Active","4010 - WALK BEHIND LAWNMOWERS","57",0,-1,1,-196,-279,,,,,,,"C-464923",,,25,,,,,,"",,,,,,
66925,6,,,,777,,,"4650","4650","HONDA HRB475C, HRB476, GCV135, GCV160 CARBURETTOR MOUNTING MANIFOLD GASKETS","HONDA HRB475C, HRB476, GCV135, GCV160 CARBURETTOR MOUNTING MANIFOLD GASKETS",7.88,7.88,,"4098","GBP",,,,,,"GBP",15.76,"4098","Active","4098 - SPARE PARTS","20",0,1,1,7.88,15.76,,,,,,,"C-4650",,,,,,,,,"",,752107,,,,
66926,6,,,,777,,,"465741","465741","MASPORT 200 ST L HAND PROPELLED PETROL MOWER","MASPORT 200 ST L HAND PROPELLED PETROL MOWER",188,188,,"4000","GBP",,,,,,"GBP",279,"4000","Active","4000 - Delivery charges - outward freight","57",0,0,1,0,0,,,,,,,"C-465741",,,28,,,,,,"",,752098,,,,
66927,6,,,,777,,,"465743","465743","MASPORT 300 AL L HAND PROPELLED PETROL MOWER (ALUMINIUM DECK)","MASPORT 300 AL L HAND PROPELLED PETROL MOWER (ALUMINIUM DECK)",260,260,,"4010","GBP",,,,,,"GBP",389,"4010","Active","4010 - WALK BEHIND LAWNMOWERS","57",0,-2,1,-520,-778,,,,,,,"C-465743",,,28,,,,,,"",,752098,,,,
66928,6,,,,777,,,"47481","47481","HAYTER HARRIER 48 BLADE (NEW TYPE)","HAYTER HARRIER 48 BLADE (NEW TYPE)",12.23,12.23,,"4098","GBP",,,,,,"GBP",49.99,"4098","Active","4098 - SPARE PARTS","20",0,1,1,12.23,49.99,,,,,,,"C-47481",,,,,,,,,"",,752107,,,,
66929,6,,,,777,,,"480149","480149","19"" BLADE -                                    FITS HARRIER 48""","19"" BLADE -                                    FITS HARRIER 48""",22.69,22.69,,"4098","GBP",,,,,,"GBP",69.98,"4098","Active","4098 - SPARE PARTS","20",0,-2,1,-45.38,-139.96,,,,,,,"C-480149",,,,,,,,,"",,752107,,,,
66930,6,,,,777,,,"480955","480955","MASPORT WIDECUT 800 ST SP COMBINATION 3-IN-1 S/P LAWNOWER","MASPORT WIDECUT 800 ST SP COMBINATION 3-IN-1 S/P LAWNOWER",426,465,,"4010","GBP",,,,,,"GBP",629,"4010","Active","4010 - WALK BEHIND LAWNMOWERS","57",0,0,1,0,0,,,,,,,"C-480955",,,40,,,,,,"",,,,,,
66931,6,,,,777,,,"493909","493909","BRIGGS & STRATTON 12HP-15HP AUR FILTER","BRIGGS & STRATTON 12HP-15HP AUR FILTER",5.08,5.08,,"4098","GBP",,,,,,"GBP",14.98,"4098","Active","4098 - SPARE PARTS","20",0,0,1,0,0,,,,,,,"C-493909",,,,,,,,,"",,752107,,,,
66932,6,,,,777,,,"5092","5092","CARBURETTOR GASKET KIT   STIHL","CARBURETTOR GASKET KIT   STIHL",4.14,4.14,,"4098","GBP",,,,,,"GBP",8.28,"4098","Active","4098 - SPARE PARTS","20",0,0,1,0,0,,,,,,,"C-5092",,,,,,,,,"",,,,,,
66933,6,,,,777,,,"5253","5253","STIHL BG72, FS76, HS74 AIR FILTER","STIHL BG72, FS76, HS74 AIR FILTER",3.28,3.28,,"4098","GBP",,,,,,"GBP",6.56,"4098","Active","4098 - SPARE PARTS","20",0,0,1,0,0,,,,,,,"C-5253",,,,,,,,,"",,752107,,,,
66934,6,,,,777,,,"5287","5287","AIR FILTER -     FITS KAWASAKI FJ15V ENGINE     M","AIR FILTER -     FITS KAWASAKI FJ15V ENGINE     M",3.74,3.74,,"4098","GBP",,,,,,"GBP",11.95,"4098","Active","4098 - SPARE PARTS","20",0,2,1,7.48,23.9,,,,,,,"C-5287",,,,,,,,,"",,752107,,,,
66935,6,,,,777,,,"5321932-14","5321932-14","BELT - CUTTER                            BELTA89","BELT - CUTTER                            BELTA89",44.28,44.28,,"4098","GBP",,,,,,"GBP",88.56,"4098","Active","4098 - SPARE PARTS","20",0,0,1,0,0,,,,,,,"C-5321932-14",,,,,,,,,"P C/O",,752107,,,,
66936,6,,,,777,,,"5335","5335","AIR FILTER","AIR FILTER",3.5,3.5,,"4098","GBP",,,,,,"GBP",10.79,"4098","Active","4098 - SPARE PARTS","20",0,7,1,24.5,75.53,,,,,,,"C-5335",,,,,,,,,"",,752107,,,,
66937,6,,,,777,,,"5358","5358","PRE FILTER -               FITS 5335","PRE FILTER -               FITS 5335",1.19,1.19,,"4098","GBP",,,,,,"GBP",4.38,"4098","Active","4098 - SPARE PARTS","20",0,13,1,15.47,56.94,,,,,,,"C-5358",,,,,,,,,"",,752107,,,,
66938,6,,,,777,,,"5370458-01","5370458-01","GENUINE HUSQVARNA PROTECTOR","GENUINE HUSQVARNA PROTECTOR",4.16,4.16,,"4098","GBP",,,,,,"GBP",12.57,"4098","Active","4098 - SPARE PARTS","20",0,0,1,0,0,,,,,,,"C-5370458-01",,,,,,,,,"",,752107,,,,
66939,6,,,,777,,,"5371863-01","5371863-01","HUSQVARNA AIR FILTER","HUSQVARNA AIR FILTER",5.03,5.03,,"4098","GBP",,,,,,"GBP",12.36,"4098","Active","4098 - SPARE PARTS","20",0,0,1,0,0,,,,,,,"C-5371863-01",,,,,,,,,"",,752107,,,,
66940,6,,,,777,,,"547S","547S","STIGA MULTICLIP 547S","STIGA MULTICLIP 547S",324.17,0,,"4010","GBP",,,,,,"GBP",389,"4010","Active","4010 - WALK BEHIND LAWNMOWERS","32",0,0,1,0,0,,,,,,,"C-547S",,,,,,,,,"",,,,,,
66941,6,,,,777,,,"5671","5671","7MM SPARK PLUG CAP & WIRE","7MM SPARK PLUG CAP & WIRE",1.48,1.48,,"4098","GBP",,,,,,"GBP",2.78,"4098","Active","4098 - SPARE PARTS","20",0,3,1,4.44,8.34,,,,,,,"C-5671",,,,,,,,,"1B",,,,,,
66942,6,,,,777,,,"5711-20","5711-20","FUEL LINE -    3/8""   13MM DIAMETER    (1 FOOT LENGTH)""","FUEL LINE -    3/8""   13MM DIAMETER    (1 FOOT LENGTH)""",0.38,0.38,,"4098","GBP",,,,,,"GBP",5.99,"4098","Active","4098 - SPARE PARTS","20",0,89,1,33.82,533.11,,,,,,,"C-5711-20",,,,,,,,,"1A",,752107,,,,
66943,6,,,,777,,,"5711-3","5711-3","Black Rubber Fuel Hose Pipe 5mm x OD 8.5mm (1 FEET)","Black Rubber Fuel Hose Pipe 5mm x OD 8.5mm (1 FEET)",1.64,1.64,,"4098","GBP",,,,,,"GBP",4.6,"4098","Active","4098 - SPARE PARTS","20",0,3,1,4.92,13.8,,,,,,,"C-5711-3",,,,,,,,,"",,752107,,,,
66944,6,,,,777,,,"57D0538A","57D0538A","3 PRONG MICRO SWITCH FITS 62PR","3 PRONG MICRO SWITCH FITS 62PR",1.1,1.1,,"4098","GBP",,,,,,"GBP",9.98,"4098","Active","4098 - SPARE PARTS","20",0,10,1,11,99.8,,,,,,,"C-57D0538A",,,,,,,,,"1B",,,,,,
66945,6,,,,666,,,"C-5821","C-5821","CARB - BRIGGS PRIMER STYLE          (498170)","CARB - BRIGGS PRIMER STYLE          (498170)",2.87,2.87,,"4098","GBP",,,,,,"GBP",42.53,"4098","Active","4098 - SPARE PARTS","20",0,2,1,5.74,85.06,,,,,,,"C-5821",,,,,,,,,"",,752107,,,,
66946,6,,,,777,,,"590740","590740","Genuine Briggs & Stratton Choke Return Spring","Genuine Briggs & Stratton Choke Return Spring",4.41,4.41,,"4098","GBP",,,,,,"GBP",16.97,"4098","Active","4098 - SPARE PARTS","20",0,1,1,4.41,16.97,,,,,,,"C-590740",,,,,,,,,"",,752107,,,,
66947,6,,,,777,,,"593260","593260","AIR FILTER-  550E","AIR FILTER-  550E",2.4,2.4,,"4098","GBP",,,,,,"GBP",6.85,"4098","Active","4098 - SPARE PARTS","20",0,0,1,0,0,,,,,,,"C-593260",,,,,,,,,"",,752107,,,,
66948,6,,,,777,,,"593260M","593260M","AIR FILTER","AIR FILTER",3.05,3.05,,"4098","GBP",,,,,,"GBP",19.99,"4098","Active","4098 - SPARE PARTS","20",0,21,1,64.05,419.79,,,,,,,"C-593260M",,,,,,,,,"",,752133,,,,
66949,6,,,,777,,,"593560","593560","INSTART BATTERY","INSTART BATTERY",93.86,93.86,,"4098","GBP",,,,,,"GBP",151.38,"4098","Active","4098 - SPARE PARTS","20",0,0,1,0,0,,,,,,,"C-593560",,,,,,,,,"",,,,,,
66950,6,,,,777,,,"593934","593934","STARTER MOTOR","STARTER MOTOR",99.49,99.49,,"4098","GBP",,,,,,"GBP",198.99,"4098","Active","4098 - SPARE PARTS","20",0,0,1,0,0,,,,,,,"C-593934",,,,,,,,,"",,752107,,,,
66951,6,,,,777,,,"594859","594859","FLOAT-CARBURETOR","FLOAT-CARBURETOR",5.08,0,,"4098","GBP",,,,,,"GBP",12.07,"4098","Active","4098 - SPARE PARTS","20",0,0,1,0,0,,,,,,,"C-594859",,,,,,,,,"",,,,,,
66952,6,,,,777,,,"594868","594868","VALVE FLOAT NEEDLE","VALVE FLOAT NEEDLE",3.68,0,,"4098","GBP",,,,,,"GBP",9.13,"4098","Active","4098 - SPARE PARTS","20",0,0,1,0,0,,,,,,,"C-594868",,,,,,,,,"",,,,,,
66953,6,,,,777,,,"5971","5971","BRIGGS & STRATTON GOVERNOR SPRING & CARBURETTOR GASKET DIAPHRAGM KIT","BRIGGS & STRATTON GOVERNOR SPRING & CARBURETTOR GASKET DIAPHRAGM KIT",4.95,4.95,,"4098","GBP",,,,,,"GBP",18.97,"4098","Active","4098 - SPARE PARTS","20",0,4,1,19.8,75.88,,,,,,,"C-5971",,,,,,,,,"",,752107,,,,
66954,6,,,,777,,,"597338","597338","FUEL PUMP","FUEL PUMP",30.03,30.03,,"4098","GBP",,,,,,"GBP",60.06,"4098","Active","4098 - SPARE PARTS","20",0,0,1,0,0,,,,,,,"C-597338",,,,,,,,,"P C/O",,752107,,,,
66955,6,,,,777,,,"600","600","LABOUR","LABOUR",15,0,,"4097","GBP",,,,,,"GBP",0,"4097","Active","4097 - SERVICE CHARGES","200",0,-87,1,-1305,0,,,,,,,"C-600",,,,,,,,,"",,,,,,
66956,6,,,,777,,,"618-07257C","618-07257C","GEARBOX DECK    FITS CUB CADET","GEARBOX DECK    FITS CUB CADET",100.71,100.71,,"4098","GBP",,,,,,"GBP",220,"4098","Active","4098 - SPARE PARTS","20",0,0,1,0,0,,,,,,,"C-618-07257C",,,,,,,,,"",,,,,,
66957,6,,,,777,,,"6201-ZRS-NR-ZEN","6201-ZRS-NR-ZEN","BEARING","BEARING",1.26,1.26,,"4098","GBP",,,,,,"GBP",6.98,"4098","Active","4098 - SPARE PARTS","20",0,3,1,3.78,20.94,,,,,,,"C-6201-ZRS-NR-ZEN",,,,,,,,,"",,752107,,,,
66958,6,,,,777,,,"6227","6227","TECUMSEH SUFFOLK PUNCH CARBURETTOR BOWL GASKET","TECUMSEH SUFFOLK PUNCH CARBURETTOR BOWL GASKET",4.43,4.43,,"4098","GBP",,,,,,"GBP",8.86,"4098","Active","4098 - SPARE PARTS","20",0,0,1,0,0,,,,,,,"C-6227",,,,,,,,,"",,752107,,,,
66959,6,,,,777,,,"6455","6455","INNER TUBE 4.10 X 3.50-4","INNER TUBE 4.10 X 3.50-4",3.36,3.36,,"4098","GBP",,,,,,"GBP",6.72,"4098","Active","4098 - SPARE PARTS","20",0,0,1,0,0,,,,,,,"C-6455",,,,,,,,,"",,,,,,
66960,6,,,,777,,,"6600875","6600875","GENUINE TANAKA CARB","GENUINE TANAKA CARB",47.71,47.71,,"4000","GBP",,,,,,"GBP",80.83,"4000","Active","4000 - Delivery charges - outward freight","1",0,0,1,0,0,,,,,,,"C-6600875",,,,,,,,,"",,,,,,
66961,6,,,,777,,,"66030037R","66030037R","BELT","BELT",17.21,17.21,,"4098","GBP",,,,,,"GBP",34.42,"4098","Active","4098 - SPARE PARTS","20",0,0,1,0,0,,,,,,,"C-66030037R",,,,,,,,,"",,752095,,,,
66962,6,,,,777,,,"66060507R","66060507R","ENGINE BREAK CABLE","ENGINE BREAK CABLE",17.2,17.2,,"4098","GBP",,,,,,"GBP",39.95,"4098","Active","4098 - SPARE PARTS","20",0,0,1,0,0,,,,,,,"C-66060507R",,,,,,,,,"",,752095,,,,
66963,6,,,,777,,,"66070233A","66070233A","BELT GUARD - EMAK","BELT GUARD - EMAK",7,7,,"4098","GBP",,,,,,"GBP",25,"4098","Active","4098 - SPARE PARTS","15",0,1,1,7,25,,,,,,,"C-66070233A",,,,,,,,,"4C",,,,,,
66964,6,,,,777,,,"66070341AR","66070341AR","THROTTLE LEVER","THROTTLE LEVER",10.32,10.32,,"4098","GBP",,,,,,"GBP",24.99,"4098","Active","4098 - SPARE PARTS","20",0,0,1,0,0,,,,,,,"C-66070341AR",,,,,,,,,"",,752095,,,,
66965,6,,,,777,,,"66070436R","66070436R","DRIVE SPROCKET RH","DRIVE SPROCKET RH",10.61,10.61,,"4098","GBP",,,,,,"GBP",24.6,"4098","Active","4098 - SPARE PARTS","20",0,1,1,10.61,24.6,,,,,,,"C-66070436R",,,,,,,,,"",,,,,,
66966,6,,,,777,,,"66070437R","66070437R","DRIVE SPROCKET LH","DRIVE SPROCKET LH",10.39,10.39,,"4098","GBP",,,,,,"GBP",24.1,"4098","Active","4098 - SPARE PARTS","20",0,1,1,10.39,24.1,,,,,,,"C-66070437R",,,,,,,,,"",,,,,,
66967,6,,,,777,,,"66071090","66071090","BELT GUARD","BELT GUARD",14.04,14.04,,"4098","GBP",,,,,,"GBP",28.1,"4098","Active","4098 - SPARE PARTS","20",0,1,1,14.04,28.1,,,,,,,"C-66071090",,,,,,,,,"",,752095,,,,
66968,6,,,,777,,,"66140013R","66140013R","BLADE MULCHING","BLADE MULCHING",16.09,16.09,,"4098","GBP",,,,,,"GBP",49.95,"4098","Active","4098 - SPARE PARTS","20",0,0,1,0,0,,,,,,,"C-66140013R",,,,,,,,,"",,752095,,,,
66969,6,,,,777,,,"6690364","6690364","GENUINE TANAKA CLEANER SPONGE","GENUINE TANAKA CLEANER SPONGE",3.27,3.27,,"4098","GBP",,,,,,"GBP",14.96,"4098","Active","4098 - SPARE PARTS","20",0,0,1,0,0,,,,,,,"C-6690364",,,,,,,,,"",,752107,,,,
66970,6,,,,777,,,"6691763","6691763","GENUINE TANAKA THT210 TANK CAP","GENUINE TANAKA THT210 TANK CAP",8.83,8.83,,"4098","GBP",,,,,,"GBP",24.36,"4098","Active","4098 - SPARE PARTS","20",0,0,1,0,0,,,,,,,"C-6691763",,,,,,,,,"",,752107,,,,
66971,6,,,,777,,,"6759","6759","UNIVERSAL DIESEL INLINE FUEL FILTER (PLASTIC)","UNIVERSAL DIESEL INLINE FUEL FILTER (PLASTIC)",1.44,1.44,,"4098","GBP",,,,,,"GBP",9.99,"4098","Active","4098 - SPARE PARTS","20",0,5,1,7.2,49.95,,,,,,,"C-6759",,,,,,,,,"1B",,752107,,,,
66972,6,,,"2026-03-03T12:50:29.000Z",24305274,,,"6805","6805","AIR FILTER - MOUNTFIELD 1330 / 1530 / 1538 TRACTORS","AIR FILTER - MOUNTFIELD 1330 / 1530 / 1538 TRACTORS (OEM 118550199/0)",5.34,5.34,,"4098","GBP",,,,,,"GBP",19.97,"4098","Active","4098 - SPARE PARTS","20",0,3,1,16.02,59.91,,,,,,,"C-6805",,,,,,,,,"1A",,752107,,,,
66973,6,,,,777,,,"6869","6869","Briggs & Stratton Spark Plug Shield","Briggs & Stratton Spark Plug Shield",3.9,3.9,,"4098","GBP",,,,,,"GBP",14.6,"4098","Active","4098 - SPARE PARTS","20",0,2,1,7.8,29.2,,,,,,,"C-6869",,,,,,,,,"",,752107,,,,
66974,6,,,,777,,,"6912","6912","AIR FILTER W/COVER    STIHL","AIR FILTER W/COVER    STIHL",17.07,17.07,,"4098","GBP",,,,,,"GBP",34.14,"4098","Active","4098 - SPARE PARTS","20",0,0,1,0,0,,,,,,,"C-6912",,,,,,,,,"",,,,,,
66975,6,,,,777,,,"691265","691265","STARTER MOTOR CLIP","STARTER MOTOR CLIP",6.03,6.03,,"4098","GBP",,,,,,"GBP",12.06,"4098","Active","4098 - SPARE PARTS","20",0,0,1,0,0,,,,,,,"C-691265",,,,,,,,,"",,752107,,,,
66976,6,,,,777,,,"69209072","69209072","BERTOLINI TOW HITCH FOR BT405S & BT413S","BERTOLINI TOW HITCH FOR BT405S & BT413S",25.26,0,,"4098","GBP",,,,,,"GBP",46.9,"4098","Active","4098 - SPARE PARTS","37",0,0,1,0,0,,,,,,,"C-69209072",,,,,,,,,"",,752095,,,,
66977,6,,,,777,,,"69222011","69222011","BERTOLINI 92CM SCYTHE-BAR ATTACHMENT - FOR BT401S","BERTOLINI 92CM SCYTHE-BAR ATTACHMENT - FOR BT401S",162.42,162.42,,"4098","GBP",,,,,,"GBP",0,"4098","Active","4098 - SPARE PARTS","39",0,0,1,0,0,,,,,,,"C-69222011",,,,,,,,,"",,,,,,
66978,6,,,,777,,,"692232","692232","CRANK SEAL    FITS B&S","CRANK SEAL    FITS B&S",9.3,0,,"4098","GBP",,,,,,"GBP",22.6,"4098","Active","4098 - SPARE PARTS","20",0,0,1,0,0,,,,,,,"C-692232",,,,,,,,,"",,,,,,
66979,6,,,,777,,,"694039","694039","BRIGGS & STRATTON CAMSHAFT","BRIGGS & STRATTON CAMSHAFT",20,20,,"4098","GBP",,,,,,"GBP",50,"4098","Active","4098 - SPARE PARTS","20",0,0,1,0,0,,,,,,,"C-694039",,,,,,,,,"",,,,,,
66980,6,,,,777,,,"697029","697029","AIR FILTER FITS BRIGGS & STRATTON","AIR FILTER FITS BRIGGS & STRATTON",3.56,3.56,,"4098","GBP",,,,,,"GBP",19.68,"4098","Active","4098 - SPARE PARTS","20",0,1,1,3.56,19.68,,,,,,,"C-697029",,,,,,,,,"",,,,,,
66981,6,,,"2025-11-18T13:57:07.000Z",24305274,,,"700","700","SERVICE AS NEEDED","SERVICE AS NEEDED",0.01,0,,"4097","GBP",,,,,,"GBP",329,"4097","Active","4097 - SERVICE CHARGES","200",0,-86,1,-0.86,-28294,,,,,,,"C-700",,,,,,,,,"",,,,,,
66982,6,,,,777,,,"70130380","70130380","MOWMASTER MM43PD BLADE","MOWMASTER MM43PD BLADE",21.94,21.94,,"4098","GBP",,,,,,"GBP",43.88,"4098","Active","4098 - SPARE PARTS","20",0,0,1,0,0,,,,,,,"C-70130380",,,,,,,,,"",,,,,,
66983,6,,,,777,,,"7019515","7019515","BLADE   FITS SNAPPER","BLADE   FITS SNAPPER",23.24,23.24,,"4098","GBP",,,,,,"GBP",59.95,"4098","Active","4098 - SPARE PARTS","20",0,0,1,0,0,,,,,,,"C-7019515",,,,,,,,,"",,,,,,
66984,6,,,,777,,,"7085","7085","IGNITION COIL BRIGGS & STRATTON","IGNITION COIL BRIGGS & STRATTON",12.15,12.15,,"4098","GBP",,,,,,"GBP",34.99,"4098","Active","4098 - SPARE PARTS","25",0,0,1,0,0,,,,,,,"C-7085",,,,,,,,,"",,752107,,,,
66985,6,,,,777,,,"7179","7179","TUBELESS TYRE 15 X 6.00 X6","TUBELESS TYRE 15 X 6.00 X6",23.63,23.63,,"4098","GBP",,,,,,"GBP",49.74,"4098","Active","4098 - SPARE PARTS","20",0,0,1,0,0,,,,,,,"C-7179",,,,,,,,,"",,752107,,,,
66986,6,,,,777,,,"7221","7221","TUBLESS TYRE 18 X 8.50 X 8","TUBLESS TYRE 18 X 8.50 X 8",40.5,40.5,,"4098","GBP",,,,,,"GBP",83.48,"4098","Active","4098 - SPARE PARTS","20",0,0,1,0,0,,,,,,,"C-7221",,,,,,,,,"",,752107,,,,
66987,6,,,,777,,,"7229","7229","BELT - CUTTER                              BELTA81 (5321802-13)","BELT - CUTTER                              BELTA81 (5321802-13)",20.6,20.6,,"4098","GBP",,,,,,"GBP",52.79,"4098","Active","4098 - SPARE PARTS","20",0,1,1,20.6,52.79,,,,,,,"C-7229",,,,,,,,,"1A - PL8A",,752107,,,,
66988,6,,,,777,,,"72511-VA5-506","72511-VA5-506","BLADE   GENUINE HONDA","BLADE   GENUINE HONDA",34.33,34.33,,"4098","GBP",,,,,,"GBP",69.95,"4098","Active","4098 - SPARE PARTS","20",0,0,1,0,0,,,,,,,"C-72511-VA5-506",,,,,,,,,"",,,,,,
66989,6,,,,777,,,"72511-VE1-652","72511-VE1-652","HONDA HRB/ HRD/ HRH BLADE","HONDA HRB/ HRD/ HRH BLADE",4.58,4.58,,"4098","GBP",,,,,,"GBP",39.98,"4098","Active","4098 - SPARE PARTS","20",0,0,1,0,0,,,,,,,"C-72511-VE1-652",,,,,,,,,"",,752107,,,,
66990,6,,,,777,,,"7263-12-14","7263-12-14","MANTIS 4-STROKE PETROL MINI TILLER","MANTIS 4-STROKE PETROL MINI TILLER",361.18,361.18,,"4017","GBP",,,,,,"GBP",457.5,"4017","Active","4017 - TILLERS & CULTIVATORS","43",0,0,1,0,0,,,,,,,"C-7263-12-14",,,11,,,,,,"",,752053,,,,
66991,6,,,,777,,,"7304","7304","INNER TUBE 16X650-8 / 18 X 6.50 X 8","INNER TUBE 16X650-8 / 18 X 6.50 X 8",6.98,6.98,,"4098","GBP",,,,,,"GBP",20,"4098","Active","4098 - SPARE PARTS","20",0,0,1,0,0,,,,,,,"C-7304",,,,,,,,,"",,752107,,,,
66992,6,,,,777,,,"7308","7308","16"" HAYTER 41 BLADE""","16"" HAYTER 41 BLADE""",7.65,7.65,,"4098","GBP",,,,,,"GBP",29.95,"4098","Active","4098 - SPARE PARTS","20",0,4,1,30.6,119.8,,,,,,,"C-7308",,,,,,,,,"",,752107,,,,
66993,6,,,,777,,,"7321","7321","MANTIS AERATOR AND DETHATCHER COMBO","MANTIS AERATOR AND DETHATCHER COMBO",196.71,196.71,,"4017","GBP",,,,,,"GBP",449.95,"4017","Active","4017 - TILLERS & CULTIVATORS","43",0,0,1,0,0,,,,,,,"C-7321",,,0.01,,,,,,"",,752053,,,,
66994,6,,,,777,,,"7336-10","7336-10","BRIGGS & STRATTON INLINE FUEL FILTER (298090S)","BRIGGS & STRATTON INLINE FUEL FILTER (298090S)",1.82,1.82,,"4098","GBP",,,,,,"GBP",5.99,"4098","Active","4098 - SPARE PARTS","20",0,0,1,0,0,,,,,,,"C-7336-10",,,,,,,,,"1B",,752107,,,,
66995,6,,,,777,,,"737-05066","737-05066","AIR FILTER    FITS TORX","AIR FILTER    FITS TORX",17.96,17.96,,"4098","GBP",,,,,,"GBP",35.68,"4098","Active","4098 - SPARE PARTS","20",0,0,1,0,0,,,,,,,"C-737-05066",,,,,,,,,"",,,,,,
66996,6,,,,777,,,"742-04031","742-04031","BLADE 60.5","BLADE 60.5",27.67,27.67,,"4098","GBP",,,,,,"GBP",59.95,"4098","Active","4098 - SPARE PARTS","20",0,0,1,0,0,,,,,,,"C-742-04031",,,,,,,,,"",,,,,,
66997,6,,,,777,,,"7424","7424","UNIVERSAL FUEL FILTER 1/4"" 5/16"""" 30 MICRON""","UNIVERSAL FUEL FILTER 1/4"" 5/16"""" 30 MICRON""",3.49,3.49,,"4098","GBP",,,,,,"GBP",15,"4098","Active","4098 - SPARE PARTS","20",0,0,1,0,0,,,,,,,"C-7424",,,,,,,,,"",,752107,,,,
66998,6,,,,777,,,"7449","7449","BRIGGS & STRATTON INTEK 14.5HP - 21HP & OHV AVS 17.5HP CARBURETTOR","BRIGGS & STRATTON INTEK 14.5HP - 21HP & OHV AVS 17.5HP CARBURETTOR",18.45,18.45,,"4098","GBP",,,,,,"GBP",39.89,"4098","Active","4098 - SPARE PARTS","20",0,0,1,0,0,,,,,,,"C-7449",,,,,,,,,"",,752107,,,,
66999,6,,,,777,,,"7461","7461","TORO FRONT WHEEL BEARING","TORO FRONT WHEEL BEARING",3.76,3.76,,"4098","GBP",,,,,,"GBP",14.68,"4098","Active","4098 - SPARE PARTS","20",0,4,1,15.04,58.72,,,,,,,"C-7461",,,,,,,,,"",,752107,,,,
67000,6,,,,777,,,"7481","7481","19"" HAYTER HARRIER HI LIFT BLADE""","19"" HAYTER HARRIER HI LIFT BLADE""",5.06,5.06,,"4098","GBP",,,,,,"GBP",39.95,"4098","Active","4098 - SPARE PARTS","20",0,3,1,15.18,119.85,,,,,,,"C-7481",,,,,,,,,"",,752107,,,,
67001,6,,,,777,,,"754-0280A","754-0280A","MTD TRANSMISSION BELT","MTD TRANSMISSION BELT",16.65,16.65,,"4098","GBP",,,,,,"GBP",39.96,"4098","Active","4098 - SPARE PARTS","20",0,0,1,0,0,,,,,,,"C-754-0280A",,,,,,,,,"",,752107,,,,
67002,6,,,,777,,,"754-0281","754-0281","GENUINE PIX- MTD TRASMISSION BELT","GENUINE PIX- MTD TRASMISSION BELT",9.45,9.45,,"4098","GBP",,,,,,"GBP",39.98,"4098","Active","4098 - SPARE PARTS","20",0,0,1,0,0,,,,,,,"C-754-0281",,,,,,,,,"",,752107,,,,
67003,6,,,,777,,,"754-04331","754-04331","Drive Belt (Lower) for Cub Cadet LR1","Drive Belt (Lower) for Cub Cadet LR1",16,16,,"4098","GBP",,,,,,"GBP",49.98,"4098","Active","4098 - SPARE PARTS","20",0,1,1,16,49.98,,,,,,,"C-754-04331",,,,,,,,,"",,752053,,,,
67004,6,,,,777,,,"7540445","7540445","MTD CUTTER DECK BELT","MTD CUTTER DECK BELT",17.19,17.19,,"4098","GBP",,,,,,"GBP",49.98,"4098","Active","4098 - SPARE PARTS","20",0,1,1,17.19,49.98,,,,,,,"C-7540445",,,,,,,,,"",,752107,,,,
67005,6,,,,777,,,"7608","7608","BRIGGS & STRATTON AIR FILTER - 594201","BRIGGS & STRATTON AIR FILTER - 594201",3.68,3.68,,"4098","GBP",,,,,,"GBP",26.32,"4098","Active","4098 - SPARE PARTS","20",0,5,1,18.4,131.6,,,,,,,"C-7608",,,,,,,,,"3A",,752107,,,,
67006,6,,,,777,,,"7677","7677","BRIGGS & STRATTON INTEK SERIES 3 ENGINE AIR FILTER","BRIGGS & STRATTON INTEK SERIES 3 ENGINE AIR FILTER",2.84,2.84,,"4098","GBP",,,,,,"GBP",19.99,"4098","Active","4098 - SPARE PARTS","20",0,16,1,45.44,319.84,,,,,,,"C-7677",,,,,,,,,"",,752107,,,,
67007,6,,,,777,,,"780658","780658","GENUINE MASPORT BLADE & BOLT SET","GENUINE MASPORT BLADE & BOLT SET",15.73,15.73,,"4098","GBP",,,,,,"GBP",49.97,"4098","Active","4098 - SPARE PARTS","20",0,0,1,0,0,,,,,,,"C-780658",,,,,,,,,"",,752107,,,,
67008,6,,,,777,,,"795066","795066","BRIGGS & STRATTON AIR FILTER","BRIGGS & STRATTON AIR FILTER",4.8,4.8,,"4098","GBP",,,,,,"GBP",10.82,"4098","Active","4098 - SPARE PARTS","20",0,-1,1,-4.8,-10.82,,,,,,,"C-795066",,,,,,,,,"",,752107,,,,
67009,6,,,,777,,,"795475","795475","GENUINE BRIGGS & STRATTON CARBURETTOR","GENUINE BRIGGS & STRATTON CARBURETTOR",26.72,26.72,,"4098","GBP",,,,,,"GBP",53.44,"4098","Active","4098 - SPARE PARTS","20",0,0,1,0,0,,,,,,,"C-795475",,,,,,,,,"",,752107,,,,
67010,6,,,,777,,,"796254","796254","BRIGGS & STRATTON PRE FILTER","BRIGGS & STRATTON PRE FILTER",1.63,1.63,,"4098","GBP",,,,,,"GBP",3.91,"4098","Active","4098 - SPARE PARTS","20",0,0,1,0,0,,,,,,,"C-796254",,,,,,,,,"",,752107,,,,
67011,6,,,,777,,,"796484","796484","BRIGGS & STRATTON GOVERNOR SPRING","BRIGGS & STRATTON GOVERNOR SPRING",6.3,6.3,,"4098","GBP",,,,,,"GBP",19.76,"4098","Active","4098 - SPARE PARTS","20",0,2,1,12.6,39.52,,,,,,,"C-796484",,,,,,,,,"",,752107,,,,
67012,6,,,,777,,,"7983","7983","MOUNTFIELD BLADE BOSS","MOUNTFIELD BLADE BOSS",8.12,8.12,,"4098","GBP",,,,,,"GBP",24.99,"4098","Active","4098 - SPARE PARTS","20",0,1,1,8.12,24.99,,,,,,,"C-7983",,,,,,,,,"",,752107,,,,
67013,6,,,,777,,,"799226","799226","CARBURETTOR    FITS B&S HARRIER 56","CARBURETTOR    FITS B&S HARRIER 56",13.77,13.77,,"4098","GBP",,,,,,"GBP",64.63,"4098","Active","4098 - SPARE PARTS","20",0,0,1,0,0,,,,,,,"C-799226",,,,,,,,,"",,,,,,
67014,6,,,,666,,,"C-799579","C-799579","AIR FILTER - BRIGGS & STRATTON 450E, 500E, 550E","AIR FILTER - BRIGGS & STRATTON 450E, 500E, 550E",1.02,1.02,,"4098","GBP",,,,,,"GBP",5.25,"4098","Active","4098 - SPARE PARTS","20",0,3,1,3.06,15.75,,,,,,,"C-799579",,,,,,,,,"",,,,,,
67015,6,,,,777,,,"799585","799585","FUEL CAP   B&S (HAYTER)","FUEL CAP   B&S (HAYTER)",4.52,0,,"4098","GBP",,,,,,"GBP",12.44,"4098","Active","4098 - SPARE PARTS","20",0,0,1,0,0,,,,,,,"C-799585",,,,,,,,,"",,,,,,
67016,6,,,,777,,,"800","800","CONSUMABLES","CONSUMABLES",0.01,0.01,,"4096","GBP",,,,,,"GBP",3.5,"4096","Active","4096 - CONSUMABLES & DISPOSABLES","201",0,-73,1,-0.73,-255.5,,,,,,,"C-800",,,,,,,,,"",,,,,,
67017,6,,,,777,,,"84001028","84001028","CARBURRETTOR   FITS B&S","CARBURRETTOR   FITS B&S",26.74,31.79,,"4098","GBP",,,,,,"GBP",89.97,"4098","Active","4098 - SPARE PARTS","20",0,2,1,53.48,179.94,,,,,,,"C-84001028",,,,,,,,,"",,752133,,,,
67018,6,,,,777,,,"84001031","84001031","CARBURRETTOR GENUINE B&S","CARBURRETTOR GENUINE B&S",26.74,26.74,,"4098","GBP",,,,,,"GBP",79.95,"4098","Active","4098 - SPARE PARTS","20",0,0,1,0,0,,,,,,,"C-84001031",,,,,,,,,"",,752133,,,,
67019,6,,,,777,,,"91014-209","91014-209","BLADE","BLADE",31.39,31.39,,"4098","GBP",,,,,,"GBP",62,"4098","Active","4098 - SPARE PARTS","20",0,0,1,0,0,,,,,,,"C-91014-209",,,,,,,,,"",,,,,,
67020,6,,,,777,,,"9103","9103","FUEL TANK CAP - BRIGGS & STRATTON","FUEL TANK CAP - BRIGGS & STRATTON",4.52,4.52,,"4098","GBP",,,,,,"GBP",19.97,"4098","Active","4098 - SPARE PARTS","20",0,1,1,4.52,19.97,,,,,,,"C-9103",,,,,,,,,"",,752107,,,,
67021,6,,,,777,,,"9153","9153","BRIGGS & STRATTON PROFESSIONAL ENGINE IN LINE FUEL FILTER","BRIGGS & STRATTON PROFESSIONAL ENGINE IN LINE FUEL FILTER",3.02,3.02,,"4098","GBP",,,,,,"GBP",9.99,"4098","Active","4098 - SPARE PARTS","20",0,2,1,6.04,19.98,,,,,,,"C-9153",,,,,,,,,"1B",,752107,,,,
67022,6,,,,777,,,"91VXL","91VXL","OREGON CHAINWAS CHAIN 3/8"" 1.3MM (SOLD PER LINK)""","OREGON CHAINWAS CHAIN 3/8"" 1.3MM (SOLD PER LINK)""",0.16,0.16,,"4098","GBP",,,,,,"GBP",0.75,"4098","Active","4098 - SPARE PARTS","20",0,1582,1,253.12,1186.5,,,,,,,"C-91VXL",,,,,,,,,"",,752133,,,,
67023,6,,,,777,,,"934904","934904","CONTROL CABLE   FITS QUALCAST","CONTROL CABLE   FITS QUALCAST",14.99,14.99,,"4098","GBP",,,,,,"GBP",33.12,"4098","Active","4098 - SPARE PARTS","20",0,0,1,0,0,,,,,,,"C-934904",,,,,,,,,"",,,,,,
67024,6,,,,777,,,"9434","9434","AIR FILTER KAWASAKI","AIR FILTER KAWASAKI",4.41,4.41,,"4098","GBP",,,,,,"GBP",19.99,"4098","Active","4098 - SPARE PARTS","20",0,2,1,8.82,39.98,,,,,,,"C-9434",,,,,,,,,"",,752107,,,,
67025,6,,,,777,,,"945-04331","945-04331","Genuine MTD Belt","Genuine MTD Belt",38.84,38.84,,"4098","GBP",,,,,,"GBP",99.98,"4098","Active","4098 - SPARE PARTS","20",0,1,1,38.84,99.98,,,,,,,"C-945-04331",,,,,,,,,"",,752107,,,,
67026,6,,,,777,,,"958214","958214","BLADE    FITS QUALCAST","BLADE    FITS QUALCAST",17.99,17.99,,"4098","GBP",,,,,,"GBP",34.2,"4098","Active","4098 - SPARE PARTS","20",0,1,1,17.99,34.2,,,,,,,"C-958214",,,,,,,,,"",,,,,,
67027,6,,,,777,,,"980658","980658","BLADE SINGLE (406MM)","BLADE SINGLE (406MM)",6.01,6.01,,"4098","GBP",,,,,,"GBP",12.5,"4098","Active","4098 - SPARE PARTS","20",0,1,1,6.01,12.5,,,,,,,"C-980658",,,,,,,,,"",,,,,,
67028,6,,,,777,,,"AC90","AC90","AC90 MULTIPURPOSE LUBRICANT 500ML","AC90 MULTIPURPOSE LUBRICANT 500ML",4.36,4.36,,"4098","GBP",,,,,,"GBP",8.72,"4098","Active","4098 - SPARE PARTS","20",0,24,1,104.64,209.28,,,,,,,"C-AC90",,,,,,,,,"COSH CABINET",,752133,,,,
67029,6,,,,777,,,"AK4314","AK4314","SCREWDRIVER SET 4PC JIS","SCREWDRIVER SET 4PC JIS",8.98,8.98,,"4025","GBP",,,,,,"GBP",19.96,"4025","Active","4025 - MISC","24",0,2,1,17.96,39.92,,,,,,,"C-AK4314",,,,,,,,,"",,,,,,
67030,6,,,,777,,,"AK445","AK445","SIDE MANUAL GREASE GUN 3-WAY FILL","SIDE MANUAL GREASE GUN 3-WAY FILL",10.98,10.98,,"4025","GBP",,,,,,"GBP",24.95,"4025","Active","4025 - MISC","24",0,6,1,65.88,149.7,,,,,,,"C-AK445",,,,,,,,,"",,,,,,
67031,6,,,,777,,,"AK54","AK54","OIL SUCTION SYRINGE 550ML","OIL SUCTION SYRINGE 550ML",7.48,7.48,,"4025","GBP",,,,,,"GBP",12.47,"4025","Active","4025 - MISC","24",0,1,1,7.48,12.47,,,,,,,"C-AK54",,,,,,,,,"",,,,,,
67032,6,,,"2025-12-17T11:13:48.000Z",24305282,,,"AK63255","AK63255","COMBINATION SPANNER SET 16PC METRIC","COMBINATION SPANNER SET 16PC METRIC",23.98,19.98,,"4025","GBP",,,,,,"GBP",47.96,"4025","Active","4025 - MISC","24",0,2,1,47.96,95.92,,,,,,,"C-AK63255",,,,,,,,,"",,,,,,
67033,6,,,,777,,,"AK6863B","AK6863B","LOCKING PLIERS SET 3PC QUICK RELEASE","LOCKING PLIERS SET 3PC QUICK RELEASE",29.98,29.98,,"4025","GBP",,,,,,"GBP",59.96,"4025","Active","4025 - MISC","24",0,2,1,59.96,119.92,,,,,,,"C-AK6863B",,,,,,,,,"",,,,,,
67034,6,,,,777,,,"AK83452","AK83452","PLIERS SET 3PC VDE APPROVED","PLIERS SET 3PC VDE APPROVED",27.98,27.98,,"4025","GBP",,,,,,"GBP",58.29,"4025","Active","4025 - MISC","24",0,2,1,55.96,116.58,,,,,,,"C-AK83452",,,,,,,,,"",,,,,,
67035,6,,,"2025-11-24T12:14:11.000Z",24305274,,,"AK9567","AK9567","SEALEY ADJUSTABLE WRENCH SET 4PC","SEALEY ADJUSTABLE WRENCH SET 4PC",21.98,21.98,,"4025","GBP",,,,,,"GBP",47.87,"4025","Active","4025 - MISC","24",0,2,1,43.96,95.74,,,,,,,"C-AK9567",,,,,,,,,"",,,,,,
67036,6,,,,777,,,"AL101","AL101","STIHL STANDARD CHARGER","STIHL STANDARD CHARGER",28.17,28.17,,"4025","GBP",,,,,,"GBP",68.9,"4025","Active","4025 - MISC","20",0,0,1,0,0,,,,,,,"C-AL101",,,,,,,,,"",,752109,,,,
67037,6,,,,777,,,"ALF016A57577","ALF016A57577","WASHER -HOC INDICATOR","WASHER -HOC INDICATOR",19.59,19.59,,"4098","GBP",,,,,,"GBP",49.99,"4098","Active","4098 - SPARE PARTS","20",0,0,1,0,0,,,,,,,"C-ALF016A57577",,,,,,,,,"",,752107,,,,
67038,6,,,,777,,,"ALF016A57941","ALF016A57941","DRIVE BELT","DRIVE BELT",29.1,29.1,,"4098","GBP",,,,,,"GBP",58.2,"4098","Active","4098 - SPARE PARTS","20",0,0,1,0,0,,,,,,,"C-ALF016A57941",,,,,,,,,"P C/O",,752107,,,,
67039,6,,,,777,,,"ALF016A58040","ALF016A58040","CABLE ADJUSTER","CABLE ADJUSTER",4.01,4.01,,"4098","GBP",,,,,,"GBP",8.02,"4098","Active","4098 - SPARE PARTS","20",0,0,1,0,0,,,,,,,"C-ALF016A58040",,,,,,,,,"P C/O",,752107,,,,
67040,6,,,,777,,,"ALF016A58728","ALF016A58728","BELT -  ROLLER DRIVE","BELT -  ROLLER DRIVE",20.49,20.49,,"4098","GBP",,,,,,"GBP",40.98,"4098","Active","4098 - SPARE PARTS","20",0,0,1,0,0,,,,,,,"C-ALF016A58728",,,,,,,,,"",,752107,,,,
67041,6,,,,777,,,"ALF016J10127","ALF016J10127","GENUINE ALLETT/ ATCO/ QUALCAST THROTTLE CABLE","GENUINE ALLETT/ ATCO/ QUALCAST THROTTLE CABLE",23.55,23.55,,"4098","GBP",,,,,,"GBP",47.1,"4098","Active","4098 - SPARE PARTS","20",0,1,1,23.55,47.1,,,,,,,"C-ALF016J10127",,,,,,,,,"",,752107,,,,
67042,6,,,,777,,,"AP-S390H","AP-S390H","APACHE S390H PETROL SCARIFIER (HONDA ENGINE)","APACHE S390H PETROL SCARIFIER (HONDA ENGINE)",384.75,0,,"4013","GBP",,,,,,"GBP",541.16,"4013","Active","4013 - SCARIFIERS","60",0,0,1,0,0,,,,,,,"C-AP-S390H",,,33,,,,,,"",,752098,,,,
67043,6,,,,777,,,"APACHEEVO92","APACHEEVO92","","",6684,0,,"4011","GBP",,,,,,"GBP",7399,"4011","Active","4011 - RIDE ON LAWNMOWERS","35",0,0,1,0,0,,,,,,,"C-APACHEEVO92",,,,,,,,,"",,752095,,,,
67044,6,,,,777,,,"APMTB1","APMTB1","SEALEY MINI TOOL CHEST - APMTB1","SEALEY MINI TOOL CHEST - APMTB1",19.98,19.98,,"4025","GBP",,,,,,"GBP",29.13,"4025","Active","4025 - MISC","24",0,2,1,39.96,58.26,,,,,,,"C-APMTB1",,,,,,,,,"",,752164,,,,
67045,6,,,"2025-12-03T10:21:30.000Z",24305274,,,"ASPEN2T1LEW","ASPEN2T1LEW","ASPEN 2 1L","ASPEN 2 1L",4.48,4.07,,"4098","GBP",,,,,,"GBP",7.5,"4098","Active","4098 - SPARE PARTS","20",0,45,1,201.6,337.5,,,,,,,"C-ASPEN2T1LEW",,,,,,,,,"COSH CABINET",,,,,,
67046,6,,,,777,,,"ASPEN2T200LBULK","ASPEN2T200LBULK","ASPEN 2 200L","ASPEN 2 200L",532,532,,"4098","GBP",,,,,,"GBP",641.67,"4098","Active","4098 - SPARE PARTS","20",0,0,1,0,0,,,,,,,"C-ASPEN2T200LBULK",,,,,,,,,"",,,,,,
67047,6,,,,777,,,"ASPEN2T5LEW","ASPEN2T5LEW","ASPEN 2 5L","ASPEN 2 5L",15.3,15.3,,"4098","GBP",,,,,,"GBP",20.83,"4098","Active","4098 - SPARE PARTS","20",0,13,1,198.9,270.79,,,,,,,"C-ASPEN2T5LEW",,,,,,,,,"COSH CABINET",,,,,,
67048,6,,,"2025-12-03T10:21:07.000Z",24305274,,,"ASPEN4T1LEW","ASPEN4T1LEW","ASPEN 4 1L","ASPEN 4 1L",4.48,3.59,,"4098","GBP",,,,,,"GBP",7.5,"4098","Active","4098 - SPARE PARTS","20",0,16,1,71.68,120,,,,,,,"C-ASPEN4T1LEW",,,,,,,,,"",,,,,,
67049,6,,,"2025-11-06T15:20:12.000Z",24305274,,,"ASPEN4T5LEW","ASPEN4T5LEW","ASPEN 4 5L","ASPEN 4 5L",18.8,18.24,,"4098","GBP",,,,,,"GBP",27.5,"4098","Active","4098 - SPARE PARTS","20",0,18,1,338.4,495,,,,,,,"C-ASPEN4T5LEW",,,,,,,,,"COSH CABINET",,,,,,
67050,6,,,,777,,,"AT266MQ-RET","AT266MQ-RET","ALPINA AT2 66MQ RIDER - RETURNED MODEL","ALPINA AT2 66MQ RIDER - RETURNED MODEL",500,500,,"4011","GBP",,,,,,"GBP",1200,"4011","Active","4011 - RIDE ON LAWNMOWERS","199",0,0,0,0,0,,,,,,,"C-AT266MQ-RET",,,,,,,,,"",,752173,,,,
67051,6,,,,777,,,"B2LM","B2LM","NGK B2LM SPARK PLUG","NGK B2LM SPARK PLUG",1.8,1.41,,"4098","GBP",,,,,,"GBP",6.99,"4098","Active","4098 - SPARE PARTS","20",0,45,1,81,314.55,,,,,,,"C-B2LM",,,,,,,,,"2B",,752133,,,,
67052,6,,,,777,,,"B40N8770071","B40N8770071","SERIES 7 INTEK OHV V-TWIN","SERIES 7 INTEK OHV V-TWIN",545,0,,"4098","GBP",,,,,,"GBP",1089.89,"4098","Active","4098 - SPARE PARTS","20",0,0,1,0,0,,,,,,,"C-B40N8770071",,,,,,,,,"",,,,,,
67053,6,,,,777,,,"BA00DB00000","BA00DB00000","GENUINE COBRA EDGING BELT (V10X816) FITS FTDTR5220","GENUINE COBRA EDGING BELT (V10X816) FITS FTDTR5220",9.04,9.04,,"4098","GBP",,,,,,"GBP",29.99,"4098","Active","4098 - SPARE PARTS","20",0,4,1,36.16,119.96,,,,,,,"C-BA00DB00000",,,,,,,,,"",,752107,,,,
67054,6,,,,777,,,"BC1630","BC1630","BOOSTER CABLES 16MMÂ² X 3M 220A","BOOSTER CABLES 16MMÂ² X 3M 220A",12.98,12.98,,"4025","GBP",,,,,,"GBP",24.96,"4025","Active","4025 - MISC","24",0,2,1,25.96,49.92,,,,,,,"C-BC1630",,,,,,,,,"",,,,,,
67055,6,,,,777,,,"BC330AB","BC330AB","STIGA PETROL BRUSHCUTTER","STIGA PETROL BRUSHCUTTER",99.23,0,,"4012","GBP",,,,,,"GBP",159,"4012","Active","4012 - HANDHELD PRODCUTS","32",0,0,1,0,0,,,,,,,"C-BC330AB",,,,,,,,,"",,,,,,
67056,6,,,,777,,,"BC535B","BC535B","STIGA PETROL BRUSHCUTTER","STIGA PETROL BRUSHCUTTER",130.73,130.73,,"4012","GBP",,,,,,"GBP",209,"4012","Active","4012 - HANDHELD PRODCUTS","32",0,0,1,0,0,,,,,,,"C-BC535B",,,,,,,,,"",,752173,,,,
67057,6,,,,777,,,"BCH-250T","BCH-250T","OLEO-MAC BCH-250T PETROL BRUSHCUTTER","OLEO-MAC BCH-250T PETROL BRUSHCUTTER",144.08,144.08,,"4012","GBP",,,,,,"GBP",349.9,"4012","Active","4012 - HANDHELD PRODCUTS","35",0,0,1,0,0,,,,,,,"C-BCH-250T",,,6.4,,,,,,"",,752095,,,,
67058,6,,,,777,,,"BCH001","BCH001","PROTECTIVE COVER FOR LAWNMOWERS - BCH001","PROTECTIVE COVER FOR LAWNMOWERS - BCH001",4.38,4.38,,"4098","GBP",,,,,,"GBP",16.62,"4098","Active","4098 - SPARE PARTS","15",0,-5,1,-21.9,-83.1,,,,,,,"C-BCH001",,,,,,,,,"3A",,752066,,,,
67059,6,,,,777,,,"BCH002","BCH002","PROTECTIVE COVER (MEDIUM)","PROTECTIVE COVER (MEDIUM)",8.83,8.83,,"4098","GBP",,,,,,"GBP",27.46,"4098","Active","4098 - SPARE PARTS","15",0,3,1,26.49,82.38,,,,,,,"C-BCH002",,,,,,,,,"",,,,,,
67060,6,,,,777,,,"BCH003","BCH003","JR BCH003 LARGE TRACTOR COVER","JR BCH003 LARGE TRACTOR COVER",12.27,8.6,,"4098","GBP",,,,,,"GBP",35,"4098","Active","4098 - SPARE PARTS","3",0,2,1,24.54,70,,,,,,,"C-BCH003",,,1.14,,,,,,"3D",,752066,,,,
67061,6,,,,777,,,"BCH400T","BCH400T","OLEO MAC BCH400T BRUSHCUTTER","OLEO MAC BCH400T BRUSHCUTTER",188.41,188.41,,"4012","GBP",,,,,,"GBP",260.66,"4012","Active","4012 - HANDHELD PRODCUTS","35",0,0,1,0,0,,,,,,,"C-BCH400T",,,,,,,,,"",,752095,,,,
67062,6,,,,777,,,"BCPR5ES","BCPR5ES","SPARK PLUG -          NGK BCPR5ES","SPARK PLUG -          NGK BCPR5ES",1.53,1.76,,"4098","GBP",,,,,,"GBP",7.99,"4098","Active","4098 - SPARE PARTS","20",0,128,1,195.84,1022.72,,,,,,,"C-BCPR5ES",,,,,,,,,"",,752133,,,,
67063,6,,,,777,,,"BDUK-600","BDUK-600","LABOUR","LABOUR",0.01,0.01,,"4097","GBP",,,,,,"GBP",0,"4097","Active","4097 - SERVICE CHARGES","201",0,0,1,0,0,,,,,,,"C-BDUK-600",,,,,,,,,"",,,,,,
67064,6,,,,777,,,"BDUK-COLLECTION","BDUK-COLLECTION","COLLECTION CHARGE","COLLECTION CHARGE",0.01,0.01,,"4097","GBP",,,,,,"GBP",0,"4097","Active","4097 - SERVICE CHARGES","201",0,-5,1,-0.05,0,,,,,,,"C-BDUK-COLLECTION",,,,,,,,,"",,,,,,
67065,6,,,,777,,,"BDUK-DELIVERY","BDUK-DELIVERY","DELIVERY CHARGE","DELIVERY CHARGE",0.01,0.01,,"4000","GBP",,,,,,"GBP",0,"4000","Active","4000 - Delivery charges - outward freight","201",0,-11,1,-0.11,0,,,,,,,"C-BDUK-DELIVERY",,,0,,,,,,"",,,,,,
67066,6,,,,777,,,"BDUK-HANDLING","BDUK-HANDLING","HANDLING CHARGE","HANDLING CHARGE",0.01,0.01,,"4097","GBP",,,,,,"GBP",0,"4097","Active","4097 - SERVICE CHARGES","201",0,0,1,0,0,,,,,,,"C-BDUK-HANDLING",,,,,,,,,"",,,,,,
67067,6,,,,777,,,"BDUK-PRODUCT","BDUK-PRODUCT","ADD MODEL HERE","ADD MODEL HERE",0.01,0.01,,"4010","GBP",,,,,,"GBP",0,"4010","Active","4010 - WALK BEHIND LAWNMOWERS","201",0,0,1,0,0,,,,,,,"C-BDUK-PRODUCT",,,,,,,,,"",,,,,,
67068,6,,,,777,,,"BG2","BG2","DIAMOND GRINDING WHEEL DRESSER","DIAMOND GRINDING WHEEL DRESSER",4.98,4.98,,"4025","GBP",,,,,,"GBP",11.21,"4025","Active","4025 - MISC","24",0,0,1,0,0,,,,,,,"C-BG2",,,,,,,,,"",,,,,,
67069,6,,,,777,,,"BG305.12.4-4","BG305.12.4-4","GEAR CASE -                                             FITS DM26L","GEAR CASE -                                             FITS DM26L",2.8,2.8,,"4098","GBP",,,,,,"GBP",10.79,"4098","Active","4098 - SPARE PARTS","20",0,20,1,56,215.8,,,,,,,"C-BG305.12.4-4",,,,,,,,,"",,,,,,
67070,6,,,,777,,,"BG305.13.1","BG305.13.1","GUARD -                                      FITS DM26L","GUARD -                                      FITS DM26L",1.52,0,,"4098","GBP",,,,,,"GBP",12.46,"4098","Active","4098 - SPARE PARTS","20",0,0,1,0,0,,,,,,,"C-BG305.13.1",,,,,,,,,"",,,,,,
67071,6,,,,777,,,"BG305.13.1/2","BG305.13.1/2","CLAMP -                                               FITS DM26L","CLAMP -                                               FITS DM26L",0.24,0.24,,"4098","GBP",,,,,,"GBP",3.29,"4098","Active","4098 - SPARE PARTS","20",0,5,1,1.2,16.45,,,,,,,"C-BG305.13.1/2",,,,,,,,,"",,,,,,
67072,6,,,,777,,,"BG415-2","BG415-2","BRUSHCUTTER BLADE -                                  FITS DM26L / H","BRUSHCUTTER BLADE -                                  FITS DM26L / H",0.6,0.6,,"4098","GBP",,,,,,"GBP",16.63,"4098","Active","4098 - SPARE PARTS","20",0,49,1,29.4,814.87,,,,,,,"C-BG415-2",,,,,,,,,"",,,,,,
67073,6,,,,777,,,"BM6F","BM6F","NGK BM6F SPARK PLUG","NGK BM6F SPARK PLUG",1.75,0,,"4098","GBP",,,,,,"GBP",8.97,"4098","Active","4098 - SPARE PARTS","20",0,0,1,0,0,,,,,,,"C-BM6F",,,,,,,,,"",,752107,,,,
67074,6,,,,777,,,"BOU001","BOU001","SPARK PLUG 14MM X 9.5MM (CHAMPION RJ19LM/ NGKBR2LM/ BOSCH WR11E0)","SPARK PLUG 14MM X 9.5MM (CHAMPION RJ19LM/ NGKBR2LM/ BOSCH WR11E0)",0.68,0.68,,"4098","GBP",,,,,,"GBP",6.68,"4098","Active","4098 - SPARE PARTS","3",0,-2,1,-1.36,-13.36,,,,,,,"C-BOU001",,,1,,,,,,"",,752066,,,,
67075,6,,,,777,,,"BOU002","BOU002","JR BOU002 Replaces: Bosch WS8E - Champion CJ8 - Denzo W20MUS - NGK BM6A - Torch L6C","JR BOU002 Replaces: Bosch WS8E - Champion CJ8 - Denzo W20MUS - NGK BM6A - Torch L6C",0.74,0.74,,"4098","GBP",,,,,,"GBP",6.98,"4098","Active","4098 - SPARE PARTS","15",0,4,1,2.96,27.92,,,,,,,"C-BOU002",,,,,,,,,"",,752066,,,,
67076,6,,,,777,,,"BOU006","BOU006","JR BOU006 Replaces original: Champion RN11YC, NGK BPR5ES, Bosch WR9DC, Denso W16EPRU, Torch F5RTC","JR BOU006 Replaces original: Champion RN11YC, NGK BPR5ES, Bosch WR9DC, Denso W16EPRU, Torch F5RTC",0.78,0.78,,"4098","GBP",,,,,,"GBP",6.98,"4098","Active","4098 - SPARE PARTS","15",0,1,1,0.78,6.98,,,,,,,"C-BOU006",,,,,,,,,"",,752066,,,,
67077,6,,,,777,,,"BOU008","BOU008","JR BOU008","JR BOU008",0.74,0.74,,"4098","GBP",,,,,,"GBP",7.98,"4098","Active","4098 - SPARE PARTS","15",0,22,1,16.28,175.56,,,,,,,"C-BOU008",,,,,,,,,"",,752066,,,,
67078,6,,,,777,,,"BOU012","BOU012","JR BOU012 Compatible with Champion RDJ8J, NGK BMR6F, Torch N6RC, Bosch HS6E, Denso T20MU","JR BOU012 Compatible with Champion RDJ8J, NGK BMR6F, Torch N6RC, Bosch HS6E, Denso T20MU",0.9,0.9,,"4098","GBP",,,,,,"GBP",7.98,"4098","Active","4098 - SPARE PARTS","15",0,49,1,44.1,391.02,,,,,,,"C-BOU012",,,0.1,,,,,,"",,752066,,,,
67079,6,,,,777,,,"BOU018","BOU018","JR BOU018 Replaces: Champion CJ6 - NGK BM7A - Bosch WS7E - Torch L7C - Denso W22MUS","JR BOU018 Replaces: Champion CJ6 - NGK BM7A - Bosch WS7E - Torch L7C - Denso W22MUS",0.74,0.74,,"4098","GBP",,,,,,"GBP",6.98,"4098","Active","4098 - SPARE PARTS","15",0,1,1,0.74,6.98,,,,,,,"C-BOU018",,,,,,,,,"",,752066,,,,
67080,6,,,,777,,,"BOU019","BOU019","JR BOU019 Replaces: Champion J19LM - NGK B2LM - Bosch WR9EO - Torch GL4C - Denso W9LMUS","JR BOU019 Replaces: Champion J19LM - NGK B2LM - Bosch WR9EO - Torch GL4C - Denso W9LMUS",0.76,0.76,,"4098","GBP",,,,,,"GBP",6.98,"4098","Active","4098 - SPARE PARTS","15",0,30,1,22.8,209.4,,,,,,,"C-BOU019",,,,,,,,,"",,752066,,,,
67081,6,,,,777,,,"BOU022","BOU022","Spark Plug - JR BOU0022 (Equivalent to CHAMPION RZ7C OR NGK CMR6H)","Spark Plug - JR BOU0022 (Equivalent to CHAMPION RZ7C OR NGK CMR6H)",0.9,0.9,,"4098","GBP",,,,,,"GBP",7.98,"4098","Active","4098 - SPARE PARTS","15",0,80,1,72,638.4,,,,,,,"C-BOU022",,,0.08,,,,,,"",,752066,,,,
67082,6,,,,777,,,"BP399781S","BP399781S","OIL SEAL","OIL SEAL",11.29,11.29,,"4098","GBP",,,,,,"GBP",29.95,"4098","Active","4098 - SPARE PARTS","20",0,0,1,0,0,,,,,,,"C-BP399781S",,,,,,,,,"",,752107,,,,
67083,6,,,,777,,,"BP692187","BP692187","GENUINE BRIGGS & STRATTON GROMMET","GENUINE BRIGGS & STRATTON GROMMET",4.41,4.41,,"4098","GBP",,,,,,"GBP",9.99,"4098","Active","4098 - SPARE PARTS","20",0,0,1,0,0,,,,,,,"C-BP692187",,,,,,,,,"",,752107,,,,
67084,6,,,,777,,,"BP692189","BP692189","GENUINE BRIGGS & STRATTON GROMMET","GENUINE BRIGGS & STRATTON GROMMET",4.46,4.46,,"4098","GBP",,,,,,"GBP",9.99,"4098","Active","4098 - SPARE PARTS","20",0,0,1,0,0,,,,,,,"C-BP692189",,,,,,,,,"",,752107,,,,
67085,6,,,,777,,,"BP692232","BP692232","CRANKCASE GASKET","CRANKCASE GASKET",9.3,9.3,,"4098","GBP",,,,,,"GBP",25.95,"4098","Active","4098 - SPARE PARTS","20",0,0,1,0,0,,,,,,,"C-BP692232",,,,,,,,,"",,752107,,,,
67086,6,,,"2026-03-09T09:53:19.000Z",24307252,,,"BP6ES","BP6ES","NGK SPARK PLUG BP6ES","NGK SPARK PLUG BP6ES",1.5,1.55,,"4098","GBP",,,,,,"GBP",7.44,"4098","Active","4098 - SPARE PARTS","20",0,25,1,37.5,186,,,,,,,"C-BP6ES",,,,,,,,,"2A SHELF 2",,,,,,
67087,6,,,,777,,,"BPMR7A","BPMR7A","NGK BPMR7A SPARK PLUG","NGK BPMR7A SPARK PLUG",1.85,1.85,,"4098","GBP",,,,,,"GBP",7.99,"4098","Active","4098 - SPARE PARTS","20",0,83,1,153.55,663.17,,,,,,,"C-BPMR7A",,,,,,,,,"2B",,752133,,,,
67088,6,,,,777,,,"BPR5ES","BPR5ES","NGK BPR5ES SPARK PLUG","NGK BPR5ES SPARK PLUG",1.55,1.66,,"4098","GBP",,,,,,"GBP",7.99,"4098","Active","4098 - SPARE PARTS","20",0,85,1,131.75,679.15,,,,,,,"C-BPR5ES",,,,,,,,,"2B",,752133,,,,
67089,6,,,,777,,,"BPR6ES","BPR6ES","BPR6ES NGK SPARK PLUG","BPR6ES NGK SPARK PLUG",1.79,0,,"4098","GBP",,,,,,"GBP",7.99,"4098","Active","4098 - SPARE PARTS","20",0,-1,1,-1.79,-7.99,,,,,,,"C-BPR6ES",,,,,,,,,"",,,,,,
67090,6,,,,777,,,"BPR6HS","BPR6HS","NGK SPARK PLUG BPR6HS","NGK SPARK PLUG BPR6HS",2.81,2.81,,"4098","GBP",,,,,,"GBP",9.98,"4098","Active","4098 - SPARE PARTS","20",0,-1,1,-2.81,-9.98,,,,,,,"C-BPR6HS",,,,,,,,,"",,752107,,,,
67091,6,,,,777,,,"BPR7ES","BPR7ES","NGK BPR7ES SPARK PLUG","NGK BPR7ES SPARK PLUG",2.03,1.02,,"4098","GBP",,,,,,"GBP",4.39,"4098","Active","4098 - SPARE PARTS","20",0,3,1,6.09,13.17,,,,,,,"C-BPR7ES",,,,,,,,,"",,,,,,
67092,6,,,,777,,,"BR6HS","BR6HS","SPARK PLUG","SPARK PLUG",1.99,1.99,,"4098","GBP",,,,,,"GBP",7.99,"4098","Active","4098 - SPARE PARTS","20",0,94,1,187.06,751.06,,,,,,,"C-BR6HS",,,,,,,,,"",,752107,,,,
67093,6,,,,777,,,"BRSC","BRSC","SNAPPER BRSC 82v BATTERY CHARGER","SNAPPER BRSC 82v BATTERY CHARGER",60.23,60.23,,"4025","GBP",,,,,,"GBP",99,"4025","Active","4025 - MISC","59",0,0,1,0,0,,,,,,,"C-BRSC",,,0,,,,,,"",,752098,,,,
67094,6,,,,777,,,"BS272410","BS272410","GASKET TANK","GASKET TANK",1.49,0,,"4098","GBP",,,,,,"GBP",2.98,"4098","Active","4098 - SPARE PARTS","1",0,0,1,0,0,,,,,,,"C-BS272410",,,,,,,,,"",,,,,,
67095,6,,,,777,,,"BS691265","BS691265","BRIGGS & STRATTON GENUINE OME REPLACEMENT RETAINING RING","BRIGGS & STRATTON GENUINE OME REPLACEMENT RETAINING RING",6.99,6.99,,"4098","GBP",,,,,,"GBP",15,"4098","Active","4098 - SPARE PARTS","20",0,1,1,6.99,15,,,,,,,"C-BS691265",,,,,,,,,"",,,,,,
67096,6,,,,777,,,"BSB","BSB","SNAPPER 82V (4ah) BATTERY","SNAPPER 82V (4ah) BATTERY",200.14,200.14,,"4025","GBP",,,,,,"GBP",309,"4025","Active","4025 - MISC","59",0,0,1,0,0,,,,,,,"C-BSB",,,,,,,,,"",,752098,,,,
67097,6,,,,777,,,"BT155","BT155","BERTOLINI COMPACT PETROL FRONT TINE CULTIVATOR","BERTOLINI COMPACT PETROL FRONT TINE CULTIVATOR",252.03,0,,"4017","GBP",,,,,,"GBP",318,"4017","Active","4017 - TILLERS & CULTIVATORS","37",0,-1,1,-252.03,-318,,,,,,,"C-BT155",,,27,,,,,,"",,752095,,,,
67098,6,,,,777,,,"BT195","BT195","BERTOLINI BT195 PETROL FRONT TINE CULTIVATOR","BERTOLINI BT195 PETROL FRONT TINE CULTIVATOR",390,390,,"4017","GBP",,,,,,"GBP",456,"4017","Active","4017 - TILLERS & CULTIVATORS","37",0,0,1,0,0,,,,,,,"C-BT195",,,60,,,,,,"",,752095,,,,
67099,6,,,,777,,,"BT401S","BT401S","BERTOLINI BT401S PROFESSIONAL TWO-WHEEL REAR-TINE TILLER (HONDA ENGINE)","BERTOLINI BT401S PROFESSIONAL TWO-WHEEL REAR-TINE TILLER (HONDA ENGINE)",1266.83,1266.83,,"4017","GBP",,,,,,"GBP",1466.43,"4017","Active","4017 - TILLERS & CULTIVATORS","37",0,0,1,0,0,,,,,,,"C-BT401S",,,75,,,,,,"",,,,,,
67100,6,,,,777,,,"C25-7-RET","C25-7-RET","CHIPPERFIELD C25-7 RIDER - RETURN STOCK","CHIPPERFIELD C25-7 RIDER - RETURN STOCK",535,535,,"4011","GBP",,,,,,"GBP",999,"4011","Active","4011 - RIDE ON LAWNMOWERS","199",0,0,0,0,0,,,,,,,"C-C25-7-RET",,,,,,,,,"",,752066,,,,
67101,6,,,,777,,,"C75404062","C75404062","BELT","BELT",80.28,80.28,,"4098","GBP",,,,,,"GBP",79.95,"4098","Active","4098 - SPARE PARTS","20",0,0,1,0,0,,,,,,,"C-C75404062",,,,,,,,,"",,,,,,
67102,6,,,,777,,,"CARB006","CARB006","PRIMER BULB","PRIMER BULB",0.51,0.51,,"4098","GBP",,,,,,"GBP",6.99,"4098","Active","4098 - SPARE PARTS","15",0,8,1,4.08,55.92,,,,,,,"C-CARB006",,,,,,,,,"",,,,,,
67103,6,,,,777,,,"CARB007","CARB007","PRIMER BULB","PRIMER BULB",0.95,0.95,,"4098","GBP",,,,,,"GBP",9.99,"4098","Active","4098 - SPARE PARTS","15",0,8,1,7.6,79.92,,,,,,,"C-CARB007",,,,,,,,,"",,,,,,
67104,6,,,,777,,,"CG260.2","CG260.2","LEVER ASSY -                                                FITS DM26L","LEVER ASSY -                                                FITS DM26L",2.24,2.24,,"4098","GBP",,,,,,"GBP",12.08,"4098","Active","4098 - SPARE PARTS","20",0,15,1,33.6,181.2,,,,,,,"C-CG260.2",,,,,,,,,"",,,,,,
67105,6,,,,777,,,"CG260.4","CG260.4","HARNESS -                                       FITS DM26L","HARNESS -                                       FITS DM26L",1.2,1.2,,"4098","GBP",,,,,,"GBP",14.13,"4098","Active","4098 - SPARE PARTS","20",0,10,1,12,141.3,,,,,,,"C-CG260.4",,,,,,,,,"",,,,,,
67106,6,,,,777,,,"CG260A.1A","CG260A.1A","CLUTCH CUP -                                       FITS DM26L","CLUTCH CUP -                                       FITS DM26L",2.4,2.4,,"4098","GBP",,,,,,"GBP",9.96,"4098","Active","4098 - SPARE PARTS","20",0,10,1,24,99.6,,,,,,,"C-CG260A.1A",,,,,,,,,"",,,,,,
67107,6,,,,777,,,"CG260E-5","CG260E-5","GUARD -                                                 FITS DM26C","GUARD -                                                 FITS DM26C",1.12,1.12,,"4098","GBP",,,,,,"GBP",13.29,"4098","Active","4098 - SPARE PARTS","20",0,5,1,5.6,66.45,,,,,,,"C-CG260E-5",,,,,,,,,"",,,,,,
67108,6,,,,777,,,"CG260E.1A","CG260E.1A","CLUTCH -                                                 FITS DM26C","CLUTCH -                                                 FITS DM26C",0.64,0.64,,"4098","GBP",,,,,,"GBP",13.29,"4098","Active","4098 - SPARE PARTS","20",0,5,1,3.2,66.45,,,,,,,"C-CG260E.1A",,,,,,,,,"",,,,,,
67109,6,,,,777,,,"CG305F.11-1","CG305F.11-1","BLADE GUARD -                                FITS DM26C","BLADE GUARD -                                FITS DM26C",0.16,0.16,,"4000","GBP",,,,,,"GBP",11.63,"4000","Active","4000 - Delivery charges - outward freight","20",0,5,1,0.8,58.15,,,,,,,"C-CG305F.11-1",,,,,,,,,"",,,,,,
67110,6,,,,777,,,"CG305F.6","CG305F.6","HANDLE ASSY -                              FITS DM2C","HANDLE ASSY -                              FITS DM2C",0.72,0.72,,"4098","GBP",,,,,,"GBP",14.96,"4098","Active","4098 - SPARE PARTS","20",0,15,1,10.8,224.4,,,,,,,"C-CG305F.6",,,,,,,,,"",,,,,,
67111,6,,,,777,,,"CG415.1","CG415.1","SHAFT COMPLETE -                                FITS DM26L","SHAFT COMPLETE -                                FITS DM26L",2.8,2.8,,"4098","GBP",,,,,,"GBP",37.46,"4098","Active","4098 - SPARE PARTS","20",0,20,1,56,749.2,,,,,,,"C-CG415.1",,,,,,,,,"",,,,,,
67112,6,,,,777,,,"CMR6A","CMR6A","NGK SPARK PLUG","NGK SPARK PLUG",0.01,0,,"4098","GBP",,,,,,"GBP",4.29,"4098","Active","4098 - SPARE PARTS","20",0,0,1,0,0,,,,,,,"C-CMR6A",,,,,,,,,"",,,,,,
67113,6,,,"2025-11-19T14:52:24.000Z",24305282,,,"COLLECTORBAG","COLLECTORBAG","COLLECTOR BAG -                                   FITS DM26PBV","COLLECTOR BAG -                                   FITS DM26PBV",2,2,,"4098","GBP",,,,,,"GBP",24.96,"4098","Active","4098 - SPARE PARTS","20",0,89,1,178,2221.44,,,,,,,"C-COLLECTORBAG",,,2,,,,,,"TG3 FLOOR",,,,,,
67114,6,,,,777,,,"CP20VGBSKIT1","CP20VGBSKIT1","SEALEY SV20 SERIES15L CORDLESS GARDEN BACKPACK SPRAYE 20V 2AH","SEALEY SV20 SERIES15L CORDLESS GARDEN BACKPACK SPRAYE 20V 2AH",99.98,94.98,,"4025","GBP",,,,,,"GBP",179.96,"4025","Active","4025 - MISC","24",0,2,1,199.96,359.92,,,,,,,"C-CP20VGBSKIT1",,,,,,,,,"",,,,,,
67115,6,,,,777,,,"CS-2511TES/25","CS-2511TES/25","ECHO CS-2511TES/25 CHAINSAW","ECHO CS-2511TES/25 CHAINSAW",275.71,286.74,,"4016","GBP",,,,,,"GBP",424.17,"4016","Active","4016 - CHAINSAW","63",0,2,1,551.42,848.34,,,,,,,"C-CS-2511TES/25",,,,,,,,,"",,752098,,,,
67116,6,,,"2026-02-02T16:41:27.000Z",24305274,,,"CS-2511TESC/25","CS-2511TESC/25","ECHO CS-2511TESC/25 TOP-HANDLE PETROL ARBORISTS CHAINSAW (25CM)","ECHO CS-2511TESC/25 TOP-HANDLE PETROL ARBORISTS CHAINSAW (25CM)",302.79,307.29,,"4016","GBP",,,,,,"GBP",439,"4016","Active","4016 - CHAINSAW","63",0,0,1,0,0,,,,,,,"C-CS-2511TESC",,,2.3,,,,,,"",,,,,,
67117,6,,,,777,,,"CS-4510ES/45","CS-4510ES/45","ECHO CS-4510ES CHAINSAW 18""""","ECHO CS-4510ES CHAINSAW 18""""",286.54,283.84,,"4016","GBP",,,,,,"GBP",440.83,"4016","Active","4016 - CHAINSAW","63",0,1,1,286.54,440.83,,,,,,,"C-CS-4510ES/45",,,,,,,,,"",,752098,,,,
67118,6,,,"2026-02-04T11:24:07.000Z",24305274,,,"CS-501SX/45","CS-501SX/45","ECHO CS-501SX CHAINSAW 18""""","ECHO CS-501SX CHAINSAW 18""""",427.38,381.34,,"4016","GBP",,,,,,"GBP",657.5,"4016","Active","4016 - CHAINSAW","63",0,1,1,427.38,657.5,,,,,,,"C-CS-501SX/45",,,,,,,,,"",,752098,,,,
67119,6,,,,777,,,"CS-7310SX/50","CS-7310SX/50","ECHO CS-7310SX CHAINSAW 20""""","ECHO CS-7310SX CHAINSAW 20""""",611.54,611.54,,"4016","GBP",,,,,,"GBP",940.83,"4016","Active","4016 - CHAINSAW","63",0,-1,1,-611.54,-940.83,,,,,,,"C-CS-7310SX/50",,,,,,,,,"",,752098,,,,
67120,6,,,"2026-01-26T15:28:29.000Z",24305274,,,"CS-3510ES","CS-3510ES","ECHO CS-3510ES 35cm BAR CHAINSAW","ECHO CS-3510ES 35cm BAR CHAINSAW",178.21,183.14,,"4016","GBP",,,,,,"GBP",279,"4016","Active","4016 - CHAINSAW","63",0,0,1,0,0,,,,,,,"C-CS3510ES",,,,,,,,,"",,,,,,
67121,6,,,,777,,,"CST806","CST806","SEALEY PLATFORM TRUCK WITH REMOVABLE SIDES, PNWUMATIC TYRES 450KG CAPACITY","SEALEY PLATFORM TRUCK WITH REMOVABLE SIDES, PNWUMATIC TYRES 450KG CAPACITY",189.98,189.98,,"4025","GBP",,,,,,"GBP",379.96,"4025","Active","4025 - MISC","24",0,1,1,189.98,379.96,,,,,,,"C-CST806",,,,,,,,,"",,,,,,
67122,6,,,"2025-11-24T12:17:23.000Z",24305274,,,"CST997","CST997","SEALEY PLATFORM TRUCK WITH REMOVABLE SIDES, PNEUMATIC TYRES 200KG CAPACITY","SEALEY PLATFORM TRUCK WITH REMOVABLE SIDES, PNEUMATIC TYRES 200KG CAPACITY",119.98,119.98,,"4025","GBP",,,,,,"GBP",239.96,"4025","Active","4025 - MISC","24",0,1,1,119.98,239.96,,,,,,,"C-CST997",,,,,,,,,"",,,,,,
67123,6,,,,777,,,"CT26","CT26","JR CT26 Chainsaw chain - Chain pitch 0.325"" - Number of pacers 72 - Gauge 0.058 (1.5mm) 45 cm""","JR CT26 Chainsaw chain - Chain pitch 0.325"" - Number of pacers 72 - Gauge 0.058 (1.5mm) 45 cm""",2.98,2.98,,"4098","GBP",,,,,,"GBP",19.98,"4098","Active","4098 - SPARE PARTS","3",0,0,1,0,0,,,,,,,"C-CT26",,,0.35,,,,,,"",,752066,,,,
67124,6,,,,777,,,"CUBCADETC1224KHP","CUBCADETC1224KHP","PRE-OWNED CC1224KHP","PRE-OWNED CC1224KHP",1500,0,,"4011","GBP",,,,,,"GBP",3000,"4011","Active","4011 - RIDE ON LAWNMOWERS","40",0,0,1,0,0,,,,,,,"C-CUBCADETC1224KHP",,,,,,,,,"",,,,,,
67125,6,,,,777,,,"D20-WAT","D20-WAT","CARBURETTOR GASKET & DIAPHRAGM SET","CARBURETTOR GASKET & DIAPHRAGM SET",10.67,10.67,,"4098","GBP",,,,,,"GBP",21.34,"4098","Active","4098 - SPARE PARTS","20",0,0,1,0,0,,,,,,,"C-D20-WAT",,,,,,,,,"",,752107,,,,
67126,6,,,,777,,,"D314TB","D314TB","RACING D314TB-A 4-STROKE PETROL BRUSHCUTTER","RACING D314TB-A 4-STROKE PETROL BRUSHCUTTER",0,0,,"4012","GBP",,,,,,"GBP",199.95,"4012","Active","4012 - HANDHELD PRODCUTS","2",0,0,1,0,0,,,,,,,"C-D314TB",,,,,,,,,"",,,,,,
67127,6,,,"2025-10-30T15:55:51.000Z",24305274,,,"DC24-4","DC24-4","SPECTRUM DC24-4 RIDE ON MOWER","SPECTRUM DC24-4 RIDE ON MOWER",530.15,553.98,,"4011","GBP",,,,,,"GBP",1308.29,"4011","Active","4011 - RIDE ON LAWNMOWERS","26",0,21,1,11133.15,27474.09,,,,,,,"C-DC24-2",,,,,,,,,"",,,,,,
67128,6,,,"2026-04-20T14:01:40.000Z",24305282,,,"DC251002250004","DC251002250004","ASSEMBLED FULL ENGINE DC24-4","ASSEMBLED FULL ENGINE DC24-4",0,0,,"4098","GBP",,,,,,"GBP",384.55,"4098","Active","4098 - SPARE PARTS","20",0,-1,1,0,-384.55,,,,,,,"C-DC251002250004",,,,,,,,,"DC FLOOR",,,,,,
67129,6,,,"2025-12-02T15:27:42.000Z",24305282,,,"DC292915","DC292915","AIR BOX & FILTER DC24-4","AIR BOX & FILTER DC24-4",6.59,6.46,,"4098","GBP",,,,,,"GBP",26.84,"4098","Active","4098 - SPARE PARTS","20",0,31,1,204.29,832.04,,,,,,,"C-DC292915",,,,,,,,,"P1B",,,,,,
67130,6,,,,777,,,"DC293601","DC293601","FUEL CAP DC24-4","FUEL CAP DC24-4",0.57,2.09,,"4098","GBP",,,,,,"GBP",9.6,"4098","Active","4098 - SPARE PARTS","20",0,22,1,12.54,211.2,,,,,,,"C-DC293601",,,,,,,,,"DC1E BOX",,,,,,
67131,6,,,"2025-12-03T15:22:51.000Z",24305282,,,"DC294816","DC294816","STARTER CHORD & COVER DC24-4","STARTER CHORD & COVER DC24-4",5.83,14.33,,"4098","GBP",,,,,,"GBP",45.64,"4098","Active","4098 - SPARE PARTS","20",0,31,1,180.73,1414.84,,,,,,,"C-DC294816",,,,,,,,,"P2B",,,,,,
67132,6,,,"2025-12-02T15:24:43.000Z",24305282,,,"DC295621","DC295621","OIL DIPSTICK DC24-4","OIL DIPSTICK DC24-4",1.13,5.46,,"4098","GBP",,,,,,"GBP",19.56,"4098","Active","4098 - SPARE PARTS","20",0,16,1,18.08,312.96,,,,,,,"C-DC295621",,,,,,,,,"P1B BOX",,,,,,
67133,6,,,"2025-12-03T15:22:02.000Z",24305282,,,"DC299904","DC299904","FUEL FILTER DC24-4","FUEL FILTER DC24-4",0.28,1.74,,"4098","GBP",,,,,,"GBP",6.4,"4098","Active","4098 - SPARE PARTS","20",0,31,1,8.68,198.4,,,,,,,"C-DC299904",,,,,,,,,"P2A BOX",,,,,,
67134,6,,,"2025-12-03T15:15:13.000Z",24305282,,,"DC302301","DC302301","INTAKE GASKET DC24-4","INTAKE GASKET DC24-4",0.57,1.53,,"4098","GBP",,,,,,"GBP",4.96,"4098","Active","4098 - SPARE PARTS","20",0,22,1,12.54,109.12,,,,,,,"C-DC302301",,,,,,,,,"P2A BOX",,,,,,
67135,6,,,"2025-12-03T15:04:02.000Z",24305282,,,"DC370002","DC370002","FUEL TANK DC24-4","FUEL TANK DC24-4",2.63,5.71,,"4098","GBP",,,,,,"GBP",23.45,"4098","Active","4098 - SPARE PARTS","20",0,22,1,57.86,515.9,,,,,,,"C-DC370002",,,,,,,,,"P1 FLOOR",,,,,,
67136,6,,,"2025-12-03T15:42:07.000Z",24305282,,,"DC370004","DC370004","WIRING HARNESS TO STARTER MOTOR DC24-4","WIRING HARNESS TO STARTER MOTOR DC24-4",1.88,4.23,,"4098","GBP",,,,,,"GBP",13.14,"4098","Active","4098 - SPARE PARTS","20",0,11,1,20.68,144.54,,,,,,,"C-DC370004",,,,,,,,,"P2D BOX",,,,,,
67137,6,,,"2025-12-03T15:23:12.000Z",24305282,,,"DC372501","DC372501","EXHAUST HEAT SHIELD DC24-4","EXHAUST HEAT SHIELD DC24-4",1.55,3.2,,"4098","GBP",,,,,,"GBP",9.68,"4098","Active","4098 - SPARE PARTS","20",0,21,1,32.55,203.28,,,,,,,"C-DC372501",,,,,,,,,"P2B",,,,,,
67138,6,,,"2025-12-03T15:12:52.000Z",24305282,,,"DC372801","DC372801","CARBURETTOR DC24-4","CARBURETTOR DC24-4",10.73,25.51,,"4098","GBP",,,,,,"GBP",65.8,"4098","Active","4098 - SPARE PARTS","20",0,51,1,547.23,3355.8,,,,,,,"C-DC372801",,,,,,,,,"P2A",,,,,,
67139,6,,,"2025-12-02T15:29:23.000Z",24305282,,,"DC373701","DC373701","EXHAUST MUFFLER DC24-4","EXHAUST MUFFLER DC24-4",3.2,6.4,,"4098","GBP",,,,,,"GBP",28.22,"4098","Active","4098 - SPARE PARTS","20",0,31,1,99.2,874.82,,,,,,,"C-DC373701",,,,,,,,,"P1B",,,,,,
67140,6,,,"2025-12-03T15:26:43.000Z",24305282,,,"DC503034","DC503034","FUEL LINE CLAMP DC24-4","FUEL LINE CLAMP DC24-4",1.86,1.86,,"4098","GBP",,,,,,"GBP",3.72,"4098","Active","4098 - SPARE PARTS","20",0,2,1,3.72,7.44,,,,,,,"C-DC503034",,,,,,,,,"P2C BOX",,,,,,
67141,6,,,"2025-12-03T15:27:48.000Z",24305282,,,"DC5314","DC5314","AIR FILTER (RED) DC24-4","AIR FILTER (RED) DC24-4",1.22,2.96,,"4098","GBP",,,,,,"GBP",14.99,"4098","Active","4098 - SPARE PARTS","20",0,102,1,124.44,1528.98,,,,,,,"C-DC5314",,,,,,,,,"P1D",,,,,,
67142,6,,,"2025-12-02T16:13:53.000Z",24305282,,,"DC602057","DC602057","BLADE BOSS DC24-4","BLADE BOSS DC24-4",2.05,2.2,,"4098","GBP",,,,,,"GBP",21.28,"4098","Active","4098 - SPARE PARTS","20",0,63,1,129.15,1340.64,,,,,,,"C-DC602057",,,,,,,,,"P1C BOX",,,,,,
67143,6,,,"2026-04-28T08:37:30.000Z",24305282,,,"DC830040","DC830040","RUBBER TUBE TO DECK STRAP DC24-4","RUBBER TUBE TO DECK STRAP DC24-4",1.6,1.6,,"4098","GBP",,,,,,"GBP",4.8,"4098","Active","4098 - SPARE PARTS","20",0,20,1,32,96,,,,,,,"C-DC830040",,,,,,,,,"P1D",,,,,,
67144,6,,,"2026-04-28T08:30:35.000Z",24305282,,,"DC830101","DC830101","RUBBER BLOCK DC24-4 (MID STRAP)","RUBBER BLOCK DC24-4 (MID STRAP)",1.6,1.6,,"4098","GBP",,,,,,"GBP",4.8,"4098","Active","4098 - SPARE PARTS","20",0,-1,1,-1.6,-4.8,,,,,,,"C-DC830101",,,,,,,,,"DC1B BOX",,,,,,
67145,6,,,"2025-12-03T15:47:34.000Z",24305282,,,"DC830110","DC830110","SIDE DISCHARGE CHUTE DC24-4","SIDE DISCHARGE CHUTE DC24-4",3.39,7.8,,"4098","GBP",,,,,,"GBP",36.4,"4098","Active","4098 - SPARE PARTS","20",0,11,1,37.29,400.4,,,,,,,"C-DC830110",,,,,,,,,"P2 FLOOR",,,,,,
67146,6,,,,777,,,"DC830114","DC830114","GRASS BAG ASSEMBLY DC24-4","GRASS BAG ASSEMBLY DC24-4",74,74,,"4098","GBP",,,,,,"GBP",149.99,"4098","Active","4098 - SPARE PARTS","20",0,2,1,148,299.98,,,,,,,"C-DC830114",,,,,,,,,"DC FLOOR",,,,,,
67147,6,,,"2025-12-03T15:14:05.000Z",24305282,,,"DC830117","DC830117","BATTERY COVER DC24-4","BATTERY SHIELD DC24-4",1.42,5.09,,"4098","GBP",,,,,,"GBP",17.52,"4098","Active","4098 - SPARE PARTS","20",0,21,1,29.82,367.92,,,,,,,"C-DC830117",,,,,,,,,"P2A",,,,,,
67148,6,,,"2025-12-03T15:13:40.000Z",24305282,,,"DC830118","DC830118","BATTERY PLASTIC SHEATH DC24-4","BATTERY COVER DC24-4",1.7,5.65,,"4098","GBP",,,,,,"GBP",19.2,"4098","Active","4098 - SPARE PARTS","20",0,16,1,27.2,307.2,,,,,,,"C-DC830118",,,,,,,,,"P2A",,,,,,
67149,6,,,"2025-12-03T15:01:20.000Z",24305282,,,"DC830121","DC830121","FRONT WHEEL DC24-4","FRONT WHEEL DC24-4",14.5,18.98,,"4098","GBP",,,,,,"GBP",46.92,"4098","Active","4098 - SPARE PARTS","20",0,38,1,551,1782.96,,,,,,,"C-DC830121",,,,,,,,,"P1D",,,,,,
67150,6,,,"2026-02-20T09:53:34.000Z",24305282,,,"DC830122","DC830122","REAR WHEEL DC24-4","REAR WHEEL DC24-4",15.43,19.45,,"4098","GBP",,,,,,"GBP",59.95,"4098","Active","4098 - SPARE PARTS","20",0,34,1,524.62,2038.3,,,,,,,"C-DC830122",,,,,,,,,"DC1D",,,,,,
67151,6,,,"2026-03-19T08:41:55.000Z",24305282,,,"DC830123","DC830123","BLADE DRIVE BELT A900 DC24-4","BLADE DRIVE BELT A900 DC24-4",3.92,5.01,,"4098","GBP",,,,,,"GBP",26.98,"4098","Active","4098 - SPARE PARTS","20",0,79,1,309.68,2131.42,,,,,,,"C-DC830123",,,,,,,,,"P2E",,,,,,
67152,6,,,"2026-03-19T08:41:07.000Z",24305282,,,"DC830124","DC830124","TRANSMISSION BELT A800 DC24-4","TRANSMISSION BELT A31 1/2 DC24-4 A800",4.42,13.01,,"4098","GBP",,,,,,"GBP",65,"4098","Active","4098 - SPARE PARTS","20",0,101,1,446.42,6565,,,,,,,"C-DC830124",,,,,,,,,"P1A",,,,,,
67153,6,,,"2025-12-03T15:45:43.000Z",24305282,,,"DC830126","DC830126","BATTERY CHARGER DC24-4","BATTERY CHARGER DC24-4",3.39,12.4,,"4098","GBP",,,,,,"GBP",42.8,"4098","Active","4098 - SPARE PARTS","20",0,18,1,61.02,770.4,,,,,,,"C-DC830126",,,,,,,,,"P2D",,,,,,
67154,6,,,"2025-12-02T15:22:31.000Z",24305282,,,"DC830143","DC830143","WIRING HARNESS FROM BATTERY DC24-4","WIRING HARNESS FROM BATTERY DC24-4",1.79,6.5,,"4098","GBP",,,,,,"GBP",22.4,"4098","Active","4098 - SPARE PARTS","20",0,11,1,19.69,246.4,,,,,,,"C-DC830143",,,,,,,,,"P1B",,,,,,
67155,6,,,"2025-12-02T15:23:07.000Z",24305282,,,"DC830148","DC830148","WIRING HARNESS DC24-4","WIRING HARNESS DC24-4",23.35,23.35,,"4098","GBP",,,,,,"GBP",46.7,"4098","Active","4098 - SPARE PARTS","20",0,1,1,23.35,46.7,,,,,,,"C-DC830148",,,,,,,,,"P1B",,,,,,
67156,6,,,"2025-12-03T15:44:57.000Z",24305282,,,"DC830195","DC830195","FRONT LIGHT ASSEMBLY DC24-4","FRONT LIGHT ASSEMBLY DC24-4",35.29,25.55,,"4098","GBP",,,,,,"GBP",31.6,"4098","Active","4098 - SPARE PARTS","20",0,11,1,388.19,347.6,,,,,,,"C-DC830195",,,,,,,,,"P2D BOX",,,,,,
67157,6,,,"2025-12-03T15:02:45.000Z",24305282,,,"DC830196","DC830196","IGNITION BARREL & KEYS DC24-4","IGNITION BARREL & KEYS DC24-4",2.63,8.48,,"4098","GBP",,,,,,"GBP",28.66,"4098","Active","4098 - SPARE PARTS","20",0,19,1,49.97,544.54,,,,,,,"C-DC830196",,,,,,,,,"P1E BOX",,,,,,
67158,6,,,"2025-12-02T16:11:00.000Z",24305282,,,"DC831142","DC831142","BLADE DC24-4","BLADE DC24-4",9.01,9.51,,"4098","GBP",,,,,,"GBP",65,"4098","Active","4098 - SPARE PARTS","20",0,86,1,774.86,5590,,,,,,,"C-DC831142",,,,,,,,,"P1C",,,,,,
67159,6,,,"2025-12-03T15:00:58.000Z",24305282,,,"DC831169","DC831169","GEAR LEVER DC24-4","GEAR LEVER DC24-4",6.73,6.73,,"4098","GBP",,,,,,"GBP",24.15,"4098","Active","4098 - SPARE PARTS","20",0,1,1,6.73,24.15,,,,,,,"C-DC831169",,,,,,,,,"P1D",,,,,,
67160,6,,,"2025-12-03T15:03:12.000Z",24305282,,,"DC831177","DC831177","GEARBOX DC24-4","GEARBOX DC24-4",212.4,212.4,,"4098","GBP",,,,,,"GBP",424.8,"4098","Active","4098 - SPARE PARTS","20",0,4,1,849.6,1699.2,,,,,,,"C-DC831177",,,,,,,,,"P1E",,,,,,
67161,6,,,"2025-12-03T15:17:16.000Z",24305282,,,"DC831204","DC831204","WHEEL PIN DC24-4","WHEEL PIN DC24-4",0.19,0.99,,"4098","GBP",,,,,,"GBP",3.56,"4098","Active","4098 - SPARE PARTS","20",0,13,1,2.47,46.28,,,,,,,"C-DC831204",,,,,,,,,"P2A BOX",,,,,,
67162,6,,,"2025-12-03T15:26:20.000Z",24305282,,,"DC91128","DC91128","REAR WHEEL ASSEMBLY BOLT DC24-4","REAR WHEEL ASSEMBLY BOLT DC24-4",1.54,1.54,,"4098","GBP",,,,,,"GBP",3.08,"4098","Active","4098 - SPARE PARTS","20",0,1,1,1.54,3.08,,,,,,,"C-DC91128",,,,,,,,,"P2C BOX",,,,,,
67163,6,,,"2025-12-02T15:25:03.000Z",24305282,,,"DC91221","DC91221","BLADE ADAPTOR BOLT DC24-4","BLADE ADAPTOR BOLT DC24-4",0.38,1.09,,"4098","GBP",,,,,,"GBP",3.6,"4098","Active","4098 - SPARE PARTS","20",0,35,1,13.3,126,,,,,,,"C-DC91221",,,,,,,,,"P1B BOX",,,,,,
67164,6,,,"2025-12-03T15:20:50.000Z",24305282,,,"DC92304","DC92304","REAR WHEEL WASHER DC24-4","REAR WHEEL WASHER DC24-4",0.9,0.9,,"4098","GBP",,,,,,"GBP",1.8,"4098","Active","4098 - SPARE PARTS","20",0,1,1,0.9,1.8,,,,,,,"C-DC92304",,,,,,,,,"P2A BOX",,,,,,
67165,6,,,"2025-12-03T15:40:22.000Z",24305282,,,"DC92323","DC92323","FRONT WHEEL NUT DC24-4","FRONT WHEEL NUT DC24-4",1.2,1.2,,"4098","GBP",,,,,,"GBP",2.4,"4098","Active","4098 - SPARE PARTS","20",0,2,1,2.4,4.8,,,,,,,"C-DC92323",,,,,,,,,"P2D BOX",,,,,,
67166,6,,,"2025-12-03T15:20:21.000Z",24305282,,,"DC92324","DC92324","WHEEL SPLIT PIN DC24-4","WHEEL SPLIT PIN DC24-4",0.19,0.7,,"4098","GBP",,,,,,"GBP",2.4,"4098","Active","4098 - SPARE PARTS","20",0,23,1,4.37,55.2,,,,,,,"C-DC92324",,,,,,,,,"P2A BOX",,,,,,
67167,6,,,"2025-12-02T15:25:24.000Z",24305282,,,"DC92354","DC92354","BLADE ADAPTER WASHER DC24-4","BLADE ADAPTER WASHER DC24-4",0.38,1.09,,"4098","GBP",,,,,,"GBP",3.6,"4098","Active","4098 - SPARE PARTS","20",0,35,1,13.3,126,,,,,,,"C-DC92354",,,,,,,,,"P1B BOX",,,,,,
67168,6,,,"2025-12-03T15:25:27.000Z",24305282,,,"DC96115","DC96115","PAPER GASKET CARBURETTOR DC24-4","PAPER GASKET CARBURETTOR DC24-4",0.19,1.25,,"4098","GBP",,,,,,"GBP",4.6,"4098","Active","4098 - SPARE PARTS","20",0,22,1,4.18,101.2,,,,,,,"C-DC96115",,,,,,,,,"P2C BOX",,,,,,
67169,6,,,"2025-12-03T15:26:01.000Z",24305282,,,"DC96116","DC96116","EXHAUST GASKET DC24-4","EXHAUST GASKET DC24-4",0.57,3.5,,"4098","GBP",,,,,,"GBP",12.84,"4098","Active","4098 - SPARE PARTS","20",0,22,1,12.54,282.48,,,,,,,"C-DC96116",,,,,,,,,"P2C BOX",,,,,,
67170,6,,,"2025-12-03T15:27:02.000Z",24305282,,,"DC96130","DC96130","CARBURETTOR GASKET DC24-4","CARBURETTOR GASKET DC24-4",0.19,1.22,,"4098","GBP",,,,,,"GBP",4.48,"4098","Active","4098 - SPARE PARTS","20",0,22,1,4.18,98.56,,,,,,,"C-DC96130",,,,,,,,,"P2C BOX",,,,,,
67171,6,,,"2025-12-02T16:12:57.000Z",24305282,,,"DC96773","DC96773","FUEL PIPE DC24-4","FUEL PIPE DC24-4",6.69,6.69,,"4098","GBP",,,,,,"GBP",13.38,"4098","Active","4098 - SPARE PARTS","20",0,2,1,13.38,26.76,,,,,,,"C-DC96773",,,,,,,,,"P1C BOX",,,,,,
67172,6,,,"2025-12-03T15:02:21.000Z",24305282,,,"DC97528","DC97528","IGNITION COIL & LEAD DC24-4","IGNITION COIL & LEAD DC24-4",2.92,5.75,,"4098","GBP",,,,,,"GBP",38.68,"4098","Active","4098 - SPARE PARTS","20",0,41,1,119.72,1585.88,,,,,,,"C-DC97528",,,,,,,,,"P1E BOX",,,,,,
67173,6,,,"2025-12-03T15:30:55.000Z",24305282,,,"DCDL561P120D","DCDL561P120D","BATTERY DC24-4","BATTERY DC24-4",39.4,39.4,,"4098","GBP",,,,,,"GBP",78.8,"4098","Active","4098 - SPARE PARTS","20",0,26,1,1024.4,2048.8,,,,,,,"C-DCDL561P120D",,,,,,,,,"P2C",,,,,,
67174,6,,,,777,,,"DDS008","DDS008","JR DDS008 Brushcutter discs 255 mm 2 mm - Disk (teeth) 3","JR DDS008 Brushcutter discs 255 mm 2 mm - Disk (teeth) 3",1.23,1.23,,"4098","GBP",,,,,,"GBP",9.98,"4098","Active","4098 - SPARE PARTS","3",0,-2,1,-2.46,-19.96,,,,,,,"C-DDS008",,,0.4,,,,,,"",,752066,,,,
67175,6,,,,777,,,"DEB518","DEB518","OLEO-MAC DEB518 SELF PROPELLED WHEELED BRUSHCUTTER","OLEO-MAC DEB518 SELF PROPELLED WHEELED BRUSHCUTTER",0,0,,"4025","GBP",,,,,,"GBP",1166,"4025","Active","4025 - MISC","35",0,0,1,0,0,,,,,,,"C-DEB518",,,52,,,,,,"",,752095,,,,
67176,6,,,,777,,,"DEB528","DEB528","EFCO 3-SPEED WHEELED BRUSHCUTTER","EFCO 3-SPEED WHEELED BRUSHCUTTER",1404.67,0,,"4010","GBP",,,,,,"GBP",2724.95,"4010","Active","4010 - WALK BEHIND LAWNMOWERS","36",0,0,1,0,0,,,,,,,"C-DEB528",,,62,,,,,,"",,,,,,
67177,6,,,"2026-04-04T23:10:51.000Z",24305253,,,"DELIVERY","DELIVERY","DELIVERY CHARGE","DELIVERY CHARGE",0.01,0.01,,"4000","GBP",,,,,,"GBP",5.95,"4000","Active","4000 - Delivery charges - outward freight","201",0,-337,1,-3.37,-2005.15,,,,,,,"C-DELIVERY",,,1,,,,,,"",,,,,,
67178,6,,,,777,,,"DG511","DG511","ZOMAX DG511 58v CORDLESS GRASS TRIMMER (TOOL ONLY)","ZOMAX DG511 58v CORDLESS GRASS TRIMMER (TOOL ONLY)",135.79,0,,"4012","GBP",,,,,,"GBP",162.95,"4012","Active","4012 - HANDHELD PRODCUTS","65",0,0,1,0,0,,,,,,,"C-DG511",,,,,,,,,"",,752098,,,,
67179,6,,,,777,,,"DHCA","DHCA","ECHO DHCA-310 40v LONG REACH CORDLESS HEDGETRIMMER","ECHO DHCA-310 40v LONG REACH CORDLESS HEDGETRIMMER",74.18,74.18,,"4012","GBP",,,,,,"GBP",149,"4012","Active","4012 - HANDHELD PRODCUTS","63",0,0,1,0,0,,,,,,,"C-DHCA",,,,,,,,,"",,752098,,,,
67180,6,,,,777,,,"DM1B34F.9.2-3","DM1B34F.9.2-3","FUEL FILTER DM26","FUEL FILTER DM26",0.19,0.19,,"4098","GBP",,,,,,"GBP",6.82,"4098","Active","4098 - SPARE PARTS","20",0,3,1,0.57,20.46,,,,,,,"C-DM1B34F.9.2-3",,,,,,,,,"DM8B BOX",,,,,,
67181,6,,,,777,,,"DM1E34F-1","DM1E34F-1","CARBURETTOR GASKET DM26H/L/C","CARBURETTOR GASKET DM26H/L/C",0.02,0.02,,"4098","GBP",,,,,,"GBP",3.4,"4098","Active","4098 - SPARE PARTS","20",0,10,1,0.2,34,,,,,,,"C-DM1E34F-1",,,,,,,,,"DM8C BOX",,,,,,
67182,6,,,,777,,,"DM1E34F-6","DM1E34F-6","TOP ENGINE COVER DM26H/L/C","TOP ENGINE COVER DM26H/L/C",0.16,0.16,,"4098","GBP",,,,,,"GBP",14.82,"4098","Active","4098 - SPARE PARTS","20",0,10,1,1.6,148.2,,,,,,,"C-DM1E34F-6",,,,,,,,,"DM9C",,,,,,
67183,6,,,,777,,,"DM1E34F.1-1","DM1E34F.1-1","AIR FILTER DM26H/L/C","AIR FILTER DM26H/L/C",0.01,0.01,,"4098","GBP",,,,,,"GBP",8.48,"4098","Active","4098 - SPARE PARTS","20",0,50,1,0.5,424,,,,,,,"C-DM1E34F.1-1",,,,,,,,,"DM9D",,,,,,
67184,6,,,,777,,,"DM1E34F.1-2","DM1E34F.1-2","CHOKE HANDLE DM26H/L/C","CHOKE HANDLE DM26H/L/C",0.11,0.11,,"4098","GBP",,,,,,"GBP",4.84,"4098","Active","4098 - SPARE PARTS","20",0,10,1,1.1,48.4,,,,,,,"C-DM1E34F.1-2",,,,,,,,,"DM8E BOX",,,,,,
67185,6,,,,777,,,"DM1E34F.1-3","DM1E34F.1-3","CHOKE LEVER DM26H/L/C","CHOKE LEVER DM26H/L/C",0.11,0.11,,"4098","GBP",,,,,,"GBP",4.68,"4098","Active","4098 - SPARE PARTS","20",0,5,1,0.55,23.4,,,,,,,"C-DM1E34F.1-3",,,,,,,,,"DM8E BOX",,,,,,
67186,6,,,,777,,,"DM1E34F.1-4","DM1E34F.1-4","AIR FILTER COVER DM26H/L/C","AIR FILTER COVER DM26H/L/C",0.23,0.23,,"4098","GBP",,,,,,"GBP",9.98,"4098","Active","4098 - SPARE PARTS","20",0,20,1,4.6,199.6,,,,,,,"C-DM1E34F.1-4",,,,,,,,,"DM9B",,,,,,
67187,6,,,,777,,,"DM1E34F.1.1","DM1E34F.1.1","AIR FILTER BACKING PLATE DM26H/L/C","AIR FILTER BACKING PLATE DM26H/L/C",0.23,0.23,,"4098","GBP",,,,,,"GBP",12.6,"4098","Active","4098 - SPARE PARTS","20",0,10,1,2.3,126,,,,,,,"C-DM1E34F.1.1",,,,,,,,,"DM9B",,,,,,
67188,6,,,,777,,,"DM1E34F.1.2","DM1E34F.1.2","AIR FILTER CLAMP SCREW","AIR FILTER CLAMP SCREW",0.04,0.04,,"4098","GBP",,,,,,"GBP",3.28,"4098","Active","4098 - SPARE PARTS","20",0,10,1,0.4,32.8,,,,,,,"C-DM1E34F.1.2",,,,,,,,,"DM9C BOX",,,,,,
67189,6,,,,777,,,"DM1E34F.10-1","DM1E34F.10-1","CLUTCH SPRING","CLUTCH SPRING",0.08,0.08,,"4098","GBP",,,,,,"GBP",2.88,"4098","Active","4098 - SPARE PARTS","20",0,4,1,0.32,11.52,,,,,,,"C-DM1E34F.10-1",,,,,,,,,"DM8D BOX",,,,,,
67190,6,,,,777,,,"DM1E34F.11","DM1E34F.11","RECOIL DM26H/L/C","RECOIL DM26H/L/C",0.84,0.84,,"4098","GBP",,,,,,"GBP",17.37,"4098","Active","4098 - SPARE PARTS","20",0,20,1,16.8,347.4,,,,,,,"C-DM1E34F.11",,,,,,,,,"DM8C",,,,,,
67191,6,,,,777,,,"DM1E34F.13","DM1E34F.13","CARBURETTOR DM26PB/PBV","CARBURETTOR DM26PB/PBV",2.6,2.6,,"4098","GBP",,,,,,"GBP",35,"4098","Active","4098 - SPARE PARTS","20",0,20,1,52,700,,,,,,,"C-DM1E34F.13",,,,,,,,,"DM8C BOX",,,,,,
67192,6,,,,777,,,"DM1E34F.3","DM1E34F.3","ENGINE COVER DM26H/L/C","ENGINE COVER DM26H/L/C",0.61,0.61,,"4098","GBP",,,,,,"GBP",12.38,"4098","Active","4098 - SPARE PARTS","20",0,10,1,6.1,123.8,,,,,,,"C-DM1E34F.3",,,,,,,,,"DM8A",,,,,,
67193,6,,,,777,,,"DM1E34F.5-2","DM1E34F.5-2","SPARK PLUG CAP DM26H/L/C","SPARK PLUG CAP DM26H/L/C",0.11,0.11,,"4098","GBP",,,,,,"GBP",2.56,"4098","Active","4098 - SPARE PARTS","20",0,10,1,1.1,25.6,,,,,,,"C-DM1E34F.5-2",,,,,,,,,"DM9D BOX",,,,,,
67194,6,,,,777,,,"DM1E34F.8","DM1E34F.8","STARTER PAWL","STARTER PAWL",0.23,0.23,,"4098","GBP",,,,,,"GBP",9.98,"4098","Active","4098 - SPARE PARTS","20",0,12,1,2.76,119.76,,,,,,,"C-DM1E34F.8",,,,,,,,,"DM8D BOX",,,,,,
67195,6,,,,777,,,"DM1E34F.9.1","DM1E34F.9.1","FUEL TANK DM26H/L/C","FUEL TANK DM26H/L/C",0.99,0.99,,"4098","GBP",,,,,,"GBP",23.89,"4098","Active","4098 - SPARE PARTS","20",0,4,1,3.96,95.56,,,,,,,"C-DM1E34F.9.1",,,,,,,,,"DM8C",,,,,,
67196,6,,,,777,,,"DM1E34F.9.11","DM1E34F.9.11","FUEL CAP DM26H/L/C","FUEL CAP DM26H/L/C",0.23,0.23,,"4098","GBP",,,,,,"GBP",12.19,"4098","Active","4098 - SPARE PARTS","20",0,10,1,2.3,121.9,,,,,,,"C-DM1E34F.9.11",,,,,,,,,"DM8B",,,,,,
67197,6,,,,777,,,"DM1E34F.9.111","DM1E34F.9.111","FUEL CAP DM26PB/PBV","FUEL CAP DM26PB/PBV",0.23,0.23,,"4098","GBP",,,,,,"GBP",12.19,"4098","Active","4098 - SPARE PARTS","20",0,20,1,4.6,243.8,,,,,,,"C-DM1E34F.9.111",,,,,,,,,"DM8B",,,,,,
67198,6,,,,777,,,"DM1E34F.9.2-1","DM1E34F.9.2-1","FUEL LINE (RETURN)","FUEL LINE (RETURN)",0.08,0.08,,"4098","GBP",,,,,,"GBP",4.86,"4098","Active","4098 - SPARE PARTS","20",0,15,1,1.2,72.9,,,,,,,"C-DM1E34F.9.2-1",,,,,,,,,"DM8E BOX",,,,,,
67199,6,,,,777,,,"DM1E34F.9.2-2","DM1E34F.9.2-2","FUEL LINE (FEED)","FUEL LINE (FEED)",0.08,0.08,,"4098","GBP",,,,,,"GBP",4.86,"4098","Active","4098 - SPARE PARTS","20",0,29,1,2.32,140.94,,,,,,,"C-DM1E34F.9.2-2",,,,,,,,,"DM8E BOX",,,,,,
67200,6,,,,777,,,"DM1E34FB-2","DM1E34FB-2","CARBURETTOR GASKET","CARBURETTOR GASKET",0.03,0.03,,"4098","GBP",,,,,,"GBP",8.95,"4098","Active","4098 - SPARE PARTS","20",0,10,1,0.3,89.5,,,,,,,"C-DM1E34FB-2",,,,,,,,,"DM9E BOX",,,,,,
67201,6,,,,777,,,"DM1E34FB-3","DM1E34FB-3","EXHAUST GASKET DM26PB/PBV","EXHAUST GASKET DM26PB/PBV",0.2,0.2,,"4098","GBP",,,,,,"GBP",12.38,"4098","Active","4098 - SPARE PARTS","20",0,10,1,2,123.8,,,,,,,"C-DM1E34FB-3",,,,,,,,,"DM9E BOX",,,,,,
67202,6,,,,777,,,"DM1E34FB-6","DM1E34FB-6","CHOKE LEVER DM26PB/PBV","CHOKE LEVER DM26PB/PBV",0.15,0.15,,"4098","GBP",,,,,,"GBP",4.68,"4098","Active","4098 - SPARE PARTS","20",0,5,1,0.75,23.4,,,,,,,"C-DM1E34FB-6",,,,,,,,,"DM9B BOX",,,,,,
67203,6,,,,777,,,"DM1E34FB.6-1","DM1E34FB.6-1","AIR FILTER COVER DM26PB/PBV","AIR FILTER COVER DM26PB/PBV",0.23,0.23,,"4098","GBP",,,,,,"GBP",8.68,"4098","Active","4098 - SPARE PARTS","20",0,20,1,4.6,173.6,,,,,,,"C-DM1E34FB.6-1",,,,,,,,,"DM8D",,,,,,
67204,6,,,,777,,,"DM1E34FB.6.1","DM1E34FB.6.1","AIR FILTER DM26PB/PBV","AIR FILTER DM26PB/PBV",0.01,0.01,,"4000","GBP",,,,,,"GBP",11.4,"4000","Active","4000 - Delivery charges - outward freight","20",0,20,1,0.2,228,,,,,,,"C-DM1E34FB.6.1",,,,,,,,,"DM9C BOX",,,,,,
67205,6,,,,777,,,"DM1E34FB.6.2","DM1E34FB.6.2","AIR FILTER BACKING PLATE DM26PB/PBV","AIR FILTER BACKING PLATE DM26PB/PBV",0.23,0.23,,"4098","GBP",,,,,,"GBP",12.54,"4098","Active","4098 - SPARE PARTS","20",0,5,1,1.15,62.7,,,,,,,"C-DM1E34FB.6.2",,,,,,,,,"DM9E",,,,,,
67206,6,,,,777,,,"DM1E36FF.8.1-1","DM1E36FF.8.1-1","FUEL PIPE GROMET","FUEL PIPE GROMET",0.08,0.08,,"4098","GBP",,,,,,"GBP",3.68,"4098","Active","4098 - SPARE PARTS","20",0,9,1,0.72,33.12,,,,,,,"C-DM1E36FF.8.1-1",,,,,,,,,"DM8D BOX",,,,,,
67207,6,,,,777,,,"DM26C","DM26C","SPECTRUM DM26C CURVED-SHALF PETROLGRASS-TRIMMER","SPECTRUM DM26C CURVED-SHALF PETROLGRASS-TRIMMER",38.4,38.4,,"4012","GBP",,,,,,"GBP",189.95,"4012","Active","4012 - HANDHELD PRODCUTS","26",0,27,1,1036.8,5128.65,,,,,,,"C-DM26C",,,5,,,,,,"",,,,,,
67208,6,,,,777,,,"DM26H","DM26H","SPECTRUM DM26H PETROL BRUSHCUTTER","SPECTRUM DM26H PETROL BRUSHCUTTER",43.2,43.2,,"4012","GBP",,,,,,"GBP",289.95,"4012","Active","4012 - HANDHELD PRODCUTS","26",0,4,1,172.8,1159.8,,,,,,,"C-DM26H",,,5.8,,,,,,"",,,,,,
67209,6,,,,777,,,"DM26L","DM26L","SPECTRUM DM26L PETROL BRUSHCUTTER","SPECTRUM DM26L PETROL BRUSHCUTTER",42.4,42.4,,"4012","GBP",,,,,,"GBP",259.95,"4012","Active","4012 - HANDHELD PRODCUTS","26",0,30,1,1272,7798.5,,,,,,,"C-DM26L",,,5.1,,,,,,"",,,,,,
67210,6,,,,777,,,"DM26L-HC","DM26L-HC","SPECTRUM DM26C-HC HEDGECUTTER ATTACHMENT","SPECTRUM DM26C-HC HEDGECUTTER ATTACHMENT",11.2,11.2,,"4012","GBP",,,,,,"GBP",119,"4012","Active","4012 - HANDHELD PRODCUTS","26",0,0,1,0,0,,,,,,,"C-DM26L-HC",,,,,,,,,"",,,,,,
67211,6,,,,777,,,"DM26PB","DM26PB","SPECTRUM DM26PB PETROL LEAF BLOWER","SPECTRUM DM26PB PETROL LEAF BLOWER",36,36,,"4012","GBP",,,,,,"GBP",189.95,"4012","Active","4012 - HANDHELD PRODCUTS","26",0,-1,1,-36,-189.95,,,,,,,"C-DM26PB",,,4.5,,,,,,"",,,,,,
67212,6,,,,777,,,"DM26PBV","DM26PBV","SPECTRUM DM26PBV PETROL BLOWER-VAC","SPECTRUM DM26PBV PETROL BLOWER-VAC",44.8,40,,"4012","GBP",,,,,,"GBP",228.95,"4012","Active","4012 - HANDHELD PRODCUTS","26",0,238,1,10662.4,54490.1,,,,,,,"C-DM26PBV",,,4.5,,,,,,"",,,,,,
67213,6,,,,777,,,"DMBG305.13-1","DMBG305.13-1","BLADE GUARD CLAMP","BLADE GUARD CLAMP",0.23,0.23,,"4098","GBP",,,,,,"GBP",3.48,"4098","Active","4098 - SPARE PARTS","20",0,8,1,1.84,27.84,,,,,,,"C-DMBG305.13-1",,,,,,,,,"DM9C",,,,,,
67214,6,,,,777,,,"DMBG305.13.1","DMBG305.13.1","BLADE GUARD","BLADE GUARD",1.45,1.45,,"4098","GBP",,,,,,"GBP",14.98,"4098","Active","4098 - SPARE PARTS","20",0,6,1,8.7,89.88,,,,,,,"C-DMBG305.13.1",,,,,,,,,"DM9E",,,,,,
67215,6,,,,777,,,"DMBG415-2","DMBG415-2","THREE TOOTHED BLADE","THREE TOOTHED BLADE",0.57,0.57,,"4098","GBP",,,,,,"GBP",19.95,"4098","Active","4098 - SPARE PARTS","20",0,39,1,22.23,778.05,,,,,,,"C-DMBG415-2",,,,,,,,,"DM8E",,,,,,
67216,6,,,,777,,,"DMCG250.4","DMCG250.4","HARNESS ASSEMBLY STRIMMER","HARNESS ASSEMBLY STRIMMER",1.15,1.15,,"4098","GBP",,,,,,"GBP",18.2,"4098","Active","4098 - SPARE PARTS","20",0,5,1,5.75,91,,,,,,,"C-DMCG250.4",,,,,,,,,"DM8A",,,,,,
67217,6,,,,777,,,"DMCG260.2","DMCG260.2","TRIGGER ASSEMBLY (COW HORN HANDLE)","TRIGGER ASSEMBLY (COW HORN HANDLE)",2.14,2.14,,"4098","GBP",,,,,,"GBP",22.4,"4098","Active","4098 - SPARE PARTS","20",0,11,1,23.54,246.4,,,,,,,"C-DMCG260.2",,,,,,,,,"",,,,,,
67218,6,,,,777,,,"DMCG260.3","DMCG260.3","HARNESS CLAMP","HARNESS CLAMP",0.31,0.31,,"4098","GBP",,,,,,"GBP",3.86,"4098","Active","4098 - SPARE PARTS","20",0,4,1,1.24,15.44,,,,,,,"C-DMCG260.3",,,,,,,,,"DM8B",,,,,,
67219,6,,,,777,,,"DMCG260A.1A.1","DMCG260A.1A.1","CLUTCH CUP","CLUTCH CUP",0.5,0.5,,"4098","GBP",,,,,,"GBP",14.62,"4098","Active","4098 - SPARE PARTS","20",0,3,1,1.5,43.86,,,,,,,"C-DMCG260A.1A.1",,,,,,,,,"DM9B",,,,,,
67220,6,,,,777,,,"DMCG260E-5","DMCG260E-5","BLADE GUARD (STRIMMER LINE CUTTER)","BLADE GUARD (STRIMMER LINE CUTTER)",1.07,1.07,,"4098","GBP",,,,,,"GBP",12.48,"4098","Active","4098 - SPARE PARTS","20",0,5,1,5.35,62.4,,,,,,,"C-DMCG260E-5",,,,,,,,,"DM8D",,,,,,
67221,6,,,,777,,,"DMCG260E-6","DMCG260E-6","BLADE GUARD CLAMP","BLADE GUARD CLAMP",0.16,0.16,,"4098","GBP",,,,,,"GBP",3.48,"4098","Active","4098 - SPARE PARTS","20",0,5,1,0.8,17.4,,,,,,,"C-DMCG260E-6",,,,,,,,,"DM8D BOX",,,,,,
67222,6,,,,777,,,"DMCG260E.1A.1SHOES","DMCG260E.1A.1SHOES","CLUTCH SHOE ASSEMBLY","CLUTCH SHOE ASSEMBLY",0.46,0.46,,"4098","GBP",,,,,,"GBP",14.88,"4098","Active","4098 - SPARE PARTS","20",0,3,1,1.38,44.64,,,,,,,"C-DMCG260E.1A.1SHOES",,,,,,,,,"DM9E BOX",,,,,,
67223,6,,,,777,,,"DMCG260E.2-E","DMCG260E.2-E","BOLT CG260E","BOLT CG260E",0.08,0.08,,"4098","GBP",,,,,,"GBP",6.95,"4098","Active","4098 - SPARE PARTS","20",0,5,1,0.4,34.75,,,,,,,"C-DMCG260E.2-E",,,,,,,,,"DM9D BOX",,,,,,
67224,6,,,,777,,,"DMCG261.1-1","DMCG261.1-1","CLUTCH ASSEMBLY LINK DM26H/L/C","CLUTCH ASSEMBLY LINK DM26H/L/C",0.34,0.34,,"4098","GBP",,,,,,"GBP",12.22,"4098","Active","4098 - SPARE PARTS","20",0,2,1,0.68,24.44,,,,,,,"C-DMCG261.1-1",,,,,,,,,"DM9D",,,,,,
67225,6,,,,777,,,"DMCG305.12.4-5","DMCG305.12.4-5","DRIVE SHAFT HOUSING","DRIVE SHAFT HOUSING",0.76,0.76,,"4098","GBP",,,,,,"GBP",16.8,"4098","Active","4098 - SPARE PARTS","20",0,6,1,4.56,100.8,,,,,,,"C-DMCG305.12.4-5",,,,,,,,,"DM9C BOX",,,,,,
67226,6,,,,777,,,"DMCG305F.1-3","DMCG305F.1-3","HOLDER B","HOLDER B",0.38,0.38,,"4098","GBP",,,,,,"GBP",7.64,"4098","Active","4098 - SPARE PARTS","20",0,10,1,3.8,76.4,,,,,,,"C-DMCG305F.1-3",,,,,,,,,"DM9B BOX",,,,,,
67227,6,,,,777,,,"DMCG305F.1-4","DMCG305F.1-4","LEFT THREADED NUT","LEFT THREADED NUT",0.11,0.11,,"4098","GBP",,,,,,"GBP",2.68,"4098","Active","4098 - SPARE PARTS","20",0,10,1,1.1,26.8,,,,,,,"C-DMCG305F.1-4",,,,,,,,,"DM9D BOX",,,,,,
67228,6,,,,777,,,"DMCG305F.6","DMCG305F.6","U-SHAPED STRIMMER HANDLE","U-SHAPED STRIMMER HANDLE",0.69,0.69,,"4098","GBP",,,,,,"GBP",16.54,"4098","Active","4098 - SPARE PARTS","20",0,12,1,8.28,198.48,,,,,,,"C-DMCG305F.6",,,,,,,,,"DM9A",,,,,,
67229,6,,,,777,,,"DMCG415.1","DMCG415.1","BRUSH CUTTER POLE","BRUSH CUTTER POLE",2.92,2.92,,"4098","GBP",,,,,,"GBP",39.95,"4098","Active","4098 - SPARE PARTS","20",0,0,1,0,0,,,,,,,"C-DMCG415.1",,,,,,,,,"",,,,,,
67230,6,,,,777,,,"DMCG415.3","DMCG415.3","GEAR CASE ASSEMBLY DM26H/L/C","GEAR CASE ASSEMBLY DM26H/L/C",2.67,2.67,,"4098","GBP",,,,,,"GBP",18.72,"4098","Active","4098 - SPARE PARTS","20",0,3,1,8.01,56.16,,,,,,,"C-DMCG415.3",,,,,,,,,"DM9D",,,,,,
67232,6,,,,777,,,"DMCGNSH","DMCGNSH","NYLON STRIMMER HEAD DM26C","NYLON STRIMMER HEAD DM26C",1.3,1.3,,"4098","GBP",,,,,,"GBP",12.95,"4098","Active","4098 - SPARE PARTS","20",0,98,1,127.4,1269.1,,,,,,,"C-DMCGNSH",,,,,,,,,"DM8 FLOOR",,,,,,
67233,6,,,,777,,,"DMCL26HLC","DMCL26HLC","COIL & LEAD DM26H/L/C","COIL & LEAD DM26H/L/C",1.15,1.15,,"4098","GBP",,,,,,"GBP",24.95,"4098","Active","4098 - SPARE PARTS","20",0,5,1,5.75,124.75,,,,,,,"C-DMCL26HLC",,,,,,,,,"DM9D BOX",,,,,,
67234,6,,,,777,,,"DMCL26PBV","DMCL26PBV","COIL & LEAD DM26PB/PBV","COIL & LEAD DM26PB/PBV",1.22,1.22,,"4098","GBP",,,,,,"GBP",24.95,"4098","Active","4098 - SPARE PARTS","20",0,2,1,2.44,49.9,,,,,,,"C-DMCL26PBV",,,,,,,,,"DM9B BOX",,,,,,
67235,6,,,,777,,,"DMEB-260-9","DMEB-260-9","ACCELERATOR TRIGGER DM26PB/PBV","ACCELERATOR TRIGGER DM26PB/PBV",0.21,0.21,,"4098","GBP",,,,,,"GBP",6.87,"4098","Active","4098 - SPARE PARTS","20",0,4,1,0.84,27.48,,,,,,,"C-DMEB-260-9",,,,,,,,,"DM9E BOX",,,,,,
67236,6,,,,777,,,"DMEB-260.4","DMEB-260.4","THROTTLE CABLE DM26PB/PBV","THROTTLE CABLE DM26PB/PBV",0.23,0.23,,"4098","GBP",,,,,,"GBP",12.4,"4098","Active","4098 - SPARE PARTS","20",0,2,1,0.46,24.8,,,,,,,"C-DMEB-260.4",,,,,,,,,"DM8D BOX",,,,,,
67237,6,,,,777,,,"DMGB/190","DMGB/190","BOLT CG260A","BOLT CG260A",0.1,0.1,,"4098","GBP",,,,,,"GBP",4.95,"4098","Active","4098 - SPARE PARTS","20",0,21,1,2.1,103.95,,,,,,,"C-DMGB/190",,,,,,,,,"",,,,,,
67238,6,,,,777,,,"DMGB/T862.1","DMGB/T862.1","LOCK WASHER","LOCK WASHER",0.04,0.04,,"4098","GBP",,,,,,"GBP",1.86,"4098","Active","4098 - SPARE PARTS","20",0,10,1,0.4,18.6,,,,,,,"C-DMGB/T862.1",,,,,,,,,"",,,,,,
67239,6,,,,777,,,"DMWYJ244","DMWYJ244","CARBURETTOR DM26H/L/C","CARBURETTOR DM26H/L/C",2.6,2.6,,"4098","GBP",,,,,,"GBP",35,"4098","Active","4098 - SPARE PARTS","20",0,10,1,26,350,,,,,,,"C-DMWYJ244",,,,,,,,,"DM8B BOX",,,,,,
67240,6,,,,777,,,"EB-260.1-1","EB-260.1-1","IMPELLER -                                          FITS DM26PBV","IMPELLER -                                          FITS DM26PBV",1.52,1.52,,"4098","GBP",,,,,,"GBP",12.46,"4098","Active","4098 - SPARE PARTS","20",0,10,1,15.2,124.6,,,,,,,"C-EB-260.1-1",,,,,,,,,"",,,,,,
67241,6,,,,777,,,"EB-260.1-2","EB-260.1-2","NET COVER -                               FITS DM26PBV","NET COVER -                               FITS DM26PBV",0.48,0.48,,"4098","GBP",,,,,,"GBP",6.63,"4098","Active","4098 - SPARE PARTS","20",0,5,1,2.4,33.15,,,,,,,"C-EB-260.1-2",,,,,,,,,"",,,,,,
67242,6,,,,777,,,"EB-260.1.1","EB-260.1.1","VOLUTE CASING BACK -                               FITS DM26PBV","VOLUTE CASING BACK -                               FITS DM26PBV",2.08,2.08,,"4098","GBP",,,,,,"GBP",8.29,"4098","Active","4098 - SPARE PARTS","20",0,5,1,10.4,41.45,,,,,,,"C-EB-260.1.1",,,,,,,,,"",,,,,,
67243,6,,,,777,,,"EB-260.1.2","EB-260.1.2","VOLUTE CASING FRONT -                               FITS DM26PBV","VOLUTE CASING FRONT -                               FITS DM26PBV",2.8,2.8,,"4098","GBP",,,,,,"GBP",8.29,"4098","Active","4098 - SPARE PARTS","20",0,5,1,14,41.45,,,,,,,"C-EB-260.1.2",,,,,,,,,"",,,,,,
67244,6,,,,777,,,"EB-260.5-1","EB-260.5-1","FUEL TANK -                                 FITS DM26PBV","FUEL TANK -                                 FITS DM26PBV",1.36,1.36,,"4098","GBP",,,,,,"GBP",12.46,"4098","Active","4098 - SPARE PARTS","20",0,9,1,12.24,112.14,,,,,,,"C-EB-260.5-1",,,,,,,,,"",,,,,,
67245,6,,,,777,,,"EC20","EC20","REDBACK CHARGER","REDBACK CHARGER",45.83,0,,"4025","GBP",,,,,,"GBP",55,"4025","Active","4025 - MISC","75",0,0,1,0,0,,,,,,,"C-EC20",,,0,,,,,,"",,752053,,,,
67246,6,,,,777,,,"EC50","EC50","REDBACK CHARGER","REDBACK CHARGER",58.29,0,,"4025","GBP",,,,,,"GBP",69.95,"4025","Active","4025 - MISC","75",0,0,1,0,0,,,,,,,"C-EC50",,,0,,,,,,"",,752053,,,,
67247,6,,,,777,,,"ECH-CS3510AC","ECH-CS3510AC","ECHO CS3510AC 35CM BAR CHAINSAW","ECHO CS3510AC 35CM BAR CHAINSAW",243.1,243.1,,"4016","GBP",,,,,,"GBP",433.95,"4016","Active","4016 - CHAINSAW","63",0,0,1,0,0,,,,,,,"C-ECH-CS3510AC",,,36,,,,,,"",,,,,,
67248,6,,,"2026-01-23T09:36:26.000Z",24305274,,,"CS-362WES/35","CS-362WES/35","ECHO CS-362WES/35 PETROL CHAINSAW (35cm BAR)","ECHO CS-362WES/35 PETROL CHAINSAW (35cm BAR)",243.21,260.05,,"4016","GBP",,,,,,"GBP",389,"4016","Active","4016 - CHAINSAW","63",0,0,1,0,0,,,,,,,"C-ECHOCS362WES",,,,,,,,,"",,,,,,
67249,6,,,,777,,,"ELECTRESS38LI","ELECTRESS38LI","MOUNTFIELD ELECTRESS 38 Li KIT 20v HAND-PROPELLED CORDLESS LAWNMOWER (Inc. B & C)","MOUNTFIELD ELECTRESS 38 Li KIT 20v HAND-PROPELLED CORDLESS LAWNMOWER (Inc. B & C)",172.53,0,,"4010","GBP",,,,,,"GBP",269,"4010","Active","4010 - WALK BEHIND LAWNMOWERS","31",0,0,1,0,0,,,,,,,"C-ELECTRESS38LI",,,,,,,,,"",,752173,,,,
67251,6,,,,777,,,"ES-250ES","ES-250ES","ECHO ES-250ES SHRED 'N' VAC LEAF BLOWER & VACCUM","ECHO ES-250ES SHRED 'N' VAC LEAF BLOWER & VACCUM",159.5,159.5,,"4012","GBP",,,,,,"GBP",265.83,"4012","Active","4012 - HANDHELD PRODCUTS","63",0,2,1,319,531.66,,,,,,,"C-ES-250ES",,,5.7,,,,,,"",,752098,,,,
67252,6,,,,777,,,"ESXDUC","ESXDUC","SNAPPER ESXDUC 82v BATTERY POWERED ELECTRIC WHEELBARROW","SNAPPER ESXDUC 82v BATTERY POWERED ELECTRIC WHEELBARROW",356,368.86,,"4025","GBP",,,,,,"GBP",579,"4025","Active","4025 - MISC","59",0,0,1,0,0,,,,,,,"C-ESXDUC",,,,,,,,,"",,752098,,,,
67253,6,,,,777,,,"EZ40VCH-UK","EZ40VCH-UK","EnergizerÂ® EZ40VCH-UK 40v Battery Charger","EnergizerÂ® EZ40VCH-UK 40v Battery Charger",12.6,12.6,,"4098","GBP",,,,,,"GBP",33.59,"4098","Active","4098 - SPARE PARTS","4",0,-1,1,-12.6,-33.59,,,,,,,"C-EZ40VCH-UK",,,,,,,,,"",,752066,,,,
67254,6,,,,777,,,"EZ40VTDE46TC-UK","EZ40VTDE46TC-UK","ENERGIZER EZ40VTDE46TC-UK VARIABLE SPEED CORDLESS LAWNMOWER","ENERGIZER EZ40VTDE46TC-UK VARIABLE SPEED CORDLESS LAWNMOWER",267.18,267.18,,"4010","GBP",,,,,,"GBP",640,"4010","Active","4010 - WALK BEHIND LAWNMOWERS","4",0,2,1,534.36,1280,,,,,,,"C-EZ40VTDE46TC-UK",,,,,,,,,"",,752066,,,,
67255,6,,,,777,,,"EZN1200-UK","EZN1200-UK","ENERGIZER EZN1200-UK 1200W/100BAR ELECTRICAL PRESSURE WASHER","ENERGIZER EZN1200-UK 1200W/100BAR ELECTRICAL PRESSURE WASHER",11,11,,"4014","GBP",,,,,,"GBP",24.96,"4014","Active","4014 - PRESSURE WASHERS","4",0,4,1,44,99.84,,,,,,,"C-EZN1200-UK",,,20,,,,,,"",,752066,,,,
67256,6,,,,777,,,"EZN1600","EZN1600","ENERGIZER EZN1600-UK 1600w/130bar ELECTRIC PRESSURE WASHER","ENERGIZER EZN1600-UK 1600w/130bar ELECTRIC PRESSURE WASHER",15,15,,"4014","GBP",,,,,,"GBP",33.3,"4014","Active","4014 - PRESSURE WASHERS","4",0,0,1,0,0,,,,,,,"C-EZN1600",,,8.3,,,,,,"",,752066,,,,
67257,6,,,,777,,,"EZN2000","EZN2000","ENERGIZER EZN2000-UK 2000w/160 BAR ELECTRIC  PRESSURE WASHER","ENERGIZER EZN2000-UK 2000w/160 BAR ELECTRIC  PRESSURE WASHER",18,18,,"4014","GBP",,,,,,"GBP",41.63,"4014","Active","4014 - PRESSURE WASHERS","4",0,0,1,0,0,,,,,,,"C-EZN2000",,,20,,,,,,"",,,,,,
67258,6,,,,777,,,"F016A75661","F016A75661","GENUINE QUALCAST THROTTLE CABLE","GENUINE QUALCAST THROTTLE CABLE",20.94,20.94,,"4098","GBP",,,,,,"GBP",47.1,"4098","Active","4098 - SPARE PARTS","20",0,0,1,0,0,,,,,,,"C-F016A75661",,,,,,,,,"",,,,,,
67259,6,,,,777,,,"F1073261","F1073261","RIVET BERTOLINI","RIVET BERTOLINI",1.38,1.38,,"4098","GBP",,,,,,"GBP",0,"4098","Active","4098 - SPARE PARTS","20",0,0,1,0,0,,,,,,,"C-F1073261",,,,,,,,,"",,,,,,
67260,6,,,,777,,,"F94","F94","FUNNEL SET 4PC ECONOMY FIXED SPOUT","FUNNEL SET 4PC ECONOMY FIXED SPOUT",3.98,3.98,,"4025","GBP",,,,,,"GBP",8.71,"4025","Active","4025 - MISC","24",0,6,1,23.88,52.26,,,,,,,"C-F94",,,,,,,,,"",,,,,,
67261,6,,,"2026-02-16T09:25:09.000Z",24305274,,,"FAA001","FAA001","AIR FILTER JR-FAA001","AIR FILTER JR-FAA001",1.03,1.03,,"4098","GBP",,,,,,"GBP",13.97,"4098","Active","4098 - SPARE PARTS","15",0,17,1,17.51,237.49,,,,,,,"C-FAA001",,,0.035,,,,,,"B2S1",,752066,,,,
67262,6,,,,777,,,"FAA003","FAA003","AIR FILTER","AIR FILTER",0.72,0.72,,"4098","GBP",,,,,,"GBP",4.68,"4098","Active","4098 - SPARE PARTS","3",0,0,1,0,0,,,,,,,"C-FAA003",,,1,,,,,,"",,,,,,
67263,6,,,,777,,,"FAA004","FAA004","AIR FILTER REPLACMENT  B&S 690610","AIR FILTER REPLACMENT  B&S 690610",1.06,1.06,,"4098","GBP",,,,,,"GBP",23.67,"4098","Active","4098 - SPARE PARTS","15",0,3,1,3.18,71.01,,,,,,,"C-FAA004",,,,,,,,,"",,752066,,,,
67264,6,,,,777,,,"FAA008","FAA008","Lawn Mower Air Filter fits Briggs and Stratton 9B902, 98902, 98982, 10A902, 10b902 and 10A982","Lawn Mower Air Filter fits Briggs and Stratton 9B902, 98902, 98982, 10A902, 10b902 and 10A982",1.17,1.17,,"4098","GBP",,,,,,"GBP",8.99,"4098","Active","4098 - SPARE PARTS","15",0,10,1,11.7,89.9,,,,,,,"C-FAA008",,,0.06,,,,,,"",,752066,,,,
67265,6,,,,777,,,"FAE001","FAE001","FUEL FILTER","FUEL FILTER",0.54,0.54,,"4098","GBP",,,,,,"GBP",4.15,"4098","Active","4098 - SPARE PARTS","3",0,-1,1,-0.54,-4.15,,,,,,,"C-FAE001",,,,,,,,,"",,,,,,
67266,6,,,,777,,,"FAE002","FAE002","FUEL FILTER","FUEL FILTER",0.37,0.37,,"4098","GBP",,,,,,"GBP",3.75,"4098","Active","4098 - SPARE PARTS","3",0,0,1,0,0,,,,,,,"C-FAE002",,,,,,,,,"",,,,,,
67267,6,,,,777,,,"FAH001","FAH001","OIL FILTER -                            492932S","OIL FILTER -                            492932S",1.57,1.57,,"4098","GBP",,,,,,"GBP",8.32,"4098","Active","4098 - SPARE PARTS","3",0,-2,1,-3.14,-16.64,,,,,,,"C-FAH001",,,,,,,,,"",,,,,,
67268,6,,,,777,,,"FASBE1600-RET","FASBE1600-RET","FEIDER FASBE1600-UK VACUUM - RETURN MODEL","FEIDER FASBE1600-UK VACUUM - RETURN MODEL",83.62,83.62,,"4018","GBP",,,,,,"GBP",166.63,"4018","Active","4018 - VACCUMS & SWEEPERS","199",0,0,0,0,0,,,,,,,"C-FASBE1600-RET",,,,,,,,,"",,752066,,,,
67269,6,,,,777,,,"FAST175P","FAST175P","FEIDER FAST175P HAND-PROPELLED WHEELED GARDEN VACUUM","FEIDER FAST175P HAND-PROPELLED WHEELED GARDEN VACUUM",262.26,262.26,,"4018","GBP",,,,,,"GBP",528.5,"4018","Active","4018 - VACCUMS & SWEEPERS","1",0,0,1,0,0,,,,,,,"C-FAST175P",,,43,,,,,,"",,752066,,,,
67270,6,,,,777,,,"FAST175P-RET","FAST175P-RET","FEIDER FAST175P - RETURN MODEL","FEIDER FAST175P - RETURN MODEL",262.26,262.26,,"4018","GBP",,,,,,"GBP",499,"4018","Active","4018 - VACCUMS & SWEEPERS","199",0,0,0,0,0,,,,,,,"C-FAST175P-RET",,,,,,,,,"",,752066,,,,
67271,6,,,,777,,,"FAST175T","FAST175T","FEIDER FAST175T SELF-PROPELLED WHEELED GARDEN VACUUM","FEIDER FAST175T SELF-PROPELLED WHEELED GARDEN VACUUM",305.99,305.99,,"4018","GBP",,,,,,"GBP",819.95,"4018","Active","4018 - VACCUMS & SWEEPERS","1",0,-1,1,-305.99,-819.95,,,,,,,"C-FAST175T",,,43,,,,,,"",,752066,,,,
67272,6,,,,777,,,"FAST175T(RTN)","FAST175T(RTN)","FEIDER FAST175T SWEEPER (PRE OWNED)","FEIDER FAST175T SWEEPER (PRE OWNED)",1.01,0,,"4000","GBP",,,,,,"GBP",450,"4000","Active","4000 - Delivery charges - outward freight","1",0,0,1,0,0,,,,,,,"C-FAST175T(RTN)",,,,,,,,,"",,,,,,
67274,6,,,,777,,,"FBAE200-2","FBAE200-2","FEIDER FBA-E200 SELF-PROPELLED POWERED SNOW & LEAF SWEEPER","FEIDER FBA-E200 SELF-PROPELLED POWERED SNOW & LEAF SWEEPER",382.91,382.91,,"4018","GBP",,,,,,"GBP",713.37,"4018","Active","4018 - VACCUMS & SWEEPERS","1",0,0,1,0,0,,,,,,,"C-FBAE200-2",,,,,,,,,"",,752066,,,,
67275,6,,,,777,,,"FBAE200ES","FBAE200ES","FEIDER FBA-E200ES POWERED SWEEPER","FEIDER FBA-E200ES POWERED SWEEPER",422.32,422.32,,"4018","GBP",,,,,,"GBP",833.29,"4018","Active","4018 - VACCUMS & SWEEPERS","1",0,0,1,0,0,,,,,,,"C-FBAE200ES",,,,,,,,,"",,752066,,,,
67276,6,,,,777,,,"FBR","FBR","FEIDER FBR POWERED BRUSH ATTACHMENT â€“ FOR FAST175T GARDEN VACUUM","FEIDER FBR POWERED BRUSH ATTACHMENT â€“ FOR FAST175T GARDEN VACUUM",19.41,19.41,,"4025","GBP",,,,,,"GBP",52.08,"4025","Active","4025 - MISC","1",0,3,1,58.23,156.24,,,,,,,"C-FBR",,,2,,,,,,"",,752066,,,,
67277,6,,,,777,,,"FBT220","FBT220","FEIDER FBT220 CHIPPER SHREDDER","FEIDER FBT220 CHIPPER SHREDDER",301.16,301.16,,"4015","GBP",,,,,,"GBP",599,"4015","Active","4015 - CHIPPERS & SHREDDERS","1",0,0,1,0,0,,,,,,,"C-FBT220",,,71,,,,,,"",,752066,,,,
67278,6,,,,777,,,"FBT270","FBT270","FEIDER FBT270 PETROL CHIPPER SHREDDER","FEIDER FBT270 PETROL CHIPPER SHREDDER",375.92,340.23,,"4015","GBP",,,,,,"GBP",739.95,"4015","Active","4015 - CHIPPERS & SHREDDERS","1",0,-1,1,-375.92,-739.95,,,,,,,"C-FBT270",,,89,,,,,,"",,,,,,
67279,6,,,,777,,,"FBT70","FBT70","FEIDER FBT70 PETROL CHIPPER SHREDDER","FEIDER FBT70 PETROL CHIPPER SHREDDER",183.34,0,,"4015","GBP",,,,,,"GBP",490.95,"4015","Active","4015 - CHIPPERS & SHREDDERS","1",0,0,1,0,0,,,,,,,"C-FBT70",,,,,,,,,"",,,,,,
67280,6,,,,777,,,"FCOL","FCOL","FEIDER FCOL COLLECTION BOX  FITS FBA-E200 MODELS","FEIDER FCOL COLLECTION BOX  FITS FBA-E200 MODELS",35.28,35.28,,"4025","GBP",,,,,,"GBP",0,"4025","Active","4025 - MISC","1",0,0,1,0,0,,,,,,,"C-FCOL",,,8.5,,,,,,"",,752066,,,,
67281,6,,,"2025-11-11T15:14:24.000Z",24305274,,,"FAST175-BAG","FD-FAST175-BAG","FEIDER FAST175 REPLACEMENT BAG","FEIDER FAST175 REPLACEMENT BAG",19.55,20.7,,"4096","GBP",,,,,,"GBP",89,"4096","Active","4096 - CONSUMABLES & DISPOSABLES","1",0,-1,1,-19.55,-89,,,,,,,"C-FD-FAST175-BAG",,,,,,,,,"DM FLOOR",,752066,,,,
67283,6,,,,777,,,"FELPRO25","FELPRO25","FEIDER FELPRO25 TOP HANDLE CHAINSAW","FEIDER FELPRO25 TOP HANDLE CHAINSAW",102.63,102.63,,"4012","GBP",,,,,,"GBP",216.63,"4012","Active","4012 - HANDHELD PRODCUTS","1",0,0,1,0,0,,,,,,,"C-FELPRO25",,,4,,,,,,"",,752066,,,,
67284,6,,,,777,,,"FG8500ES","FG8500ES","FEIDER  FG8500ES 8500W GENERATOR","FEIDER  FG8500ES 8500W GENERATOR",490.78,490.78,,"4025","GBP",,,,,,"GBP",999.96,"4025","Active","4025 - MISC","1",0,0,1,0,0,,,,,,,"C-FG8500ES",,,96,,,,,,"",,752066,,,,
67285,6,,,,777,,,"FG8500RS","FG8500RS","FEIDER 8500W SINGLE-PHASE OPEN-FRAME PETROL GENERATOR","FEIDER 8500W SINGLE-PHASE OPEN-FRAME PETROL GENERATOR",401.55,401.55,,"4025","GBP",,,,,,"GBP",740.17,"4025","Active","4025 - MISC","1",0,1,1,401.55,740.17,,,,,,,"C-FG8500RS",,,96,,,,,,"",,752066,,,,
67286,6,,,,777,,,"FGP000249","FGP000249","FUEL FILTER","FUEL FILTER",0.6,0.6,,"4098","GBP",,,,,,"GBP",9.87,"4098","Active","4098 - SPARE PARTS","20",0,69,1,41.4,681.03,,,,,,,"C-FGP000249",,,,,,,,,"",,752133,,,,
67287,6,,,,777,,,"FGP011672","FGP011672","FUEL FILTER","FUEL FILTER",0.71,0.71,,"4098","GBP",,,,,,"GBP",7.98,"4098","Active","4098 - SPARE PARTS","20",0,92,1,65.32,734.16,,,,,,,"C-FGP011672",,,,,,,,,"",,752133,,,,
67288,6,,,,777,,,"FGP456807","FGP456807","AIR FILTER HONDA","AIR FILTER HONDA",0.77,0.77,,"4098","GBP",,,,,,"GBP",6.99,"4098","Active","4098 - SPARE PARTS","20",0,59,1,45.43,412.41,,,,,,,"C-FGP456807",,,,,,,,,"3D",,752133,,,,
67289,6,,,,777,,,"FHBV1300","FHBV1300","FEIDER FHBV1300 MULTI-SURFACE STEAM CLEANER","FEIDER FHBV1300 MULTI-SURFACE STEAM CLEANER",22.74,22.74,,"4025","GBP",,,,,,"GBP",54.86,"4025","Active","4025 - MISC","1",0,8,1,181.92,438.88,,,,,,,"C-FHBV1300",,,2.5,,,,,,"",,752066,,,,
67290,6,,,,777,,,"FHNV2000","FHNV2000","FEIDER FNHV2000 MULTI-SURFACE STEAM CLEANER","FEIDER FNHV2000 MULTI-SURFACE STEAM CLEANER",43.23,43.23,,"4025","GBP",,,,,,"GBP",83.59,"4025","Active","4025 - MISC","1",0,0,1,0,0,,,,,,,"C-FHNV2000",,,,,,,,,"",,752066,,,,
67291,6,,,,777,,,"FHT22","FHT22","FEIDER FHT22 PETROL HEDGETRIMMER (60CM BLADES)","FEIDER FHT22 PETROL HEDGETRIMMER (60CM BLADES)",93,93,,"4012","GBP",,,,,,"GBP",191.62,"4012","Active","4012 - HANDHELD PRODCUTS","1",0,4,1,372,766.48,,,,,,,"C-FHT22",,,4.8,,,,,,"",,,,,,
67292,6,,,,777,,,"FMT560","FMT560","FEIDER FMT560 WHEELED BRUSHCUTTER","FEIDER FMT560 WHEELED BRUSHCUTTER",123.68,123.68,,"4025","GBP",,,,,,"GBP",349,"4025","Active","4025 - MISC","1",0,0,1,0,0,,,,,,,"C-FMT560",,,35,,,,,,"",,752066,,,,
67293,6,,,,777,,,"FMTB50","FMTB50","FEIDER FMTB50 PETROL CULTIVATOR","FEIDER FMTB50 PETROL CULTIVATOR",152.3,152.3,,"4017","GBP",,,,,,"GBP",249.99,"4017","Active","4017 - TILLERS & CULTIVATORS","1",0,0,1,0,0,,,,,,,"C-FMTB50",,,52,,,,,,"",,752066,,,,
67294,6,,,,777,,,"FMTB80","FMTB80","FEIDER FMTB80 PETROL CULTIVATOR","FEIDER FMTB80 PETROL CULTIVATOR",162.17,162.17,,"4017","GBP",,,,,,"GBP",299.99,"4017","Active","4017 - TILLERS & CULTIVATORS","1",0,0,1,0,0,,,,,,,"C-FMTB80",,,57,,,,,,"",,752066,,,,
67296,6,,,,777,,,"FNY003","FNY003","NYLON ROUND STRIMMER-LINE 1.6MM X 15MM","NYLON ROUND STRIMMER-LINE 1.6MM X 15MM",0.47,0.47,,"4098","GBP",,,,,,"GBP",4.08,"4098","Active","4098 - SPARE PARTS","3",0,0,1,0,0,,,,,,,"C-FNY003",,,0.06,,,,,,"",,,,,,
67297,6,,,,777,,,"FNY005","FNY005","JR FNY005 Nylon Round Trimmer-Line -Replacement Strimmer Line - 2mm x 15m","JR FNY005 Nylon Round Trimmer-Line -Replacement Strimmer Line - 2mm x 15m",0.74,0.74,,"4098","GBP",,,,,,"GBP",2.99,"4098","Active","4098 - SPARE PARTS","15",0,4,1,2.96,11.96,,,,,,,"C-FNY005",,,0.08,,,,,,"",,752066,,,,
67298,6,,,,777,,,"FNY020","FNY020","ROUND NYLON TRIMMER LINE - 2.4MM X 87M","ROUND NYLON TRIMMER LINE - 2.4MM X 87M",2.93,2.93,,"4098","GBP",,,,,,"GBP",6.95,"4098","Active","4098 - SPARE PARTS","15",0,8,1,23.44,55.6,,,,,,,"C-FNY020",,,0.65,,,,,,"",,,,,,
67299,6,,,,777,,,"FNY022","FNY022","JR FNY022 Premium Round Trimmer-Line- Replacement Strimmer Line - 3mm x 56m","JR FNY022 Premium Round Trimmer-Line- Replacement Strimmer Line - 3mm x 56m",2.93,2.93,,"4098","GBP",,,,,,"GBP",6.95,"4098","Active","4098 - SPARE PARTS","20",0,5,1,14.65,34.75,,,,,,,"C-FNY022",,,0.66,,,,,,"",,752066,,,,
67300,6,,,,777,,,"FNY024","FNY024","JR 3.3MM STRIMMER LINE","JR 3.3MM STRIMMER LINE",3.57,3.57,,"4098","GBP",,,,,,"GBP",16.66,"4098","Active","4098 - SPARE PARTS","3",0,0,1,0,0,,,,,,,"C-FNY024",,,0.64,,,,,,"",,752066,,,,
67301,6,,,,777,,,"FNY035","FNY035","1.6MM X 89M SQUARE NYLON TRIMMER LINE","1.6MM X 89M SQUARE NYLON TRIMMER LINE",2.02,0,,"4096","GBP",,,,,,"GBP",7.45,"4096","Active","4096 - CONSUMABLES & DISPOSABLES","3",0,0,1,0,0,,,,,,,"C-FNY035",,,0.3,,,,,,"",,,,,,
67302,6,,,,777,,,"FNY037","FNY037","JR FNY037 Square Nylon Trimmer-Line - Replacement Strimmer Line - 2.4mm x 12m","JR FNY037 Square Nylon Trimmer-Line - Replacement Strimmer Line - 2.4mm x 12m",2.03,2.03,,"4098","GBP",,,,,,"GBP",9.98,"4098","Active","4098 - SPARE PARTS","20",0,-57,1,-115.71,-568.86,,,,,,,"C-FNY037",,,0.32,,,,,,"",,752066,,,,
67303,6,,,,777,,,"FNY039","FNY039","JR FNY039 STRIMMER LINE","JR FNY039 STRIMMER LINE",1.78,1.78,,"4098","GBP",,,,,,"GBP",9.98,"4098","Active","4098 - SPARE PARTS","20",0,5,1,8.9,49.9,,,,,,,"C-FNY039",,,0.32,,,,,,"",,752066,,,,
67304,6,,,,777,,,"FNY040","FNY040","JR FNY040 Square Nylon Trimmer-Line - Replacement Strimmer Line - ( 3mm x 9m )","JR FNY040 Square Nylon Trimmer-Line - Replacement Strimmer Line - ( 3mm x 9m )",0.8,0.8,,"4098","GBP",,,,,,"GBP",4.98,"4098","Active","4098 - SPARE PARTS","15",0,4,1,3.2,19.92,,,,,,,"C-FNY040",,,0.11,,,,,,"",,752066,,,,
67305,6,,,,777,,,"FNY042","FNY042","JR FNY042 Square Nylon Trimmer Line - Replacement Strimmer - 3.3mm x 9m","JR FNY042 Square Nylon Trimmer Line - Replacement Strimmer - 3.3mm x 9m",0.93,0.93,,"4098","GBP",,,,,,"GBP",4.23,"4098","Active","4098 - SPARE PARTS","15",0,4,1,3.72,16.92,,,,,,,"C-FNY042",,,0.13,,,,,,"",,752066,,,,
67306,6,,,,777,,,"FNY044","FNY044","JR FNY044 Square Nylon Trimmer-Line - Replacement Strimmer Line - 4mm x 9m","JR FNY044 Square Nylon Trimmer-Line - Replacement Strimmer Line - 4mm x 9m",1.22,1.22,,"4098","GBP",,,,,,"GBP",13.98,"4098","Active","4098 - SPARE PARTS","15",0,2,1,2.44,27.96,,,,,,,"C-FNY044",,,0.2,,,,,,"",,752066,,,,
67307,6,,,,777,,,"FP4","FP4","FOOT PUMP TWIN BARREL","FOOT PUMP TWIN BARREL",14.27,14.27,,"4025","GBP",,,,,,"GBP",18.29,"4025","Active","4025 - MISC","24",0,2,1,28.54,36.58,,,,,,,"C-FP4",,,,,,,,,"",,,,,,
67308,6,,,,777,,,"FRT6224","FRT6224","FEIDER FRT6224 ULTRA-COMPACT RIDE-ON MOWER","FEIDER FRT6224 ULTRA-COMPACT RIDE-ON MOWER",560,560,,"4011","GBP",,,,,,"GBP",1038.16,"4011","Active","4011 - RIDE ON LAWNMOWERS","1",0,0,1,0,0,,,,,,,"C-FRT6224",,,136,,,,,,"",,,,,,
67309,6,,,,777,,,"FRT6224-RET","FRT6224-RET","FEIDER FRT6224  RIDE-ON MOWER- EX DEMO","FEIDER FRT6224  RIDE-ON MOWER- EX DEMO",560,0,,"4011","GBP",,,,,,"GBP",1120,"4011","Active","4011 - RIDE ON LAWNMOWERS","199",0,0,0,0,0,,,,,,,"C-FRT6224-RET",,,,,,,,,"",,752066,,,,
67310,6,,,,777,,,"FRT7550M","FRT7550M","FEIDER FRT-7550M COMPACT REAR COLLECT RIDE ON MOWER","FEIDER FRT-7550M COMPACT REAR COLLECT RIDE ON MOWER",970.33,970.33,,"4011","GBP",,,,,,"GBP",1599.95,"4011","Active","4011 - RIDE ON LAWNMOWERS","1",0,0,1,0,0,,,,,,,"C-FRT7550M",,,160,,,,,,"",,752066,,,,
67311,6,,,,777,,,"FRT7550M-SD","FRT7550M-SD","FEIDER FRT7550M-SD COMPACT SIDE-DISCHARGE RIDE ON MOWER","FEIDER FRT7550M-SD COMPACT SIDE-DISCHARGE RIDE ON MOWER",500,500,,"4011","GBP",,,,,,"GBP",833.29,"4011","Active","4011 - RIDE ON LAWNMOWERS","1",0,0,1,0,0,,,,,,,"C-FRT7550M-SD",,,160,,,,,,"",,,,,,
67312,6,,,"2026-02-16T15:40:31.000Z",24305274,,,"FRT75BS125","FRT75BS125","FEIDER FRT75BS125 RIDE ON LAWNMOWER","FEIDER FRT75BS125 RIDE ON LAWNMOWER",976,976,,"4011","GBP",,,,,,"GBP",4499.95,"4011","Active","4011 - RIDE ON LAWNMOWERS","1",0,0,1,0,0,,,,,,,"C-FRT755BS125",,,,,,,,,"",,,,,,
67313,6,,,,777,,,"FRT75BS125-RTN","FRT75BS125-RTN","FEIDER FRT75BS125 RIDER - USED MODEL","FEIDER FRT75BS125 RIDER - USED MODEL",604.01,0,,"4011","GBP",,,,,,"GBP",833.33,"4011","Active","4011 - RIDE ON LAWNMOWERS","1",0,1,1,604.01,833.33,,,,,,,"C-FRT75BS125-RTN",,,,,,,,,"",,752066,,,,
67314,6,,,,777,,,"FRTF220","FRTF220","FEIDER RTF220 PETROL REAR TINE CULTIVATOR","FEIDER RTF220 PETROL REAR TINE CULTIVATOR",191.52,242.87,,"4017","GBP",,,,,,"GBP",499.99,"4017","Active","4017 - TILLERS & CULTIVATORS","1",0,1,1,191.52,499.99,,,,,,,"C-FRTF220",,,,,,,,,"",,752066,,,,
67315,6,,,,777,,,"FSC","FSC","FEIDER POWERED RAKE ATTACHMENT FOR FAST175T","FEIDER POWERED RAKE ATTACHMENT FOR FAST175T",19.41,19.41,,"4018","GBP",,,,,,"GBP",62.5,"4018","Active","4018 - VACCUMS & SWEEPERS","1",0,28,1,543.48,1750,,,,,,,"C-FSC",,,2,,,,,,"",,752066,,,,
67316,6,,,,777,,,"FST200PRO","FST200PRO","FEIDER FST200PRO PETROL SCARIFIER","FEIDER FST200PRO PETROL SCARIFIER",200.75,200.97,,"4013","GBP",,,,,,"GBP",416,"4013","Active","4013 - SCARIFIERS","1",0,0,1,0,0,,,,,,,"C-FST200PRO",,,35,,,,,,"",,752066,,,,
67317,6,,,,777,,,"FST200PRO-RET","FST200PRO-RET","FEIDER FST200PRO SCARIFIER - RETURN MODEL","FEIDER FST200PRO SCARIFIER - RETURN MODEL",200.75,200.75,,"4010","GBP",,,,,,"GBP",324.96,"4010","Active","4010 - WALK BEHIND LAWNMOWERS","199",0,0,0,0,0,,,,,,,"C-FST200PRO-RET",,,,,,,,,"",,752066,,,,
67318,6,,,,777,,,"FST212","FST212","FEIDER FST212 PETROL LAWN SCARIFER","FEIDER FST212 PETROL LAWN SCARIFER",121.5,124.12,,"4013","GBP",,,,,,"GBP",265.83,"4013","Active","4013 - SCARIFIERS","1",0,0,1,0,0,,,,,,,"C-FST212",,,34,,,,,,"",,,,,,
67319,6,,,,777,,,"FST212-RET","FST212-RET","FEIDER FST212 SCARIFIER - RETURN MODEL","FEIDER FST212 SCARIFIER - RETURN MODEL",121.5,92,,"4013","GBP",,,,,,"GBP",155,"4013","Active","4013 - SCARIFIERS","199",0,0,0,0,0,,,,,,,"C-FST212-RET",,,,,,,,,"",,752066,,,,
67320,6,,,,777,,,"FST264T","FST264T","FEIDER FST264T 4 STROKE PETROL BLOWER","FEIDER FST264T 4 STROKE PETROL BLOWER",67.02,67.02,,"4012","GBP",,,,,,"GBP",130,"4012","Active","4012 - HANDHELD PRODCUTS","1",0,0,1,0,0,,,,,,,"C-FST264T",,,4.05,,,,,,"",,752066,,,,
67321,6,,,,777,,,"FTDT4125","FTDT4125","FEIDER FTDT4125 PETROL LAWNMOWER","FEIDER FTDT4125 PETROL LAWNMOWER",121.47,121.47,,"4010","GBP",,,,,,"GBP",249.99,"4010","Active","4010 - WALK BEHIND LAWNMOWERS","1",0,1,1,121.47,249.99,,,,,,,"C-FTDT4125",,,23,,,,,,"",,752066,,,,
67322,6,,,,777,,,"FTDT461ZT-RET","FTDT461ZT-RET","FEIDER FTDT461ZT LAWNMOWER - RETURN MODEL","FEIDER FTDT461ZT LAWNMOWER - RETURN MODEL",146.45,146.45,,"4013","GBP",,,,,,"GBP",333.29,"4013","Active","4013 - SCARIFIERS","199",0,0,0,0,0,,,,,,,"C-FTDT461ZT-RET",,,,,,,,,"",,752066,,,,
67323,6,,,,777,,,"FTDT5096ES","FTDT5096ES","FEIDER FTDT5096ES KEY START LAWNMOWER","FEIDER FTDT5096ES KEY START LAWNMOWER",204.78,204.78,,"4010","GBP",,,,,,"GBP",409.56,"4010","Active","4010 - WALK BEHIND LAWNMOWERS","1",0,0,1,0,0,,,,,,,"C-FTDT5096ES",,,33.6,,,,,,"",,752066,,,,
67324,6,,,,777,,,"FTDTR4240ES","FTDTR4240ES","FEIDER TR4240ES REAR-ROLLER LAWNMOWER W/ ELECTRIC START","FEIDER TR4240ES REAR-ROLLER LAWNMOWER W/ ELECTRIC START",204.85,204.85,,"4010","GBP",,,,,,"GBP",359.95,"4010","Active","4010 - WALK BEHIND LAWNMOWERS","1",0,0,1,0,0,,,,,,,"C-FTDTR4240ES",,,34,,,,,,"",,,,,,
67325,6,,,,777,,,"FTDTR4240ES-RET","FTDTR4240ES-RET","FEIDER FTDTR4240ES LAWNMOWER - RETURN MODEL","FEIDER FTDTR4240ES LAWNMOWER - RETURN MODEL",204.85,204.85,,"4010","GBP",,,,,,"GBP",416.63,"4010","Active","4010 - WALK BEHIND LAWNMOWERS","199",0,0,0,0,0,,,,,,,"C-FTDTR4240ES-RET",,,,,,,,,"",,752066,,,,
67326,6,,,,777,,,"FTDTR4870ES","FTDTR4870ES","FEIDER TR4870ES VARIABLE-SPEED REAR-ROLLER LAWNMOWER W/ ELECTRIC START","FEIDER TR4870ES VARIABLE-SPEED REAR-ROLLER LAWNMOWER W/ ELECTRIC START",284.02,0,,"4010","GBP",,,,,,"GBP",608.29,"4010","Active","4010 - WALK BEHIND LAWNMOWERS","1",0,0,1,0,0,,,,,,,"C-FTDTR4870ES",,,39.2,,,,,,"",,,,,,
67327,6,,,,777,,,"FTDTR5220ES","FTDTR5220ES","FEIDER TR5220ES VARIABLE SPEED REAR-ROLLER LAWNMOWER W/ ELECTRIC START","FEIDER TR5220ES VARIABLE SPEED REAR-ROLLER LAWNMOWER W/ ELECTRIC START",307.5,307.5,,"4010","GBP",,,,,,"GBP",549.95,"4010","Active","4010 - WALK BEHIND LAWNMOWERS","1",0,0,1,0,0,,,,,,,"C-FTDTR5220ES",,,40.2,,,,,,"",,,,,,
67328,6,,,,777,,,"FTDTR5220ES-RET","FTDTR5220ES-RET","FEIDER FTDTR5220ES LAWNMOWER - RETURN MODEL","FEIDER FTDTR5220ES LAWNMOWER - RETURN MODEL",307.5,307.5,,"4010","GBP",,,,,,"GBP",600,"4010","Active","4010 - WALK BEHIND LAWNMOWERS","199",0,0,0,0,0,,,,,,,"C-FTDTR5220ES-RET",,,,,,,,,"",,752066,,,,
67329,6,,,,777,,,"FTRT494T","FTRT494T","FEIDER FTRT494-T 4-STROKE PETROL CHAINSAW (41CM GUIDE BAR)","FEIDER FTRT494-T 4-STROKE PETROL CHAINSAW (41CM GUIDE BAR)",93.82,93.82,,"4016","GBP",,,,,,"GBP",227.57,"4016","Active","4016 - CHAINSAW","1",0,0,1,0,0,,,,,,,"C-FTRT494T",,,5.6,,,,,,"",,752066,,,,
67330,6,,,,777,,,"FTRTPRO40","FTRTPRO40","FEIDER FTRTPRO40 CHAINSAW","FEIDER FTRTPRO40 CHAINSAW",105.51,105.51,,"4016","GBP",,,,,,"GBP",208.29,"4016","Active","4016 - CHAINSAW","1",0,3,1,316.53,624.87,,,,,,,"C-FTRTPRO40",,,,,,,,,"",,752066,,,,
67331,6,,,,777,,,"FTRTPRO45","FTRTPRO45","FEIDER FTRTPRO45 CHAINSAW","FEIDER FTRTPRO45 CHAINSAW",121.01,121.01,,"4016","GBP",,,,,,"GBP",279.95,"4016","Active","4016 - CHAINSAW","1",0,0,1,0,0,,,,,,,"C-FTRTPRO45",,,3.7,,,,,,"",,752066,,,,
67332,6,,,,777,,,"FTU","FTU","FEIDER HOSE KIT ATTACHMENT FOR FAST 175T","FEIDER HOSE KIT ATTACHMENT FOR FAST 175T",41.2,41.2,,"4018","GBP",,,,,,"GBP",106.07,"4018","Active","4018 - VACCUMS & SWEEPERS","1",0,-1,1,-41.2,-106.07,,,,,,,"C-FTU",,,3,,,,,,"",,752066,,,,
67333,6,,,,777,,,"FYN038","FYN038","JR FNY038 Square Nylon Trimmer-Line - Replacement Strimmer Line - 2.4mm x 12m","JR FNY038 Square Nylon Trimmer-Line - Replacement Strimmer Line - 2.4mm x 12m",0.96,0.96,,"4098","GBP",,,,,,"GBP",9.98,"4098","Active","4098 - SPARE PARTS","15",0,2,1,1.92,19.96,,,,,,,"C-FYN038",,,,,,,,,"",,752066,,,,
67334,6,,,,777,,,"G125463200EO","G125463200EO","BLADE BOSS","BLADE BOSS",10.4,10.4,,"4098","GBP",,,,,,"GBP",20.8,"4098","Active","4098 - SPARE PARTS","20",0,0,1,0,0,,,,,,,"C-G125463200EO",,,,,,,,,"",,752095,,,,
67335,6,,,,777,,,"G125601613E0R","G125601613E0R","PULLEY","PULLEY",30.33,0,,"4098","GBP",,,,,,"GBP",60,"4098","Active","4098 - SPARE PARTS","20",0,0,1,0,0,,,,,,,"C-G125601613E0R",,,,,,,,,"",,,,,,
67336,6,,,,777,,,"G339XY90000","G339XY90000","GENUINE COBRA CLUTCH CABLE","GENUINE COBRA CLUTCH CABLE",9.43,9.43,,"4098","GBP",,,,,,"GBP",19.68,"4098","Active","4098 - SPARE PARTS","20",0,-1,1,-9.43,-19.68,,,,,,,"C-G339XY90000",,,,,,,,,"",,,,,,
67337,6,,,,777,,,"G34AWY00000","G34AWY00000","GENUINE COBRA BLADE BOSS","GENUINE COBRA BLADE BOSS",12.91,12.91,,"4098","GBP",,,,,,"GBP",25.82,"4098","Active","4098 - SPARE PARTS","19",0,0,1,0,0,,,,,,,"C-G34AWY00000",,,,,,,,,"",,,,,,
67338,6,,,,777,,,"G53PK","G53PK","OLEO-MAC G53-PK SD COMFORT H/P LAWNMOWER W/ SIDE-DISCHARGE","OLEO-MAC G53-PK SD COMFORT H/P LAWNMOWER W/ SIDE-DISCHARGE",258.67,258.67,,"4010","GBP",,,,,,"GBP",324.17,"4010","Active","4010 - WALK BEHIND LAWNMOWERS","35",0,0,1,0,0,,,,,,,"C-G53PK",,,,,,,,,"",,,,,,
67339,6,,,,777,,,"G9510000000","G9510000000","19 INCH BLADE","19 INCH BLADE",19.85,19.85,,"4098","GBP",,,,,,"GBP",39.7,"4098","Active","4098 - SPARE PARTS","20",0,1,1,19.85,39.7,,,,,,,"C-G9510000000",,,,,,,,,"",,752053,,,,
67340,6,,,,777,,,"GC81004397H0","GC81004397H0","Honda IZY HRG465 Blade (46cm/ 18"")""","Honda IZY HRG465 Blade (46cm/ 18"")""",9.72,9.72,,"4098","GBP",,,,,,"GBP",37.98,"4098","Active","4098 - SPARE PARTS","20",0,1,1,9.72,37.98,,,,,,,"C-GC81004397H0",,,,,,,,,"",,752107,,,,
67341,6,,,,777,,,"GND-17","GND-17","CARBURETTOR DIAPHRAGM KIT ZAMA","CARBURETTOR DIAPHRAGM KIT ZAMA",8.22,8.22,,"4098","GBP",,,,,,"GBP",16.44,"4098","Active","4098 - SPARE PARTS","20",0,1,1,8.22,16.44,,,,,,,"C-GND-17",,,,,,,,,"",,,,,,
67342,6,,,,777,,,"GT-222ES","GT-222ES","ECHO GT-222ES BENT SHAFT TRIMMER","ECHO GT-222ES BENT SHAFT TRIMMER",129.46,128.22,,"4012","GBP",,,,,,"GBP",207.5,"4012","Active","4012 - HANDHELD PRODCUTS","63",0,1,1,129.46,207.5,,,,,,,"C-GT-222ES",,,4.2,,,,,,"",,752098,,,,
67343,6,,,,777,,,"GT100E","GT100E","STIGA GT 100E KIT 20V 2-IN-1 CORDLESS GRASS-TRIMMER & LAWN EDGER (INC. BATTERY & CHARGER)","STIGA GT 100E KIT 20V 2-IN-1 CORDLESS GRASS-TRIMMER & LAWN EDGER (INC. BATTERY & CHARGER)",55.27,55.27,,"4012","GBP",,,,,,"GBP",99,"4012","Active","4012 - HANDHELD PRODCUTS","32",0,0,1,0,0,,,,,,,"C-GT100E",,,,,,,,,"",,752173,,,,
67345,6,,,,777,,,"GUARDBOLT","GUARDBOLT","GUARD BOLT -                           FITS DM26L","GUARD BOLT -                           FITS DM26L",0.12,0.12,,"4098","GBP",,,,,,"GBP",1.65,"4098","Active","4098 - SPARE PARTS","20",0,10,1,1.2,16.5,,,,,,,"C-GUARDBOLT",,,,,,,,,"",,,,,,
67346,6,,,,777,,,"H19210000","H19210000","COMPLETE RECOIL - FTDT5096-AC - FAST175T","COMPLETE RECOIL - FTDT5096-AC - FAST175T",10.55,10.55,,"4098","GBP",,,,,,"GBP",24.99,"4098","Active","4098 - SPARE PARTS","17",0,0,1,0,0,,,,,,,"C-H19210000",,,,,,,,,"",,,,,,
67347,6,,,,777,,,"H90W20","H90W20","OIL FILTER","OIL FILTER",2.99,2.99,,"4098","GBP",,,,,,"GBP",19.99,"4098","Active","4098 - SPARE PARTS","20",0,49,1,146.51,979.51,,,,,,,"C-H90W20",,,,,,,,,"",,752133,,,,
67348,6,,,,777,,,"HA111-0093","HA111-0093","BLADE    FITS HAYTER SPIRIT 41","BLADE    FITS HAYTER SPIRIT 41",21.53,21.53,,"4098","GBP",,,,,,"GBP",45.64,"4098","Active","4098 - SPARE PARTS","20",0,0,1,0,0,,,,,,,"C-HA111-0093",,,,,,,,,"",,,,,,
67349,6,,,,777,,,"HA111-8567","HA111-8567","16"" HAYTER BLADE""","16"" HAYTER BLADE""",21.24,21.24,,"4098","GBP",,,,,,"GBP",69.95,"4098","Active","4098 - SPARE PARTS","20",0,1,1,21.24,69.95,,,,,,,"C-HA111-8567",,,,,,,,,"",,752107,,,,
67350,6,,,,777,,,"HA111-8598","HA111-8598","HAYTER HARRIER 41 ROLLER HALF","HAYTER HARRIER 41 ROLLER HALF",23.47,23.47,,"4098","GBP",,,,,,"GBP",56.99,"4098","Active","4098 - SPARE PARTS","20",0,0,1,0,0,,,,,,,"C-HA111-8598",,,,,,,,,"",,752107,,,,
67351,6,,,,777,,,"HA111-9442","HA111-9442","HAYTER CLUTCH CABLE","HAYTER CLUTCH CABLE",17.67,17.67,,"4098","GBP",,,,,,"GBP",49.95,"4098","Active","4098 - SPARE PARTS","20",0,1,1,17.67,49.95,,,,,,,"C-HA111-9442",,,,,,,,,"4B",,752107,,,,
67352,6,,,,777,,,"HA115-4669","HA115-4669","BELT   FITS TORO","BELT   FITS TORO",20.41,20.41,,"4098","GBP",,,,,,"GBP",44.76,"4098","Active","4098 - SPARE PARTS","20",0,2,1,40.82,89.52,,,,,,,"C-HA115-4669",,,,,,,,,"",,,,,,
67353,6,,,,777,,,"HA131-9683-03","HA131-9683-03","BLADE   FITS TORO","BLADE   FITS TORO",27.84,27.84,,"4098","GBP",,,,,,"GBP",59.82,"4098","Active","4098 - SPARE PARTS","20",0,0,1,0,0,,,,,,,"C-HA131-9683-03",,,,,,,,,"",,,,,,
67354,6,,,,777,,,"HA410016","HA410016","GENUNINE HAYTER ROLLER SUPPORT BRACKET R/H","GENUNINE HAYTER ROLLER SUPPORT BRACKET R/H",17.14,17.14,,"4098","GBP",,,,,,"GBP",34.28,"4098","Active","4098 - SPARE PARTS","20",0,0,1,0,0,,,,,,,"C-HA410016",,,,,,,,,"",,752107,,,,
67355,6,,,,777,,,"HA410028","HA410028","Genuine Hayter Harrier 41 Rear Grass Flap","Genuine Hayter Harrier 41 Rear Grass Flap",18.27,18.27,,"4098","GBP",,,,,,"GBP",59.97,"4098","Active","4098 - SPARE PARTS","20",0,1,1,18.27,59.97,,,,,,,"C-HA410028",,,,,,,,,"",,752107,,,,
67356,6,,,,777,,,"HA410032","HA410032","GENUINE HAYTER WHEEL COVER L/H","GENUINE HAYTER WHEEL COVER L/H",14.1,13.61,,"4098","GBP",,,,,,"GBP",24.24,"4098","Active","4098 - SPARE PARTS","20",0,1,1,14.1,24.24,,,,,,,"C-HA410032",,,,,,,,,"",,752107,,,,
67357,6,,,,777,,,"HA410033","HA410033","GENUINE HAYTER WHEEL COVER R/H","GENUINE HAYTER WHEEL COVER R/H",14.1,13.61,,"4098","GBP",,,,,,"GBP",24.24,"4098","Active","4098 - SPARE PARTS","20",0,2,1,28.2,48.48,,,,,,,"C-HA410033",,,,,,,,,"",,752107,,,,
67358,6,,,,777,,,"HA411012","HA411012","GENUNINE HAYTER GEARBOX SUPPORT BRACKET","GENUNINE HAYTER GEARBOX SUPPORT BRACKET",10.03,10.03,,"4098","GBP",,,,,,"GBP",20.06,"4098","Active","4098 - SPARE PARTS","20",0,0,1,0,0,,,,,,,"C-HA411012",,,,,,,,,"",,752107,,,,
67359,6,,,,777,,,"HA411024","HA411024","Genuine Hayter Variator Belt 520","Genuine Hayter Variator Belt 520",8.64,8.64,,"4098","GBP",,,,,,"GBP",29.98,"4098","Active","4098 - SPARE PARTS","20",0,1,1,8.64,29.98,,,,,,,"C-HA411024",,,,,,,,,"",,752107,,,,
67360,6,,,,777,,,"HC-2020","HC-2020","ECHO HC-2020 DOUBLE BLADE HEDGECUTTER","ECHO HC-2020 DOUBLE BLADE HEDGECUTTER",178.21,178.21,,"4012","GBP",,,,,,"GBP",274.17,"4012","Active","4012 - HANDHELD PRODCUTS","63",0,-1,1,-178.21,-274.17,,,,,,,"C-HC-2020",,,4.6,,,,,,"",,752098,,,,
67361,6,,,,777,,,"HC-2320","HC-2320","ECHO HC-2320 EXTRA-LONG DOUBLE BLADE HEDGETRIMMER","ECHO HC-2320 EXTRA-LONG DOUBLE BLADE HEDGETRIMMER",216.13,216.13,,"4012","GBP",,,,,,"GBP",332.5,"4012","Active","4012 - HANDHELD PRODCUTS","63",0,2,1,432.26,665,,,,,,,"C-HC-2320",,,4.6,,,,,,"",,752098,,,,
67362,6,,,,777,,,"HCA-265ES-HD","HCA-265ES-HD","ECHO HCA-265ES-HD LONG REACH ARTICULATING HEDGETRIMMER","ECHO HCA-265ES-HD LONG REACH ARTICULATING HEDGETRIMMER",349.5,371.35,,"4012","GBP",,,,,,"GBP",582.5,"4012","Active","4012 - HANDHELD PRODCUTS","63",0,3,1,1048.5,1747.5,,,,,,,"C-HCA-265ES-HD",,,6.7,,,,,,"",,752098,,,,
67363,6,,,,777,,,"HCR-185ES","HCR-185ES","ECHO HCR-185ES TWIN BLADE HEDGECUTTER","ECHO HCR-185ES TWIN BLADE HEDGECUTTER",302.79,302.79,,"4012","GBP",,,,,,"GBP",465.83,"4012","Active","4012 - HANDHELD PRODCUTS","63",0,0,1,0,0,,,,,,,"C-HCR-185ES",,,5.3,,,,,,"",,752098,,,,
67364,6,,,,777,,,"HP-120","HP-120","HANDY HP-120 Fuel Mixing Bottle","HANDY HP-120 Fuel Mixing Bottle",2.5,2.5,,"4098","GBP",,,,,,"GBP",7.98,"4098","Active","4098 - SPARE PARTS","20",0,6,1,15,47.88,,,,,,,"C-HP-120",,,0,,,,,,"",,752114,,,,
67365,6,,,,777,,,"HP-142","HP-142","HANDY 5L SAE30 LAWNMOWER OIL","HANDY 5L SAE30 LAWNMOWER OIL",14.99,0,,"4098","GBP",,,,,,"GBP",29.98,"4098","Active","4098 - SPARE PARTS","20",0,-2,1,-29.98,-59.96,,,,,,,"C-HP-142",,,5,,,,,,"",,,,,,
67366,6,,,,777,,,"HP-144","HP-144","2 STROKE OIL 500ML","2 STROKE OIL 500ML",2.15,0,,"4098","GBP",,,,,,"GBP",5.79,"4098","Active","4098 - SPARE PARTS","20",0,15,1,32.25,86.85,,,,,,,"C-HP-144",,,0,,,,,,"",,752114,,,,
67367,6,,,,777,,,"HP-147","HP-147","HANDY HP-147 CHAINSAW OIL 5L","HANDY HP-147 CHAINSAW OIL 5L",23,23,,"4098","GBP",,,,,,"GBP",44.97,"4098","Active","4098 - SPARE PARTS","20",0,3,1,69,134.91,,,,,,,"C-HP-147",,,,,,,,,"",,752114,,,,
67368,6,,,,777,,,"HP-177","HP-177","HANDY CHAINSAW CHAIN OIL","HANDY CHAINSAW CHAIN OIL",2,0,,"4025","GBP",,,,,,"GBP",7.95,"4025","Active","4025 - MISC","52",0,-7,1,-14,-55.65,,,,,,,"C-HP-177",,,0,,,,,,"",,,,,,
67369,6,,,"2026-05-19T14:20:30.000Z",24305285,,,"HP-195","HP-195","HANDY 600ML 10W/30 LAWNMOWER OIL","HANDY 600ML 10W/30 LAWNMOWER OIL",2.65,2.65,,"4098","GBP",,,,,,"GBP",6.63,"4098","Active","4098 - SPARE PARTS","20",0,795,1,2106.75,5270.85,,,,,,,"C-HP-195",,,0,,,,,,"",,752114,,,,
67370,6,,,,777,,,"HP-199","HP-199","HANDY SURE START FUEL ADDITIVE 250ML","HANDY SURE START FUEL ADDITIVE 250ML",4.19,4.19,,"4098","GBP",,,,,,"GBP",10,"4098","Active","4098 - SPARE PARTS","20",0,-6,1,-25.14,-60,,,,,,,"C-HP-199",,,0.2,,,,,,"",,752114,,,,
67371,6,,,,777,,,"HP-204","HP-204","PETROL CAN 5LTR (GREEN)","PETROL CAN 5LTR (GREEN)",3.3,3.3,,"4098","GBP",,,,,,"GBP",5.79,"4098","Active","4098 - SPARE PARTS","20",0,15,1,49.5,86.85,,,,,,,"C-HP-204",,,,,,,,,"",,752114,,,,
67372,6,,,,777,,,"HP-270","HP-270","5L PLASTIC FUEL CAN (RED)","5L PLASTIC FUEL CAN (RED)",3.15,3.15,,"4098","GBP",,,,,,"GBP",6.95,"4098","Active","4098 - SPARE PARTS","20",0,0,1,0,0,,,,,,,"C-HP-270",,,,,,,,,"",,,,,,
67373,6,,,,777,,,"HP142","HP142","5L HANDY SAE 30 OIL","5L HANDY SAE 30 OIL",12.5,13.75,,"4096","GBP",,,,,,"GBP",38.98,"4096","Active","4096 - CONSUMABLES & DISPOSABLES","52",0,0,1,0,0,,,,,,,"C-HP142",,,,,,,,,"",,752114,,,,
67374,6,,,,777,,,"HP16010-Z9L-811","HP16010-Z9L-811","Genuine Honda GCV170 Carb Gasket Set","Genuine Honda GCV170 Carb Gasket Set",3.33,3.33,,"4098","GBP",,,,,,"GBP",14.98,"4098","Active","4098 - SPARE PARTS","20",0,5,1,16.65,74.9,,,,,,,"C-HP16010-Z9L-811",,,,,,,,,"",,752107,,,,
67375,6,,,,777,,,"HP23853-VK8-A50","HP23853-VK8-A50","GENUINE HONDA HRB475 HRB476 HRX476 ROLLER CHAIN","GENUINE HONDA HRB475 HRB476 HRX476 ROLLER CHAIN",45.27,45.27,,"4098","GBP",,,,,,"GBP",90.54,"4098","Active","4098 - SPARE PARTS","20",0,1,1,45.27,90.54,,,,,,,"C-HP23853-VK8-A50",,,,,,,,,"",,752107,,,,
67376,6,,,,777,,,"HR531","HR531","OREC HR531 PROFESSIONAL FLAIL MOWER","OREC HR531 PROFESSIONAL FLAIL MOWER",3125,0,,"4000","GBP",,,,,,"GBP",3399,"4000","Active","4000 - Delivery charges - outward freight","61",0,0,1,0,0,,,,,,,"C-HR531",,,124,,,,,,"",,,,,,
67377,6,,,,777,,,"HT525","HT525","STIGA 60CM PETROL HEDGETRIMMER","STIGA 60CM PETROL HEDGETRIMMER",109.73,109.73,,"4012","GBP",,,,,,"GBP",169,"4012","Active","4012 - HANDHELD PRODCUTS","32",0,0,1,0,0,,,,,,,"C-HT525",,,,,,,,,"",,752173,,,,
67378,6,,,,777,,,"HV5300717-50","HV5300717-50","GENUINE HUSQVARNA GASKET SET","GENUINE HUSQVARNA GASKET SET",17.41,17.41,,"4098","GBP",,,,,,"GBP",34.82,"4098","Active","4098 - SPARE PARTS","20",0,0,1,0,0,,,,,,,"C-HV5300717-50",,,,,,,,,"",,752107,,,,
67379,6,,,,777,,,"HYM510SPEZ","HYM510SPEZ","PULLEY HYUNDAI","PULLEY HYUNDAI",0,0,,"4098","GBP",,,,,,"GBP",0,"4098","Active","4098 - SPARE PARTS","20",0,0,1,0,0,,,,,,,"C-HYM510SPEZ",,,,,,,,,"1B",,,,,,
67380,6,,,,777,,,"I105369","I105369","AIR FILTER","AIR FILTER",10.42,10.42,,"4098","GBP",,,,,,"GBP",15.42,"4098","Active","4098 - SPARE PARTS","20",0,1,1,10.42,15.42,,,,,,,"C-I105369",,,,,,,,,"",,,,,,
67381,6,,,,777,,,"JCY20G","JCY20G","JERRY CAN METAL - GREEN 20L","JERRY CAN METAL - GREEN 20L",17.98,17.98,,"4025","GBP",,,,,,"GBP",37.46,"4025","Active","4025 - MISC","24",0,-21,1,-377.58,-786.66,,,,,,,"C-JCY20G",,,3.9,,,,,,"",,,,,,
67382,6,,,,777,,,"JERRYCAN","JERRYCAN","5l GREEN JERRY CAN","5l GREEN JERRY CAN",4.09,4.09,,"4025","GBP",,,,,,"GBP",6.95,"4025","Active","4025 - MISC","15",0,-2,1,-8.18,-13.9,,,,,,,"C-JERRYCAN",,,,,,,,,"",,,,,,
67383,6,,,,777,,,"JK575710","JK575710","GREEN SPOUT STEEL","GREEN SPOUT STEEL",2.8,2.8,,"4098","GBP",,,,,,"GBP",9.97,"4098","Active","4098 - SPARE PARTS","20",0,10,1,28,99.7,,,,,,,"C-JK575710",,,,,,,,,"",,752133,,,,
67384,6,,,,777,,,"JMIX02","JMIX02","SEALEY 2-STROKE FUEL MIXING BOTTLE 1L","SEALEY 2-STROKE FUEL MIXING BOTTLE 1L",3.98,3.98,,"4025","GBP",,,,,,"GBP",7.37,"4025","Active","4025 - MISC","24",0,4,1,15.92,29.48,,,,,,,"C-JMIX02",,,,,,,,,"MS2",,,,,,
67385,6,,,,777,,,"JRS200","JRS200","JR JRS200 200-LITRE COLLAPSIBLE RAIN BARREL","JR JRS200 200-LITRE COLLAPSIBLE RAIN BARREL",17.48,17.48,,"4025","GBP",,,,,,"GBP",44.95,"4025","Active","4025 - MISC","3",0,0,1,0,0,,,,,,,"C-JRS200",,,2,,,,,,"",,752066,,,,
67386,6,,,,777,,,"JRS380","JRS380","JR JRS380 380-LITRE COLLAPSIBLE RAIN BARREL","JR JRS380 380-LITRE COLLAPSIBLE RAIN BARREL",23.38,23.38,,"4025","GBP",,,,,,"GBP",57.95,"4025","Active","4025 - MISC","3",0,0,1,0,0,,,,,,,"C-JRS380",,,3,,,,,,"",,752066,,,,
67387,6,,,,777,,,"JRS500","JRS500","JR JRS500 500-LITRE COLLAPSIBLE RAIN BARREL","JR JRS500 500-LITRE COLLAPSIBLE RAIN BARREL",27.75,27.75,,"4025","GBP",,,,,,"GBP",69.97,"4025","Active","4025 - MISC","3",0,-3,1,-83.25,-209.91,,,,,,,"C-JRS500",,,4,,,,,,"",,752066,,,,
67388,6,,,,777,,,"JRS750","JRS750","JR JRS750 750-LITRE COLLAPSIBLE RAIN BARREL","JR JRS750 750-LITRE COLLAPSIBLE RAIN BARREL",34.25,34.25,,"4025","GBP",,,,,,"GBP",74.98,"4025","Active","4025 - MISC","3",0,0,1,0,0,,,,,,,"C-JRS750",,,5.3,,,,,,"",,752066,,,,
67389,6,,,,777,,,"KBA4/9/1.6","KBA4/9/1.6","TANAKA 4-POINT METAL BRUSHCUTTER BLADE","TANAKA 4-POINT METAL BRUSHCUTTER BLADE",16.96,16.96,,"4098","GBP",,,,,,"GBP",32,"4098","Active","4098 - SPARE PARTS","20",0,0,1,0,0,,,,,,,"C-KBA4/9/1.6",,,,,,,,,"",,,,,,
67390,6,,,,777,,,"L66150445","L66150445","AIR FILTER   EFCO","AIR FILTER   EFCO",7.35,7.35,,"4098","GBP",,,,,,"GBP",14.7,"4098","Active","4098 - SPARE PARTS","20",0,0,1,0,0,,,,,,,"C-L66150445",,,,,,,,,"",,,,,,
67391,6,,,,777,,,"LAN001","LAN001","LAWNMOWER RECOIL HANDLE","LAWNMOWER RECOIL HANDLE",1,1,,"4098","GBP",,,,,,"GBP",5.97,"4098","Active","4098 - SPARE PARTS","15",0,2,1,2,11.94,,,,,,,"C-LAN001",,,,,,,,,"",,752066,,,,
67392,6,,,,777,,,"LAN002","LAN002","2 STROKE RECOIL HANDLE","2 STROKE RECOIL HANDLE",0.45,0.45,,"4098","GBP",,,,,,"GBP",4.99,"4098","Active","4098 - SPARE PARTS","15",0,0,1,0,0,,,,,,,"C-LAN002",,,,,,,,,"",,752066,,,,
67393,6,,,,777,,,"LBP-50-150","LBP-50-150","ECHO BATTERY 2.5AH","ECHO BATTERY 2.5AH",118.13,118.13,,"4025","GBP",,,,,,"GBP",157.5,"4025","Active","4025 - MISC","63",0,-1,1,-118.13,-157.5,,,,,,,"C-LBP-50-150",,,0,,,,,,"",,752098,,,,
67394,6,,,,777,,,"LC170021061-0001","LC170021061-0001","GENUINE LONCIN LC154-F CARBURETTOR ASSY","GENUINE LONCIN LC154-F CARBURETTOR ASSY",33.3,33.3,,"4098","GBP",,,,,,"GBP",66.6,"4098","Active","4098 - SPARE PARTS","20",0,1,1,33.3,66.6,,,,,,,"C-LC170021061-0001",,,,,,,,,"",,752107,,,,
67395,6,,,,777,,,"LED4494","LED4494","SEALEY ALUMINIUM TORCH 60W COB LED - LED4494","SEALEY ALUMINIUM TORCH 60W COB LED - LED4494",20.98,20.98,,"4025","GBP",,,,,,"GBP",37.46,"4025","Active","4025 - MISC","24",0,4,1,83.92,149.84,,,,,,,"C-LED4494",,,,,,,,,"",,752164,,,,
67396,6,,,,777,,,"LMG42P-A","LMG42P-A","HARRY LMG42P-A 3-in-1 HAND PROPELLED PETROL LAWNMOWER","HARRY LMG42P-A 3-in-1 HAND PROPELLED PETROL LAWNMOWER",129.58,129.58,,"4010","GBP",,,,,,"GBP",195,"4010","Active","4010 - WALK BEHIND LAWNMOWERS","62",0,0,1,0,0,,,,,,,"C-LMG42P-A",,,29,,,,,,"",,752098,,,,
67397,6,,,,777,,,"LMG42S-A","LMG42S-A","HARRY LMG42S-A 3-IN-1 SELF PROPELLED PETROL LAWNMOWER","HARRY LMG42S-A 3-IN-1 SELF PROPELLED PETROL LAWNMOWER",171,0,,"4010","GBP",,,,,,"GBP",199.16,"4010","Active","4010 - WALK BEHIND LAWNMOWERS","62",0,0,1,0,0,,,,,,,"C-LMG42S-A",,,0,,,,,,"",,,,,,
67398,6,,,,777,,,"LMG53SHL-T","LMG53SHL-T","HARRY 4 in 1 SELF PROPELLED HI-WHEEL PETROL LAWNMOWER","HARRY 4 in 1 SELF PROPELLED HI-WHEEL PETROL LAWNMOWER",242.74,0,,"4010","GBP",,,,,,"GBP",365,"4010","Active","4010 - WALK BEHIND LAWNMOWERS","62",0,0,1,0,0,,,,,,,"C-LMG53SHL-T",,,0,,,,,,"",,752098,,,,
67399,6,,,,777,,,"LMG53SHLV-T","LMG53SHLV-T","HARRY LMG53SHLV-T 4-IN-1 VARIABLE-SPEED PETROL LAWNMOWER","HARRY LMG53SHLV-T 4-IN-1 VARIABLE-SPEED PETROL LAWNMOWER",320.83,0,,"4010","GBP",,,,,,"GBP",385,"4010","Active","4010 - WALK BEHIND LAWNMOWERS","62",0,0,1,0,0,,,,,,,"C-LMG53SHLV-T",,,0,,,,,,"",,,,,,
67400,6,,,,777,,,"LR1MR76","LR1MR76","CUB CADET LR1MR76 RIDER","CUB CADET LR1MR76 RIDER",1620.38,1620.38,,"4011","GBP",,,,,,"GBP",2999,"4011","Active","4011 - RIDE ON LAWNMOWERS","40",0,0,1,0,0,,,,,,,"C-LR1MR76",,,145,,,,,,"",,752053,,,,
67401,6,,,,777,,,"LR53-VK","LR53-VK","EFCO LR53-VK ALL ROAD PLUS 4 SELF PROPELLED MOWER","EFCO LR53-VK ALL ROAD PLUS 4 SELF PROPELLED MOWER",358.8,358.8,,"4010","GBP",,,,,,"GBP",707,"4010","Active","4010 - WALK BEHIND LAWNMOWERS","36",0,0,1,0,0,,,,,,,"C-LR53-VK",,,,,,,,,"",,752095,,,,
67402,6,,,,777,,,"LS370H","LS370H","SEALEY HORIZONTAL LOG SPLITTER 4 TONNE 370MM CAPACITY","SEALEY HORIZONTAL LOG SPLITTER 4 TONNE 370MM CAPACITY",234.98,234.98,,"4025","GBP",,,,,,"GBP",469.96,"4025","Active","4025 - MISC","24",0,0,1,0,0,,,,,,,"C-LS370H",,,,,,,,,"",,,,,,
67403,6,,,,777,,,"LS520H","LS520H","SEALEY 5 TONNE LOG SPLITTER 520MM CAPACITY","SEALEY 5 TONNE LOG SPLITTER 520MM CAPACITY",249.98,249.98,,"4025","GBP",,,,,,"GBP",499.96,"4025","Active","4025 - MISC","24",0,1,1,249.98,499.96,,,,,,,"C-LS520H",,,42,,,,,,"",,,,,,
67404,6,,,,777,,,"LS550V","LS550V","SEALEY 6 TONNE VERTICA TYPE LOG SPLITTER 550MM CAPACITY","SEALEY 6 TONNE VERTICA TYPE LOG SPLITTER 550MM CAPACITY",544.98,544.98,,"4025","GBP",,,,,,"GBP",1089.96,"4025","Active","4025 - MISC","24",0,0,1,0,0,,,,,,,"C-LS550V",,,,,,,,,"",,,,,,
67405,6,,,,777,,,"LTD0008","LTD0008","JR LTD0008 BLADE 330MM","JR LTD0008 BLADE 330MM",2.78,2.78,,"4098","GBP",,,,,,"GBP",17.98,"4098","Active","4098 - SPARE PARTS","3",0,0,1,0,0,,,,,,,"C-LTD0008",,,0,,,,,,"",,752066,,,,
67406,6,,,,777,,,"LTD0009","LTD0009","JR LTD0009 BLADE 370MM","JR LTD0009 BLADE 370MM",2.4,2.4,,"4098","GBP",,,,,,"GBP",14.98,"4098","Active","4098 - SPARE PARTS","3",0,0,1,0,0,,,,,,,"C-LTD0009",,,0,,,,,,"",,752066,,,,
67407,6,,,,777,,,"LTD0012","LTD0012","JR LTD0012 BLADE","JR LTD0012 BLADE",3.2,3.2,,"4098","GBP",,,,,,"GBP",29.98,"4098","Active","4098 - SPARE PARTS","3",0,0,1,0,0,,,,,,,"C-LTD0012",,,0,,,,,,"",,752066,,,,
67408,6,,,,777,,,"MA-557050","MA-557050","BRACKER MOUNTING TOP","BRACKER MOUNTING TOP",1.05,1.05,,"4098","GBP",,,,,,"GBP",3.99,"4098","Active","4098 - SPARE PARTS","20",0,0,1,0,0,,,,,,,"C-MA-557050",,,,,,,,,"",,752098,,,,
67409,6,,,,777,,,"MA-557055","MA-557055","BRACKET MOUNTING BOTTOM","BRACKET MOUNTING BOTTOM",1.9,1.9,,"4098","GBP",,,,,,"GBP",5.99,"4098","Active","4098 - SPARE PARTS","20",0,0,1,0,0,,,,,,,"C-MA-557055",,,,,,,,,"",,752098,,,,
67410,6,,,,777,,,"MA-567635","MA-567635","BATTERY CHARGER MASPORT","BATTERY CHARGER MASPORT",94.5,94.5,,"4098","GBP",,,,,,"GBP",0,"4098","Active","4098 - SPARE PARTS","15",0,1,1,94.5,0,,,,,,,"C-MA-567635",,,,,,,,,"4A",,,,,,
67411,6,,,,777,,,"MA-980658","MA-980658","BLADE SINGLE (460MM CUSH)","BLADE SINGLE (460MM CUSH)",6.01,6.01,,"4098","GBP",,,,,,"GBP",12.02,"4098","Active","4098 - SPARE PARTS","20",0,1,1,6.01,12.02,,,,,,,"C-MA-980658",,,,,,,,,"",,752098,,,,
67412,6,,,,777,,,"MARKETING","MARKETING","SOCIAL MEDIA MARKETING - FEBRUARY 2024","SOCIAL MEDIA MARKETING - FEBRUARY 2024",1276,0,,"4000","GBP",,,,,,"GBP",1276,"4000","Active","4000 - Delivery charges - outward freight","99",0,0,1,0,0,,,,,,,"C-MARKETING",,,,,,,,,"",,,,,,
67413,6,,,,777,,,"MASPRRSP18H","MASPRRSP18H","MASPORT RR SP 18H SELF PROPELLED MOWER","MASPORT RR SP 18H SELF PROPELLED MOWER",624.86,624.86,,"4000","GBP",,,,,,"GBP",855,"4000","Active","4000 - Delivery charges - outward freight","57",0,0,1,0,0,,,,,,,"C-MASPRRSP18H",,,,,,,,,"",,,,,,
67414,6,,,,777,,,"MF-271102203/MUK","MF-271102203/MUK","MOUNTFIELD MTR 20 Li KIT 20v CORDLESS TRIMMER (INC B&C)","MOUNTFIELD MTR 20 Li KIT 20v CORDLESS TRIMMER (INC B&C)",55.28,0,,"4012","GBP",,,,,,"GBP",119,"4012","Active","4012 - HANDHELD PRODCUTS","31",0,0,1,0,0,,,,,,,"C-MF-271102203/MUK",,,2.5,,,,,,"",,752173,,,,
67415,6,,,,777,,,"MF226","MF226","MECCANICA BENASSI MF 226 SCYTHE MOWER [HONDA ENGINE]","MECCANICA BENASSI MF 226 SCYTHE MOWER [HONDA ENGINE]",1585.26,1420.04,,"4017","GBP",,,,,,"GBP",2346.63,"4017","Active","4017 - TILLERS & CULTIVATORS","71",0,0,1,0,0,,,,,,,"C-MF226",,,,,,,,,"",,,,,,
67416,6,,,,777,,,"MHT2322","MHT2322","MOUNTFIELD MHT2322 PETROL HEDGETRIMMER (60CM BLADE)","MOUNTFIELD MHT2322 PETROL HEDGETRIMMER (60CM BLADE)",105.53,105.53,,"4012","GBP",,,,,,"GBP",169,"4012","Active","4012 - HANDHELD PRODCUTS","31",0,-1,1,-105.53,-169,,,,,,,"C-MHT2322",,,5.6,,,,,,"",,752173,,,,
67417,6,,,,777,,,"MISC","MISC","MISCELLANEOUS","MISCELLANEOUS",0.01,0,,"4025","GBP",,,,,,"GBP",0,"4025","Active","4025 - MISC","201",0,-353,1,-3.53,0,,,,,,,"C-MISC",,,,,,,,,"",,,,,,
67418,6,,,,777,,,"MJ09132423","MJ09132423","RUBBER GUARD    RF219","RUBBER GUARD    RF219",16.43,16.43,,"4098","GBP",,,,,,"GBP",17.75,"4098","Active","4098 - SPARE PARTS","20",0,0,1,0,0,,,,,,,"C-MJ09132423",,,,,,,,,"",,,,,,
67419,6,,,,777,,,"MJ0994039","MJ0994039","DRIVE BELT    RF219","DRIVE BELT    RF219",28.43,28.43,,"4098","GBP",,,,,,"GBP",45.82,"4098","Active","4098 - SPARE PARTS","20",0,0,1,0,0,,,,,,,"C-MJ0994039",,,,,,,,,"",,,,,,
67420,6,,,,777,,,"MMT2605","MMT2605","MOUNTFIELD PETROL MULTI TOOL 5-IN-1","MOUNTFIELD PETROL MULTI TOOL 5-IN-1",233.35,233.35,,"4012","GBP",,,,,,"GBP",299,"4012","Active","4012 - HANDHELD PRODCUTS","31",0,0,1,0,0,,,,,,,"C-MMT2605",,,,,,,,,"",,,,,,
67421,6,,,,777,,,"MO118210023/0","MO118210023/0","MOUNTFIELD TRACKOR KEYS X 2","MOUNTFIELD TRACKOR KEYS X 2",5.54,5.54,,"4098","GBP",,,,,,"GBP",14.99,"4098","Active","4098 - SPARE PARTS","20",0,2,1,11.08,29.98,,,,,,,"C-MO118210023/0",,,,,,,,,"",,752107,,,,
67422,6,,,,777,,,"MO118550748/0","MO118550748/0","AIR FILTER FITS RSC100","AIR FILTER FITS RSC100",3.79,3.79,,"4098","GBP",,,,,,"GBP",10.98,"4098","Active","4098 - SPARE PARTS","20",0,0,1,0,0,,,,,,,"C-MO118550748/0",,,,,,,,,"",,752107,,,,
67423,6,,,,777,,,"MO118551406/0","MO118551406/0","AIR FILTER FITS FRT75BS125","AIR FILTER FITS FRT75BS125",12.65,12.65,,"4098","GBP",,,,,,"GBP",29.97,"4098","Active","4098 - SPARE PARTS","20",0,1,1,12.65,29.97,,,,,,,"C-MO118551406/0",,,,,,,,,"",,752107,,,,
67424,6,,,,777,,,"MO381030051/1","MO381030051/1","DRIVE CLUTCH CABLE SP533","DRIVE CLUTCH CABLE SP533",12.25,12.25,,"4098","GBP",,,,,,"GBP",29.89,"4098","Active","4098 - SPARE PARTS","20",0,-1,1,-12.25,-29.89,,,,,,,"C-MO381030051/1",,,,,,,,,"",,752107,,,,
67425,6,,,"2026-05-18T09:06:19.000Z",24305274,,,"457951","457951","MASPORT ROTAROLA RRSP-22 SELF PROPELLED REAR ROLLER LAWM MOWER","MASPORT ROTAROLA RRSP-22 SELF PROPELLED REAR ROLLER LAWM MOWER",619.36,619.36,,"4010","GBP",,,,,,"GBP",787.5,"4010","Active","4010 - WALK BEHIND LAWNMOWERS","57",0,0,1,0,0,,,,,,,"C-MS457951",,,45,,,,,,"",,752098,,,,
67426,6,,,,777,,,"MS457958","MS457958","MASPORT RRSP 18 SELF-PROPELLED LAWNMOWER LONCIN ENGINE","MASPORT RRSP 18 SELF-PROPELLED LAWNMOWER LONCIN ENGINE",451.78,451.78,,"4010","GBP",,,,,,"GBP",665.83,"4010","Active","4010 - WALK BEHIND LAWNMOWERS","57",0,0,1,0,0,,,,,,,"C-MS457958",,,,,,,,,"",,752098,,,,
67427,6,,,,777,,,"MS465971","MS465971","MASPORT WIDECUT 800 ST SP CCOMBINATION 3-IN-1 SELF-PROPELLED PETROL LAWNMOWER","MASPORT WIDECUT 800 ST SP CCOMBINATION 3-IN-1 SELF-PROPELLED PETROL LAWNMOWER",359.66,359.66,,"4010","GBP",,,,,,"GBP",524.17,"4010","Active","4010 - WALK BEHIND LAWNMOWERS","57",0,0,1,0,0,,,,,,,"C-MS465971",,,,,,,,,"",,752098,,,,
67428,6,,,,777,,,"MTA-3EXT","MTA-3EXT","ECHO MTA-3EXT EXTENSION SHAFT FOR MULTI-TOOL","ECHO MTA-3EXT EXTENSION SHAFT FOR MULTI-TOOL",37.38,37.38,,"4025","GBP",,,,,,"GBP",57.5,"4025","Active","4025 - MISC","63",0,0,1,0,0,,,,,,,"C-MTA-3EXT",,,,,,,,,"",,752098,,,,
67429,6,,,,777,,,"MTA-AH-HD","MTA-AH-HD","ECHO PAS-2620 LONG REACH HEDGETRIMMER ATTACHMENT","ECHO PAS-2620 LONG REACH HEDGETRIMMER ATTACHMENT",226.96,226.96,,"4025","GBP",,,,,,"GBP",349.17,"4025","Active","4025 - MISC","63",0,1,1,226.96,349.17,,,,,,,"C-MTA-AH-HD",,,,,,,,,"",,752098,,,,
67430,6,,,,777,,,"MTA-PP/E","MTA-PP/E","ECHO MTA-PP/E PRUNER ATTACHMENT","ECHO MTA-PP/E PRUNER ATTACHMENT",134.88,134.88,,"4025","GBP",,,,,,"GBP",207.5,"4025","Active","4025 - MISC","63",0,3,1,404.64,622.5,,,,,,,"C-MTA-PP/E",,,,,,,,,"",,752098,,,,
67431,6,,,,777,,,"MTF98H-RETURN","MTF98H-RETURN","MOUNTFIELD MTF 98H REAR COLLECT LAWN TRACTOR - EX DEMO","MOUNTFIELD MTF 98H REAR COLLECT LAWN TRACTOR - EX DEMO",1.01,1.01,,"4011","GBP",,,,,,"GBP",2599,"4011","Active","4011 - RIDE ON LAWNMOWERS","31",0,0,1,0,0,,,,,,,"C-MTF98H-RETURN",,,,,,,,,"",,,,,,
67432,6,,,,777,,,"MTF98MSD-RET","MTF98MSD-RET","MOUNTFIELD MTF 98M-SD TRACTOR - EX DEMO","MOUNTFIELD MTF 98M-SD TRACTOR - EX DEMO",1048.19,0,,"4011","GBP",,,,,,"GBP",1333.29,"4011","Active","4011 - RIDE ON LAWNMOWERS","199",0,0,0,0,0,,,,,,,"C-MTF98MSD-RET",,,,,,,,,"",,752173,,,,
67433,6,,,,777,,,"N6433900R","N6433900R","SCREW BERTOLINI","SCREW BERTOLINI",4.17,4.17,,"4098","GBP",,,,,,"GBP",0,"4098","Active","4098 - SPARE PARTS","20",0,0,1,0,0,,,,,,,"C-N6433900R",,,,,,,,,"",,,,,,
67434,6,,,,777,,,"PAS-2520ES","PAS-2520ES","ECHO PAS-2620ES PETROL MULTI-TOOL (TOOL ONLY)","ECHO PAS-2620ES PETROL MULTI-TOOL (TOOL ONLY)",216.13,216.13,,"4012","GBP",,,,,,"GBP",332.5,"4012","Active","4012 - HANDHELD PRODCUTS","63",0,1,1,216.13,332.5,,,,,,,"C-PAS-2520ES",,,,,,,,,"",,752098,,,,
67435,6,,,,777,,,"PB-2520","PB-2520","ECHO PB-2520 2-STROKE HANDHELD BLOWER","ECHO PB-2520 2-STROKE HANDHELD BLOWER",134.5,134.5,,"4012","GBP",,,,,,"GBP",224.17,"4012","Active","4012 - HANDHELD PRODCUTS","63",0,2,1,269,448.34,,,,,,,"C-PB-2520",,,3.9,,,,,,"",,752098,,,,
67436,6,,,,777,,,"PB0340040014","PB0340040014","CLUTCH ROLLER L J","CLUTCH ROLLER L J",4.44,4.44,,"4098","GBP",,,,,,"GBP",15,"4098","Active","4098 - SPARE PARTS","20",0,1,1,4.44,15,,,,,,,"C-PB0340040014",,,,,,,,,"",,752095,,,,
67437,6,,,"2026-04-04T23:10:56.000Z",24305253,,,"PDI","PDI","PRE DELIVERY INSPECTION","PRE DELIVERY INSPECTION",0.01,0.01,,"4025","GBP",,,,,,"GBP",125,"4025","Active","4025 - MISC","201",0,852,1,8.52,106500,,,,,,,"C-PDI",,,1,,,,,,"",,,,,,
67438,6,,,,777,,,"POST","POST","POST & PACKAGING","POST & PACKAGING",0.01,0.01,,"4097","GBP",,,,,,"GBP",7.95,"4097","Active","4097 - SERVICE CHARGES","201",0,-30,1,-0.3,-238.5,,,,,,,"C-POST",,,,,,,,,"",,,,,,
67440,6,,,,777,,,"PRT005","PRT005","JR PRT005 Professional visor with bi-material lift screen","JR PRT005 Professional visor with bi-material lift screen",2.11,2.11,,"4098","GBP",,,,,,"GBP",16.98,"4098","Active","4098 - SPARE PARTS","3",0,0,1,0,0,,,,,,,"C-PRT005",,,0,,,,,,"",,752066,,,,
67441,6,,,,777,,,"PRT016","PRT016","JR BRUSHCUTTER PRO SAFETY KIT","JR BRUSHCUTTER PRO SAFETY KIT",9.96,9.96,,"4025","GBP",,,,,,"GBP",31.95,"4025","Active","4025 - MISC","3",0,-5,1,-49.8,-159.75,,,,,,,"C-PRT016",,,1.03,,,,,,"",,,,,,
67442,6,,,,777,,,"PUNCTUREKIT-RIDERS","PUNCTUREKIT-RIDERS","PUNCTURE SEALANT FOR RIDERS","PUNCTURE SEALANT FOR RIDERS",4.4,4.4,,"4098","GBP",,,,,,"GBP",83.29,"4098","Active","4098 - SPARE PARTS","20",0,401,1,1764.4,33399.29,,,,,,,"C-PUNCTUREKIT-RIDERS",,,,,,,,,"",,752133,,,,
67443,6,,,,777,,,"PUNCTUREKIT-TRAILERS","PUNCTUREKIT-TRAILERS","PUNCTURE SEALANT TRAILERS","PUNCTURE SEALANT TRAILERS",4.6,4.6,,"4098","GBP",,,,,,"GBP",41.63,"4098","Active","4098 - SPARE PARTS","20",0,95,1,437,3954.85,,,,,,,"C-PUNCTUREKIT-TRAILERS",,,,,,,,,"",,752133,,,,
67444,6,,,,777,,,"PUNCTURESEALANT","PUNCTURESEALANT","PUNTURE SEALANT","PUNTURE SEALANT",4.6,0,,"4098","GBP",,,,,,"GBP",16.63,"4098","Active","4098 - SPARE PARTS","20",0,-1,1,-4.6,-16.63,,,,,,,"C-PUNCTURESEALANT",,,,,,,,,"",,752133,,,,
67445,6,,,,777,,,"PWM1300","PWM1300","SEALEY PRESSURE WASHER 150BAR 360L/HR 4HP - PETROL","SEALEY PRESSURE WASHER 150BAR 360L/HR 4HP - PETROL",259.98,259.98,,"4014","GBP",,,,,,"GBP",519.96,"4014","Active","4014 - PRESSURE WASHERS","24",0,1,1,259.98,519.96,,,,,,,"C-PWM1300",,,20,,,,,,"",,,,,,
67446,6,,,,777,,,"PWM2500","PWM2500","SEALEY PRESSURE WASHER 220BAR 540L/HR 6.5HP - PETROL","SEALEY PRESSURE WASHER 220BAR 540L/HR 6.5HP - PETROL",379.98,379.98,,"4014","GBP",,,,,,"GBP",759.96,"4014","Active","4014 - PRESSURE WASHERS","24",0,0,1,0,0,,,,,,,"C-PWM2500",,,,,,,,,"",,,,,,
67447,6,,,,777,,,"PWM2500SP","PWM2500SP","SEALEY PRESSURE WASHER 220BAR 540L/HR SELF-PRIMING 6.5HP - PETROL","SEALEY PRESSURE WASHER 220BAR 540L/HR SELF-PRIMING 6.5HP - PETROL",529.98,529.98,,"4014","GBP",,,,,,"GBP",1059.96,"4014","Active","4014 - PRESSURE WASHERS","24",0,1,1,529.98,1059.96,,,,,,,"C-PWM2500SP",,,40,,,,,,"",,,,,,
67448,6,,,,777,,,"PXA-35062001/0HD","PXA-35062001/0HD","GENUINE PIX- GGP/ HONDA TRANSMISSION BELT","GENUINE PIX- GGP/ HONDA TRANSMISSION BELT",24.38,24.38,,"4098","GBP",,,,,,"GBP",50,"4098","Active","4098 - SPARE PARTS","20",0,1,1,24.38,50,,,,,,,"C-PXA-35062001/0HD",,,,,,,,,"",,752107,,,,
67449,6,,,,777,,,"RAC139PTIL","RAC139PTIL","RACING RAC139PTIL PETROL FRONT-TINE TILLER","RACING RAC139PTIL PETROL FRONT-TINE TILLER",116.44,121.49,,"4017","GBP",,,,,,"GBP",199.95,"4017","Active","4017 - TILLERS & CULTIVATORS","2",0,29,1,3376.76,5798.55,,,,,,,"C-RAC139PTIL",,,32.7,,,,,,"",,,,,,
67450,6,,,,777,,,"RAC139PTIL-RET","RAC139PTIL-RET","RACING RAC139PTIL PETROL FRONT-TINE TILLER","RACING RAC139PTIL PETROL FRONT-TINE TILLER",129.6,129.6,,"4017","GBP",,,,,,"GBP",250,"4017","Active","4017 - TILLERS & CULTIVATORS","199",0,0,0,0,0,,,,,,,"C-RAC139PTIL-RET",,,,,,,,,"",,752066,,,,
67451,6,,,,777,,,"RAC3000EB","RAC3000EB","RACING 3000EB ELECTRIC BLOWER-VAC","RACING 3000EB ELECTRIC BLOWER-VAC",16.3,16.3,,"4012","GBP",,,,,,"GBP",33.29,"4012","Active","4012 - HANDHELD PRODCUTS","2",0,2,1,32.6,66.58,,,,,,,"C-RAC3000EB",,,3.5,,,,,,"",,,,,,
67452,6,,,,777,,,"RAC49CS4T","RAC49CS4T","RACING RAC49CS4T 4-STROKE","RACING RAC49CS4T 4-STROKE",98.78,98.78,,"4016","GBP",,,,,,"GBP",173.58,"4016","Active","4016 - CHAINSAW","2",0,0,1,0,0,,,,,,,"C-RAC49CS4T",,,5.6,,,,,,"",,,,,,
67453,6,,,,777,,,"RAC511BRSP","RAC511BRSP","RACING RAC511BSRP COMFORT-TURN 4-IN-1 SELF-PROPELLED PETROL LAWNMOWER","RACING RAC511BSRP COMFORT-TURN 4-IN-1 SELF-PROPELLED PETROL LAWNMOWER",210.3,0,,"4010","GBP",,,,,,"GBP",464.95,"4010","Active","4010 - WALK BEHIND LAWNMOWERS","1",0,0,1,0,0,,,,,,,"C-RAC511BRSP",,,,,,,,,"",,,,,,
67454,6,,,,777,,,"RAC52BPB","RAC52BPB","RACING 52BPB-2 PETROL BACKPACK BLOWER","RACING 52BPB-2 PETROL BACKPACK BLOWER",60.4,60.4,,"4018","GBP",,,,,,"GBP",199.95,"4018","Active","4018 - VACCUMS & SWEEPERS","2",0,2,1,120.8,399.9,,,,,,,"C-RAC52BPB",,,,,,,,,"",,752066,,,,
67455,6,,,,777,,,"RAC6196PRRS-RET","RAC6196PRRS-RET","RACING RAC6196PRRS RIDE ON - RETURN MODEL","RACING RAC6196PRRS RIDE ON - RETURN MODEL",661.08,661.08,,"4011","GBP",,,,,,"GBP",999.96,"4011","Active","4011 - RIDE ON LAWNMOWERS","199",0,0,0,0,0,,,,,,,"C-RAC6196PRRS-RET",,,,,,,,,"",,752066,,,,
67456,6,,,,777,,,"RAC6224PR","RAC6224PR","RACING 6224PR COMPACT RIDE-ON MOWER","RACING 6224PR COMPACT RIDE-ON MOWER",560,560,,"4011","GBP",,,,,,"GBP",1665.95,"4011","Active","4011 - RIDE ON LAWNMOWERS","2",0,0,1,0,0,,,,,,,"C-RAC6224PR",,,136,,,,,,"",,,,,,
67457,6,,,,777,,,"RAC6224PR-RET","RAC6224PR-RET","RACING 6224PR  RIDE-ON MOWER - RETURN MODEL","RACING 6224PR  RIDE-ON MOWER - RETURN MODEL",560,560,,"4011","GBP",,,,,,"GBP",999.96,"4011","Active","4011 - RIDE ON LAWNMOWERS","199",0,0,0,0,0,,,,,,,"C-RAC6224PR-RET",,,,,,,,,"",,752066,,,,
67458,6,,,,777,,,"RAC62PR","RAC62PR","RACING 62PR COMPACT RIDE-ON MOWER","RACING 62PR COMPACT RIDE-ON MOWER",535,535,,"4011","GBP",,,,,,"GBP",1299.95,"4011","Active","4011 - RIDE ON LAWNMOWERS","2",0,0,1,0,0,,,,,,,"C-RAC62PR",,,136,,,,,,"",,,,,,
67459,6,,,,777,,,"RAC62PR-RTN","RAC62PR-RTN","RACING RAC62PR RIDE ON MOWER - RTN MODEL","RACING RAC62PR RIDE ON MOWER - RTN MODEL",604.01,604.01,,"4011","GBP",,,,,,"GBP",916.63,"4011","Active","4011 - RIDE ON LAWNMOWERS","2",0,0,1,0,0,,,,,,,"C-RAC62PR-RTN",,,,,,,,,"",,752066,,,,
67460,6,,,,777,,,"RAC6625PR","RAC6625PR","RACING 6625PR RIDER","RACING 6625PR RIDER",755.32,755.32,,"4011","GBP",,,,,,"GBP",1500,"4011","Active","4011 - RIDE ON LAWNMOWERS","2",0,0,1,0,0,,,,,,,"C-RAC6625PR",,,130,,,,,,"",,752066,,,,
67461,6,,,,777,,,"RAC6625SDPR","RAC6625SDPR","RACING 6625SDPR SIDE DISCHARGE RIDER","RACING 6625SDPR SIDE DISCHARGE RIDER",728.82,728.82,,"4011","GBP",,,,,,"GBP",1450,"4011","Active","4011 - RIDE ON LAWNMOWERS","2",0,0,1,0,0,,,,,,,"C-RAC6625SDPR",,,130,,,,,,"",,752066,,,,
67462,6,,,,777,,,"RACST264T","RACST264T","RACING ST264T 4-STROKE PETROL LEAF BLOWER","RACING ST264T 4-STROKE PETROL LEAF BLOWER",60.99,60.99,,"4012","GBP",,,,,,"GBP",167.21,"4012","Active","4012 - HANDHELD PRODCUTS","2",0,0,1,0,0,,,,,,,"C-RACST264T",,,4.05,,,,,,"",,752066,,,,
67463,6,,,,777,,,"RB-SPOOL","RB-SPOOL","REDBACK SPOOL & LINE FOR E312D","REDBACK SPOOL & LINE FOR E312D",1,1,,"4098","GBP",,,,,,"GBP",21.96,"4098","Active","4098 - SPARE PARTS","20",0,8,1,8,175.68,,,,,,,"C-RB-SPOOL",,,,,,,,,"3C",,752053,,,,
67464,6,,,,777,,,"RF101","RF101","MECCANICA BENASSI RF101","MECCANICA BENASSI RF101",807.88,807.88,,"4010","GBP",,,,,,"GBP",1615,"4010","Active","4010 - WALK BEHIND LAWNMOWERS","71",0,0,1,0,0,,,,,,,"C-RF101",,,,,,,,,"",,752141,,,,
67465,6,,,"2026-04-23T14:50:13.000Z",24305274,,,"RFB-TG46S","RFB-TG46S","SPECTRUM TG46S LAWNMOWER - REFURBISHED","SPECTRUM TG46S LAWNMOWER - REFURBISHED",183.33,0,,"4000","GBP",,,,,,"GBP",220,"4000","Active","4000 - Delivery charges - outward freight","1",0,-1,1,-183.33,-220,,,,,,,"C-RFB-TG46S",,,30,,,,,,"",,,,,,
67466,6,,,,777,,,"RFBFTDTR4240ES","RFBFTDTR4240ES","REFURBISHED FTDTR4240ES REAR-ROLLER PETROL LAWNMOWER","REFURBISHED FTDTR4240ES REAR-ROLLER PETROL LAWNMOWER",0.01,0.01,,"4010","GBP",,,,,,"GBP",250,"4010","Active","4010 - WALK BEHIND LAWNMOWERS","1",0,0,1,0,0,,,,,,,"C-RFBFTDTR4240ES",,,,,,,,,"",,,,,,
67467,6,,,,777,,,"RM66H","RM66H","HARRY RM66H COMPACT RIDE-ON MOWER WITH HYDROSTATIC DRIVE","HARRY RM66H COMPACT RIDE-ON MOWER WITH HYDROSTATIC DRIVE",1079,1079,,"4011","GBP",,,,,,"GBP",1699,"4011","Active","4011 - RIDE ON LAWNMOWERS","62",0,0,1,0,0,,,,,,,"C-RM66H",,,,,,,,,"",,,,,,
67468,6,,,,777,,,"RM66M","RM66M","HARRY RM66M COMPACT RIDE ON MOWER W/ MANUAL DRIVE","HARRY RM66M COMPACT RIDE ON MOWER W/ MANUAL DRIVE",933,933,,"4011","GBP",,,,,,"GBP",1469,"4011","Active","4011 - RIDE ON LAWNMOWERS","62",0,0,1,0,0,,,,,,,"C-RM66M",,,,,,,,,"",,,,,,
67469,6,,,,777,,,"RM830","RM830","OREC RABBIT RM830 SINGLE-CYLINDER RIDE-ON BRUSHCUTTER","OREC RABBIT RM830 SINGLE-CYLINDER RIDE-ON BRUSHCUTTER",5737.5,4957.81,,"4011","GBP",,,,,,"GBP",6749,"4011","Active","4011 - RIDE ON LAWNMOWERS","61",0,0,1,0,0,,,,,,,"C-RM830",,,240,,,,,,"",,,,,,
67470,6,,,,777,,,"RM882","RM882","OREC RABBIT RM882 V-TWIN RIDE-ON BRUSHCUTTER with Hydrostatic Drive","OREC RABBIT RM882 V-TWIN RIDE-ON BRUSHCUTTER with Hydrostatic Drive",6218.75,6218.75,,"4011","GBP",,,,,,"GBP",9950,"4011","Active","4011 - RIDE ON LAWNMOWERS","61",0,0,1,0,0,,,,,,,"C-RM882",,,238,,,,,,"",,752098,,,,
67471,6,,,,777,,,"RM982F","RM982F","OREC RABBIT 4WD V-TWIN RIDE ON BRUSHCUTTER WITH HYDROSTATIC DRIVE","OREC RABBIT 4WD V-TWIN RIDE ON BRUSHCUTTER WITH HYDROSTATIC DRIVE",8718.75,8718.75,,"4011","GBP",,,,,,"GBP",12549,"4011","Active","4011 - RIDE ON LAWNMOWERS","61",0,0,1,0,0,,,,,,,"C-RM982F",,,310,,,,,,"",,752098,,,,
67472,6,,,,777,,,"ROPE3.00MM","ROPE3.00MM","WAR TEC PLATINUM STARTER ROPE 3.00MM (1 FEET)","WAR TEC PLATINUM STARTER ROPE 3.00MM (1 FEET)",0.41,0.41,,"4098","GBP",,,,,,"GBP",1.95,"4098","Active","4098 - SPARE PARTS","20",0,317,1,129.97,618.15,,,,,,,"C-ROPE3.00MM",,,,,,,,,"",,752107,,,,
67473,6,,,,777,,,"ROPE3.5MM","ROPE3.5MM","NYLON STARTER ROPE 3.5MM (1 FOOT)","NYLON STARTER ROPE 3.5MM (1 FOOT)",0.41,0.41,,"4098","GBP",,,,,,"GBP",1.95,"4098","Active","4098 - SPARE PARTS","20",0,322,1,132.02,627.9,,,,,,,"C-ROPE3.5MM",,,,,,,,,"",,752107,,,,
67474,6,,,,777,,,"RR18","RR18","MASPORT ROTAROLA RR-18 HAND PUSH ROLLER MOWER","MASPORT ROTAROLA RR-18 HAND PUSH ROLLER MOWER",402,402,,"4010","GBP",,,,,,"GBP",605,"4010","Active","4010 - WALK BEHIND LAWNMOWERS","57",0,0,1,0,0,,,,,,,"C-RR18",,,,,,,,,"",,752098,,,,
67475,6,,,,777,,,"RS1312HV","RS1312HV","ROADSTART EMERGENCY JUMP STARTER 12V 900 PEAK AMP HI-VIS GRN","ROADSTART EMERGENCY JUMP STARTER 12V 900 PEAK AMP HI-VIS GRN",62.98,62.98,,"4025","GBP",,,,,,"GBP",101.63,"4025","Active","4025 - MISC","24",0,1,1,62.98,101.63,,,,,,,"C-RS1312HV",,,,,,,,,"",,,,,,
67476,6,,,,777,,,"RS600","RS600","ROADSTARTÂ® 600A 12V LITHIUM-ION JUMP","ROADSTARTÂ® 600A 12V LITHIUM-ION JUMP",42.98,42.98,,"4025","GBP",,,,,,"GBP",62.46,"4025","Active","4025 - MISC","24",0,12,1,515.76,749.52,,,,,,,"C-RS600",,,,,,,,,"",,,,,,
67478,6,,,,777,,,"SA11122","SA11122","PRE FILTER","PRE FILTER",1.2,1.2,,"4098","GBP",,,,,,"GBP",4.98,"4098","Active","4098 - SPARE PARTS","20",0,0,1,0,0,,,,,,,"C-SA11122",,,,,,,,,"",,752133,,,,
67479,6,,,,777,,,"SBA2212KR","SBA2212KR","KRAMP SLAB BATTERY 12V 22AH 160A","KRAMP SLAB BATTERY 12V 22AH 160A",30,30,,"4098","GBP",,,,,,"GBP",60,"4098","Active","4098 - SPARE PARTS","20",0,5,1,150,300,,,,,,,"C-SBA2212KR",,,,,,,,,"",,752133,,,,
67480,6,,,,777,,,"SBC4","SBC4","BATTERY MAINTAINER CHARGER 12V 4A FULLY","BATTERY MAINTAINER CHARGER 12V 4A FULLY",17.98,17.98,,"4025","GBP",,,,,,"GBP",33.29,"4025","Active","4025 - MISC","24",0,16,1,287.68,532.64,,,,,,,"C-SBC4",,,,,,,,,"",,,,,,
67481,6,,,,777,,,"SBH900E","SBH900E","STIGA SBH 900 E BATTERY BACKPACK HARNESS","STIGA SBH 900 E BATTERY BACKPACK HARNESS",108.41,0,,"4025","GBP",,,,,,"GBP",219,"4025","Active","4025 - MISC","32",0,0,1,0,0,,,,,,,"C-SBH900E",,,,,,,,,"",,752173,,,,
67483,6,,,,777,,,"SGC1","SGC1","GREASE CARTRIDGE EP2 LITHIUM 400G","GREASE CARTRIDGE EP2 LITHIUM 400G",4.48,4.48,,"4025","GBP",,,,,,"GBP",9.96,"4025","Active","4025 - MISC","24",0,3,1,13.44,29.88,,,,,,,"C-SGC1",,,,,,,,,"",,,,,,
67484,6,,,,777,,,"SGN532151134","SGN532151134","Oleo-Mac LENSE FITS APACHE 92 EVO","Oleo-Mac LENSE FITS APACHE 92 EVO",25,25,,"4098","GBP",,,,,,"GBP",60,"4098","Active","4098 - SPARE PARTS","20",0,1,1,25,60,,,,,,,"C-SGN532151134",,,,,,,,,"",,752095,,,,
67485,6,,,,777,,,"SHE-71","SHE-71","STIHL SHE-71 ELECTRIC HANDHELD GARDEN BLOWER-VAC","STIHL SHE-71 ELECTRIC HANDHELD GARDEN BLOWER-VAC",106.25,0,,"4012","GBP",,,,,,"GBP",224.95,"4012","Active","4012 - HANDHELD PRODCUTS","1",0,0,1,0,0,,,,,,,"C-SHE-71",,,3.5,,,,,,"",,752109,,,,
67486,6,,,,777,,,"SLA12-18","SLA12-18","FULBAT BATTERY 12V 18.9AH 150A","FULBAT BATTERY 12V 18.9AH 150A",31.05,31.05,,"4098","GBP",,,,,,"GBP",60,"4098","Active","4098 - SPARE PARTS","15",0,0,1,0,0,,,,,,,"C-SLA12-18",,,,,,,,,"1E",,,,,,
67487,6,,,,777,,,"SLT001","SLT001","BLADE BOSS","BLADE BOSS",2.92,2.92,,"4098","GBP",,,,,,"GBP",12.99,"4098","Active","4098 - SPARE PARTS","15",0,18,1,52.56,233.82,,,,,,,"C-SLT001",,,,,,,,,"",,752066,,,,
67488,6,,,,777,,,"SLT003","SLT003","BLADE BOSS","BLADE BOSS",1.52,1.52,,"4098","GBP",,,,,,"GBP",6.62,"4098","Active","4098 - SPARE PARTS","3",0,0,1,0,0,,,,,,,"C-SLT003",,,,,,,,,"",,,,,,
67489,6,,,,777,,,"SLT110","SLT110","SIMPLICITY REGENT SLT110","SIMPLICITY REGENT SLT110",2620,2620,,"4011","GBP",,,,,,"GBP",3799,"4011","Active","4011 - RIDE ON LAWNMOWERS","58",0,0,1,0,0,,,,,,,"C-SLT110",,,211,,,,,,"",,752098,,,,
67490,6,,,,777,,,"SNAPPER","SNAPPER","","",0,0,,"4000","GBP",,,,,,"GBP",0,"4000","Active","4000 - Delivery charges - outward freight","1",0,0,1,0,0,,,,,,,"C-SNAPPER",,,,,,,,,"",,,,,,
67491,6,,,"2025-11-24T12:13:41.000Z",24305274,,,"SO756","SO756","SEALEY SCREWDRIVER SET 7PC ELECTRICIAN'S VDE","SEALEY SCREWDRIVER SET 7PC ELECTRICIAN'S VDE",8.48,8.48,,"4025","GBP",,,,,,"GBP",21.63,"4025","Active","4025 - MISC","24",0,2,1,16.96,43.26,,,,,,,"C-SO756",,,,,,,,,"",,,,,,
67492,6,,,,777,,,"SP22111","SP22111","SPECTRUM SP22111 TOWED TRAILER","SPECTRUM SP22111 TOWED TRAILER",68.85,77.89,,"4025","GBP",,,,,,"GBP",249.95,"4025","Active","4025 - MISC","26",0,40,1,2754,9998,,,,,,,"C-SP22111",,,28.6,,,,,,"",,,,,,
67493,6,,,,777,,,"SP22111-4","SP22111-4","SPECTRUM SP22111-4 181KG POLY TIPPING CART","SPECTRUM SP22111-4 181KG POLY TIPPING CART",55.38,70.71,,"4025","GBP",,,,,,"GBP",174.13,"4025","Active","4025 - MISC","26",0,49,1,2713.62,8532.37,,,,,,,"C-SP22111-4",,,25.4,,,,,,"",,,,,,
67494,6,,,"2026-05-21T07:28:55.000Z",24305285,,,"SP22124","SP22124","SPECTRUM SP22124 227kg CAPACITY STEEL TRAILER","SPECTRUM SP22124 227kg CAPACITY STEEL TRAILER",69.63,76.53,,"4025","GBP",,,,,,"GBP",269.95,"4025","Active","4025 - MISC","26",0,44,1,3063.72,11877.8,,,,,,,"C-SP22124",,,36.7,,,,,,"",,,,,,
67495,6,,,,777,,,"SP22125","SP22125","SPECTRUM SP22125 408KG HIGH-SIDED STEEL TIPPING TRAILER","SPECTRUM SP22125 408KG HIGH-SIDED STEEL TIPPING TRAILER",121,130.29,,"4025","GBP",,,,,,"GBP",308.29,"4025","Active","4025 - MISC","26",0,5,1,605,1541.45,,,,,,,"C-SP22125",,,58,,,,,,"",,,,,,
67496,6,,,,777,,,"SP22144","SP22144","SPECTRUM SP22144 272KG POLY TIPPING TRAILER","SPECTRUM SP22144 272KG POLY TIPPING TRAILER",68.49,81.9,,"4025","GBP",,,,,,"GBP",172.63,"4025","Active","4025 - MISC","26",0,23,1,1575.27,3970.49,,,,,,,"C-SP22144",,,24,,,,,,"",,,,,,
67497,6,,,,777,,,"SP31105","SP31105","SPECTRUM SP31105 97CM TOWED LAWN & LEAF SWEEPER","SPECTRUM SP31105 97CM TOWED LAWN & LEAF SWEEPER",87.3,96.03,,"4025","GBP",,,,,,"GBP",166.63,"4025","Active","4025 - MISC","28",0,36,1,3142.8,5998.68,,,,,,,"C-SP31105",,,29,,,,,,"",,,,,,
67498,6,,,,777,,,"SP31109","SP31109","SPECTRUM SP31109 122CM TOWED LAWN & LEAF SWEEPER","SPECTRUM SP31109 122CM TOWED LAWN & LEAF SWEEPER",99.55,114.74,,"4025","GBP",,,,,,"GBP",369.95,"4025","Active","4025 - MISC","26",0,29,1,2886.95,10728.55,,,,,,,"C-SP31109",,,37,,,,,,"",,,,,,
67499,6,,,"2025-11-17T12:17:18.000Z",24305274,,,"SP31128","SP31128","SPECTRUM SP31128 137CM TOWED LAWN & LEAF SWEEPER","SPECTRUM SP31128 137CM TOWED LAWN & LEAF SWEEPER 54""",115.59,129.27,,"4025","GBP",,,,,,"GBP",439.95,"4025","Active","4025 - MISC","26",0,26,1,3005.34,11438.7,,,,,,,"C-SP31128",,,44.9,,,,,,"",,,,,,
67500,6,,,,777,,,"SP31130","SP31130","SPECTRUM SP31130 122CM TOWED SPIKE-TYPE ROLLER AERATOR","SPECTRUM SP31130 122CM TOWED SPIKE-TYPE ROLLER AERATOR",96.77,113.06,,"4025","GBP",,,,,,"GBP",379.95,"4025","Active","4025 - MISC","26",0,19,1,1838.63,7219.05,,,,,,,"C-SP31130",,,63,,,,,,"",,,,,,
67501,6,,,,777,,,"SP53H-E","SP53H-E","MOUNTFIELD SP53H-E ELITE 3-IN-1 SELF-PROPELLED PETROL LAWNMOWER (WITH ELECTRIC-START HONDA ENGINE)","MOUNTFIELD SP53H-E ELITE 3-IN-1 SELF-PROPELLED PETROL LAWNMOWER (WITH ELECTRIC-START HONDA ENGINE)",278.61,278.61,,"4010","GBP",,,,,,"GBP",366.63,"4010","Active","4010 - WALK BEHIND LAWNMOWERS","31",0,-5,1,-1393.05,-1833.15,,,,,,,"C-SP53H-E",,,32,,,,,,"",,752173,,,,
67502,6,,,,777,,,"SP54179","SP54179","WYNNS CARBURETTOR CLEANER 500ML","WYNNS CARBURETTOR CLEANER 500ML",12,12,,"4098","GBP",,,,,,"GBP",24,"4098","Active","4098 - SPARE PARTS","15",0,12,1,144,288,,,,,,,"C-SP54179",,,,,,,,,"COSH CABINET",,752133,,,,
67503,6,,,,777,,,"SPH900AE","SPH900AE","STIGA SPH900AE 48v PROFESSIONAL CORDLESS LONG REACH HEDGECUTTER","STIGA SPH900AE 48v PROFESSIONAL CORDLESS LONG REACH HEDGECUTTER",188.48,0,,"4012","GBP",,,,,,"GBP",299,"4012","Active","4012 - HANDHELD PRODCUTS","32",0,0,1,0,0,,,,,,,"C-SPH900AE",,,,,,,,,"",,752173,,,,
67504,6,,,,777,,,"SRC36V","SRC36V","STIGA SRC 36V PETROL FRONT TINE TILLER","STIGA SRC 36V PETROL FRONT TINE TILLER",166.94,0,,"4017","GBP",,,,,,"GBP",259,"4017","Active","4017 - TILLERS & CULTIVATORS","32",0,-4,1,-667.76,-1036,,,,,,,"C-SRC36V",,,,,,,,,"",,,,,,
67505,6,,,,777,,,"SSSS","SSSS","","",109.73,109.73,,"4000","GBP",,,,,,"GBP",169,"4000","Active","4000 - Delivery charges - outward freight","1",0,0,1,0,0,,,,,,,"C-SSSS",,,,,,,,,"",,,,,,
67506,6,,,,777,,,"ST300","ST300","EMAK ST300 15M MAINS EXTENSION CABLE","EMAK ST300 15M MAINS EXTENSION CABLE",8.5,0,,"4098","GBP",,,,,,"GBP",16.62,"4098","Active","4098 - SPARE PARTS","20",0,0,1,0,0,,,,,,,"C-ST300",,,0,,,,,,"",,,,,,
67507,6,,,,777,,,"ST4114-149-1205","ST4114-149-1205","GASKET SET   STIHL","GASKET SET   STIHL",0.98,0.98,,"4098","GBP",,,,,,"GBP",9.95,"4098","Active","4098 - SPARE PARTS","20",0,0,1,0,0,,,,,,,"C-ST4114-149-1205",,,,,,,,,"",,,,,,
67508,6,,,,777,,,"ST4128-129-0900","ST4128-129-0900","GASKET SET   STIHL","GASKET SET   STIHL",1.88,1.88,,"4098","GBP",,,,,,"GBP",9.95,"4098","Active","4098 - SPARE PARTS","20",0,0,1,0,0,,,,,,,"C-ST4128-129-0900",,,,,,,,,"",,,,,,
67509,6,,,,777,,,"STIMMERHEAD","STIMMERHEAD","STRIMMER HEAD -                 FITS DM26C","STRIMMER HEAD -                 FITS DM26C",1.36,0,,"4098","GBP",,,,,,"GBP",20.79,"4098","Active","4098 - SPARE PARTS","20",0,0,1,0,0,,,,,,,"C-STIMMERHEAD",,,,,,,,,"",,,,,,
67510,6,,,,777,,,"STRIMMERHEAD","STRIMMERHEAD","STRIMMER HEAD -                 FITS DM26C","STRIMMER HEAD -                 FITS DM26C",1.36,1.36,,"4098","GBP",,,,,,"GBP",20.79,"4098","Active","4098 - SPARE PARTS","20",0,9,1,12.24,187.11,,,,,,,"C-STRIMMERHEAD",,,,,,,,,"",,,,,,
67511,6,,,,777,,,"SURESTART","SURESTART","FUEL ADDITIVE","FUEL ADDITIVE",6.6,6.6,,"4098","GBP",,,,,,"GBP",11.95,"4098","Active","4098 - SPARE PARTS","24",0,-1,1,-6.6,-11.95,,,,,,,"C-SURESTART",,,,,,,,,"COSH CABINET",,,,,,
67512,6,,,"2025-12-09T10:57:30.000Z",24305274,,,"SWC420","SWC420","SEALEY 420CC 15HP WOOD CHIPPER 100MM CAPACITY","SEALEY 420CC 15HP WOOD CHIPPER 100MM CAPACITY",778.98,778.98,,"4015","GBP",,,,,,"GBP",1557.96,"4015","Active","4015 - CHIPPERS & SHREDDERS","24",0,6,1,4673.88,9347.76,,,,,,,"C-SWC240",,,,,,,,,"",,,,,,
67513,6,,,,777,,,"SXDST","SXDST","SNAPPER SXDST 82v CORDLESS GRASS TRIMMER (TOOL ONLY)","SNAPPER SXDST 82v CORDLESS GRASS TRIMMER (TOOL ONLY)",133.23,0,,"4012","GBP",,,,,,"GBP",174.17,"4012","Active","4012 - HANDHELD PRODCUTS","59",0,0,1,0,0,,,,,,,"C-SXDST",,,5.5,,,,,,"",,,,,,
67514,6,,,"2025-12-10T14:57:38.000Z",24305282,,,"B4-9-1.6","B4-9-1.6","TANAKA 4-POINT METAL BRUSHCUTTER BLADE B4/9/1.6","TANAKA 4-POINT METAL BRUSHCUTTER BLADE B4/9/1.6.",11.68,11.68,,"4096","GBP",,,,,,"GBP",21.9,"4096","Active","4096 - CONSUMABLES & DISPOSABLES","20",0,7,1,81.76,153.3,,,,,,,"C-TAN-B4-9-1.6",,,0.5,,,,,,"4B",,752098,,,,
67515,6,,,"2025-11-17T11:42:36.000Z",24305274,,,"RUIKAILI TB51S11","TB51S11","RUIKAILI TB51S11 3-IN-1 SELF-PROPELLED PETROL LAWNMOWER","RUIKAILI TB51S11 3-IN-1 SELF-PROPELLED PETROL LAWNMOWER",125.52,125.52,,"4010","GBP",,,,,,"GBP",251.04,"4010","Active","4010 - WALK BEHIND LAWNMOWERS","26",0,0,1,0,0,,,,,,,"C-TB51S11",,,36,,,,,,"",,,,,,
67516,6,,,"2025-12-10T14:45:55.000Z",24305282,,,"TBA39DUN 13X990LI","TBA39DUN","CUTTING BELT A39 FITS RAC62PR","CUTTING BELT A39 FITS RAC62PR",1.6,1.6,,"4098","GBP",,,,,,"GBP",24.99,"4098","Active","4098 - SPARE PARTS","20",0,4,1,6.4,99.96,,,,,,,"C-TBA39DUN",,,,,,,,,"1D",,,,,,
67517,6,,,,777,,,"TG110000121","TG110000121","REAR WHEEL COVER TG46 TG51 TG56","REAR WHEEL COVER TG46 TG51 TG56",0.18,0,,"4098","GBP",,,,,,"GBP",15,"4098","Active","4098 - SPARE PARTS","20",0,0,1,0,0,,,,,,,"C-TG110000121",,,,,,,,,"",,,,,,
67519,6,,,,777,,,"TG11000024","TG11000024","UPPER HANDLE LOCKING NUT TG40, TG46, TG46SE, TG51, TG56","UPPER HANDLE LOCKING NUT TG40, TG46, TG46SE, TG51, TG56",2.75,2.75,,"4098","GBP",,,,,,"GBP",8.69,"4098","Active","4098 - SPARE PARTS","20",0,5,1,13.75,43.45,,,,,,,"C-TG11000024",,,,,,,,,"TG5C BOX",,,,,,
67520,6,,,,777,,,"TG11000030","TG11000030","FRONT AXLE CLAMP TG56","FRONT AXLE CLAMP TG56",0,0,,"4098","GBP",,,,,,"GBP",0,"4098","Active","4098 - SPARE PARTS","20",0,0,1,0,0,,,,,,,"C-TG11000030",,,,,,,,,"",,,,,,
67521,6,,,,777,,,"TG11000031","TG11000031","REAR GRASS FLAP TG40","REAR GRASS FLAP TG40",1.02,1.02,,"4098","GBP",,,,,,"GBP",16.89,"4098","Active","4098 - SPARE PARTS","20",0,15,1,15.3,253.35,,,,,,,"C-TG11000031",,,,,,,,,"TG7C",,,,,,
67522,6,,,,777,,,"TG11000032","TG11000032","GRASS BAG FLAP TG56","GRASS BAG FLAP TG56",1.25,1.25,,"4098","GBP",,,,,,"GBP",17.96,"4098","Active","4098 - SPARE PARTS","20",0,15,1,18.75,269.4,,,,,,,"C-TG11000032",,,,,,,,,"TG7B",,,,,,
67523,6,,,,777,,,"TG11000041","TG11000041","SIDE DISCHARGE CHUTE TG46, TG46SE, TG51","SIDE DISCHARGE CHUTE TG46, TG46SE, TG51",4,4,,"4098","GBP",,,,,,"GBP",23.14,"4098","Active","4098 - SPARE PARTS","20",0,-1,1,-4,-23.14,,,,,,,"C-TG11000041",,,,,,,,,"TG5D",,,,,,
67524,6,,,,777,,,"TG11000048","TG11000048","GRAB HANDLE TG46, TG46SE, TG51","GRAB HANDLE TG46, TG46SE, TG51",0.35,0.35,,"4098","GBP",,,,,,"GBP",14.42,"4098","Active","4098 - SPARE PARTS","20",0,10,1,3.5,144.2,,,,,,,"C-TG11000048",,,,,,,,,"TG3E",,,,,,
67525,6,,,,777,,,"TG11000048(B)","TG11000048(B)","FRONT HANDLE (BLACK) TG46, TG46SE, TG51","FRONT HANDLE (BLACK) TG46, TG46SE, TG51",0.35,0.35,,"4098","GBP",,,,,,"GBP",14.42,"4098","Active","4098 - SPARE PARTS","20",0,5,1,1.75,72.1,,,,,,,"C-TG11000048(B)",,,,,,,,,"",,,,,,
67526,6,,,,777,,,"TG11000048(G)","TG11000048(G)","FRONT HANDLE (GREY) TG46, TG46SE, TG51","FRONT HANDLE (GREY) TG46, TG46SE, TG51",0.35,0.35,,"4098","GBP",,,,,,"GBP",14.42,"4098","Active","4098 - SPARE PARTS","20",0,14,1,4.9,201.88,,,,,,,"C-TG11000048(G)",,,,,,,,,"TG6 FLOOR",,,,,,
67527,6,,,,777,,,"TG11000053","TG11000053","BATTERY COVER/FLAP","BATTERY COVER/FLAP",0.34,0,,"4098","GBP",,,,,,"GBP",16.23,"4098","Active","4098 - SPARE PARTS","20",0,0,1,0,0,,,,,,,"C-TG11000053",,,,,,,,,"TG6D",,,,,,
67528,6,,,,777,,,"TG11000054","TG11000054","BELT COVER TG40","BELT COVER TG40",0.69,1.9,,"4098","GBP",,,,,,"GBP",19.95,"4098","Active","4098 - SPARE PARTS","20",0,16,1,11.04,319.2,,,,,,,"C-TG11000054",,,,,,,,,"TG3D",,,,,,
67529,6,,,,777,,,"TG11000059","TG11000059","GRASS BAG BLOCKING PLATE","GRASS BAG BLOCKING PLATE",0.45,0.45,,"4098","GBP",,,,,,"GBP",14.45,"4098","Active","4098 - SPARE PARTS","20",0,1,1,0.45,14.45,,,,,,,"C-TG11000059",,,,,,,,,"TG8A",,,,,,
67530,6,,,,777,,,"TG11000080","TG11000080","DECK WASH NOZZLE","DECK WASH NOZZLE",0.25,0.25,,"4098","GBP",,,,,,"GBP",12.3,"4098","Active","4098 - SPARE PARTS","20",0,1,1,0.25,12.3,,,,,,,"C-TG11000080",,,,,,,,,"TG8D BOX",,,,,,
67531,6,,,,777,,,"TG11000084","TG11000084","FRONT WHEEL 6INCH TG40","FRONT WHEEL 6INCH TG40",1.06,3.68,,"4098","GBP",,,,,,"GBP",12.65,"4098","Active","4098 - SPARE PARTS","20",0,108,1,114.48,1366.2,,,,,,,"C-TG11000084",,,,,,,,,"TG4 FLOOR",,,,,,
67532,6,,,,777,,,"TG11000085","TG11000085","FRONT WHEEL 7INCH TG46, TG46SE","FRONT WHEEL 7INCH TG46, TG46SE",1.92,4.65,,"4098","GBP",,,,,,"GBP",13.25,"4098","Active","4098 - SPARE PARTS","20",0,90,1,172.8,1192.5,,,,,,,"C-TG11000085",,,,,,,,,"TG5E",,,,,,
67533,6,,,,777,,,"TG11000086","TG11000086","FRONT WHEEL 8INCH TG51, TG56","FRONT WHEEL 8INCH TG51, TG56",1.46,5.03,,"4098","GBP",,,,,,"GBP",14.62,"4098","Active","4098 - SPARE PARTS","20",0,47,1,68.62,687.14,,,,,,,"C-TG11000086",,,,,,,,,"TG5A",,,,,,
67534,6,,,,777,,,"TG11000088","TG11000088","REAR WHEEL 8INCH TG40","REAR WHEEL 8INCH TG40",1.6,1.73,,"4098","GBP",,,,,,"GBP",14.74,"4098","Active","4098 - SPARE PARTS","20",0,34,1,54.4,501.16,,,,,,,"C-TG11000088",,,,,,,,,"TG3 FLOOR",,,,,,
67535,6,,,,777,,,"TG11000089","TG11000089","REAR WHEEL 10INCH TG46, TG46SE, TG51, TG56","REAR WHEEL 10INCH TG46, TG46SE, TG51, TG56",1.92,1.94,,"4098","GBP",,,,,,"GBP",18.16,"4098","Active","4098 - SPARE PARTS","20",0,55,1,105.6,998.8,,,,,,,"C-TG11000089",,,,,,,,,"TG5E",,,,,,
67536,6,,,,777,,,"TG11000090","TG11000090","WHEEL CAPS TG40","WHEEL CAPS TG40",0.15,0,,"4098","GBP",,,,,,"GBP",12.5,"4098","Active","4098 - SPARE PARTS","20",0,0,1,0,0,,,,,,,"C-TG11000090",,,,,,,,,"TG6D",,,,,,
67537,6,,,,777,,,"TG11000118","TG11000118","HANDRAIL PANEL TG46SE/51/56","HANDRAIL PANEL TG46SE/51/56",1.1,1.1,,"4098","GBP",,,,,,"GBP",28.4,"4098","Active","4098 - SPARE PARTS","20",0,0,1,0,0,,,,,,,"C-TG11000118",,,,,,,,,"TG8A",,,,,,
67538,6,,,"2026-04-16T15:03:19.000Z",24305282,,,"TG11000127","TG11000127","CHARGER TG46SE, TG51, TG56","CHARGER TG46SE, TG51, TG56",22.14,22.14,,"4098","GBP",,,,,,"GBP",35.95,"4098","Active","4098 - SPARE PARTS","20",0,-13,1,-287.82,-467.35,,,,,,,"C-TG11000127",,,,,,,,,"MID 4 SHELF 3",,,,,,
67539,6,,,,777,,,"TG11000148","TG11000148","FRONT HANDLE TG56","FRONT HANDLE TG56",0.68,0.68,,"4098","GBP",,,,,,"GBP",10.91,"4098","Active","4098 - SPARE PARTS","20",0,10,1,6.8,109.1,,,,,,,"C-TG11000148",,,,,,,,,"",,,,,,
67540,6,,,,777,,,"TG11000148(G)","TG11000148(G)","FRONT HANDLE (GREY) TG56","FRONT HANDLE (GREY) TG56",0.68,0.68,,"4098","GBP",,,,,,"GBP",10.91,"4098","Active","4098 - SPARE PARTS","20",0,10,1,6.8,109.1,,,,,,,"C-TG11000148(G)",,,,,,,,,"TG6 FLOOR",,,,,,
67541,6,,,,777,,,"TG11000148(R)","TG11000148(R)","FRONT HANDLE (RED) TG56","FRONT HANDLE (RED) TG56",0.68,0.68,,"4098","GBP",,,,,,"GBP",10.91,"4098","Active","4098 - SPARE PARTS","20",0,4,1,2.72,43.64,,,,,,,"C-TG11000148(R)",,,,,,,,,"TG6D",,,,,,
67542,6,,,,777,,,"TG11000171","TG11000171","GRASSBOX FLAP TG46, 46SE, 51","GRASSBOX FLAP TG46, 46SE, 51",1.21,1.21,,"4098","GBP",,,,,,"GBP",18.51,"4098","Active","4098 - SPARE PARTS","20",0,11,1,13.31,203.61,,,,,,,"C-TG11000171",,,,,,,,,"TG7D",,,,,,
67543,6,,,,777,,,"TG11000174","TG11000174","SIDE EJECT FLAP TG46/51","SIDE EJECT FLAP TG46/51",1.8,1.8,,"4098","GBP",,,,,,"GBP",16.39,"4098","Active","4098 - SPARE PARTS","20",0,2,1,3.6,32.78,,,,,,,"C-TG11000174",,,,,,,,,"TG3E",,,,,,
67544,6,,,,777,,,"TG11000176","TG11000176","FRONT PANEL TG46, TG46SE, TG51","FRONT PANEL TG46, TG46SE, TG51",1,1,,"4098","GBP",,,,,,"GBP",16.73,"4098","Active","4098 - SPARE PARTS","20",0,22,1,22,368.06,,,,,,,"C-TG11000176",,,,,,,,,"TG4 FLOOR",,,,,,
67545,6,,,,777,,,"TG11000177","TG11000177","NYLON BEARING SET TG40/46/51","NYLON BEARING SET TG40/46/51",0.3,0.3,,"4098","GBP",,,,,,"GBP",14.77,"4098","Active","4098 - SPARE PARTS","20",0,1,1,0.3,14.77,,,,,,,"C-TG11000177",,,,,,,,,"TG5C BOX",,,,,,
67546,6,,,,777,,,"TG11000178","TG11000178","BELT COVER TG46, TG46SE","BELT COVER TG46, TG46SE",0.78,2.93,,"4098","GBP",,,,,,"GBP",22.95,"4098","Active","4098 - SPARE PARTS","20",0,6,1,4.68,137.7,,,,,,,"C-TG11000178",,,,,,,,,"TG3E",,,,,,
67547,6,,,,777,,,"TG11000181","TG11000181","INNER REAR WHEEL BACKING TG46, TG46SE, TG51","INNER REAR WHEEL BACKING TG46, TG46SE, TG51",8.2,8.2,,"4098","GBP",,,,,,"GBP",16.4,"4098","Active","4098 - SPARE PARTS","20",0,4,1,32.8,65.6,,,,,,,"C-TG11000181",,,,,,,,,"TG3A",,,,,,
67548,6,,,,777,,,"TG11000184","TG11000184","HEIGHT ADJUSTMENT HANDLE","HEIGHT ADJUSTMENT HANDLE",0.85,0.85,,"4098","GBP",,,,,,"GBP",18.4,"4098","Active","4098 - SPARE PARTS","20",0,0,1,0,0,,,,,,,"C-TG11000184",,,,,,,,,"TG6D",,,,,,
67549,6,,,,777,,,"TG11000185","TG11000185","REAR WHEEL BACKING TG40","REAR WHEEL BACKING TG40",3,3,,"4098","GBP",,,,,,"GBP",12.36,"4098","Active","4098 - SPARE PARTS","20",0,2,1,6,24.72,,,,,,,"C-TG11000185",,,,,,,,,"TG5B",,,,,,
67550,6,,,,777,,,"TG11000197","TG11000197","SIDE DISCHARGE CHUTE TG56","SIDE DISCHARGE CHUTE TG56",7.4,7.4,,"4098","GBP",,,,,,"GBP",13.65,"4098","Active","4098 - SPARE PARTS","20",0,-1,1,-7.4,-13.65,,,,,,,"C-TG11000197",,,,,,,,,"TG3D",,,,,,
67551,6,,,,777,,,"TG11000198","TG11000198","SIDE DISCHARGE DEFLECTOR FLAP TG56","SIDE DISCHARGE DEFLECTOR FLAP TG56",1.5,1.5,,"4098","GBP",,,,,,"GBP",15.95,"4098","Active","4098 - SPARE PARTS","20",0,-1,1,-1.5,-15.95,,,,,,,"C-TG11000198",,,,,,,,,"TG3D",,,,,,
67552,6,,,,777,,,"TG11000199","TG11000199","BELT GUARD TG56","BELT GUARD TG56",1.44,1.44,,"4098","GBP",,,,,,"GBP",16.82,"4098","Active","4098 - SPARE PARTS","20",0,15,1,21.6,252.3,,,,,,,"C-TG11000199",,,,,,,,,"TG5D",,,,,,
67553,6,,,,777,,,"TG11000201","TG11000201","FRONT PANEL TG56","FRONT PANEL TG56",1.02,1.02,,"4098","GBP",,,,,,"GBP",18.33,"4098","Active","4098 - SPARE PARTS","20",0,28,1,28.56,513.24,,,,,,,"C-TG11000201",,,,,,,,,"TG4C",,,,,,
67554,6,,,,777,,,"TG12000030","TG12000030","REAR AXLE TG46","REAR AXLE TG46",2.19,2.5,,"4098","GBP",,,,,,"GBP",34.99,"4098","Active","4098 - SPARE PARTS","20",0,21,1,45.99,734.79,,,,,,,"C-TG12000030",,,,,,,,,"TG8B",,,,,,
67555,6,,,,777,,,"TG12000033","TG12000033","REAR AXLE TG40","REAR AXLE TG40",1.84,2.82,,"4098","GBP",,,,,,"GBP",32.89,"4098","Active","4098 - SPARE PARTS","20",0,6,1,11.04,197.34,,,,,,,"C-TG12000033",,,,,,,,,"TG6C",,,,,,
67556,6,,,,777,,,"TG12000141","TG12000141","BLADE BOSS TG40, TG46, TG46SE, TG51SE","BLADE BOSS TG40, TG46, TG46SE, TG51SE",0.98,2.71,,"4098","GBP",,,,,,"GBP",24.6,"4098","Active","4098 - SPARE PARTS","20",0,33,1,32.34,811.8,,,,,,,"C-TG12000141",,,,,,,,,"TG3C BOX",,,,,,
67557,6,,,,777,,,"TG12000150","TG12000150","BLADE TG40S","BLADE TG40S",1.44,1.44,,"4098","GBP",,,,,,"GBP",29.95,"4098","Active","4098 - SPARE PARTS","20",0,127,1,182.88,3803.65,,,,,,,"C-TG12000150",,,,,,,,,"DC FLOOR",,,,,,
67558,6,,,,777,,,"TG12000152","TG12000152","BLADE TG46, TG46SE","BLADE TG46, TG46SE",2.4,2.4,,"4098","GBP",,,,,,"GBP",34.95,"4098","Active","4098 - SPARE PARTS","20",0,13,1,31.2,454.35,,,,,,,"C-TG12000152",,,,,,,,,"DC FLOOR",,,,,,
67559,6,,,"2026-04-15T11:42:30.000Z",24305282,,,"TG12000153","TG12000153","BLADE TG51SE","BLADE TG51SE",2.6,2.6,,"4098","GBP",,,,,,"GBP",39.95,"4098","Active","4098 - SPARE PARTS","20",0,154,1,400.4,6152.3,,,,,,,"C-TG12000153",,,,,,,,,"DC FLOOR",,,,,,
67560,6,,,,777,,,"TG12000161","TG12000161","LOWER HANDLE BAR TG46","LOWER HANDLE BAR TG46",2.68,2.68,,"4098","GBP",,,,,,"GBP",28.2,"4098","Active","4098 - SPARE PARTS","20",0,0,1,0,0,,,,,,,"C-TG12000161",,,,,,,,,"TG7A",,,,,,
67561,6,,,,777,,,"TG12000163","TG12000163","UPPER HANDLE TG46/51","UPPER HANDLE TG46/51",2.1,2.1,,"4098","GBP",,,,,,"GBP",28.95,"4098","Active","4098 - SPARE PARTS","20",0,0,1,0,0,,,,,,,"C-TG12000163",,,,,,,,,"TG7A",,,,,,
67562,6,,,,777,,,"TG12000170","TG12000170","BLADE WASHER TG40, TG465, TG46SE, TG51, TG56","BLADE WASHER TG40, TG465, TG46SE, TG51, TG56",1.95,1.95,,"4098","GBP",,,,,,"GBP",3.9,"4098","Active","4098 - SPARE PARTS","20",0,15,1,29.25,58.5,,,,,,,"C-TG12000170",,,,,,,,,"TG5B BOX",,,,,,
67563,6,,,,777,,,"TG12000196","TG12000196","UPPER BAR TG46","UPPER BAR TG46",3.6,3.6,,"4098","GBP",,,,,,"GBP",28.9,"4098","Active","4098 - SPARE PARTS","20",0,1,1,3.6,28.9,,,,,,,"C-TG12000196",,,,,,,,,"TG7A",,,,,,
67564,6,,,,777,,,"TG12000200","TG12000200","LOWER ARM BARS TG40","LOWER ARM BARS TG40",1.1,1.1,,"4098","GBP",,,,,,"GBP",25.25,"4098","Active","4098 - SPARE PARTS","20",0,0,1,0,0,,,,,,,"C-TG12000200",,,,,,,,,"TG8D",,,,,,
67565,6,,,,777,,,"TG12000201","TG12000201","LOWER BAR TG46","LOWER BAR TG46",3.6,3.6,,"4098","GBP",,,,,,"GBP",29.95,"4098","Active","4098 - SPARE PARTS","20",0,1,1,3.6,29.95,,,,,,,"C-TG12000201",,,,,,,,,"TG7A",,,,,,
67566,6,,,,777,,,"TG12000257","TG12000257","QUAD TIPPED BLADE 18"" TG46""","QUAD TIPPED BLADE 18"" TG46""",6.31,6.31,,"4098","GBP",,,,,,"GBP",49.95,"4098","Active","4098 - SPARE PARTS","20",0,-2,1,-12.62,-99.9,,,,,,,"C-TG12000257",,,,,,,,,"TG8C",,,,,,
67567,6,,,,777,,,"TG12000258","TG12000258","QUAD TIPPED BLADE 20"" TG51""","QUAD TIPPED BLADE 20"" TG51""",6.84,6.84,,"4098","GBP",,,,,,"GBP",54.95,"4098","Active","4098 - SPARE PARTS","20",0,-2,1,-13.68,-109.9,,,,,,,"C-TG12000258",,,,,,,,,"TG8C",,,,,,
67568,6,,,,777,,,"TG12000280","TG12000280","FRONT AXLE TG46, TG46SE, TG51","FRONT AXLE TG46, TG46SE, TG51",1.92,3.48,,"4098","GBP",,,,,,"GBP",32.76,"4098","Active","4098 - SPARE PARTS","20",0,8,1,15.36,262.08,,,,,,,"C-TG12000280",,,,,,,,,"TG3B",,,,,,
67569,6,,,,777,,,"TG12000287","TG12000287","HEIGHT BRACKET LEFT TG40","HEIGHT BRACKET LEFT TG40",1.15,1.15,,"4098","GBP",,,,,,"GBP",24.95,"4098","Active","4098 - SPARE PARTS","20",0,1,1,1.15,24.95,,,,,,,"C-TG12000287",,,,,,,,,"TG8A",,,,,,
67570,6,,,,777,,,"TG12000288","TG12000288","DECK HEIGHT PLATE TG40","DECK HEIGHT PLATE TG40",1.79,0,,"4098","GBP",,,,,,"GBP",26.24,"4098","Active","4098 - SPARE PARTS","20",0,0,1,0,0,,,,,,,"C-TG12000288",,,,,,,,,"TG8A",,,,,,
67571,6,,,,777,,,"TG12000289","TG12000289","HEIGHT HANDLE LEVER TG46/51/56","HEIGHT HANDLE LEVER TG46/51/56",1.34,1.34,,"4098","GBP",,,,,,"GBP",14.23,"4098","Active","4098 - SPARE PARTS","20",0,1,1,1.34,14.23,,,,,,,"C-TG12000289",,,,,,,,,"TG6D",,,,,,
67572,6,,,,777,,,"TG12000292","TG12000292","FRONT AXLE TG40","FRONT AXLE TG40",1.68,8.48,,"4098","GBP",,,,,,"GBP",25.94,"4098","Active","4098 - SPARE PARTS","20",0,51,1,85.68,1322.94,,,,,,,"C-TG12000292",,,,,,,,,"TG4D",,,,,,
67573,6,,,"2025-11-10T11:53:35.000Z",24305282,,,"TG12000325","TG12000325","BLADE TG56","BLADE TG56",4,4,,"4098","GBP",,,,,,"GBP",39.95,"4098","Active","4098 - SPARE PARTS","20",0,-3,1,-12,-119.85,,,,,,,"C-TG12000325",,,,,,,,,"DC FLOOR",,,,,,
67574,6,,,,777,,,"TG12000326","TG12000326","FRONT AXLE TG56","FRONT AXLE TG56",5,5,,"4098","GBP",,,,,,"GBP",39.6,"4098","Active","4098 - SPARE PARTS","20",0,5,1,25,198,,,,,,,"C-TG12000326",,,,,,,,,"TG5C",,,,,,
67575,6,,,,777,,,"TG12000329","TG12000329","BLADE BOSS & WASHER TG56","BLADE BOSS & WASHER TG56",1.36,9.33,,"4098","GBP",,,,,,"GBP",18.32,"4098","Active","4098 - SPARE PARTS","20",0,19,1,25.84,348.08,,,,,,,"C-TG12000329",,,,,,,,,"TG3C BOX",,,,,,
67576,6,,,,777,,,"TG12000405","TG12000405","BLADE TG56 - INCORRECT BLADE - DO NOT USE","BLADE TG56 - INCORRECT BLADE - DO NOT USE",2.98,2.98,,"4098","GBP",,,,,,"GBP",35,"4098","Active","4098 - SPARE PARTS","20",0,171,1,509.58,5985,,,,,,,"C-TG12000405",,,,,,,,,"DC FLOOR",,,,,,
67577,6,,,,777,,,"TG13000080","TG13000080","TG46SE FRAME","TG46SE FRAME",6.8,6.8,,"4098","GBP",,,,,,"GBP",65.5,"4098","Active","4098 - SPARE PARTS","20",0,1,1,6.8,65.5,,,,,,,"C-TG13000080",,,,,,,,,"UPSTAIRS",,,,,,
67578,6,,,,777,,,"TG13000082","TG13000082","FRAME TG51SE","FRAME TG51SE",7.2,7.2,,"4098","GBP",,,,,,"GBP",64.95,"4098","Active","4098 - SPARE PARTS","20",0,1,1,7.2,64.95,,,,,,,"C-TG13000082",,,,,,,,,"",,,,,,
67579,6,,,,777,,,"TG13000087","TG13000087","FRAME TG40","FRAME TG40",6.2,6.2,,"4098","GBP",,,,,,"GBP",59.95,"4098","Active","4098 - SPARE PARTS","20",0,1,1,6.2,59.95,,,,,,,"C-TG13000087",,,,,,,,,"UPSTAIRS",,,,,,
67580,6,,,,777,,,"TG14000017","TG14000017","THROTTLE CABLE TG46, TG46SE","THROTTLE CABLE TG46, TG46SE",0.8,2.9,,"4098","GBP",,,,,,"GBP",18.38,"4098","Active","4098 - SPARE PARTS","20",0,55,1,44,1010.9,,,,,,,"C-TG14000017",,,,,,,,,"TG4A",,,,,,
67581,6,,,,777,,,"TG14000018","TG14000018","THROTTLE CABLE TG51","THROTTLE CABLE TG51",0.88,2.44,,"4098","GBP",,,,,,"GBP",20.33,"4098","Active","4098 - SPARE PARTS","20",0,19,1,16.72,386.27,,,,,,,"C-TG14000018",,,,,,,,,"TG4B",,,,,,
67582,6,,,,777,,,"TG14000019","TG14000019","THROTTLE CABLE TG40","THROTTLE CABLE TG40",0.8,2.27,,"4098","GBP",,,,,,"GBP",16.24,"4098","Active","4098 - SPARE PARTS","20",0,7,1,5.6,113.68,,,,,,,"C-TG14000019",,,,,,,,,"TG3A",,,,,,
67583,6,,,,777,,,"TG14000023","TG14000023","THROTTLE CABLE TG56","THROTTLE CABLE TG56",1.22,1.22,,"4098","GBP",,,,,,"GBP",22.62,"4098","Active","4098 - SPARE PARTS","20",0,3,1,3.66,67.86,,,,,,,"C-TG14000023",,,,,,,,,"TG5A",,,,,,
67584,6,,,,777,,,"TG14000073","TG14000073","ENGINE BRAKE CABLE TG51","ENGINE BRAKE CABLE TG51",0.62,2.07,,"4098","GBP",,,,,,"GBP",26.46,"4098","Active","4098 - SPARE PARTS","20",0,30,1,18.6,793.8,,,,,,,"C-TG14000073",,,,,,,,,"TG3B",,,,,,
67585,6,,,,777,,,"TG14000075","TG14000075","OPC CABLE TG46/46SE","OPC CABLE TG46/46SE",1.3,1.3,,"4098","GBP",,,,,,"GBP",24.1,"4098","Active","4098 - SPARE PARTS","20",0,1,1,1.3,24.1,,,,,,,"C-TG14000075",,,,,,,,,"TG7A",,,,,,
67586,6,,,,777,,,"TG14000077","TG14000077","OPC CABLE TG40","OPC CABLE TG40",4,4,,"4098","GBP",,,,,,"GBP",20.53,"4098","Active","4098 - SPARE PARTS","20",0,1,1,4,20.53,,,,,,,"C-TG14000077",,,,,,,,,"TG4A",,,,,,
67587,6,,,,777,,,"TG14000086","TG14000086","ENGINE BRAKE CABLE TG56","ENGINE BRAKE CABLE TG56",0.6,2.8,,"4098","GBP",,,,,,"GBP",28.59,"4098","Active","4098 - SPARE PARTS","20",0,15,1,9,428.85,,,,,,,"C-TG14000086",,,,,,,,,"TG5A",,,,,,
67588,6,,,,777,,,"TG14100043","TG14100043","DRIVE CABLE TG46, TG46SE","DRIVE CABLE TG46, TG46SE",0.67,2.89,,"4098","GBP",,,,,,"GBP",24.75,"4098","Active","4098 - SPARE PARTS","20",0,14,1,9.38,346.5,,,,,,,"C-TG14100043",,,,,,,,,"TG3A",,,,,,
67589,6,,,,777,,,"TG14100045","TG14100045","SELF PROPELLED DRIVE CABLE TG40","SELF PROPELLED DRIVE CABLE TG40",0.65,0.65,,"4098","GBP",,,,,,"GBP",22.56,"4098","Active","4098 - SPARE PARTS","20",0,14,1,9.1,315.84,,,,,,,"C-TG14100045",,,,,,,,,"TG3C",,,,,,
67590,6,,,,777,,,"TG16000015","TG16000015","CONNECTING HEIGHT SPRING","CONNECTING HEIGHT SPRING",1.1,1.1,,"4098","GBP",,,,,,"GBP",8.55,"4098","Active","4098 - SPARE PARTS","20",0,2,1,2.2,17.1,,,,,,,"C-TG16000015",,,,,,,,,"TG8D BOX",,,,,,
67591,6,,,,777,,,"TG16000030","TG16000030","SPRING DECK HEIGHT TG40/46/51/56","SPRING DECK HEIGHT TG40/46/51/56",0.68,0.68,,"4098","GBP",,,,,,"GBP",8.6,"4098","Active","4098 - SPARE PARTS","20",0,1,1,0.68,8.6,,,,,,,"C-TG16000030",,,,,,,,,"TG5C BOX",,,,,,
67592,6,,,,777,,,"TG16000031","TG16000031","GRASS BOX SPRING TG46, TG46SE, TG51, TG56","GRASS BOX SPRING TG46, TG46SE, TG51, TG56",2.29,2.29,,"4098","GBP",,,,,,"GBP",4.58,"4098","Active","4098 - SPARE PARTS","20",0,5,1,11.45,22.9,,,,,,,"C-TG16000031",,,,,,,,,"TG3B BOX",,,,,,
67593,6,,,,777,,,"TG16000032","TG16000032","CHUTE FLAP SPRING TG46, TG46SE, TG51, TG56","CHUTE FLAP SPRING TG46, TG46SE, TG51, TG56",2.29,2.29,,"4098","GBP",,,,,,"GBP",4.58,"4098","Active","4098 - SPARE PARTS","20",0,2,1,4.58,9.16,,,,,,,"C-TG16000032",,,,,,,,,"TG3B BOX",,,,,,
67594,6,,,,777,,,"TG17000006","TG17000006","GRASS BAG TG40","GRASS BAG TG40",2.32,2.32,,"4098","GBP",,,,,,"GBP",36.8,"4098","Active","4098 - SPARE PARTS","20",0,8,1,18.56,294.4,,,,,,,"C-TG17000006",,,,,,,,,"TG6A",,,,,,
67595,6,,,,777,,,"TG17000010","TG17000010","BELT Z=610 TG40","BELT Z=610 TG40",0.51,0.82,,"4098","GBP",,,,,,"GBP",24.45,"4098","Active","4098 - SPARE PARTS","20",0,29,1,14.79,709.05,,,,,,,"C-TG17000010",,,,,,,,,"TG8D",,,,,,
67596,6,,,"2026-05-07T10:04:22.000Z",24305282,,,"TG17000012","TG17000012","BELT TG46 0-690E","BELT TG46 0-690E",5.62,5.62,,"4098","GBP",,,,,,"GBP",16.94,"4098","Active","4098 - SPARE PARTS","20",0,-7,1,-39.34,-118.58,,,,,,,"C-TG17000012",,,,,,,,,"TG5B",,,,,,
67597,6,,,,777,,,"TG17000018","TG17000018","GEARBOX TG40","GEARBOX TG40",11,11,,"4098","GBP",,,,,,"GBP",28.12,"4098","Active","4098 - SPARE PARTS","20",0,6,1,66,168.72,,,,,,,"C-TG17000018",,,,,,,,,"TG4D",,,,,,
67598,6,,,,777,,,"TG17000020","TG17000020","GEARBOX (METAL) TG56","GEARBOX (METAL) TG56",17,17,,"4098","GBP",,,,,,"GBP",36.58,"4098","Active","4098 - SPARE PARTS","20",0,10,1,170,365.8,,,,,,,"C-TG17000020",,,,,,,,,"TG3C",,,,,,
67599,6,,,"2026-04-06T17:43:37.000Z",24305283,,,"TG17000020(P)","TG17000020(P)","GEARBOX Transmission TG46, TG46SE, TG51","GEARBOX Transmission TG46, TG46SE, TG51",16,16,,"4098","GBP",,,,,,"GBP",96.8,"4098","Active","4098 - SPARE PARTS","20",0,0,1,0,0,,,,,,,"C-TG17000020(P)",,,,,,,,,"TG4E",,,,,,
67600,6,,,,777,,,"TG17000023","TG17000023","LEFT REAR WHEEL GEAR TG40, TG46, TG46SE, TG51, TG56","LEFT REAR WHEEL GEAR TG40, TG46, TG46SE, TG51, TG56",4,4,,"4098","GBP",,,,,,"GBP",8.94,"4098","Active","4098 - SPARE PARTS","20",0,25,1,100,223.5,,,,,,,"C-TG17000023",,,,,,,,,"TG3B BOX",,,,,,
67601,6,,,,777,,,"TG17000024","TG17000024","RIGHT REAR WHEEL GEAR TG40, TG46, TG46SE, TG51, TG56","RIGHT REAR WHEEL GEAR TG40, TG46, TG46SE, TG51, TG56",4,4,,"4098","GBP",,,,,,"GBP",8.94,"4098","Active","4098 - SPARE PARTS","20",0,22,1,88,196.68,,,,,,,"C-TG17000024",,,,,,,,,"TG3B BOX",,,,,,
67602,6,,,,777,,,"TG17000026","TG17000026","PULLEY WHEEL TG40/46/51/56","PULLEY WHEEL TG40/46/51/56",1.65,1.65,,"4098","GBP",,,,,,"GBP",16.28,"4098","Active","4098 - SPARE PARTS","20",0,1,1,1.65,16.28,,,,,,,"C-TG17000026",,,,,,,,,"TG8D BOX",,,,,,
67603,6,,,,777,,,"TG17000029","TG17000029","BOSS WOODRUFF KEY TG40, TG46, TG46SE, TG51, TG56","BOSS WOODRUFF KEY TG40, TG46, TG46SE, TG51, TG56",1.84,1.84,,"4098","GBP",,,,,,"GBP",5.68,"4098","Active","4098 - SPARE PARTS","20",0,20,1,36.8,113.6,,,,,,,"C-TG17000029",,,,,,,,,"TG3C BOX",,,,,,
67604,6,,,,777,,,"TG17000036","TG17000036","IGNITION BARREL & KEYS TG46SE, TG51, TG56","IGNITION BARREL & KEYS TG46SE, TG51, TG56",1.44,12.55,,"4098","GBP",,,,,,"GBP",36.2,"4098","Active","4098 - SPARE PARTS","20",0,32,1,46.08,1158.4,,,,,,,"C-TG17000036",,,,,,,,,"TG3D BOX",,,,,,
67605,6,,,,777,,,"TG17000051","TG17000051","BELT Z-800 TG56","BELT Z-800 TG56",0.54,6.87,,"4098","GBP",,,,,,"GBP",26.4,"4098","Active","4098 - SPARE PARTS","20",0,9,1,4.86,237.6,,,,,,,"C-TG17000051",,,,,,,,,"TG3A",,,,,,
67606,6,,,,777,,,"TG17000064","TG17000064","WIRING STARTER MOTOR","WIRING STARTER MOTOR",1.23,1.23,,"4098","GBP",,,,,,"GBP",16.73,"4098","Active","4098 - SPARE PARTS","20",0,1,1,1.23,16.73,,,,,,,"C-TG17000064",,,,,,,,,"TG3C BOX",,,,,,
67607,6,,,,777,,,"TG17000104","TG17000104","BATTERY HOLDER TG46SE, TG51, TG56","BATTERY HOLDER TG46SE, TG51, TG56",7.6,7.6,,"4098","GBP",,,,,,"GBP",22.78,"4098","Active","4098 - SPARE PARTS","20",0,2,1,15.2,45.56,,,,,,,"C-TG17000104",,,,,,,,,"TG3D BOX",,,,,,
67608,6,,,,777,,,"TG17000108","TG17000108","WIRING HARNESS TG46SE/51/56","WIRING HARNESS TG46SE/51/56",2.35,2.35,,"4098","GBP",,,,,,"GBP",34.9,"4098","Active","4098 - SPARE PARTS","20",0,2,1,4.7,69.8,,,,,,,"C-TG17000108",,,,,,,,,"TG3D BOX",,,,,,
67609,6,,,,777,,,"TG17000110","TG17000110","REAR GRASS FLAP BOLT TG46/51","REAR GRASS FLAP BOLT TG46/51",1.22,1.22,,"4098","GBP",,,,,,"GBP",12.56,"4098","Active","4098 - SPARE PARTS","20",0,3,1,3.66,37.68,,,,,,,"C-TG17000110",,,,,,,,,"TG8D BOX",,,,,,
67610,6,,,"2026-04-16T15:04:03.000Z",24305282,,,"TG17000113","TG17000113","BATTERY TG 14.8V 1.5AH TG46SE, TG51, TG56","BATTERY TG 14.8V 1.5AH TG46SE, TG51, TG56",7.44,15.46,,"4098","GBP",,,,,,"GBP",54.95,"4098","Active","4098 - SPARE PARTS","20",0,9,1,66.96,494.55,,,,,,,"C-TG17000113",,,,,,,,,"MID 4 SHELF 3",,,,,,
67611,6,,,,777,,,"TG20000007","TG20000007","FLYWHEEL FAN TG40/46/46SE","FLYWHEEL FAN TG40/46/46SE",1.2,1.2,,"4098","GBP",,,,,,"GBP",18.56,"4098","Active","4098 - SPARE PARTS","20",0,1,1,1.2,18.56,,,,,,,"C-TG20000007",,,,,,,,,"TG5D",,,,,,
67612,6,,,,777,,,"TG20000009","TG20000009","AIR FILTER BASE","AIR FILTER BASE",0.62,0.62,,"4098","GBP",,,,,,"GBP",9.68,"4098","Active","4098 - SPARE PARTS","20",0,3,1,1.86,29.04,,,,,,,"C-TG20000009",,,,,,,,,"",,,,,,
67613,6,,,,777,,,"TG20000010","TG20000010","OIL DIPSTICK TG40, TG46, TG46SE, TG51, TG56","OIL DIPSTICK TG40, TG46, TG46SE, TG51, TG56",0.65,4.49,,"4098","GBP",,,,,,"GBP",19.95,"4098","Active","4098 - SPARE PARTS","20",0,-1,1,-0.65,-19.95,,,,,,,"C-TG20000010",,,,,,,,,"TG5C BOX",,,,,,
67614,6,,,,777,,,"TG20000012","TG20000012","AIR FILTER COVER","AIR FILTER COVER",0.42,0.42,,"4098","GBP",,,,,,"GBP",4.47,"4098","Active","4098 - SPARE PARTS","20",0,13,1,5.46,58.11,,,,,,,"C-TG20000012",,,,,,,,,"TG6C",,,,,,
67615,6,,,,777,,,"TG20000013","TG20000013","AIR FILTER SPONGE TG40, TG46, TG46SE, TG51, TG56","AIR FILTER SPONGE TG40, TG46, TG46SE, TG51, TG56",0.19,0.19,,"4098","GBP",,,,,,"GBP",11.95,"4098","Active","4098 - SPARE PARTS","20",0,194,1,36.86,2318.3,,,,,,,"C-TG20000013",,,,,,,,,"TG7E",,,,,,
67616,6,,,,777,,,"TG20000015","TG20000015","CARBURETTOR SPACER BLOCK (GASKET) TG40, TG46, TG46SE, TG51, TG56","CARBURETTOR SPACER BLOCK (GASKET) TG40, TG46, TG46SE, TG51, TG56",6.19,6.19,,"4098","GBP",,,,,,"GBP",12.47,"4098","Active","4098 - SPARE PARTS","20",0,3,1,18.57,37.41,,,,,,,"C-TG20000015",,,,,,,,,"TG5D BOX",,,,,,
67617,6,,,,777,,,"TG20000024","TG20000024","RECOIL MOUNT PLATE","RECOIL MOUNT PLATE",0.84,0.84,,"4098","GBP",,,,,,"GBP",21.96,"4098","Active","4098 - SPARE PARTS","20",0,1,1,0.84,21.96,,,,,,,"C-TG20000024",,,,,,,,,"TG6D",,,,,,
67618,6,,,,777,,,"TG20000026","TG20000026","FUEL TANK TG40, TG46, TG46SE, TG51, TG56","FUEL TANK TG40, TG46, TG46SE, TG51, TG56",7.3,7.3,,"4098","GBP",,,,,,"GBP",19.68,"4098","Active","4098 - SPARE PARTS","20",0,5,1,36.5,98.4,,,,,,,"C-TG20000026",,,,,,,,,"TG4B",,,,,,
67619,6,,,,777,,,"TG20000027","TG20000027","FUEL CAP TG40, TG46, TG46SE, TG51, TG56","FUEL CAP TG40, TG46, TG46SE, TG51, TG56",0.44,1.44,,"4098","GBP",,,,,,"GBP",8.46,"4098","Active","4098 - SPARE PARTS","20",0,11,1,4.84,93.06,,,,,,,"C-TG20000027",,,,,,,,,"TG5C BOX",,,,,,
67620,6,,,,777,,,"TG20000030","TG20000030","ENGINE COVER    FITS ALL TG","ENGINE COVER    FITS ALL TG",1.9,0,,"4098","GBP",,,,,,"GBP",32.9,"4098","Active","4098 - SPARE PARTS","20",0,-1,1,-1.9,-32.9,,,,,,,"C-TG20000030",,,,,,,,,"TG8A",,,,,,
67621,6,,,,777,,,"TG21000014","TG21000014","STARTER CUP TG51/56","STARTER CUP TG51/56",0.7,0.7,,"4098","GBP",,,,,,"GBP",17.88,"4098","Active","4098 - SPARE PARTS","20",0,3,1,2.1,53.64,,,,,,,"C-TG21000014",,,,,,,,,"TG8D BOX",,,,,,
67622,6,,,,777,,,"TG21000020","TG21000020","EXHAUST MUFFLER TG40/46/46SE/51/56","EXHAUST MUFFLER TG40/46/46SE/51/56",1.88,1.88,,"4098","GBP",,,,,,"GBP",24.95,"4098","Active","4098 - SPARE PARTS","20",0,1,1,1.88,24.95,,,,,,,"C-TG21000020",,,,,,,,,"TG8A",,,,,,
67623,6,,,,777,,,"TG21000021","TG21000021","MUFFLER GUARD TG40/46/46SE/51/56","MUFFLER GUARD TG40/46/46SE/51/56",1.1,1.1,,"4098","GBP",,,,,,"GBP",18.8,"4098","Active","4098 - SPARE PARTS","20",0,1,1,1.1,18.8,,,,,,,"C-TG21000021",,,,,,,,,"TG8A",,,,,,
67624,6,,,,777,,,"TG21000033","TG21000033","RECOIL ASSEMBLY TG40, TG46, TG46SE, TG51, TG56","RECOIL ASSEMBLY TG40, TG46, TG46SE, TG51, TG56",8.23,8.23,,"4098","GBP",,,,,,"GBP",28.49,"4098","Active","4098 - SPARE PARTS","20",0,-5,1,-41.15,-142.45,,,,,,,"C-TG21000033",,,,,,,,,"TG8B",,,,,,
67625,6,,,,777,,,"TG21000045","TG21000045","FLYWHEEL PICKUP ASSEMBLY","FLYWHEEL PICKUP ASSEMBLY",1.46,1.46,,"4098","GBP",,,,,,"GBP",18.93,"4098","Active","4098 - SPARE PARTS","20",0,1,1,1.46,18.93,,,,,,,"C-TG21000045",,,,,,,,,"TG8D BOX",,,,,,
67626,6,,,,777,,,"TG23000011","TG23000011","GOVERNOR SPRING TG40, TG46, TG46SE, TG51, TG56","GOVERNOR SPRING TG40, TG46, TG46SE, TG51, TG56",0.67,0.67,,"4098","GBP",,,,,,"GBP",4.56,"4098","Active","4098 - SPARE PARTS","20",0,20,1,13.4,91.2,,,,,,,"C-TG23000011",,,,,,,,,"TG3C BOX",,,,,,
67627,6,,,,777,,,"TG24000012","TG24000012","CARBURETTOR GASKET (ENGINE SIDE SMALL CARB) TG40, TG46, TG46SE","CARBURETTOR GASKET (ENGINE SIDE SMALL CARB) TG40, TG46, TG46SE",3.78,3.78,,"4098","GBP",,,,,,"GBP",7.56,"4098","Active","4098 - SPARE PARTS","20",0,2,1,7.56,15.12,,,,,,,"C-TG24000012",,,,,,,,,"TG5D BOX",,,,,,
67628,6,,,,777,,,"TG24000013","TG24000013","EXHUAST GASKET (METAL) TG40/46/51/56","EXHUAST GASKET (METAL) TG40/46/51/56",0.38,0.38,,"4098","GBP",,,,,,"GBP",14.1,"4098","Active","4098 - SPARE PARTS","20",0,1,1,0.38,14.1,,,,,,,"C-TG24000013",,,,,,,,,"TG3C BOX",,,,,,
67629,6,,,,777,,,"TG24000018","TG24000018","CARBURETTOR GASKET (ENGINE SIDE BIG CARB) TG51, TG56","CARBURETTOR GASKET (ENGINE SIDE BIG CARB) TG51, TG56",3.68,3.68,,"4098","GBP",,,,,,"GBP",9.23,"4098","Active","4098 - SPARE PARTS","20",0,1,1,3.68,9.23,,,,,,,"C-TG24000018",,,,,,,,,"TG5D BOX",,,,,,
67630,6,,,,777,,,"TG24000021","TG24000021","CARBURETTOR GASKET (AIR FILTER SIDE) TG40, TG46, TG46SE","CARBURETTOR GASKET (AIR FILTER SIDE) TG40, TG46, TG46SE",2.62,2.62,,"4098","GBP",,,,,,"GBP",5.24,"4098","Active","4098 - SPARE PARTS","20",0,2,1,5.24,10.48,,,,,,,"C-TG24000021",,,,,,,,,"TG5D BOX",,,,,,
67631,6,,,,777,,,"TG25000002","TG25000002","FLYWHEEL TG40/46","FLYWHEEL TG40/46",7.82,7.82,,"4098","GBP",,,,,,"GBP",44.95,"4098","Active","4098 - SPARE PARTS","20",0,1,1,7.82,44.95,,,,,,,"C-TG25000002",,,,,,,,,"TG8D",,,,,,
67632,6,,,,777,,,"TG25000003","TG25000003","FLYWHEEL TG46SE/51/56","FLYWHEEL TG46SE/51/56",5.6,5.6,,"4098","GBP",,,,,,"GBP",54.95,"4098","Active","4098 - SPARE PARTS","20",0,0,1,0,0,,,,,,,"C-TG25000003",,,,,,,,,"TG8D",,,,,,
67633,6,,,,777,,,"TG28000014","TG28000014","UPPER HANDLE BOLTS TG46, TG46SE, TG51, TG56","UPPER HANDLE BOLTS TG46, TG46SE, TG51, TG56",2.42,2.42,,"4098","GBP",,,,,,"GBP",4.84,"4098","Active","4098 - SPARE PARTS","20",0,11,1,26.62,53.24,,,,,,,"C-TG28000014",,,,,,,,,"TG5C BOX",,,,,,
67634,6,,,,777,,,"TG28000034","TG28000034","BLADE BOLT TG40, TG46, TG46SE, TG51, TG56","BLADE BOLT TG40, TG46, TG46SE, TG51, TG56",0.9,1.18,,"4098","GBP",,,,,,"GBP",6.99,"4098","Active","4098 - SPARE PARTS","20",0,25,1,22.5,174.75,,,,,,,"C-TG28000034",,,,,,,,,"TG5B BOX",,,,,,
67635,6,,,,777,,,"TG28000086","TG28000086","AXLE NUTS TG40, TG46, TG46SE, TG51, TG56","AXLE NUTS TG40, TG46, TG46SE, TG51, TG56",1.13,1.13,,"4098","GBP",,,,,,"GBP",2.26,"4098","Active","4098 - SPARE PARTS","20",0,96,1,108.48,216.96,,,,,,,"C-TG28000086",,,,,,,,,"",,,,,,
67636,6,,,,777,,,"TG28000087","TG28000087","WHEEL WASHER TG40, TG46, TG46SE, TG51, TG56","WHEEL WASHER TG40, TG46, TG46SE, TG51, TG56",1.3,1.3,,"4098","GBP",,,,,,"GBP",2.6,"4098","Active","4098 - SPARE PARTS","20",0,8,1,10.4,20.8,,,,,,,"C-TG28000087",,,,,,,,,"TG5B BOX",,,,,,
67637,6,,,,777,,,"TG28000088","TG28000088","WHEEL RETAINING CIRCLIP TG40, TG46, TG46SE, TG51, TG56","WHEEL RETAINING CIRCLIP TG40, TG46, TG46SE, TG51, TG56",0.92,0.92,,"4098","GBP",,,,,,"GBP",1.84,"4098","Active","4098 - SPARE PARTS","20",0,48,1,44.16,88.32,,,,,,,"C-TG28000088",,,,,,,,,"TG3C BOX",,,,,,
67638,6,,,,777,,,"TG28000120","TG28000120","LOWER HANDLE BOLTS TG40, TG46, TG46SE, TG51, TG56","LOWER HANDLE BOLTS TG40, TG46, TG46SE, TG51, TG56",3.39,3.39,,"4098","GBP",,,,,,"GBP",6.78,"4098","Active","4098 - SPARE PARTS","20",0,6,1,20.34,40.68,,,,,,,"C-TG28000120",,,,,,,,,"TG5C BOX",,,,,,
67639,6,,,,777,,,"TG29000005","TG29000005","CARBURETTOR TG40, TG46, TG46SE","CARBURETTOR TG40, TG46, TG46SE",20,20,,"4098","GBP",,,,,,"GBP",44.99,"4098","Active","4098 - SPARE PARTS","20",0,1,1,20,44.99,,,,,,,"C-TG29000005",,,,,,,,,"TG5C BOX",,,,,,
67640,6,,,,777,,,"TG29000006","TG29000006","CARBURETTOR TG51, TG56","CARBURETTOR TG51, TG56",25,25,,"4098","GBP",,,,,,"GBP",54.99,"4098","Active","4098 - SPARE PARTS","20",0,0,1,0,0,,,,,,,"C-TG29000006",,,,,,,,,"TG5C BOX",,,,,,
67641,6,,,,777,,,"TG29000021","TG29000021","SPARK PLUG F7RTC","SPARK PLUG F7RTC",1.18,1.18,,"4098","GBP",,,,,,"GBP",5.95,"4098","Active","4098 - SPARE PARTS","20",0,-2,1,-2.36,-11.9,,,,,,,"C-TG29000021",,,,,,,,,"TG8D BOX",,,,,,
67642,6,,,,777,,,"TG29000029","TG29000029","COIL & LEAD TG40, TG46, TG46SE, TG51, TG56","COIL & LEAD TG40, TG46, TG46SE, TG51, TG56",14.25,14.25,,"4098","GBP",,,,,,"GBP",28.5,"4098","Active","4098 - SPARE PARTS","20",0,1,1,14.25,28.5,,,,,,,"C-TG29000029",,,,,,,,,"TG5B BOX",,,,,,
67643,6,,,,777,,,"TG29000030","TG29000030","FUEL TANK FILTER TG40, TG46, TG46SE, TG51, TG56","FUEL TANK FILTER TG40, TG46, TG46SE, TG51, TG56",1.84,0,,"4098","GBP",,,,,,"GBP",4.86,"4098","Active","4098 - SPARE PARTS","20",0,0,1,0,0,,,,,,,"C-TG29000030",,,,,,,,,"TG3C BOX",,,,,,
67644,6,,,,777,,,"TG29000036","TG29000036","STARTER MOTOR TG46SE/51/56","STARTER MOTOR TG46SE/51/56",5.6,5.6,,"4098","GBP",,,,,,"GBP",59.95,"4098","Active","4098 - SPARE PARTS","20",0,-2,1,-11.2,-119.9,,,,,,,"C-TG29000036",,,,,,,,,"TG5D BOX",,,,,,
67645,6,,,,777,,,"TG40S","TG40S","SPECTRUM TG40S LAWNMOWER","SPECTRUM TG40S LAWNMOWER",77.12,77.21,,"4010","GBP",,,,,,"GBP",249.96,"4010","Active","4010 - WALK BEHIND LAWNMOWERS","26",0,-2,1,-154.24,-499.92,,,,,,,"C-TG40S",,,23,,,,,,"",,,,,,
67646,6,,,,777,,,"TG40S-RET","TG40S-RET","SPECTRUM TG40S LAWNMOWER - RETURN MODEL","SPECTRUM TG40S LAWNMOWER - RETURN MODEL",54.17,54.17,,"4010","GBP",,,,,,"GBP",108.33,"4010","Active","4010 - WALK BEHIND LAWNMOWERS","27",0,0,0,0,0,,,,,,,"C-TG40S-RET",,,,,,,,,"",,,,,,
67647,6,,,"2026-04-27T15:26:14.000Z",24305274,,,"TG46S","TG46S","SPECTRUM TG46S LAWNMOWER","SPECTRUM TG46S LAWNMOWER",91.54,96.59,,"4011","GBP",,,,,,"GBP",224.96,"4011","Inactive","4011 - RIDE ON LAWNMOWERS","26",0,-7,1,-640.78,-1574.72,,,,,,,"C-TG46S",,,,,,,,,"",,,,,,
67648,6,,,,777,,,"TG46S-RET","TG46S-RET","SPECTRUM TG46S LAWNMOWER RETURN MODEL","SPECTRUM TG46S LAWNMOWER RETURN MODEL",97.54,97.54,,"4010","GBP",,,,,,"GBP",200,"4010","Active","4010 - WALK BEHIND LAWNMOWERS","27",0,-1,0,-97.54,-200,,,,,,,"C-TG46S-RET",,,,,,,,,"",,,,,,
67649,6,,,"2026-01-30T12:25:04.000Z",24305274,,,"TG46SE","TG46SE","SPECTRUM TG46SE KEY START LAWNMOWER","SPECTRUM TG46SE KEY START LAWNMOWER",115.34,118.14,,"4011","GBP",,,,,,"GBP",374.96,"4011","Active","4011 - RIDE ON LAWNMOWERS","26",0,-1,1,-115.34,-374.96,,,,,,,"C-TG46SE",,,32,,,,,,"",,,,,,
67650,6,,,,777,,,"TG46SE-RET","TG46SE-RET","SPECTRUM TG46SE LAWNMOWER- RETURN MODEL","SPECTRUM TG46SE LAWNMOWER- RETURN MODEL",83.31,83.31,,"4010","GBP",,,,,,"GBP",166.63,"4010","Active","4010 - WALK BEHIND LAWNMOWERS","27",0,-1,0,-83.31,-166.63,,,,,,,"C-TG46SE-RET",,,,,,,,,"",,,,,,
67651,6,,,"2026-05-06T10:24:53.000Z",24305281,,,"TG51SE","TG51SE","SPECTRUM TG51SE KEY START LAWNMOWER","SPECTRUM TG51SE KEY START LAWNMOWER",126.92,139.65,,"4010","GBP",,,,,,"GBP",416.63,"4010","Active","4010 - WALK BEHIND LAWNMOWERS","26",0,111,1,14088.12,46245.93,,,,,,,"C-TG51SE",,,36,,,,,,"",,,,,,
67652,6,,,,777,,,"TG51SE-RTN","TG51SE-RTN","SPECTRUM TG51SE LAWNMOWER - RETURN MODEL","SPECTRUM TG51SE LAWNMOWER - RETURN MODEL",142.29,142.29,,"4011","GBP",,,,,,"GBP",291.63,"4011","Active","4011 - RIDE ON LAWNMOWERS","27",0,-2,1,-284.58,-583.26,,,,,,,"C-TG51SE-RTN",,,,,,,,,"",,,,,,
67653,6,,,,777,,,"TG56SE","TG56SE","SPECTRUM TG56SE KEY START LAWNMOWER","SPECTRUM TG56SE KEY START LAWNMOWER",137.69,145.12,,"4010","GBP",,,,,,"GBP",499.96,"4010","Active","4010 - WALK BEHIND LAWNMOWERS","26",0,96,1,13218.24,47996.16,,,,,,,"C-TG56SE",,,38,,,,,,"",,,,,,
67654,6,,,,777,,,"TG56SE-RET","TG56SE-RET","SPECTRUM TG56SE LAWNMOWER - RETURN MODEL","SPECTRUM TG56SE LAWNMOWER - RETURN MODEL",146.54,146.54,,"4010","GBP",,,,,,"GBP",299.99,"4010","Active","4010 - WALK BEHIND LAWNMOWERS","27",0,2,0,293.08,599.98,,,,,,,"C-TG56SE-RET",,,,,,,,,"",,,,,,
67655,6,,,,777,,,"TGCMPLTEGBA","TGCMPLTEGBA","GRASS BOX COMPLETE","GRASS BOX COMPLETE",4.24,4.24,,"4098","GBP",,,,,,"GBP",59.95,"4098","Active","4098 - SPARE PARTS","20",0,-1,1,-4.24,-59.95,,,,,,,"C-TGCMPLTEGBA",,,,,,,,,"TG7 FLOOR",,,,,,
67656,6,,,,777,,,"TGGRIP","TGGRIP","HANDLE GRIPS TG SERIES","HANDLE GRIPS TG SERIES",0.85,0.85,,"4098","GBP",,,,,,"GBP",12.95,"4098","Active","4098 - SPARE PARTS","20",0,47,1,39.95,608.65,,,,,,,"C-TGGRIP",,,,,,,,,"TG8D",,,,,,
67657,6,,,,777,,,"TH2002","TH2002","SEALEY TOW ROPE 2000KG LOAD CAPACITY - TH2002","SEALEY TOW ROPE 2000KG LOAD CAPACITY - TH2002",8.48,8.48,,"4025","GBP",,,,,,"GBP",18.29,"4025","Active","4025 - MISC","24",0,3,1,25.44,54.87,,,,,,,"C-TH2002",,,,,,,,,"",,752164,,,,
67658,6,,,,777,,,"THLC29140","THLC29140","THE HANDY 12"" COMPACTOR PLATE""","THE HANDY 12"" COMPACTOR PLATE""",230.99,230.99,,"4025","GBP",,,,,,"GBP",308.33,"4025","Active","4025 - MISC","52",0,0,1,0,0,,,,,,,"C-THLC29140",,,,,,,,,"",,752114,,,,
67659,6,,,,777,,,"TP05","TP05","METAL OIL CAN FLEXIBLE SPOUT 500ML","METAL OIL CAN FLEXIBLE SPOUT 500ML",4.48,4.48,,"4025","GBP",,,,,,"GBP",9.96,"4025","Active","4025 - MISC","24",0,8,1,35.84,79.68,,,,,,,"C-TP05",,,,,,,,,"",,,,,,
67660,6,,,,777,,,"TR-G6511000000","TR-G6511000000","21"" BLADE""","21"" BLADE""",22.32,0,,"4098","GBP",,,,,,"GBP",44.64,"4098","Active","4098 - SPARE PARTS","20",0,0,1,0,0,,,,,,,"C-TR-G6511000000",,,,,,,,,"",,,,,,
67661,6,,,,777,,,"TR4870ES","TR4870ES","FEIDER TR4870ES REAR ROLLER ELECTRIC START MOWER","FEIDER TR4870ES REAR ROLLER ELECTRIC START MOWER",284.02,0,,"4010","GBP",,,,,,"GBP",608.29,"4010","Active","4010 - WALK BEHIND LAWNMOWERS","1",0,0,1,0,0,,,,,,,"C-TR4870ES",,,,,,,,,"",,,,,,
67663,6,,,,777,,,"U1L2812KR","U1L2812KR","KRAMP BATTERY 12V 28AH 300A (LEFT HAND POSITIVE)","KRAMP BATTERY 12V 28AH 300A (LEFT HAND POSITIVE)",31.62,31.62,,"4098","GBP",,,,,,"GBP",63.24,"4098","Active","4098 - SPARE PARTS","20",0,0,1,0,0,,,,,,,"C-U1L2812KR",,,,,,,,,"",,752133,,,,
67664,6,,,,777,,,"U1R2812KR","U1R2812KR","KRAMP BATTERY 12V 28AH 300A (RIGHT HAND POSITIVE)","KRAMP BATTERY 12V 28AH 300A (RIGHT HAND POSITIVE)",31.62,31.62,,"4098","GBP",,,,,,"GBP",63.24,"4098","Active","4098 - SPARE PARTS","20",0,0,1,0,0,,,,,,,"C-U1R2812KR",,,,,,,,,"2D",,752133,,,,
67665,6,,,,777,,,"ULTRASONIC","ULTRASONIC","ULTRASONIC CARB CLEAN","ULTRASONIC CARB CLEAN",5,5,,"4097","GBP",,,,,,"GBP",12.5,"4097","Active","4097 - SERVICE CHARGES","201",0,-9,1,-45,-112.5,,,,,,,"C-ULTRASONIC",,,,,,,,,"",,,,,,
67666,6,,,,777,,,"VS405","VS405","OIL INSPECTION SYRINGE 1.5L","OIL INSPECTION SYRINGE 1.5L",27.98,27.98,,"4025","GBP",,,,,,"GBP",58.29,"4025","Active","4025 - MISC","24",0,2,1,55.96,116.58,,,,,,,"C-VS405",,,,,,,,,"",,,,,,
67667,6,,,,777,,,"WA7105","WA7105","OKO TYRE SEALANT OFF ROAD 1.25L","OKO TYRE SEALANT OFF ROAD 1.25L",5.72,5.72,,"4098","GBP",,,,,,"GBP",11.44,"4098","Active","4098 - SPARE PARTS","20",0,4,1,22.88,45.76,,,,,,,"C-WA7105",,,,,,,,,"3C",,752133,,,,
67668,6,,,,666,,,"C-WARRANTY","C-WARRANTY","WARRANTY","WARRANTY",0,0,,"5008","GBP",,,,,,"GBP",0,"5008","Active","5008 - WARRANTY","201",0,-1,1,0,0,,,,,,,"C-WARRANTY",,,,,,,,,"",,,,,,
67669,6,,,,777,,,"WB-65HR-11","WB-65HR-11","OLEO MAC WB-65 HR-11 PROFESSIONAL FLAIL MOWER (HONDA ENGINE)","OLEO MAC WB-65 HR-11 PROFESSIONAL FLAIL MOWER (HONDA ENGINE)",3177.64,3177.64,,"4010","GBP",,,,,,"GBP",6358.95,"4010","Active","4010 - WALK BEHIND LAWNMOWERS","35",0,0,1,0,0,,,,,,,"C-WB-65HR-11",,,,,,,,,"",,752095,,,,
67670,6,,,,777,,,"WD40450SSUK","WD40450SSUK","WD-40Â® MULTI-USE PRODUCT SMART STRAWÂ® 450ML","WD-40Â® MULTI-USE PRODUCT SMART STRAWÂ® 450ML",4.9,4.9,,"4098","GBP",,,,,,"GBP",9.8,"4098","Active","4098 - SPARE PARTS","20",0,24,1,117.6,235.2,,,,,,,"C-WD40450SSUK",,,,,,,,,"COSH CABINET",,752133,,,,
67671,6,,,,777,,,"WE092317","WE092317","FUEL TANK CAP","FUEL TANK CAP",11.22,11.22,,"4098","GBP",,,,,,"GBP",22.44,"4098","Active","4098 - SPARE PARTS","20",0,1,1,11.22,22.44,,,,,,,"C-WE092317",,,,,,,,,"1A",,,,,,
67672,6,,,,777,,,"WE1401046E701","WE1401046E701","STEERING RACK           [FITS 7550M]","STEERING RACK           [FITS 7550M]",22.78,22.78,,"4098","GBP",,,,,,"GBP",54.67,"4098","Active","4098 - SPARE PARTS","20",0,0,1,0,0,,,,,,,"C-WE1401046E701",,,,,,,,,"",,,,,,
67673,6,,,,777,,,"WE1401099","WE1401099","PINION GEAR                       [FITS 7550M]","PINION GEAR                       [FITS 7550M]",16.5,16.5,,"4098","GBP",,,,,,"GBP",33,"4098","Active","4098 - SPARE PARTS","20",0,0,1,0,0,,,,,,,"C-WE1401099",,,,,,,,,"",,,,,,
67674,6,,,,777,,,"WP02571BPK","WP02571BPK","ROCKWOOD UNIVERSAL BUMP FEED HEAD WITH BOLTS","ROCKWOOD UNIVERSAL BUMP FEED HEAD WITH BOLTS",13.75,13.75,,"4098","GBP",,,,,,"GBP",29.95,"4098","Active","4098 - SPARE PARTS","20",0,0,1,0,0,,,,,,,"C-WP02571BPK",,,1,,,,,,"",,752114,,,,
67675,6,,,,777,,,"WP43349","WP43349","AIR FILTER FOR B&S QUANTUM","AIR FILTER FOR B&S QUANTUM",0.98,0,,"4098","GBP",,,,,,"GBP",7.99,"4098","Active","4098 - SPARE PARTS","20",0,-24,1,-23.52,-191.76,,,,,,,"C-WP43349",,,,,,,,,"",,752066,,,,
67676,6,,,"2025-11-12T16:22:18.000Z",24305274,,,"WP4L405K","WP4L405K","Kevlar Drive Belt - A38.5 FITS FRT75BS125 DRIVE BELT","Kevlar Drive Belt - A38.5 FITS FRT75BS125 DRIVE BELT",9.87,9.87,,"4098","GBP",,,,,,"GBP",39.98,"4098","Active","4098 - SPARE PARTS","20",0,7,1,69.09,279.86,,,,,,,"C-WP4L405K",,,,,,,,,"1D",,752114,,,,
67677,6,,,,777,,,"WP70133","WP70133","UNIVERSAL LAWNMOWER COVER","UNIVERSAL LAWNMOWER COVER",10,10,,"4098","GBP",,,,,,"GBP",20,"4098","Active","4098 - SPARE PARTS","20",0,1,1,10,20,,,,,,,"C-WP70133",,,,,,,,,"5A",,752114,,,,
67678,6,,,,777,,,"WP7228","WP7228","Rover Blade & Bolt Kit H/D","Rover Blade & Bolt Kit H/D",6.91,6.91,,"4098","GBP",,,,,,"GBP",19.99,"4098","Active","4098 - SPARE PARTS","20",0,1,1,6.91,19.99,,,,,,,"C-WP7228",,,,,,,,,"",,752114,,,,
67679,6,,,,777,,,"WP73415","WP73415","AIR FILTER - 118550199/0","AIR FILTER - 118550199/0",7.58,7.58,,"4098","GBP",,,,,,"GBP",15.16,"4098","Active","4098 - SPARE PARTS","20",0,0,1,0,0,,,,,,,"C-WP73415",,,,,,,,,"",,752114,,,,
67680,6,,,,777,,,"WP73715","WP73715","AIR FILTER","AIR FILTER",6.32,6.32,,"4098","GBP",,,,,,"GBP",15.16,"4098","Active","4098 - SPARE PARTS","20",0,0,1,0,0,,,,,,,"C-WP73715",,,,,,,,,"",,752173,,,,
67681,6,,,,777,,,"WP93102","WP93102","DIAPHRAGM & GASKET KIT","DIAPHRAGM & GASKET KIT",3.02,0,,"4000","GBP",,,,,,"GBP",7.24,"4000","Active","4000 - Delivery charges - outward freight","20",0,0,1,0,0,,,,,,,"C-WP93102",,,,,,,,,"",,,,,,
67682,6,,,,777,,,"WPB-058-72DL","WPB-058-72DL","Universal Chain 325 058 - 72 Drive Links","Universal Chain 325 058 - 72 Drive Links",7.47,7.47,,"4098","GBP",,,,,,"GBP",19.98,"4098","Active","4098 - SPARE PARTS","20",0,1,1,7.47,19.98,,,,,,,"C-WPB-058-72DL",,,,,,,,,"",,752114,,,,
67683,6,,,,777,,,"WPD-050-57DL","WPD-050-57DL","Universal Chain 3/8 050 - 57 Drive Links","Universal Chain 3/8 050 - 57 Drive Links",4.87,4.87,,"4098","GBP",,,,,,"GBP",19.98,"4098","Active","4098 - SPARE PARTS","20",0,20,1,97.4,399.6,,,,,,,"C-WPD-050-57DL",,,,,,,,,"",,752114,,,,
67684,6,,,,777,,,"WPDR74L405K","WPDR74L405K","HANDY 7550M DRIVE BELT","HANDY 7550M DRIVE BELT",12.02,12.02,,"4098","GBP",,,,,,"GBP",40,"4098","Active","4098 - SPARE PARTS","20",0,0,1,0,0,,,,,,,"C-WPDR74L405K",,,,,,,,,"",,,,,,
67685,6,,,,777,,,"WPFB550633","WPFB550633","FULBAT SLA12-18 SLAB BATTERY 12V 18.9AH","FULBAT SLA12-18 SLAB BATTERY 12V 18.9AH",34.5,34.5,,"4098","GBP",,,,,,"GBP",69,"4098","Active","4098 - SPARE PARTS","20",0,0,1,0,0,,,,,,,"C-WPFB550633",,,,,,,,,"",,752114,,,,
67686,6,,,,777,,,"WPFB590028","WPFB590028","FULBAT BATTERY 12V 7AH SEALED FITS 827M","FULBAT BATTERY 12V 7AH SEALED FITS 827M",13.05,13.05,,"4098","GBP",,,,,,"GBP",39.99,"4098","Active","4098 - SPARE PARTS","20",0,2,1,26.1,79.98,,,,,,,"C-WPFB590028",,,,,,,,,"",,,,,,
67687,6,,,,777,,,"XRANGER","XRANGER","Feider X-RANGER 250W ALUMINIUM-FRAME ELECTRIC BICYCLE","Feider X-RANGER 250W ALUMINIUM-FRAME ELECTRIC BICYCLE",659.78,659.78,,"4025","GBP",,,,,,"GBP",999.97,"4025","Active","4025 - MISC","1",0,0,1,0,0,,,,,,,"C-XRANGER",,,,,,,,,"",,752066,,,,
67688,6,,,,777,,,"XT2ES107","XT2ES107","CUB CADET BATTERYN POWERED SIDE DISCHARGE TRACTOR","CUB CADET BATTERYN POWERED SIDE DISCHARGE TRACTOR",4399.33,4399.33,,"4011","GBP",,,,,,"GBP",12959.95,"4011","Active","4011 - RIDE ON LAWNMOWERS","40",0,0,1,0,0,,,,,,,"C-XT2ES107",,,,,,,,,"",,752053,,,,
67689,6,,,,777,,,"XT3QS127","XT3QS127","CUB CADET HEAVY DUTY V-TWIN SIDE DISCHARGE TRACTOR","CUB CADET HEAVY DUTY V-TWIN SIDE DISCHARGE TRACTOR",3977.69,3977.69,,"4011","GBP",,,,,,"GBP",7173.23,"4011","Active","4011 - RIDE ON LAWNMOWERS","40",0,0,1,0,0,,,,,,,"C-XT3QS127",,,260,,,,,,"",,752053,,,,
67690,6,,,,777,,,"YF1073363B","YF1073363B","CLUTCH DRIVER    BERTOLINI","CLUTCH DRIVER    BERTOLINI",31.81,31.81,,"4098","GBP",,,,,,"GBP",109.06,"4098","Active","4098 - SPARE PARTS","20",0,0,1,0,0,,,,,,,"C-YF1073363B",,,,,,,,,"",,,,,,
67691,6,,,,777,,,"YF1073364","YF1073364","VALVE  BERTOLINI","VALVE  BERTOLINI",1.83,1.83,,"4098","GBP",,,,,,"GBP",5.22,"4098","Active","4098 - SPARE PARTS","20",0,0,1,0,0,,,,,,,"C-YF1073364",,,,,,,,,"",,,,,,
67692,6,,,,777,,,"YF1291603","YF1291603","LEVER","LEVER",26.88,26.88,,"4098","GBP",,,,,,"GBP",44.8,"4098","Active","4098 - SPARE PARTS","37",0,0,1,0,0,,,,,,,"C-YF1291603",,,,,,,,,"",,,,,,
67693,6,,,,777,,,"YF1291604","YF1291604","SLIDING BLOCK","SLIDING BLOCK",5.56,5.56,,"4098","GBP",,,,,,"GBP",11.13,"4098","Active","4098 - SPARE PARTS","37",0,0,1,0,0,,,,,,,"C-YF1291604",,,,,,,,,"",,,,,,
67694,6,,,,777,,,"YN6262200","YN6262200","SCREW  BERTOLINI","SCREW  BERTOLINI",0.33,0.33,,"4098","GBP",,,,,,"GBP",0.96,"4098","Active","4098 - SPARE PARTS","20",0,0,1,0,0,,,,,,,"C-YN6262200",,,,,,,,,"",,,,,,
67695,6,,,,777,,,"ZMDM541","ZMDM541","ZOMAX DM541 58v VARIABLE SPEED CORDLESS ( X2 B & C INCLUDED)","ZOMAX DM541 58v VARIABLE SPEED CORDLESS ( X2 B & C INCLUDED)",448.16,448.16,,"4010","GBP",,,,,,"GBP",749.95,"4010","Active","4010 - WALK BEHIND LAWNMOWERS","65",0,0,1,0,0,,,,,,,"C-ZMDM541",,,25,,,,,,"",,,,,,
67696,6,,,,777,,,"ZOM58V2AH","ZOM58V2AH","ZOMAX 58V BATTERY 2AH","ZOMAX 58V BATTERY 2AH",51.72,0,,"4025","GBP",,,,,,"GBP",104.96,"4025","Active","4025 - MISC","65",0,0,1,0,0,,,,,,,"C-ZOM58V2AH",,,,,,,,,"",,752098,,,,
67697,6,,,,777,,,"ZOM58V4AH","ZOM58V4AH","ZOMAX 58V BATTERY 4AH","ZOMAX 58V BATTERY 4AH",75.33,0,,"4025","GBP",,,,,,"GBP",151.63,"4025","Active","4025 - MISC","65",0,0,1,0,0,,,,,,,"C-ZOM58V4AH",,,,,,,,,"",,752098,,,,
67698,6,,,,777,,,"ZOMAXCHARGER","ZOMAXCHARGER","ZOMAX 58v BATTERY CHARGER","ZOMAX 58v BATTERY CHARGER",37,37,,"4096","GBP",,,,,,"GBP",38.95,"4096","Active","4096 - CONSUMABLES & DISPOSABLES","65",0,0,1,0,0,,,,,,,"C-ZOMAXCHARGER",,,,,,,,,"",,752098,,,,
67699,6,,,,666,,,"C125463200/0","C125463200/0","BLADE BOSS","BLADE BOSS",4.67,0,,"4098","GBP",,,,,,"GBP",10,"4098","Active","4098 - SPARE PARTS","20",0,0,1,0,0,,,,,,,"C125463200/0",,,,,,,,,"",,,,,,
67700,6,,,,666,,,"CS-310ES/35","CS-310ES/35","ECHO CS-310ES/35 PEROL CHAINSAW 14"" 30CC""","ECHO CS-310ES/35 PEROL CHAINSAW 14"" 30CC""",119.5,136.1,,"4016","GBP",,,,,,"GBP",199.17,"4016","Active","4016 - CHAINSAW","63",0,14,1,1673,2788.38,,,,,,,"CS-310ES/35",,,,,,,,,"",,,,,,
67701,6,,,,666,,,"CS-4010/38","CS-4010/38","ECHO CS-4010/38 PETROL CHAINSAW 15"" 41CC""","ECHO CS-4010/38 PETROL CHAINSAW 15"" 41CC""",243.21,247.27,,"4016","GBP",,,,,,"GBP",399.17,"4016","Active","4016 - CHAINSAW","63",0,0,1,0,0,,,,,,,"CS-4010/38",,,,,,,,,"",,,,,,
67702,6,,,,666,,,"CS-4310SX","CS-4310SX","ECHO CS4310SX PETROL CHAINSAW (33cm BAR)","ECHO CS4310SX PETROL CHAINSAW (33cm BAR)",340.71,354.19,,"4016","GBP",,,,,,"GBP",539,"4016","Active","4016 - CHAINSAW","63",0,2,1,681.42,1078,,,,,,,"CS-4310SX",,,4.3,,,,,,"",,,,,,
67703,6,,,,666,,,"I122196","I122196","THROTTLE CABLE ATCO RIDE ON","THROTTLE CABLE ATCO RIDE ON",15.7,15.7,,"4098","GBP",,,,,,"GBP",31.4,"4098","Active","4098 - SPARE PARTS","20",0,1,1,15.7,31.4,,,,,,,"I122196",,,,,,,,,"",,,,,,
67704,6,,,,666,,,"LFP-553HRS-PROHS","LFP-553HRS-PROHS","LAWNFLITE PRO 553HRS-PROHS PROFESSIONAL SHAFT DRIVEN RR MOWER","LAWNFLITE PRO 553HRS-PROHS PROFESSIONAL SHAFT DRIVEN RR MOWER",866.13,866.13,,"4010","GBP",,,,,,"GBP",1599,"4010","Active","4010 - WALK BEHIND LAWNMOWERS","41",0,0,1,0,0,,,,,,,"LFP-553HRS-PROHS",,,65,,,,,,"",,,,,,
67705,6,,,,666,,,"LMG46S-B","LMG46S-B","HARRY LMG46S-B 3-IN-1 SELF-PROPELLED LAWNMOWER","HARRY LMG46S-B 3-IN-1 SELF-PROPELLED LAWNMOWER",198,198,,"4010","GBP",,,,,,"GBP",232.5,"4010","Active","4010 - WALK BEHIND LAWNMOWERS","62",0,0,1,0,0,,,,,,,"LMG46S-B",,,35,,,,,,"",,,,,,
67706,6,,,,666,,,"SRM-222ES/L","SRM-222ES/L","ECHO SRM-222ES/L LOOP HANDLE BRUSHCUTTER 22CC","ECHO SRM-222ES/L LOOP HANDLE BRUSHCUTTER 22CC",156.54,151.72,,"4012","GBP",,,,,,"GBP",240.83,"4012","Active","4012 - HANDHELD PRODCUTS","63",0,0,1,0,0,,,,,,,"SRM-222ES/L",,,,,,,,,"",,,,,,
67707,6,,,,666,,,"SRM-3021TES/U","SRM-3021TES/U","ECHO SRM-3021TES/U HORN HANDLE BRUSHCUTTER","ECHO SRM-3021TES/U HORN HANDLE BRUSHCUTTER",346.13,346.13,,"4012","GBP",,,,,,"GBP",532.5,"4012","Active","4012 - HANDHELD PRODCUTS","63",0,0,1,0,0,,,,,,,"SRM-3021TES/U",,,,,,,,,"",,,,,,
67708,6,,,"2026-05-13T13:48:37.000Z",24305274,,,"TS40S","TS40S","HARRY PETROL AERATOR SCARIFIER","HARRY PETROL AERATOR SCARIFIER",218.5,224.97,,"4013","GBP",,,,,,"GBP",299.95,"4013","Active","4013 - SCARIFIERS","1",0,10,1,2185,2999.5,,,,,,,"TS40",,,,,,,,,"",,,,,,
69138,6,"2025-07-22T10:28:00.000Z",24305253,"2025-07-22T10:28:00.000Z",24305253,,,"CRM-TEST-PRODUCT-1","CRM-TEST-PRODUCT-1","TEST-PRODUCT","TEST-PRODUCT",15,15,,,"GBP",,,,,,"GBP",60,,,,,0,3,1,45,180,,,,,,,,,,,,,,,,,,,,,,
69139,6,"2025-08-01T05:07:39.000Z",666,"2025-12-12T09:49:18.000Z",24305274,,,"2D6311021/ST2","2D6311021/ST2","STIGA PARK COMBI 110 Q QUICK FLIP DECK","STIGA PARK 110 Q QUICK FLIP DECK",1155.19,1155.19,,,"GBP",,,,,,"GBP",1800,"4011","Active",,"32",0,3,1,3465.57,5400,,,,,,,"2D6311021/ST2",,,,,,,,,,,,,,,
69140,6,"2025-08-01T05:07:39.000Z",666,,666,,,"2T0980473/C22","2T0980473/C22","CASTEL GARDEN PTX 210 HD LAWN TRACTOR","CASTEL GARDEN PTX 210 HD LAWN TRACTOR",2245,2245,,,"GBP",,,,,,"GBP",3699,"4011","Active",,"31",0,9,1,20205,33291,,,,,,,"2T0980473/C22",,,,,,,,,,,,,,,
69141,6,"2025-08-01T05:07:39.000Z",666,"2025-12-12T11:34:35.000Z",24305274,,,"2T1315481/ST1","2T1315481/ST1","STIGA ESTATE 7122 W REAR COLLECT V-TWIN GARDEN TRACTOR WITH HYDROSTATIC DRIVE ","Stiga Estate 7122 W REAR COLLECT V-TWIN GARDEN TRACTOR WITH HYDROSTATIC DRIVE ",2635,2635,,,"GBP",,,,,,"GBP",4999,"4011","Active",,"32",0,2,1,5270,9998,,,,,,,"2T1315481/ST1",,,,,,,,,,,,,,,
69142,6,"2025-08-01T05:07:39.000Z",666,,666,,,"2T1425473/C22","2T1425473/C22","Castel Garden XHT 240 4WD Rear-Collect V-Twin Garden Tractor with Hydrostatic Drive","Castel Garden XHT 240 4WD Rear-Collect V-Twin Garden Tractor with Hydrostatic Drive",3755,3755,,,"GBP",,,,,,"GBP",6899,"4011","Active",,"31",0,2,1,7510,13798,,,,,,,"2T1425473/C22",,,,,,,,,,,,,,,
69143,6,"2025-08-01T05:07:39.000Z",666,,666,,,"2T1850481/ST1","2T1850481/ST1","Stiga Tornado 7108 W Side-Discharge V-Twin Garden Tractor with Hydrostatic Drive","Stiga Tornado 7108 W Side-Discharge V-Twin Garden Tractor with Hydrostatic Drive",2340,2340,,,"GBP",,,,,,"GBP",4099,"4011","Active",,"32",0,0,1,0,0,,,,,,,"2T1850481/ST1",,,,,,,,,,,,,,,
69145,6,"2025-08-01T05:07:39.000Z",666,,666,,,"90797000","90797000","C-APACHE ROTOVATOR ATTACHMENT TO FIT P70","C-APACHE ROTOVATOR ATTACHMENT TO FIT P70",259,0,,,"GBP",,,,,,"GBP",399,"4017","Active",,"60",0,0,1,0,0,,,,,,,"90797000",,,,,,,,,,,,,,,
69146,6,"2025-08-01T05:07:39.000Z",666,,666,,,"BTR-450","BTR-450","BERTOLINI BTR-450 TRACKED TRANSPORTER","BERTOLINI BTR-450 TRACKED TRANSPORTER",0,0,,,"GBP",,,,,,"GBP",6245.95,"4000","Active",,"37",0,0,1,0,0,,,,,,,"BTR-450",,,,,,,,,,,,,,,
69147,6,"2025-08-01T05:07:39.000Z",666,,666,,,"BTS65","BTS65","BERTOLINI BTS65 FLAIL MOWER - HONDA ENGINE","BERTOLINI BTS65 FLAIL MOWER - HONDA ENGINE",2889.43,2889.43,,,"GBP",,,,,,"GBP",4345,"4000","Active",,"37",0,0,1,0,0,,,,,,,"BTS65",,,,,,,,,,,,,,,
69148,6,"2025-08-01T05:07:39.000Z",666,,777,,,"005-003120","005-003120","PRIMER BUBBLE     ECHO","PRIMER BUBBLE     ECHO",4.37,4.37,,,"GBP",,,,,,"GBP",9.95,"4098","Active",,"20",0,0,1,0,0,,,,,,,"C-005-003120",,,,,,,,,,,,,,,
69149,6,"2025-08-01T05:07:39.000Z",666,,777,,,"02385","02385","GRIP FIX WASHER     HAYTER","GRIP FIX WASHER     HAYTER",1.22,1.22,,,"GBP",,,,,,"GBP",2.44,"4098","Active",,"20",0,0,1,0,0,,,,,,,"C-02385",,,,,,,,,,,,,,,
69150,6,"2025-08-01T05:07:39.000Z",666,,777,,,"1111-3423-01","1111-3423-01","SPROCKET 10T","SPROCKET 10T",7.35,7.35,,,"GBP",,,,,,"GBP",19.95,"4098","Active",,"20",0,0,1,0,0,,,,,,,"C-1111-3423-01",,,,,,,,,,,752173,,,,
69151,6,"2025-08-01T05:07:39.000Z",666,,777,,,"1111-3424-01","1111-3424-01","SPROCKET 21T","SPROCKET 21T",9.1,9.1,,,"GBP",,,,,,"GBP",24.99,"4098","Active",,"20",0,0,1,0,0,,,,,,,"C-1111-3424-01",,,,,,,,,,,752173,,,,
69152,6,"2025-08-01T05:07:39.000Z",666,,777,,,"1111-3562-01","1111-3562-01","ROLLER CHAIN (RIVETED)","ROLLER CHAIN (RIVETED)",9.98,9.98,,,"GBP",,,,,,"GBP",24.95,"4098","Active",,"20",0,0,1,0,0,,,,,,,"C-1111-3562-01",,,,,,,,,,,752173,,,,
69153,6,"2025-08-01T05:07:39.000Z",666,,777,,,"1111-9237-01","1111-9237-01","STIGA 10W-30 4 STROKE OIL 0.6LT","STIGA 10W-30 4 STROKE OIL 0.6LT",2.87,2.87,,,"GBP",,,,,,"GBP",9.98,"4025","Active",,"32",0,0,1,0,0,,,,,,,"C-1111-9237-01",,,,,,,,,,,752173,,,,
69154,6,"2025-08-01T05:07:39.000Z",666,,777,,,"112155000/0","112155000/0","SELF LOCKING NUT M8","SELF LOCKING NUT M8",0.96,0.87,,,"GBP",,,,,,"GBP",1.8,"4098","Active",,"20",0,2,1,1.92,3.6,,,,,,,"C-112155000/0",,,,,,,,,,,,,,,
69155,6,"2025-08-01T05:07:39.000Z",666,,777,,,"112293201/0","112293201/0","NUT","NUT",0.84,0.84,,,"GBP",,,,,,"GBP",0,"4098","Active",,"20",0,0,1,0,0,,,,,,,"C-112293201/0",,,,,,,,,,,,,,,
69156,6,"2025-08-01T05:07:39.000Z",666,,777,,,"112523060/0","112523060/0","WASHER","WASHER",0.77,0.77,,,"GBP",,,,,,"GBP",0,"4098","Active",,"20",0,0,1,0,0,,,,,,,"C-112523060/0",,,,,,,,,,,,,,,
69157,6,"2025-08-01T05:07:39.000Z",666,,777,,,"112692050/0","112692050/0","SPACER","SPACER",0.91,0.91,,,"GBP",,,,,,"GBP",0,"4098","Active",,"20",0,0,1,0,0,,,,,,,"C-112692050/0",,,,,,,,,,,,,,,
69158,6,"2025-08-01T05:07:39.000Z",666,,777,,,"1127-0020-01","1127-0020-01","CABLE EXTENSION","CABLE EXTENSION",31.99,31.99,,,"GBP",,,,,,"GBP",77.42,"4098","Active",,"20",0,1,1,31.99,77.42,,,,,,,"C-1127-0020-01",,,,,,,,,,,,,,,
69159,6,"2025-08-01T05:07:39.000Z",666,,777,,,"112792611/0","112792611/0","SCREW M8 X 16","SCREW M8 X 16",0.77,0.77,,,"GBP",,,,,,"GBP",1.82,"4098","Active",,"20",0,0,1,0,0,,,,,,,"C-112792611/0",,,,,,,,,,,,,,,
69160,6,"2025-08-01T05:07:39.000Z",666,,777,,,"1134-9139-01","1134-9139-01","ANTI SCALP WHEEL STIGA","ANTI SCALP WHEEL STIGA",40.59,40.59,,,"GBP",,,,,,"GBP",99.95,"4098","Active",,"20",0,0,1,0,0,,,,,,,"C-1134-9139-01",,,,,,,,,,,,,,,
69161,6,"2025-08-01T05:07:39.000Z",666,,777,,,"1134-9187-02","1134-9187-02","DECK BELT","DECK BELT",25.69,25.69,,,"GBP",,,,,,"GBP",59.95,"4098","Active",,"20",0,0,1,0,0,,,,,,,"C-1134-9187-02",,,,,,,,,,,,,,,
69162,6,"2025-08-01T05:07:39.000Z",666,,777,,,"1148113","1148113","GEARBOX   HYUNDAI","GEARBOX   HYUNDAI",0,0,,,"GBP",,,,,,"GBP",0,"4098","Active",,"20",0,0,1,0,0,,,,,,,"C-1148113",,,,,,,,,,,,,,,
69163,6,"2025-08-01T05:07:39.000Z",666,,777,,,"118204158/0","118204158/0","POWER SUPPLY","POWER SUPPLY",64.06,64.06,,,"GBP",,,,,,"GBP",122.66,"4098","Active",,"20",0,1,1,64.06,122.66,,,,,,,"C-118204158/0",,,,,,,,,,,,,,,
69164,6,"2025-08-01T05:07:39.000Z",666,,777,,,"118400922/1","118400922/1","TRANSAXLE GEARBOX","TRANSAXLE GEARBOX",377.51,377.51,,,"GBP",,,,,,"GBP",805.95,"4098","Active",,"20",0,1,1,377.51,805.95,,,,,,,"C-118400922/1",,,,,,,,,,,,,,,
69165,6,"2025-08-01T05:07:39.000Z",666,,777,,,"118550255/1","118550255/1","IGNITION COIL","IGNITION COIL",25.69,25.69,,,"GBP",,,,,,"GBP",54.88,"4098","Active",,"20",0,0,1,0,0,,,,,,,"C-118550255/1",,,,,,,,,,,,,,,
69166,6,"2025-08-01T05:07:39.000Z",666,,777,,,"118550258/1","118550258/1","AIR FILTER ASSEMBLY","AIR FILTER ASSEMBLY",11.76,0,,,"GBP",,,,,,"GBP",23.52,"4098","Active",,"20",0,0,1,0,0,,,,,,,"C-118550258/1",,,,,,,,,,,752172,,,,
69167,6,"2025-08-01T05:07:39.000Z",666,,777,,,"118550737/0","118550737/0","AIR FILTER","AIR FILTER",11.76,11.76,,,"GBP",,,,,,"GBP",23.52,"4098","Active",,"20",0,1,1,11.76,23.52,,,,,,,"C-118550737/0",,,,,,,,,,,752173,,,,
69168,6,"2025-08-01T05:07:39.000Z",666,,777,,,"118551376/0","118551376/0","CRANKCASE COVER GASKET","CRANKCASE COVER GASKET",7.25,7.25,,,"GBP",,,,,,"GBP",18.94,"4098","Active",,"20",0,0,1,0,0,,,,,,,"C-118551376/0",,,,,,,,,,,,,,,
69169,6,"2025-08-01T05:07:39.000Z",666,,777,,,"118551383/0","118551383/0","CYLINDER HEAD COVER GASKET","CYLINDER HEAD COVER GASKET",4.27,4.27,,,"GBP",,,,,,"GBP",13.44,"4098","Active",,"20",0,0,1,0,0,,,,,,,"C-118551383/0",,,,,,,,,,,,,,,
69170,6,"2025-08-01T05:07:39.000Z",666,,777,,,"118551418/0","118551418/0","OIL SEAL","OIL SEAL",5.95,5.95,,,"GBP",,,,,,"GBP",11.9,"4098","Active",,"20",0,0,1,0,0,,,,,,,"C-118551418/0",,,,,,,,,,,,,,,
69171,6,"2025-08-01T05:07:39.000Z",666,,777,,,"118551461/0","118551461/0","AIR FILTER CASING ASSY","AIR FILTER CASING ASSY",15.39,15.39,,,"GBP",,,,,,"GBP",34.95,"4098","Active",,"20",0,0,1,0,0,,,,,,,"C-118551461/0",,,,,,,,,,,,,,,
69172,6,"2025-08-01T05:07:39.000Z",666,,777,,,"118551689/0","118551689/0","RECOIL","RECOIL",29.21,29.21,,,"GBP",,,,,,"GBP",64.9,"4098","Active",,"20",0,0,1,0,0,,,,,,,"C-118551689/0",,,,,,,,,,,,,,,
69173,6,"2025-08-01T05:07:39.000Z",666,,777,,,"118552462/1","118552462/1","BATTERY - INSTART SP551","BATTERY - INSTART SP551",40.79,40.79,,,"GBP",,,,,,"GBP",94.95,"4098","Active",,"20",0,0,1,0,0,,,,,,,"C-118552462/1",,,,,,,,,,,,,,,
69174,6,"2025-08-01T05:07:39.000Z",666,,777,,,"118552635/0","118552635/0","STARTER MOTOR","STARTER MOTOR",78.06,78.06,,,"GBP",,,,,,"GBP",156.88,"4098","Active",,"20",0,1,1,78.06,156.88,,,,,,,"C-118552635/0",,,,,,,,,,,,,,,
69175,6,"2025-08-01T05:07:39.000Z",666,,777,,,"118552640/0","118552640/0","IGNITION COIL","IGNITION COIL",16.44,16.44,,,"GBP",,,,,,"GBP",44.95,"4098","Active",,"20",0,1,1,16.44,44.95,,,,,,,"C-118552640/0",,,,,,,,,,,,,,,
69176,6,"2025-08-01T05:07:39.000Z",666,"2025-11-12T16:27:49.000Z",24305274,,,"118736112/0","118736112/0","SOLENOID","SOLENOID - 4 POLE",18.68,18.68,,,"GBP",,,,,,"GBP",48.82,"4098","Active",,"20",0,2,1,37.36,97.64,,,,,,,"C-118736112/0",,,,,,,,,"4D",,,,,,
69177,6,"2025-08-01T05:07:39.000Z",666,,777,,,"118805076/0","118805076/0","WORM PINION","WORM PINION",32.88,32.88,,,"GBP",,,,,,"GBP",67.98,"4098","Active",,"20",0,0,1,0,0,,,,,,,"C-118805076/0",,,,,,,,,,,,,,,
69178,6,"2025-08-01T05:07:39.000Z",666,,777,,,"118806444/0","118806444/0","GEARBOX ASSY","GEARBOX ASSY",134.9,134.9,,,"GBP",,,,,,"GBP",292.33,"4098","Active",,"20",0,0,1,0,0,,,,,,,"C-118806444/0",,,,,,,,,,,,,,,
69179,6,"2025-08-01T05:07:39.000Z",666,,777,,,"118806445/0","118806445/0","DUST COVER","DUST COVER",2.59,2.59,,,"GBP",,,,,,"GBP",6.46,"4098","Active",,"20",0,0,1,0,0,,,,,,,"C-118806445/0",,,,,,,,,,,,,,,
69180,6,"2025-08-01T05:07:39.000Z",666,,777,,,"118806453/0","118806453/0","WORM PINION GASKET","WORM PINION GASKET",0.73,0.73,,,"GBP",,,,,,"GBP",1.77,"4098","Active",,"20",0,0,1,0,0,,,,,,,"C-118806453/0",,,,,,,,,,,,,,,
69181,6,"2025-08-01T05:07:39.000Z",666,,777,,,"118850487/0","118850487/0","MOBILE BAR DRIVE PLATE KIT","MOBILE BAR DRIVE PLATE KIT",17.5,17.5,,,"GBP",,,,,,"GBP",34.31,"4098","Active",,"20",0,0,1,0,0,,,,,,,"C-118850487/0",,,,,,,,,,,,,,,
69182,6,"2025-08-01T05:07:39.000Z",666,,777,,,"119410605/1","119410605/1","MICRO SWITCH","MICRO SWITCH",19.37,0,,,"GBP",,,,,,"GBP",38.74,"4098","Active",,"20",0,0,1,0,0,,,,,,,"C-119410605/1",,,,,,,,,,,,,,,
69183,6,"2025-08-01T05:07:39.000Z",666,,777,,,"12031481","12031481","BATTERY","BATTERY",0,0,,,"GBP",,,,,,"GBP",0,"4098","Active",,"20",0,-1,1,0,0,,,,,,,"C-12031481",,,,,,,,,,,,,,,
69184,6,"2025-08-01T05:07:39.000Z",666,,777,,,"122399900/0","122399900/0","HANDWHEEL - 3 SPOKE","HANDWHEEL - 3 SPOKE",0.77,0.77,,,"GBP",,,,,,"GBP",1.93,"4098","Active",,"20",0,0,1,0,0,,,,,,,"C-122399900/0",,,,,,,,,,,752173,,,,
69185,6,"2025-08-01T05:07:39.000Z",666,,777,,,"122680006/1","122680006/1","PLASTIC WASHER","PLASTIC WASHER",0.91,0.91,,,"GBP",,,,,,"GBP",2.28,"4098","Active",,"20",0,0,1,0,0,,,,,,,"C-122680006/1",,,,,,,,,,,752173,,,,
69186,6,"2025-08-01T05:07:39.000Z",666,,777,,,"125038000/0","125038000/0","BUSH","BUSH",0.87,0.87,,,"GBP",,,,,,"GBP",4.98,"4098","Active",,"32",0,0,1,0,0,,,,,,,"C-125038000/0",,,,,,,,,,,752173,,,,
69187,6,"2025-08-01T05:07:39.000Z",666,,777,,,"125430218/1","125430218/1","DECK LIFT SPRING STIGA","DECK LIFT SPRING STIGA",4.62,4.62,,,"GBP",,,,,,"GBP",9.95,"4098","Active",,"20",0,0,1,0,0,,,,,,,"C-125430218/1",,,,,,,,,,,,,,,
69188,6,"2025-08-01T05:07:39.000Z",666,,777,,,"125510072/1","125510072/1","BOLT","BOLT",0.91,0.91,,,"GBP",,,,,,"GBP",0,"4098","Active",,"20",0,0,1,0,0,,,,,,,"C-125510072/1",,,,,,,,,,,,,,,
69189,6,"2025-08-01T05:07:39.000Z",666,"2025-10-30T11:59:08.000Z",24305274,,,"125601559/1","125601559/1","TOOTHED PULLEY Z2","TOOTHED PULLEY Z2",20.29,20.29,,,"GBP",,,,,,"GBP",49.95,"4098","Active",,"20",0,0,1,0,0,,,,,,,"C-125601559/1",,,,,,,,,,,752173,,,,
69190,6,"2025-08-01T05:07:39.000Z",666,,777,,,"125943014/0","125943014/0","FLANGE SCREW","FLANGE SCREW",4.72,4.72,,,"GBP",,,,,,"GBP",9.95,"4098","Active",,"20",0,2,1,9.44,19.9,,,,,,,"C-125943014/0",,,,,,,,,,,752173,,,,
69191,6,"2025-08-01T05:07:39.000Z",666,,777,,,"126505332951","126505332951","BATTERY 12V 5AH YB5LB","BATTERY 12V 5AH YB5LB",16.99,16.99,,,"GBP",,,,,,"GBP",39.55,"4098","Active",,"20",0,0,1,0,0,,,,,,,"C-126505332951",,,,,,,,,,,,,,,
69192,6,"2025-08-01T05:07:39.000Z",666,,777,,,"127034078/0","127034078/0","MOUNTFIELD BLADE ENGAGE CONTROL ROD","MOUNTFIELD BLADE ENGAGE CONTROL ROD",5.91,5.91,,,"GBP",,,,,,"GBP",15.98,"4098","Active",,"20",0,1,1,5.91,15.98,,,,,,,"C-127034078/0",,,,,,,,,,,752107,,,,
69193,6,"2025-08-01T05:07:39.000Z",666,,777,,,"13031004560","13031004560","AIR FILTER     ECHO","AIR FILTER     ECHO",1.13,1.13,,,"GBP",,,,,,"GBP",7.99,"4098","Active",,"20",0,0,1,0,0,,,,,,,"C-13031004560",,,,,,,,,,,,,,,
69194,6,"2025-08-01T05:07:39.000Z",666,,777,,,"1330M-RET","1330M-RET","MOUNTFIELD 1330M - EX DEMO","MOUNTFIELD 1330M - EX DEMO",1083.86,1083.86,,,"GBP",,,,,,"GBP",1699,"4011","Active",,"31",0,-5,0,-5419.3,-8495,,,,,,,"C-1330M-RET",,,,,,,,,,,,,,,
69195,6,"2025-08-01T05:07:39.000Z",666,,777,,,"134-2552","134-2552","HAYTER VARIATOR CABLE","HAYTER VARIATOR CABLE",39.53,39.53,,,"GBP",,,,,,"GBP",70.35,"4098","Active",,"20",0,0,1,0,0,,,,,,,"C-134-2552",,,,,,,,,,,752107,,,,
69196,6,"2025-08-01T05:07:39.000Z",666,,777,,,"135061404/0","135061404/0","TRANSMISSION BELT","TRANSMISSION BELT",16.23,16.23,,,"GBP",,,,,,"GBP",64.9,"4098","Active",,"20",0,0,1,0,0,,,,,,,"C-135061404/0",,,,,,,,,,,752173,,,,
69197,6,"2025-08-01T05:07:39.000Z",666,,777,,,"1401251","1401251","EXHAUST -                                 FITS FRT75BS125","EXHAUST -                                 FITS FRT75BS125",18.69,0,,,"GBP",,,,,,"GBP",62.58,"4098","Active",,"20",0,0,1,0,0,,,,,,,"C-1401251",,,,,,,,,,,752114,,,,
69198,6,"2025-08-01T05:07:39.000Z",666,,777,,,"1449","1449","FUEL FILTER","FUEL FILTER",1.42,1.42,,,"GBP",,,,,,"GBP",4.69,"4098","Active",,"20",0,1,1,1.42,4.69,,,,,,,"C-1449",,,,,,,,,,,752107,,,,
69199,6,"2025-08-01T05:07:39.000Z",666,,777,,,"1530H-RET","1530H-RET","MOUNTFIELD 1530H TRACTOR - EX DEMO","MOUNTFIELD 1530H TRACTOR - EX DEMO",1386.94,0,,,"GBP",,,,,,"GBP",2082.5,"4011","Active",,"199",0,0,0,0,0,,,,,,,"C-1530H-RET",,,,,,,,,,,752173,,,,
69200,6,"2025-08-01T05:07:39.000Z",666,,777,,,"15336052","15336052","FUEL TANK    FAST 175","FUEL TANK    FAST 175",6.4,0,,,"GBP",,,,,,"GBP",39.95,"4098","Active",,"20",0,0,1,0,0,,,,,,,"C-15336052",,,,,,,,,,,,,,,
69201,6,"2025-08-01T05:07:39.000Z",666,,777,,,"16334063","16334063","DRIVE CABLE","DRIVE CABLE",2.88,0,,,"GBP",,,,,,"GBP",24.55,"4098","Active",,"20",0,0,1,0,0,,,,,,,"C-16334063",,,,,,,,,,,,,,,
69202,6,"2025-08-01T05:07:39.000Z",666,,777,,,"16910-Z6L-003","16910-Z6L-003","FUEL FILTER","FUEL FILTER",7.68,7.68,,,"GBP",,,,,,"GBP",15.36,"4098","Active",,"20",0,0,1,0,0,,,,,,,"C-16910-Z6L-003",,,,,,,,,,,752120,,,,
69203,6,"2025-08-01T05:07:39.000Z",666,,777,,,"17210-Z1V-003","17210-Z1V-003","AIR FILTER HONDA","AIR FILTER HONDA",16.76,16.76,,,"GBP",,,,,,"GBP",25.44,"4098","Active",,"20",0,-2,1,-33.52,-50.88,,,,,,,"C-17210-Z1V-003",,,,,,,,,,,,,,,
69204,6,"2025-08-01T05:07:39.000Z",666,,777,,,"17211-Z0A-013","17211-Z0A-013","AIR FILTER","AIR FILTER",9.4,9.4,,,"GBP",,,,,,"GBP",18.8,"4098","Active",,"20",0,0,1,0,0,,,,,,,"C-17211-Z0A-013",,,,,,,,,,,752120,,,,
69205,6,"2025-08-01T05:07:39.000Z",666,,777,,,"17211-ZL8-023","17211-ZL8-023","AIR FILTER HONDA","AIR FILTER HONDA",6.5,6.5,,,"GBP",,,,,,"GBP",13.62,"4098","Active",,"20",0,0,1,0,0,,,,,,,"C-17211-ZL8-023",,,,,,,,,,,,,,,
69206,6,"2025-08-01T05:07:39.000Z",666,,777,,,"17218-Z0A-810","17218-Z0A-810","PRE FILTER -                        FITS 17211-Z0A-013","PRE FILTER -                        FITS 17211-Z0A-013",4.67,4.67,,,"GBP",,,,,,"GBP",9.34,"4098","Active",,"20",0,0,1,0,0,,,,,,,"C-17218-Z0A-810",,,,,,,,,,,752120,,,,
69207,6,"2025-08-01T05:07:39.000Z",666,,777,,,"17231-Z0L-050","17231-Z0L-050","AIR FILTER COVER HONDA","AIR FILTER COVER HONDA",4.25,4.25,,,"GBP",,,,,,"GBP",12.65,"4098","Active",,"20",0,0,1,0,0,,,,,,,"C-17231-Z0L-050",,,,,,,,,,,,,,,
69208,6,"2025-08-01T05:07:39.000Z",666,,777,,,"1725408SM","1725408SM","IDLER PULLEY    SIMPLICITY","IDLER PULLEY    SIMPLICITY",37.65,37.65,,,"GBP",,,,,,"GBP",59.95,"4098","Active",,"20",0,0,1,0,0,,,,,,,"C-1725408SM",,,,,,,,,,,,,,,
69209,6,"2025-08-01T05:07:39.000Z",666,,777,,,"181000760/0","181000760/0","OPC CABLE","OPC CABLE",8.18,8.18,,,"GBP",,,,,,"GBP",16.36,"4098","Active",,"20",0,0,1,0,0,,,,,,,"C-181000760/0",,,,,,,,,,,752173,,,,
69210,6,"2025-08-01T05:07:39.000Z",666,,777,,,"181003121/0","181003121/0","VARIATOR GEARBOX","VARIATOR GEARBOX",152.2,152.2,,,"GBP",,,,,,"GBP",304.4,"4098","Active",,"32",0,0,1,0,0,,,,,,,"C-181003121/0",,,,,,,,,,,752173,,,,
69211,6,"2025-08-01T05:07:39.000Z",666,,777,,,"181003363/1","181003363/1","BRAKE CONTROL LEVER","BRAKE CONTROL LEVER",12.6,12.6,,,"GBP",,,,,,"GBP",19.87,"4098","Active",,"20",0,1,1,12.6,19.87,,,,,,,"C-181003363/1",,,,,,,,,,,,,,,
69212,6,"2025-08-01T05:07:39.000Z",666,,777,,,"18100436612","18100436612","BLADE FITS QUATTRO 19SH","BLADE FITS QUATTRO 19SH",7.71,7.71,,,"GBP",,,,,,"GBP",24.95,"4098","Active",,"20",0,0,1,0,0,,,,,,,"C-18100436612",,,,,,,,,,,752173,,,,
69213,6,"2025-08-01T05:07:39.000Z",666,,777,,,"181004458/0","181004458/0","BLADE  -  MULCHING","BLADE  -  MULCHING",10.11,10.11,,,"GBP",,,,,,"GBP",28.86,"4098","Active",,"20",0,1,1,10.11,28.86,,,,,,,"C-181004458/0",,,,,,,,,,,,,,,
69214,6,"2025-08-01T05:07:39.000Z",666,,777,,,"182040198/3","182040198/3","WIRING HARNESS","WIRING HARNESS",62.2,62.2,,,"GBP",,,,,,"GBP",147.63,"4098","Active",,"20",0,1,1,62.2,147.63,,,,,,,"C-182040198/3",,,,,,,,,,,,,,,
69215,6,"2025-08-01T05:07:39.000Z",666,,777,,,"182180118/0","182180118/0","BATTERY CHARGER FOR MOUNTFIELD MTF66MQ","BATTERY CHARGER FOR MOUNTFIELD MTF66MQ",29.87,0,,,"GBP",,,,,,"GBP",79.95,"4011","Active",,"31",0,0,1,0,0,,,,,,,"C-182180118/0",,,,,,,,,,,752173,,,,
69216,6,"2025-08-01T05:07:39.000Z",666,,777,,,"18317002","18317002","SPRING TENSIONER","SPRING TENSIONER",0.8,0.8,,,"GBP",,,,,,"GBP",2.75,"4098","Active",,"20",0,0,1,0,0,,,,,,,"C-18317002",,,,,,,,,,,,,,,
69217,6,"2025-08-01T05:07:39.000Z",666,,777,,,"18320030","18320030","GRASS BAG FRAME     62PR","GRASS BAG FRAME     62PR",23.93,0,,,"GBP",,,,,,"GBP",52.66,"4098","Active",,"15",0,0,1,0,0,,,,,,,"C-18320030",,,,,,,,,,,,,,,
69218,6,"2025-08-01T05:07:39.000Z",666,,777,,,"18324000","18324000","GRASS BAG NETTING    62PR","GRASS BAG NETTING    62PR",9.44,0,,,"GBP",,,,,,"GBP",27.18,"4098","Active",,"15",0,0,1,0,0,,,,,,,"C-18324000",,,,,,,,,,,,,,,
69219,6,"2025-08-01T05:07:39.000Z",666,,777,,,"18325006","18325006","BELT COVER","BELT COVER",3.17,3.17,,,"GBP",,,,,,"GBP",15.16,"4098","Active",,"20",0,0,1,0,0,,,,,,,"C-18325006",,,,,,,,,,,,,,,
69220,6,"2025-08-01T05:07:39.000Z",666,,777,,,"18325009","18325009","BLADE    FITS FTDT4612T","BLADE    FITS FTDT4612T",5.6,5.6,,,"GBP",,,,,,"GBP",23.96,"4098","Active",,"20",0,0,1,0,0,,,,,,,"C-18325009",,,,,,,,,,,,,,,
69221,6,"2025-08-01T05:07:39.000Z",666,,777,,,"18337014","18337014","BATTERY ENERGIZER","BATTERY ENERGIZER",111.72,111.72,,,"GBP",,,,,,"GBP",198.67,"4098","Active",,"20",0,0,1,0,0,,,,,,,"C-18337014",,,,,,,,,,,,,,,
69222,6,"2025-08-01T05:07:39.000Z",666,,777,,,"18352036","18352036","COIL AND LEAD  -   7550M","COIL AND LEAD  -   7550M",7.2,0,,,"GBP",,,,,,"GBP",15.22,"4098","Active",,"20",0,0,1,0,0,,,,,,,"C-18352036",,,,,,,,,,,,,,,
69223,6,"2025-08-01T05:07:39.000Z",666,,777,,,"19051014","19051014","OPC CABLE","OPC CABLE",2.83,2.83,,,"GBP",,,,,,"GBP",15.95,"4098","Active",,"20",0,1,1,2.83,15.95,,,,,,,"C-19051014",,,,,,,,,,,,,,,
69224,6,"2025-08-01T05:07:39.000Z",666,,777,,,"19051019","19051019","FRONT AXLE    5220","FRONT AXLE    5220",7.09,7.09,,,"GBP",,,,,,"GBP",17.65,"4098","Active",,"15",0,0,1,0,0,,,,,,,"C-19051019",,,,,,,,,,,,,,,
69225,6,"2025-08-01T05:07:39.000Z",666,,777,,,"19157042","19157042","GEARBOX     FTDT5175ES","GEARBOX     FTDT5175ES",15.94,15.94,,,"GBP",,,,,,"GBP",69.95,"4098","Active",,"20",0,0,1,0,0,,,,,,,"C-19157042",,,,,,,,,,,,,,,
69226,6,"2025-08-01T05:07:39.000Z",666,,777,,,"19168015","19168015","GASKET KIT   FAST175","GASKET KIT   FAST175",13.81,13.81,,,"GBP",,,,,,"GBP",24.95,"4098","Active",,"15",0,0,1,0,0,,,,,,,"C-19168015",,,,,,,,,,,,,,,
69227,6,"2025-08-01T05:07:39.000Z",666,,777,,,"19168042","19168042","IMPELLER FAST175","IMPELLER FAST175",13.75,0,,,"GBP",,,,,,"GBP",24.95,"4098","Active",,"20",0,0,1,0,0,,,,,,,"C-19168042",,,,,,,,,,,,,,,
69228,6,"2025-08-01T05:07:39.000Z",666,,777,,,"19190009","19190009","PULLEY SET   -   62PR","PULLEY SET   -   62PR",6,6,,,"GBP",,,,,,"GBP",23.5,"4000","Active",,"15",0,0,1,0,0,,,,,,,"C-19190009",,,,,,,,,,,,,,,
69229,6,"2025-08-01T05:07:39.000Z",666,,777,,,"19190015","19190015","FOOT STAND","FOOT STAND",8.64,8.64,,,"GBP",,,,,,"GBP",17.88,"4000","Active",,"15",0,0,1,0,0,,,,,,,"C-19190015",,,,,,,,,,,,,,,
69230,6,"2025-08-01T05:07:39.000Z",666,,777,,,"19190017","19190017","BLADE SET    FBT420","BLADE SET    FBT420",24,0,,,"GBP",,,,,,"GBP",48,"4098","Active",,"15",0,0,1,0,0,,,,,,,"C-19190017",,,,,,,,,,,,,,,
69231,6,"2025-08-01T05:07:39.000Z",666,,777,,,"196978005594","196978005594","COMPLETE AIR FILTER HOUSING   RAC TILL","COMPLETE AIR FILTER HOUSING   RAC TILL",10.47,10.47,,,"GBP",,,,,,"GBP",34.66,"4098","Active",,"20",0,1,1,10.47,34.66,,,,,,,"C-196978005594",,,,,,,,,,,,,,,
69232,6,"2025-08-01T05:07:39.000Z",666,,777,,,"210/10","210/10","SEALEY PROTECTIVE GOOGLES","SEALEY PROTECTIVE GOOGLES",0.4,0.4,,,"GBP",,,,,,"GBP",8.29,"4025","Active",,"24",0,200,1,80,1658,,,,,,,"C-210/10",,,,,,,,,,,752164,,,,
69233,6,"2025-08-01T05:07:39.000Z",666,,777,,,"210870042/ST2","210870042/ST2","STIGA SILEX 87 G","STIGA SILEX 87 G",509.04,509.04,,,"GBP",,,,,,"GBP",799,"4025","Active",,"32",0,0,1,0,0,,,,,,,"C-210870042/ST2",,,,,,,,,,,752173,,,,
69234,6,"2025-08-01T05:07:39.000Z",666,,777,,,"22220068","22220068","BLADES    FITS 90EA","BLADES    FITS 90EA",8.34,0,,,"GBP",,,,,,"GBP",19.95,"4098","Active",,"15",0,0,1,0,0,,,,,,,"C-22220068",,,,,,,,,,,,,,,
69235,6,"2025-08-01T05:07:39.000Z",666,,777,,,"22511-VB3-B50","22511-VB3-B50","Genuine Honda Transmission Guide","Genuine Honda Transmission Guide",15.34,15.34,,,"GBP",,,,,,"GBP",30.68,"4098","Active",,"20",0,0,1,0,0,,,,,,,"C-22511-VB3-B50",,,,,,,,,,,752121,,,,
69236,6,"2025-08-01T05:07:39.000Z",666,,777,,,"2302703346","2302703346","CLUTCH DRIVE CABLE","CLUTCH DRIVE CABLE",8.88,0,,,"GBP",,,,,,"GBP",24.95,"4098","Active",,"20",0,0,1,0,0,,,,,,,"C-2302703346",,,,,,,,,,,752173,,,,
69237,6,"2025-08-01T05:07:39.000Z",666,,777,,,"250120020146","250120020146","BATTERY FITS DC24-4","BATTERY FITS DC24-4",12.35,12.35,,,"GBP",,,,,,"GBP",51.5,"4098","Active",,"20",0,31,1,382.85,1596.5,,,,,,,"C-250120020146",,,,,,,,,,,,,,,
69238,6,"2025-08-01T05:07:39.000Z",666,,777,,,"252422008/ST1","252422008/ST1","STIGA SHT 670 PETROL HEDGE TRIMMER","STIGA SHT 670 PETROL HEDGE TRIMMER",155.77,0,,,"GBP",,,,,,"GBP",279,"4012","Active",,"32",0,0,1,0,0,,,,,,,"C-252422008/ST1",,,,,,,,,,,,,,,
69239,6,"2025-08-01T05:07:39.000Z",666,"2025-12-18T14:06:16.000Z",24305274,,,"2691689","2691689","SIMPLICITY SYT410 TRACTOR 48"" CUT""","SIMPLICITY SYT410 TRACTOR 48"" CUT""",5310,5310,,,"GBP",,,,,,"GBP",7082.5,"4011","Active",,"58",0,1,1,5310,7082.5,,,,,,,"C-2691689",,,,,,,,,,,752098,,,,
69240,6,"2025-08-01T05:07:39.000Z",666,,777,,,"2691925","2691925","SNAPPER ZTX275 ZERO TURN TRACTOR","SNAPPER ZTX275 ZERO TURN TRACTOR",3995,3995,,,"GBP",,,,,,"GBP",6399,"4011","Active",,"59",0,0,1,0,0,,,,,,,"C-2691925",,,,,,,,,,,752098,,,,
69241,6,"2025-08-01T05:07:39.000Z",666,,777,,,"2691929","2691929","SNAPPER SPX275 TRACTOR 48"" CUTTING DECK""","SNAPPER SPX275 TRACTOR 48"" CUTTING DECK""",3340,3340,,,"GBP",,,,,,"GBP",4457.5,"4011","Active",,"59",0,0,1,0,0,,,,,,,"C-2691929",,,,,,,,,,,752098,,,,
69242,6,"2025-08-01T05:07:39.000Z",666,,777,,,"271102203/MUK","271102203/MUK","MOUNTFIELD MTR 20LI CORDLESS TRIMMER KIT","MOUNTFIELD MTR 20LI CORDLESS TRIMMER KIT",55.28,55.28,,,"GBP",,,,,,"GBP",83.33,"4012","Active",,"31",0,-3,1,-165.84,-249.99,,,,,,,"C-271102203/MUK",,,,,,,,,,,752173,,,,
69243,6,"2025-08-01T05:07:39.000Z",666,,777,,,"274014004/ST1","274014004/ST1","STIGA E440 BATTERY 4.0AH 48V","STIGA E440 BATTERY 4.0AH 48V",88.77,0,,,"GBP",,,,,,"GBP",118.83,"4025","Active",,"32",0,0,1,0,0,,,,,,,"C-274014004/ST1",,,,,,,,,,,752173,,,,
69244,6,"2025-08-01T05:07:39.000Z",666,,777,,,"274015004/ST1","274015004/ST1","E 450 - 48V 5.0 Ah BATTERY","E 450 - 48V 5.0 Ah BATTERY",99.94,0,,,"GBP",,,,,,"GBP",179,"4025","Active",,"20",0,-1,1,-99.94,-179,,,,,,,"C-274015004/ST1",,,,,,,,,,,,,,,
69245,6,"2025-08-01T05:07:39.000Z",666,,777,,,"2772","2772","HONDA 2113 TRACTOR BLADE SET","HONDA 2113 TRACTOR BLADE SET",30.59,30.59,,,"GBP",,,,,,"GBP",67.3,"4098","Active",,"20",0,1,1,30.59,67.3,,,,,,,"C-2772",,,,,,,,,,,752107,,,,
69246,6,"2025-08-01T05:07:39.000Z",666,,777,,,"278720008/ST3","278720008/ST3","STIGA MT500E MULTI-TOOL (NO B&C)","STIGA MT500E MULTI-TOOL (NO B&C)",137.35,0,,,"GBP",,,,,,"GBP",205,"4012","Active",,"32",0,0,1,0,0,,,,,,,"C-278720008/ST3",,,,,,,,,,,752173,,,,
69247,6,"2025-08-01T05:07:39.000Z",666,,777,,,"279500008/ST1","279500008/ST1","STIGA SAB 900 AE 40v CORDLESS LEAF BLOWER (TOOL ONLY)","STIGA SAB 900 AE 40v CORDLESS LEAF BLOWER (TOOL ONLY)",189.27,0,,,"GBP",,,,,,"GBP",359,"4012","Active",,"32",0,0,1,0,0,,,,,,,"C-279500008/ST1",,,,,,,,,,,,,,,
69248,6,"2025-08-01T05:07:39.000Z",666,,777,,,"2870","2870","GGP Cutter Belt (Deck Timing) 102cm/ 40""""","GGP Cutter Belt (Deck Timing) 102cm/ 40""""",25.56,25.56,,,"GBP",,,,,,"GBP",69.95,"4098","Active",,"20",0,0,1,0,0,,,,,,,"C-2870",,,,,,,,,,,752107,,,,
69249,6,"2025-08-01T05:07:39.000Z",666,,777,,,"290602020/16","290602020/16","STIGA COLLECTION BOX FOR SWS 600 G SWEEPER","STIGA COLLECTION BOX FOR SWS 600 G SWEEPER",77.73,0,,,"GBP",,,,,,"GBP",87.5,"4025","Active",,"32",0,0,1,0,0,,,,,,,"C-290602020/16",,,,,,,,,,,,,,,
69250,6,"2025-08-01T05:07:39.000Z",666,,777,,,"291382063/M21","291382063/M21","MOUNTFIELD ELECTRESS 38 LI KIT 20V (B&C INCLUDED)","MOUNTFIELD ELECTRESS 38 LI KIT 20V (B&C INCLUDED)",159.63,0,,,"GBP",,,,,,"GBP",239,"4010","Active",,"31",0,0,1,0,0,,,,,,,"C-291382063/M21",,,,,,,,,,,,,,,
69251,6,"2025-08-01T05:07:39.000Z",666,"2025-12-18T09:32:15.000Z",24305274,,,"294569033/M24","294569033/M24","MOUNTFIELD SP555RV REAR ROLLER PETROL MOWER","MOUNTFIELD SP555RV REAR ROLLER PETROL MOWER",605.79,605.79,,,"GBP",,,,,,"GBP",1085,"4010","Active",,"31",0,0,1,0,0,,,,,,,"C-294569033/M24",,,,,,,,,,,752173,,,,
69252,6,"2025-08-01T05:07:39.000Z",666,,777,,,"299439043/MC","299439043/MC","MOUNTFIELD SP160R SELF-PROPELLED PETROL REAR ROLLER LAWNMOWER","MOUNTFIELD SP160R SELF-PROPELLED PETROL REAR ROLLER LAWNMOWER",210,210,,,"GBP",,,,,,"GBP",325,"4010","Active",,"31",0,0,1,0,0,,,,,,,"C-299439043/MC",,,,,,,,,,,752173,,,,
69253,6,"2025-08-01T05:07:39.000Z",666,"2026-05-05T14:01:06.000Z",24305281,,,"299439047/AT1","299439047/AT1","ATCO LINER 16S PETROL ROLLER MOWER","ATCO LINER 16S PETROL ROLLER MOWER",222.78,222.78,,,"GBP",,,,,,"GBP",349,"4010","Active",,"30",0,0,1,0,0,,,,,,,"C-299439047/AT1",,,,,,,,,,,752173,,,,
69254,6,"2025-08-01T05:07:39.000Z",666,"2025-12-02T15:05:19.000Z",24305282,,,"299900038/1","299900038/1","MULCH PLUG KIT     MTF92H","MULCH PLUG KIT     MTF92H",44.67,44.67,,,"GBP",,,,,,"GBP",91.96,"4098","Active",,"20",0,2,1,89.34,183.92,,,,,,,"C-299900038/1",,,,,,,,,"UP1A",,,,,,
69255,6,"2025-08-01T05:07:39.000Z",666,,777,,,"2C1452113/UKS","2C1452113/UKS","STIGA HPS 345 R ELECTRIC PRESSURE WASHER","STIGA HPS 345 R ELECTRIC PRESSURE WASHER",182.02,0,,,"GBP",,,,,,"GBP",309,"4014","Active",,"32",0,0,1,0,0,,,,,,,"C-2C1452113/UKS",,,,,,,,,,,,,,,
69256,6,"2025-08-01T05:07:39.000Z",666,,777,,,"2F5820425/ST1","2F5820425/ST1","STIGA PARK 300 RC FRONT-CUT RIDE-ON LAWNMOWER (INC. 95CM EL DECK)","STIGA PARK 300 RC FRONT-CUT RIDE-ON LAWNMOWER (INC. 95CM EL DECK)",2065.28,0,,,"GBP",,,,,,"GBP",3299,"4000","Active",,"32",0,0,1,0,0,,,,,,,"C-2F5820425/ST1",,,,,,,,,,,,,,,
69257,6,"2025-08-01T05:07:39.000Z",666,,777,,,"2F6431831/ST1","2F6431831/ST1","STIGA PARK PRO 900 WX","STIGA PARK PRO 900 WX",6811.11,6811.11,,,"GBP",,,,,,"GBP",10599,"4011","Active",,"32",0,0,1,0,0,,,,,,,"C-2F6431831/ST1",,,,,,,,,,,752173,,,,
69258,6,"2025-08-01T05:07:39.000Z",666,,777,,,"2L0486848/ST2","2L0486848/ST2","STIGA COMBI 748 S 4-IN-1 SELF-PROPELLED PETROL LAWNMOWER","STIGA COMBI 748 S 4-IN-1 SELF-PROPELLED PETROL LAWNMOWER",256.28,0,,,"GBP",,,,,,"GBP",459,"4010","Active",,"32",0,0,1,0,0,,,,,,,"C-2L0486848/ST2",,,,,,,,,,,,,,,
69259,6,"2025-08-01T05:07:39.000Z",666,,777,,,"2R7101428/UKS","2R7101428/UKS","STIGA A4 AUTOMATIC ROBOT LAWN MOWER","STIGA A4 AUTOMATIC ROBOT LAWN MOWER",686.19,686.19,,,"GBP",,,,,,"GBP",833.33,"4025","Active",,"32",0,0,1,0,0,,,,,,,"C-2R7101428/UKS",,,,,,,,,,,,,,,
69260,6,"2025-08-01T05:07:39.000Z",666,,777,,,"2R7101528/UKS","2R7101528/UKS","STIGA A8 AUTOMATIC ROBOT LAWN MOWER","STIGA A8 AUTOMATIC ROBOT LAWN MOWER",948.61,948.61,,,"GBP",,,,,,"GBP",1165.83,"4098","Active",,"32",0,2,1,1897.22,2331.66,,,,,,,"C-2R7101528/UKS",,,,,,,,,,,,,,,
69261,6,"2025-08-01T05:07:39.000Z",666,,777,,,"2R7102028/UKS","2R7102028/UKS","STIGA A1500 AUTOMATIC ROBOT LAWN MOWER","STIGA A1500 AUTOMATIC ROBOT LAWN MOWER",1546.02,1546.02,,,"GBP",,,,,,"GBP",1999.17,"4025","Active",,"32",0,1,1,1546.02,1999.17,,,,,,,"C-2R7102028/UKS",,,,,,,,,,,752173,,,,
69262,6,"2025-08-01T05:07:39.000Z",666,"2026-01-20T10:40:32.000Z",24305274,,,"2T0052483/CAS","2T0052483/CAS","MOUNTFIELD 827M RIDE-ON LAWNMOWER","MOUNTFIELD 827M RIDE-ON LAWNMOWER",702,735.88,,,"GBP",,,,,,"GBP",1440.83,"4011","Active",,"31",0,134,1,94068,193071.22,,,,,,,"C-2T0052483/CAS",,,,,,,,,,,752173,,,,
69263,6,"2025-08-01T05:07:39.000Z",666,,777,,,"2T0810481/ST1","2T0810481/ST1","STIGA ESTATE 798 LAWN TRACTOR","STIGA ESTATE 798 LAWN TRACTOR",1825.19,1825.19,,,"GBP",,,,,,"GBP",2999,"4011","Active",,"32",0,0,1,0,0,,,,,,,"C-2T0810481/ST1",,,,,,,,,,,752173,,,,
69264,6,"2025-08-01T05:07:39.000Z",666,,777,,,"2T0970381/ST1","2T0970381/ST1","STIGA ESTATE 7102 W SPECIAL HONDA (HONDA ENGINE)","STIGA ESTATE 7102 W SPECIAL HONDA (HONDA ENGINE)",2623.61,2623.61,,,"GBP",,,,,,"GBP",4299,"4011","Active",,"32",0,0,1,0,0,,,,,,,"C-2T0970381/ST1",,,,,,,,,,,752173,,,,
69265,6,"2025-08-01T05:07:39.000Z",666,,777,,,"2T1210447/AT2","2T1210447/AT2","ATCO GT 43HR LAWN TRACTOR","ATCO GT 43HR LAWN TRACTOR",1322.72,1322.72,,,"GBP",,,,,,"GBP",2082.5,"4011","Active",,"30",0,0,1,0,0,,,,,,,"C-2T1210447/AT2",,,,,,,,,,,752173,,,,
69266,6,"2025-08-01T05:07:39.000Z",666,,777,,,"2T2005403/CASEX","2T2005403/CASEX","MOUNTFIELD MTF 84 M PETROL LAWN TRACTOR - EX DEMO","MOUNTFIELD MTF 84 M PETROL LAWN TRACTOR - EX DEMO",750,750,,,"GBP",,,,,,"GBP",1750,"4000","Active",,"31",0,0,1,0,0,,,,,,,"C-2T2005403/CASEX",,,,,,,,,,,752172,,,,
69269,6,"2025-08-01T05:07:39.000Z",666,"2026-03-18T15:00:20.000Z",24305274,,,"2T2630483/M22","2T2630483/M22","MOUNTFIELD 1638H V-TWIN LAWN TRACTOR","MOUNTFIELD 1638H V-TWIN LAWN TRACTOR",1814.03,1787.36,,,"GBP",,,,,,"GBP",2999,"4011","Active",,"31",0,-1,1,-1814.03,-2999,,,,,,,"C-2T2630483/M22",,,,,,,,,,,752173,,,,
69270,6,"2025-08-01T05:07:39.000Z",666,,777,,,"305109","305109","HEIGH ADJUST ROD   HAYTER","HEIGH ADJUST ROD   HAYTER",5.36,5.36,,,"GBP",,,,,,"GBP",13.77,"4098","Active",,"20",0,0,1,0,0,,,,,,,"C-305109",,,,,,,,,,,,,,,
69271,6,"2025-08-01T05:07:39.000Z",666,,777,,,"3191","3191","BLADE BOSS -                            125463200/0","BLADE BOSS -                            125463200/0",10.22,10.22,,,"GBP",,,,,,"GBP",20.44,"4098","Active",,"20",0,1,1,10.22,20.44,,,,,,,"C-3191",,,,,,,,,,,752107,,,,
69272,6,"2025-08-01T05:07:39.000Z",666,,777,,,"3197","3197","DIAPHRAGM & GASKET SET -          ZAMA GND-182","DIAPHRAGM & GASKET SET -          ZAMA GND-182",3.85,3.85,,,"GBP",,,,,,"GBP",14.25,"4098","Active",,"20",0,0,1,0,0,,,,,,,"C-3197",,,,,,,,,,,752107,,,,
69273,6,"2025-08-01T05:07:39.000Z",666,,777,,,"322226296/0","322226296/0","PLASTIC FRONT COVER","PLASTIC FRONT COVER",4.12,4.12,,,"GBP",,,,,,"GBP",12.15,"4098","Active",,"20",0,1,1,4.12,12.15,,,,,,,"C-322226296/0",,,,,,,,,,,,,,,
69274,6,"2025-08-01T05:07:39.000Z",666,,777,,,"322680016/0","322680016/0","MOUNTFIELD HANDLE FIXING WASHER","MOUNTFIELD HANDLE FIXING WASHER",1.33,1.33,,,"GBP",,,,,,"GBP",3.99,"4098","Active",,"20",0,1,1,1.33,3.99,,,,,,,"C-322680016/0",,,,,,,,,,,752107,,,,
69275,6,"2025-08-01T05:07:39.000Z",666,,777,,,"322686100/0","322686100/0","WHEEL  D=175 MTF","WHEEL  D=175 MTF",3.12,3.12,,,"GBP",,,,,,"GBP",18.54,"4098","Active",,"20",0,5,1,15.6,92.7,,,,,,,"C-322686100/0",,,,,,,,,,,,,,,
69276,6,"2025-08-01T05:07:39.000Z",666,,777,,,"325060168/0","325060168/0","RIGHT BELT GUARD","RIGHT BELT GUARD",19.6,19.6,,,"GBP",,,,,,"GBP",44.95,"4098","Active",,"20",0,1,1,19.6,44.95,,,,,,,"C-325060168/0",,,,,,,,,,,,,,,
69277,6,"2025-08-01T05:07:39.000Z",666,,777,,,"32513S100RGP","32513S100RGP","GO PART CHAIN SAW CHAIN .325"" 1.3MM (SOLD PER LINK)""","GO PART CHAIN SAW CHAIN .325"" 1.3MM (SOLD PER LINK)""",0.07,0.07,,,"GBP",,,,,,"GBP",0.23,"4098","Active",,"20",0,1720,1,120.4,395.6,,,,,,,"C-32513S100RGP",,,,,,,,,,,752133,,,,
69278,6,"2025-08-01T05:07:39.000Z",666,,777,,,"32515CB100RGP","32515CB100RGP","GO PART CHAIN SAW CHAIN .325"" 1.5MM (SOLD PER LINK)""","GO PART CHAIN SAW CHAIN .325"" 1.5MM (SOLD PER LINK)""",0.07,0.07,,,"GBP",,,,,,"GBP",0.24,"4098","Active",,"20",0,1848,1,129.36,443.52,,,,,,,"C-32515CB100RGP",,,,,,,,,,,752133,,,,
69279,6,"2025-08-01T05:07:39.000Z",666,,777,,,"325318276/0","325318276/0","FULCRUM LEVER","FULCRUM LEVER",1.75,1.75,,,"GBP",,,,,,"GBP",6.76,"4098","Active",,"20",0,0,1,0,0,,,,,,,"C-325318276/0",,,,,,,,,,,,,,,
69280,6,"2025-08-01T05:07:39.000Z",666,,777,,,"325774499/0","325774499/0","DISCHARGE CHUTE CLIPS","DISCHARGE CHUTE CLIPS",2.03,2.03,,,"GBP",,,,,,"GBP",8.98,"4098","Active",,"20",0,2,1,4.06,17.96,,,,,,,"C-325774499/0",,,,,,,,,,,,,,,
69281,6,"2025-08-01T05:07:39.000Z",666,,777,,,"327110578/0","327110578/0","FRONT STEERING COVER RED","FRONT STEERING COVER RED",17.5,17.5,,,"GBP",,,,,,"GBP",46.98,"4098","Active",,"32",0,0,1,0,0,,,,,,,"C-327110578/0",,,,,,,,,,,752173,,,,
69282,6,"2025-08-01T05:07:39.000Z",666,,777,,,"327110580/0","327110580/0","REAR COVER (RED)","REAR COVER (RED)",14.69,14.69,,,"GBP",,,,,,"GBP",31.22,"4098","Active",,"20",0,1,1,14.69,31.22,,,,,,,"C-327110580/0",,,,,,,,,,,,,,,
69283,6,"2025-08-01T05:07:39.000Z",666,,777,,,"327110581/0","327110581/0","R/H REAR COVER (RED)","R/H REAR COVER (RED)",15.39,15.39,,,"GBP",,,,,,"GBP",33.62,"4098","Active",,"20",0,1,1,15.39,33.62,,,,,,,"C-327110581/0",,,,,,,,,,,,,,,
69284,6,"2025-08-01T05:07:39.000Z",666,,777,,,"3333","3333","MANTIS PLOUGH ATTACHMENT","MANTIS PLOUGH ATTACHMENT",62.76,0,,,"GBP",,,,,,"GBP",99.95,"4098","Active",,"20",0,0,1,0,0,,,,,,,"C-3333",,,,,,,,,,,,,,,
69285,6,"2025-08-01T05:07:39.000Z",666,,777,,,"381000778/0","381000778/0","CLUTCH CABLE","CLUTCH CABLE",10.36,10.36,,,"GBP",,,,,,"GBP",20.72,"4098","Active",,"20",0,0,1,0,0,,,,,,,"C-381000778/0",,,,,,,,,,,752173,,,,
69286,6,"2025-08-01T05:07:39.000Z",666,,777,,,"381007416/3","381007416/3","WHEEL ASSY","WHEEL ASSY",8.75,8.75,,,"GBP",,,,,,"GBP",27.56,"4098","Active",,"1",0,0,1,0,0,,,,,,,"C-381007416/3",,,,,,,,,,,,,,,
69287,6,"2025-08-01T05:07:39.000Z",666,,777,,,"381030051/1","381030051/1","CLUTCH DRIVE CABLE","CLUTCH DRIVE CABLE",8.54,8.54,,,"GBP",,,,,,"GBP",24.66,"4098","Active",,"20",0,1,1,8.54,24.66,,,,,,,"C-381030051/1",,,,,,,,,,,,,,,
69288,6,"2025-08-01T05:07:39.000Z",666,,777,,,"381030092/1","381030092/1","CLUTCH DRIVE CABLE","CLUTCH DRIVE CABLE",11.06,11.06,,,"GBP",,,,,,"GBP",29.62,"4098","Active",,"20",0,1,1,11.06,29.62,,,,,,,"C-381030092/1",,,,,,,,,,,,,,,
69289,6,"2025-08-01T05:07:39.000Z",666,,777,,,"381030104/1","381030104/1","DRIVE CABLE","DRIVE CABLE",8.88,8.88,,,"GBP",,,,,,"GBP",24.95,"4098","Active",,"20",0,0,1,0,0,,,,,,,"C-381030104/1",,,,,,,,,,,752173,,,,
69290,6,"2025-08-01T05:07:39.000Z",666,,777,,,"381030119/0","381030119/0","VARIATOR CABLE","VARIATOR CABLE",11.83,11.83,,,"GBP",,,,,,"GBP",23.66,"4098","Active",,"20",0,0,1,0,0,,,,,,,"C-381030119/0",,,,,,,,,,,,,,,
69291,6,"2025-08-01T05:07:39.000Z",666,,777,,,"381600575/1","381600575/1","TRIGGER HANDLE    LINER","TRIGGER HANDLE    LINER",16.6,16.6,,,"GBP",,,,,,"GBP",36.24,"4098","Active",,"20",0,0,1,0,0,,,,,,,"C-381600575/1",,,,,,,,,,,,,,,
69292,6,"2025-08-01T05:07:39.000Z",666,,777,,,"3816S25RKR","3816S25RKR","KRAMP CHAINSAW CHAIN 3/8"" 1.6MM (SOLD PER LINK)""","KRAMP CHAINSAW CHAIN 3/8"" 1.6MM (SOLD PER LINK)""",0.09,0.09,,,"GBP",,,,,,"GBP",0.25,"4098","Active",,"82",0,0,1,0,0,,,,,,,"C-3816S25RKR",,,,,,,,,,,752133,,,,
69293,6,"2025-08-01T05:07:39.000Z",666,,777,,,"382564131/1","382564131/1","CUTTER DECK CASING","CUTTER DECK CASING",347.67,347.67,,,"GBP",,,,,,"GBP",627.51,"4098","Active",,"20",0,0,1,0,0,,,,,,,"C-382564131/1",,,,,,,,,,,,,,,
69294,6,"2025-08-01T05:07:39.000Z",666,,777,,,"382680104/0","382680104/0","REAR WHEEL    1330M","REAR WHEEL    1330M",82.81,82.81,,,"GBP",,,,,,"GBP",159.95,"4098","Active",,"20",0,0,1,0,0,,,,,,,"C-382680104/0",,,,,,,,,,,,,,,
69295,6,"2025-08-01T05:07:39.000Z",666,,777,,,"384220503/0","384220503/0","BLADE BRAKE BRACKET","BLADE BRAKE BRACKET",5.53,5.53,,,"GBP",,,,,,"GBP",22.44,"4098","Active",,"20",0,0,1,0,0,,,,,,,"C-384220503/0",,,,,,,,,,,,,,,
69296,6,"2025-08-01T05:07:39.000Z",666,,777,,,"387561543/0","387561543/0","STIGA COMPACT HST MANUAL 95CM DECK","STIGA COMPACT HST MANUAL 95CM DECK",589,589,,,"GBP",,,,,,"GBP",950,"4011","Active",,"32",0,0,1,0,0,,,,,,,"C-387561543/0",,,,,,,,,,,752173,,,,
69297,6,"2025-08-01T05:07:39.000Z",666,,777,,,"38LP11SB100RGP","38LP11SB100RGP","GO PART CHAIN SAW CHAIN 3/8"" 1.1MM (SOLD PER LINK)""","GO PART CHAIN SAW CHAIN 3/8"" 1.1MM (SOLD PER LINK)""",0.06,0.06,,,"GBP",,,,,,"GBP",0.2,"4098","Active",,"20",0,1582,1,94.92,316.4,,,,,,,"C-38LP11SB100RGP",,,,,,,,,,,752133,,,,
69298,6,"2025-08-01T05:07:39.000Z",666,,777,,,"4149-120-800","4149-120-800","AIR FILTER -                FITS STIHL HL91/HL92/HL94","AIR FILTER -                FITS STIHL HL91/HL92/HL94",2.25,2.25,,,"GBP",,,,,,"GBP",5.95,"4098","Active",,"20",0,0,1,0,0,,,,,,,"C-4149-120-800",,,,,,,,,,,752107,,,,
69299,6,"2025-08-01T05:07:39.000Z",666,,777,,,"42650-VB3-B50","42650-VB3-B50","Genuine Honda Rear Roller Shaft","Genuine Honda Rear Roller Shaft",89.2,89.2,,,"GBP",,,,,,"GBP",178.4,"4098","Active",,"20",0,0,1,0,0,,,,,,,"C-42650-VB3-B50",,,,,,,,,,,752120,,,,
69300,6,"2025-08-01T05:07:39.000Z",666,,777,,,"42780-VB-B51","42780-VB-B51","Genuine Honda HRD536, HRH536 Rear Roller R/H","Genuine Honda HRD536, HRH536 Rear Roller R/H",90.4,90.4,,,"GBP",,,,,,"GBP",180.8,"4098","Active",,"20",0,0,1,0,0,,,,,,,"C-42780-VB-B51",,,,,,,,,,,752120,,,,
69301,6,"2025-08-01T05:07:39.000Z",666,,777,,,"42790-VB3-B51","42790-VB3-B51","Genuine Honda Rear Roller L/H","Genuine Honda Rear Roller L/H",69.92,69.92,,,"GBP",,,,,,"GBP",139.84,"4098","Active",,"20",0,0,1,0,0,,,,,,,"C-42790-VB3-B51",,,,,,,,,,,752121,,,,
69302,6,"2025-08-01T05:07:39.000Z",666,,777,,,"44700-VP9-000","44700-VP9-000","CASTOR WHEEL ASSY - HONDA MIMO","CASTOR WHEEL ASSY - HONDA MIMO",28.71,28.71,,,"GBP",,,,,,"GBP",59.95,"4098","Active",,"20",0,2,1,57.42,119.9,,,,,,,"C-44700-VP9-000",,,,,,,,,,,,,,,
69303,6,"2025-08-01T05:07:39.000Z",666,,777,,,"481007160/0","481007160/0","THROTTLE CABLE   SP 535","THROTTLE CABLE   SP 535",4.41,0,,,"GBP",,,,,,"GBP",20.79,"4098","Active",,"20",0,0,1,0,0,,,,,,,"C-481007160/0",,,,,,,,,,,,,,,
69304,6,"2025-08-01T05:07:39.000Z",666,,777,,,"499706","499706","RECOIL    FITS B&S","RECOIL    FITS B&S",14.76,14.76,,,"GBP",,,,,,"GBP",29.95,"4098","Active",,"20",0,0,1,0,0,,,,,,,"C-499706",,,,,,,,,,,,,,,
69305,6,"2025-08-01T05:07:39.000Z",666,,777,,,"50310005R","50310005R","SPROCKET","SPROCKET",5.08,5.08,,,"GBP",,,,,,"GBP",19.95,"4098","Active",,"20",0,1,1,5.08,19.95,,,,,,,"C-50310005R",,,,,,,,,,,752095,,,,
69306,6,"2025-08-01T05:07:39.000Z",666,,777,,,"50312003R","50312003R","CHAIN COVER    OLEO MAC","CHAIN COVER    OLEO MAC",19.08,19.08,,,"GBP",,,,,,"GBP",39.95,"4098","Active",,"20",0,1,1,19.08,39.95,,,,,,,"C-50312003R",,,,,,,,,,,,,,,
69307,6,"2025-08-01T05:07:39.000Z",666,,777,,,"5041","5041","CHAINSAW CHAIN 12"" 3/8 44 LINK""","CHAINSAW CHAIN 12"" 3/8 44 LINK""",5.82,5.82,,,"GBP",,,,,,"GBP",14.95,"4098","Active",,"20",0,2,1,11.64,29.9,,,,,,,"C-5041",,,,,,,,,,,,,,,
69308,6,"2025-08-01T05:07:39.000Z",666,,777,,,"5047345-01","5047345-01","HEIGHT ADJUSTER","HEIGHT ADJUSTER",63.18,0,,,"GBP",,,,,,"GBP",189.95,"4098","Active",,"20",0,0,1,0,0,,,,,,,"C-5047345-01",,,,,,,,,,,752107,,,,
69309,6,"2025-08-01T05:07:39.000Z",666,,777,,,"5103456YP","5103456YP","PULLEY","PULLEY",26.49,26.49,,,"GBP",,,,,,"GBP",49.64,"4098","Active",,"20",0,0,1,0,0,,,,,,,"C-5103456YP",,,,,,,,,,,,,,,
69310,6,"2025-08-01T05:07:39.000Z",666,,777,,,"53125-VH3-013","53125-VH3-013","UPPER HANDLE GRIP (BLACK)","UPPER HANDLE GRIP (BLACK)",0.01,0.01,,,"GBP",,,,,,"GBP",4.95,"4098","Active",,"20",0,8,1,0.08,39.6,,,,,,,"C-53125-VH3-013",,,,,,,,,,,752120,,,,
69311,6,"2025-08-01T05:07:39.000Z",666,,777,,,"54411-VB5-A00","54411-VB5-A00","CLUTCH SPRING","CLUTCH SPRING",5.3,5.3,,,"GBP",,,,,,"GBP",11.21,"4098","Active",,"20",0,0,1,0,0,,,,,,,"C-54411-VB5-A00",,,,,,,,,,,,,,,
69312,6,"2025-08-01T05:07:39.000Z",666,,777,,,"54520-VB5-P01","54520-VB5-P01","SPEED VARIATOR CABLE","SPEED VARIATOR CABLE",16.12,16.12,,,"GBP",,,,,,"GBP",34.87,"4098","Active",,"20",0,0,1,0,0,,,,,,,"C-54520-VB5-P01",,,,,,,,,,,,,,,
69313,6,"2025-08-01T05:07:39.000Z",666,,777,,,"5784","5784","THROTTLE CABLE     CG","THROTTLE CABLE     CG",4.41,4.41,,,"GBP",,,,,,"GBP",14.92,"4098","Active",,"20",0,1,1,4.41,14.92,,,,,,,"C-5784",,,,,,,,,,,,,,,
69314,6,"2025-08-01T05:07:39.000Z",666,,777,,,"5873","5873","CHAIN - 3/8"" 1.6MM 60 LINKS""","CHAIN - 3/8"" 1.6MM 60 LINKS""",8.12,8.12,,,"GBP",,,,,,"GBP",17.33,"4098","Active",,"20",0,0,1,0,0,,,,,,,"C-5873",,,,,,,,,,,752107,,,,
69315,6,"2025-08-01T05:07:39.000Z",666,,777,,,"590601","590601","BRIGGS & STRATTON AIR FILTER FITS XR750 XR950","BRIGGS & STRATTON AIR FILTER FITS XR750 XR950",4.59,4.59,,,"GBP",,,,,,"GBP",19.98,"4098","Active",,"20",0,1,1,4.59,19.98,,,,,,,"C-590601",,,,,,,,,,,752107,,,,
69316,6,"2025-08-01T05:07:39.000Z",666,,777,,,"597189","597189","INSTART BATTERY   B&S","INSTART BATTERY   B&S",76.86,76.86,,,"GBP",,,,,,"GBP",167.45,"4098","Active",,"20",0,1,1,76.86,167.45,,,,,,,"C-597189",,,,,,,,,,,,,,,
69317,6,"2025-08-01T05:07:39.000Z",666,,777,,,"597439","597439","GOVERNOR SPRING","GOVERNOR SPRING",6.3,6.3,,,"GBP",,,,,,"GBP",13.24,"4098","Active",,"20",0,0,1,0,0,,,,,,,"C-597439",,,,,,,,,,,,,,,
69318,6,"2025-08-01T05:07:39.000Z",666,,777,,,"6170-8-W-3","6170-8-W-3","NUT(M8) FITS SW4200","NUT(M8) FITS SW4200",0.1,0,,,"GBP",,,,,,"GBP",0.98,"4098","Active",,"20",0,0,1,0,0,,,,,,,"C-6170-8-W-3",,,,,,,,,,,,,,,
69319,6,"2025-08-01T05:07:39.000Z",666,,777,,,"618-04822B","618-04822B","SPINDLE ASSY","SPINDLE ASSY",75.71,75.71,,,"GBP",,,,,,"GBP",179.95,"4098","Active",,"20",0,0,1,0,0,,,,,,,"C-618-04822B",,,,,,,,,,,752053,,,,
69320,6,"2025-08-01T05:07:39.000Z",666,,777,,,"6340-700-7520","6340-700-7520","DRIVE CABLE    STIHL","DRIVE CABLE    STIHL",14.45,14.45,,,"GBP",,,,,,"GBP",29.96,"4098","Active",,"20",0,0,1,0,0,,,,,,,"C-6340-700-7520",,,,,,,,,,,,,,,
69321,6,"2025-08-01T05:07:39.000Z",666,,777,,,"6925","6925","AIR FILTER","AIR FILTER",4.82,4.82,,,"GBP",,,,,,"GBP",14.46,"4098","Active",,"20",0,4,1,19.28,57.84,,,,,,,"C-6925",,,,,,,,,,,,,,,
69322,6,"2025-08-01T05:07:39.000Z",666,,777,,,"697015","697015","PRE FILTER","PRE FILTER",1.35,1.35,,,"GBP",,,,,,"GBP",3.58,"4000","Active",,"20",0,0,1,0,0,,,,,,,"C-697015",,,,,,,,,,,752107,,,,
69323,6,"2025-08-01T05:07:39.000Z",666,,777,,,"7093","7093","OIL FILTER","OIL FILTER",10.8,10.8,,,"GBP",,,,,,"GBP",24.96,"4098","Active",,"20",0,4,1,43.2,99.84,,,,,,,"C-7093",,,,,,,,,,,,,,,
69324,6,"2025-08-01T05:07:39.000Z",666,,777,,,"72511-VG0-C50","72511-VG0-C50","GENUINE BLADE HONDA","GENUINE BLADE HONDA",21.19,21.19,,,"GBP",,,,,,"GBP",44.95,"4098","Active",,"20",0,0,1,0,0,,,,,,,"C-72511-VG0-C50",,,,,,,,,,,,,,,
69325,6,"2025-08-01T05:07:39.000Z",666,,777,,,"72511-VG8-A50","72511-VG8-A50","BLADE   HONDA","BLADE   HONDA",16.71,16.71,,,"GBP",,,,,,"GBP",34.95,"4098","Active",,"20",0,0,1,0,0,,,,,,,"C-72511-VG8-A50",,,,,,,,,,,,,,,
69326,6,"2025-08-01T05:07:39.000Z",666,,777,,,"72511-VK7-000","72511-VK7-000","BLADE  -  HONDA","BLADE  -  HONDA",16.71,16.71,,,"GBP",,,,,,"GBP",33.42,"4098","Active",,"20",0,0,1,0,0,,,,,,,"C-72511-VK7-000",,,,,,,,,,,,,,,
69327,6,"2025-08-01T05:07:39.000Z",666,,777,,,"742-04058","742-04058","BLADE","BLADE",32.55,32.55,,,"GBP",,,,,,"GBP",85.98,"4098","Active",,"20",0,0,1,0,0,,,,,,,"C-742-04058",,,,,,,,,,,752053,,,,
69328,6,"2025-08-01T05:07:39.000Z",666,,777,,,"742-04405C","742-04405C","BLADE","BLADE",17.09,17.09,,,"GBP",,,,,,"GBP",34.17,"4098","Active",,"20",0,0,1,0,0,,,,,,,"C-742-04405C",,,,,,,,,,,,,,,
69329,6,"2025-08-01T05:07:39.000Z",666,,777,,,"7452","7452","BELT - CUTTER                       FITS HONDA 2113","BELT - CUTTER                       FITS HONDA 2113",10.25,10.25,,,"GBP",,,,,,"GBP",42.85,"4098","Active",,"20",0,0,1,0,0,,,,,,,"C-7452",,,,,,,,,,,752107,,,,
69330,6,"2025-08-01T05:07:39.000Z",666,,777,,,"746-04293","746-04293","CABLE","CABLE",15.14,15.14,,,"GBP",,,,,,"GBP",31.42,"4098","Active",,"20",0,0,1,0,0,,,,,,,"C-746-04293",,,,,,,,,,,,,,,
69331,6,"2025-08-01T05:07:39.000Z",666,,777,,,"746-05042","746-05042","DRIVE CABLE","DRIVE CABLE",15.72,15.72,,,"GBP",,,,,,"GBP",31.44,"4098","Active",,"20",0,0,1,0,0,,,,,,,"C-746-05042",,,,,,,,,,,752053,,,,
69332,6,"2025-08-01T05:07:39.000Z",666,,777,,,"751-15245","751-15245","MTD AIR FILTER","MTD AIR FILTER",10.55,10.55,,,"GBP",,,,,,"GBP",29.98,"4098","Active",,"20",0,0,1,0,0,,,,,,,"C-751-15245",,,,,,,,,,,752107,,,,
69333,6,"2025-08-01T05:07:39.000Z",666,,777,,,"754-04190","754-04190","DECK BELT","DECK BELT",28.8,28.8,,,"GBP",,,,,,"GBP",58.44,"4098","Active",,"20",0,0,1,0,0,,,,,,,"C-754-04190",,,,,,,,,,,,,,,
69334,6,"2025-08-01T05:07:39.000Z",666,,777,,,"754-04312","754-04312","BELT","BELT",22.07,22.07,,,"GBP",,,,,,"GBP",44.14,"4098","Active",,"20",0,1,1,22.07,44.14,,,,,,,"C-754-04312",,,,,,,,,,,752053,,,,
69335,6,"2025-08-01T05:07:39.000Z",666,,777,,,"754-0470","754-0470","BELT   MTD","BELT   MTD",69.63,0,,,"GBP",,,,,,"GBP",0,"4098","Active",,"20",0,0,1,0,0,,,,,,,"C-754-0470",,,,,,,,,,,,,,,
69336,6,"2025-08-01T05:07:39.000Z",666,,777,,,"756-0487","756-0487","PULLEY","PULLEY",28.45,28.45,,,"GBP",,,,,,"GBP",36.94,"4098","Active",,"20",0,0,1,0,0,,,,,,,"C-756-0487",,,,,,,,,,,,,,,
69337,6,"2025-08-01T05:07:39.000Z",666,,777,,,"7682","7682","Castel Garden Deck Toothed Pulley Bearing","Castel Garden Deck Toothed Pulley Bearing",1.57,1.57,,,"GBP",,,,,,"GBP",6.95,"4098","Active",,"20",0,0,1,0,0,,,,,,,"C-7682",,,,,,,,,,,752107,,,,
69338,6,"2025-08-01T05:07:39.000Z",666,,777,,,"795115","795115","AIR FILTER   B&S","AIR FILTER   B&S",3.58,3.58,,,"GBP",,,,,,"GBP",8.95,"4098","Active",,"20",0,1,1,3.58,8.95,,,,,,,"C-795115",,,,,,,,,,,,,,,
69339,6,"2025-08-01T05:07:39.000Z",666,,777,,,"80608-VK1-003","80608-VK1-003","WIRE - BLADE ENGAGEMENT","WIRE - BLADE ENGAGEMENT",20.16,20.16,,,"GBP",,,,,,"GBP",40.32,"4098","Active",,"20",0,0,1,0,0,,,,,,,"C-80608-VK1-003",,,,,,,,,,,752121,,,,
69340,6,"2025-08-01T05:07:39.000Z",666,,777,,,"831127","831127","STEERING RACK FITS DC24","STEERING RACK FITS DC24",2.94,2.94,,,"GBP",,,,,,"GBP",38.16,"4098","Active",,"20",0,5,1,14.7,190.8,,,,,,,"C-831127",,,,,,,,,,,,,,,
69341,6,"2025-08-01T05:07:39.000Z",666,,777,,,"831162","831162","STEERING SHAFT FITS DC24","STEERING SHAFT FITS DC24",2.65,2.65,,,"GBP",,,,,,"GBP",37.12,"4098","Active",,"20",0,5,1,13.25,185.6,,,,,,,"C-831162",,,,,,,,,,,,,,,
69342,6,"2025-08-01T05:07:39.000Z",666,,777,,,"831172","831172","MANDRELL HOUSING DC24","MANDRELL HOUSING DC24",5,5,,,"GBP",,,,,,"GBP",38.65,"4098","Active",,"20",0,5,1,25,193.25,,,,,,,"C-831172",,,,,,,,,,,,,,,
69343,6,"2025-08-01T05:07:39.000Z",666,,777,,,"831197","831197","MANDRELL DOWEL FITS DC247","MANDRELL DOWEL FITS DC247",0.5,0.5,,,"GBP",,,,,,"GBP",4.65,"4098","Active",,"20",0,5,1,2.5,23.25,,,,,,,"C-831197",,,,,,,,,,,,,,,
69344,6,"2025-08-01T05:07:39.000Z",666,,777,,,"84007244","84007244","FULL HEIGHT MULCH BAFFLE","FULL HEIGHT MULCH BAFFLE",133.23,133.23,,,"GBP",,,,,,"GBP",253.35,"4098","Active",,"59",0,0,1,0,0,,,,,,,"C-84007244",,,,,,,,,,,752098,,,,
69345,6,"2025-08-01T05:07:39.000Z",666,,777,,,"885714YP","885714YP","CUTTER DECK BELT","CUTTER DECK BELT",64.19,64.19,,,"GBP",,,,,,"GBP",112.47,"4098","Active",,"20",0,0,1,0,0,,,,,,,"C-885714YP",,,,,,,,,,,,,,,
69346,6,"2025-08-01T05:07:39.000Z",666,,777,,,"90105-VH3-K10","90105-VH3-K10","BLADE BOLT HONDA","BLADE BOLT HONDA",1.21,1.21,,,"GBP",,,,,,"GBP",4.85,"4098","Active",,"20",0,0,1,0,0,,,,,,,"C-90105-VH3-K10",,,,,,,,,,,,,,,
69347,6,"2025-08-01T05:07:39.000Z",666,,777,,,"90115-659-003","90115-659-003","Genuine Honda Flange Nut 8mm","Genuine Honda Flange Nut 8mm",1.84,1.84,,,"GBP",,,,,,"GBP",4.99,"4098","Active",,"20",0,0,1,0,0,,,,,,,"C-90115-659-003",,,,,,,,,,,752121,,,,
69348,6,"2025-08-01T05:07:39.000Z",666,,777,,,"90133-VH4-000","90133-VH4-000","BOLT","BOLT",0.01,0.01,,,"GBP",,,,,,"GBP",3.95,"4098","Active",,"20",0,7,1,0.07,27.65,,,,,,,"C-90133-VH4-000",,,,,,,,,,,752120,,,,
69349,6,"2025-08-01T05:07:39.000Z",666,,777,,,"90412-187-000","90412-187-000","Genuine Honda Washer","Genuine Honda Washer",2.02,2.02,,,"GBP",,,,,,"GBP",4.04,"4098","Active",,"20",0,0,1,0,0,,,,,,,"C-90412-187-000",,,,,,,,,,,752121,,,,
69350,6,"2025-08-01T05:07:39.000Z",666,,777,,,"90481-430-000","90481-430-000","BLADE WASHER HONDA","BLADE WASHER HONDA",1.46,1.46,,,"GBP",,,,,,"GBP",3.74,"4098","Active",,"20",0,8,1,11.68,29.92,,,,,,,"C-90481-430-000",,,,,,,,,,,,,,,
69351,6,"2025-08-01T05:07:39.000Z",666,,666,,,"C-90797000","C-90797000","APACHE ROTOVATOR ATTACHMENT FOR P70","APACHE ROTOVATOR ATTACHMENT FOR P70",259,0,,,"GBP",,,,,,"GBP",399,"4017","Active",,"60",0,0,1,0,0,,,,,,,"C-90797000",,,,,,,,,,,752098,,,,
69352,6,"2025-08-01T05:07:39.000Z",666,,777,,,"91003-165","91003-165","CLUTCH CABLE COBRA","CLUTCH CABLE COBRA",26.87,26.87,,,"GBP",,,,,,"GBP",49.95,"4098","Active",,"20",0,-1,1,-26.87,-49.95,,,,,,,"C-91003-165",,,,,,,,,,,,,,,
69353,6,"2025-08-01T05:07:39.000Z",666,,777,,,"93903-25210","93903-25210","Genuine Honda Screw","Genuine Honda Screw",0.82,0.82,,,"GBP",,,,,,"GBP",1.64,"4098","Active",,"20",0,0,1,0,0,,,,,,,"C-93903-25210",,,,,,,,,,,752121,,,,
69354,6,"2025-08-01T05:07:39.000Z",666,,777,,,"94510-15000","94510-15000","Genuine Honda External Circlip 15mm","Genuine Honda External Circlip 15mm",0.74,0.74,,,"GBP",,,,,,"GBP",2.99,"4098","Active",,"20",0,3,1,2.22,8.97,,,,,,,"C-94510-15000",,,,,,,,,,,752121,,,,
69355,6,"2025-08-01T05:07:39.000Z",666,,777,,,"97482","97482","STARTER MOTOR FITS DC24","STARTER MOTOR FITS DC24",12.94,12.94,,,"GBP",,,,,,"GBP",74.23,"4098","Active",,"20",0,4,1,51.76,296.92,,,,,,,"C-97482",,,,,,,,,,,,,,,
69356,6,"2025-08-01T05:07:39.000Z",666,,777,,,"992424","992424","BRIGGS & STRATTON LAWN MOWER COVER","BRIGGS & STRATTON LAWN MOWER COVER",13.5,13.5,,,"GBP",,,,,,"GBP",29.95,"4025","Active",,"82",0,0,1,0,0,,,,,,,"C-992424",,,,,,,,,,,752133,,,,
69357,6,"2025-08-01T05:07:39.000Z",666,"2025-10-28T14:02:57.000Z",24305274,,,"992425","992425","BRIGGS & STRATTON TRACTOR COVER","BRIGGS & STRATTON TRACTOR COVER",22,22,,,"GBP",,,,,,"GBP",59.95,"4025","Active",,"82",0,0,1,0,0,,,,,,,"C-992425",,,,,,,,,,,752133,,,,
69358,6,"2025-08-01T05:07:39.000Z",666,,777,,,"AK473442","AK473442","BELT","BELT",62.79,62.79,,,"GBP",,,,,,"GBP",99.95,"4098","Active",,"20",0,1,1,62.79,99.95,,,,,,,"C-AK473442",,,,,,,,,,,,,,,
69359,6,"2025-08-01T05:07:39.000Z",666,,777,,,"AMZ62PRTYRE","AMZ62PRTYRE","TYRE   -   REAR 62PR","TYRE   -   REAR 62PR",18.49,0,,,"GBP",,,,,,"GBP",49.95,"4098","Active",,"20",0,0,1,0,0,,,,,,,"C-AMZ62PRTYRE",,,,,,,,,,,,,,,
69360,6,"2025-08-01T05:07:39.000Z",666,"2025-11-08T09:42:21.000Z",24305274,,,"AT484A","AT484A","ALPINA AT4 84 A REAR-COLLECT LAWN TRACTOR - SHOP SOILED","ALPINA AT4 84 A REAR-COLLECT LAWN TRACTOR - SHOP SOILED",1125,0,,,"GBP",,,,,,"GBP",1582.5,"4012","Active",,"33",0,-2,1,-2250,-3165,,,,,,,"C-AT484A",,,,,,,,,,,752173,,,,
69361,6,"2025-08-01T05:07:39.000Z",666,,777,,,"BC-241S","BC-241S","OLEO MAC BC-241s PETROL BRUSHCUTTER","OLEO MAC BC-241s PETROL BRUSHCUTTER",219.45,0,,,"GBP",,,,,,"GBP",396,"4012","Active",,"35",0,0,1,0,0,,,,,,,"C-BC-241S",,,,,,,,,,,752095,,,,
69362,6,"2025-08-01T05:07:39.000Z",666,,777,,,"BC300S","BC300S","OLEO-MAC BC 300 S PETROL BRUSCUTTER","OLEO-MAC BC 300 S PETROL BRUSCUTTER",373.72,0,,,"GBP",,,,,,"GBP",468.33,"4000","Active",,"1",0,0,1,0,0,,,,,,,"C-BC300S",,,,,,,,,,,,,,,
69363,6,"2025-08-01T05:07:39.000Z",666,,777,,,"BG150CX","BG150CX","SEALEY BENCH GRINDER 150MM 150W/230V","SEALEY BENCH GRINDER 150MM 150W/230V",32.98,32.98,,,"GBP",,,,,,"GBP",59.95,"4025","Active",,"24",0,1,1,32.98,59.95,,,,,,,"C-BG150CX",,,,,,,,,,,752164,,,,
69364,6,"2025-08-01T05:07:39.000Z",666,,777,,,"BG150XLW/98","BG150XLW/98","SEALEY BENCH GRINDER 150MM WITH WIRE WHEEL 370W/230V","SEALEY BENCH GRINDER 150MM WITH WIRE WHEEL 370W/230V",94.98,94.98,,,"GBP",,,,,,"GBP",171.95,"4025","Active",,"24",0,1,1,94.98,171.95,,,,,,,"C-BG150XLW/98",,,,,,,,,,,752164,,,,
69365,6,"2025-08-01T05:07:39.000Z",666,,777,,,"BP796483","BP796483","BRIGGS & STRATTON GOVERNOR SPRING","BRIGGS & STRATTON GOVERNOR SPRING",6.3,6.3,,,"GBP",,,,,,"GBP",15.12,"4098","Active",,"20",0,0,1,0,0,,,,,,,"C-BP796483",,,,,,,,,,,,,,,
69366,6,"2025-08-01T05:07:39.000Z",666,,777,,,"BSB2AH82","BSB2AH82","SNAPPER 82V BATTERY (2AH)","SNAPPER 82V BATTERY (2AH)",114.98,114.98,,,"GBP",,,,,,"GBP",157.5,"4025","Active",,"59",0,0,1,0,0,,,,,,,"C-BSB2AH82",,,,,,,,,,,752098,,,,
69367,6,"2025-08-01T05:07:39.000Z",666,,777,,,"BT405SH","BT405SH","BERTOLINI BT405SH HONDA ENGINE TWO WHEEL TRACTOR WITH CULTIVATOR","BERTOLINI BT405SH HONDA ENGINE TWO WHEEL TRACTOR WITH CULTIVATOR",1644.18,0,,,"GBP",,,,,,"GBP",2966,"4017","Active",,"37",0,0,1,0,0,,,,,,,"C-BT405SH",,,,,,,,,,,,,,,
69368,6,"2025-08-01T05:07:39.000Z",666,,777,,,"BT413S-9H","BT413S-9H","BERTOLINI BT413S-9H PROFESSIONAL SCYTHE MOWER","BERTOLINI BT413S-9H PROFESSIONAL SCYTHE MOWER",0,0,,,"GBP",,,,,,"GBP",2662.88,"4017","Active",,"37",0,0,1,0,0,,,,,,,"C-BT413S-9H",,,,,,,,,,,,,,,
69369,6,"2025-08-01T05:07:39.000Z",666,,777,,,"BUILDER-LANGHUI","BUILDER-LANGHUI","INSERT MODEL HERE","INSERT MODEL HERE",0.01,0,,,"GBP",,,,,,"GBP",0,"4008","Active",,"199",0,0,0,0,0,,,,,,,"C-BUILDER-LANGHUI",,,,,,,,,,,752066,,,,
69370,6,"2025-08-01T05:07:39.000Z",666,,777,,,"CDC24-4-RTN","CDC24-4-RTN","REFURBISHED SPECTRUM DC24-4","REFURBISHED SPECTRUM DC24-4",0.01,0,,,"GBP",,,,,,"GBP",999,"4011","Active",,"27",0,0,1,0,0,,,,,,,"C-CDC24-4-RTN",,,,,,,,,,,,,,,
69371,6,"2025-08-01T05:07:39.000Z",666,,777,,,"CL20-R-DUO","CL20-R-DUO","SPECTRUM CL20-R-DUO 2.0MM STRIMMER LINE","SPECTRUM CL20-R-DUO 2.0MM STRIMMER LINE",2.45,2.45,,,"GBP",,,,,,"GBP",18.95,"4025","Active",,"26",0,395,1,967.75,7485.25,,,,,,,"C-CL20-R-DUO",,,,,,,,,,,,,,,
69372,6,"2025-08-01T05:07:39.000Z",666,,777,,,"CL24-R-DUO","CL24-R-DUO","SPECTRUM CL24-R-DUO 2.40MM STRIMMER LINE","SPECTRUM CL24-R-DUO 2.40MM STRIMMER LINE",2.45,2.45,,,"GBP",,,,,,"GBP",15.79,"4025","Active",,"26",0,690,1,1690.5,10895.1,,,,,,,"C-CL24-R-DUO",,,,,,,,,,,,,,,
69373,6,"2025-08-01T05:07:39.000Z",666,,777,,,"CL27-R-DUO","CL27-R-DUO","SPECTRUM CL27-R-DUO 2.7MM STRIMMER LINE","SPECTRUM CL27-R-DUO 2.7MM STRIMMER LINE",2.45,2.45,,,"GBP",,,,,,"GBP",18.95,"4025","Active",,"26",0,392,1,960.4,7428.4,,,,,,,"C-CL27-R-DUO",,,,,,,,,,,,,,,
69374,6,"2025-08-01T05:07:39.000Z",666,,777,,,"CL30-R-DUO","CL30-R-DUO","SPECTRUM CL30-R-DUO 3.0MM STRIMMER LINE","SPECTRUM CL30-R-DUO 3.0MM STRIMMER LINE",2.45,2.45,,,"GBP",,,,,,"GBP",18.95,"4025","Active",,"26",0,394,1,965.3,7466.3,,,,,,,"C-CL30-R-DUO",,,,,,,,,,,,,,,
69375,6,"2025-08-01T05:07:39.000Z",666,,777,,,"CL40-R-DUO","CL40-R-DUO","SPECTRUM CL40-R-DUO 4.0MM STRIMMER LINE","SPECTRUM CL40-R-DUO 4.0MM STRIMMER LINE",4.79,4.79,,,"GBP",,,,,,"GBP",39.95,"4025","Active",,"26",0,25,1,119.75,998.75,,,,,,,"C-CL40-R-DUO",,,,,,,,,,,,,,,
69376,6,"2025-08-01T05:07:39.000Z",666,,777,,,"CL40-SQ","CL40-SQ","SPECTRUM CL40-SQ 4.0MM SQUARE STRIMMER LINE","SPECTRUM CL40-SQ 4.0MM SQUARE STRIMMER LINE",4.79,4.79,,,"GBP",,,,,,"GBP",39.95,"4025","Active",,"26",0,78,1,373.62,3116.1,,,,,,,"C-CL40-SQ",,,,,,,,,,,,,,,
69377,6,"2025-08-01T05:07:39.000Z",666,"2025-12-02T15:52:52.000Z",24305274,,,"CV3680XA","CV3680XA","HONDA CV3680XA 36V CHARGER","HONDA CV3680XA 36V CHARGER",35.5,35.5,,,"GBP",,,,,,"GBP",60,"4098","Active",,"81",0,4,1,142,240,,,,,,,"C-CV3680XA",,,,,,,,,,,752120,,,,
69378,6,"2025-08-01T05:07:39.000Z",666,,777,,,"DC24-4-RTN","DC24-4-RTN","REFURBISHED DC24 SPECTRUM COMPACT RIDER","REFURBISHED DC24 SPECTRUM COMPACT RIDER",0.01,0,,,"GBP",,,,,,"GBP",999,"4011","Active",,"27",0,2,1,0.02,1998,,,,,,,"C-DC24-4-RTN",,,,,,,,,,,,,,,
69379,6,"2025-08-01T05:07:39.000Z",666,,777,,,"DC830175","DC830175","SEAT DC24","SEAT DC24",38.59,0,,,"GBP",,,,,,"GBP",84.92,"4000","Active",,"20",0,0,1,0,0,,,,,,,"C-DC830175",,,,,,,,,,,,,,,
69380,6,"2025-08-01T05:07:39.000Z",666,"2025-12-02T15:28:47.000Z",24305282,,,"DCSTRAP","DCSTRAP","RUBBER STRAP FOR GRASS TUBING","RUBBER STRAP FOR GRASS TUBING",6.49,6.49,,,"GBP",,,,,,"GBP",9.99,"4098","Active",,"20",0,-10,1,-64.9,-99.9,,,,,,,"C-DCSTRAP",,,,,,,,,"P1D",,,,,,
69381,6,"2025-08-01T05:07:39.000Z",666,"2025-12-02T15:53:28.000Z",24305274,,,"DP3620XA","DP3620XA","HONDA DP3620XA 2AH BATTERY","HONDA DP3620XA 2AH BATTERY",53.25,53.25,,,"GBP",,,,,,"GBP",90,"4098","Active",,"81",0,3,1,159.75,270,,,,,,,"C-DP3620XA",,,,,,,,,,,752120,,,,
69382,6,"2025-08-01T05:07:39.000Z",666,,777,,,"DP3640XA","DP3640XA","HONDA DP3640XA 4AH BATTERY","HONDA DP3640XA 4AH BATTERY",82.32,82.32,,,"GBP",,,,,,"GBP",140,"4098","Active",,"81",0,0,1,0,0,,,,,,,"C-DP3640XA",,,,,,,,,,,752121,,,,
69383,6,"2025-08-01T05:07:39.000Z",666,"2025-12-02T15:56:02.000Z",24305274,,,"DP3660XA","DP3660XA","HONDA DP3660XA 6AH BATTERY","HONDA DP3660XA 6AH BATTERY",118.33,118.33,,,"GBP",,,,,,"GBP",200,"4098","Active",,"81",0,4,1,473.32,800,,,,,,,"C-DP3660XA",,,,,,,,,,,752120,,,,
69384,6,"2025-08-01T05:07:39.000Z",666,,777,,,"DRY-4L460K","DRY-4L460K","BELT - KEVLAR REINFORCED            BELTA45","BELT - KEVLAR REINFORCED            BELTA45",11.31,11.31,,,"GBP",,,,,,"GBP",25,"4098","Active",,"20",0,0,1,0,0,,,,,,,"C-DRY-4L460K",,,,,,,,,,,,,,,
69385,6,"2025-08-01T05:07:39.000Z",666,,777,,,"E142Q","E142Q","REDBACK E142Q-4AH CORDLESS LAWNMOWER (B&C INCLUDED)","REDBACK E142Q-4AH CORDLESS LAWNMOWER (B&C INCLUDED)",0.01,0,,,"GBP",,,,,,"GBP",169.95,"4010","Active",,"75",0,0,1,0,0,,,,,,,"C-E142Q",,,,,,,,,,,,,,,
69386,6,"2025-08-01T05:07:39.000Z",666,"2026-05-18T10:19:41.000Z",24305274,,,"LBP-56V125","LBP-56V125","ECHO BATTERY PACK 2.5AH 126WH","ECHO BATTERY PACK 2.5AH 126WH",118.13,129.54,,,"GBP",,,,,,"GBP",179,"4025","Active","4025 - MISC","63",0,0,1,0,0,,,,,,,"C-EH-LBP-56V125",,,,,,,,,,,752098,,,,
69387,6,"2025-08-01T05:07:39.000Z",666,,777,,,"EH-MTA-TB","EH-MTA-TB","GRASS TRIMMER ATTACHMENT (ECHO)","GRASS TRIMMER ATTACHMENT (ECHO)",99.25,99.25,,,"GBP",,,,,,"GBP",0,"4098","Active",,"20",0,1,1,99.25,0,,,,,,,"C-EH-MTA-TB",,,,,,,,,,,,,,,
69388,6,"2025-08-01T05:07:39.000Z",666,,777,,,"EL-BA521207490","EL-BA521207490","BELT TOOTHED ELIET 401/E500","BELT TOOTHED ELIET 401/E500",44.64,44.64,,,"GBP",,,,,,"GBP",68.34,"4098","Active",,"20",0,1,1,44.64,68.34,,,,,,,"C-EL-BA521207490",,,,,,,,,,,,,,,
69389,6,"2025-08-01T05:07:39.000Z",666,,777,,,"EL-BL801102000","EL-BL801102000","BEARING ELIET 204-E401","BEARING ELIET 204-E401",31.1,31.1,,,"GBP",,,,,,"GBP",59.95,"4098","Active",,"20",0,3,1,93.3,179.85,,,,,,,"C-EL-BL801102000",,,,,,,,,,,,,,,
69390,6,"2025-08-01T05:07:39.000Z",666,,777,,,"EL-BS502000800","EL-BS502000800","PREVAILING TORQUE TYPE HE","PREVAILING TORQUE TYPE HE",1.16,1.16,,,"GBP",,,,,,"GBP",4.11,"4098","Active",,"20",0,4,1,4.64,16.44,,,,,,,"C-EL-BS502000800",,,,,,,,,,,,,,,
69391,6,"2025-08-01T05:07:39.000Z",666,,777,,,"EL-BS512001016","EL-BS512001016","HEAD SCREWS M10X1","HEAD SCREWS M10X1",1.16,1.16,,,"GBP",,,,,,"GBP",4.11,"4098","Active",,"20",0,1,1,1.16,4.11,,,,,,,"C-EL-BS512001016",,,,,,,,,,,,,,,
69392,6,"2025-08-01T05:07:39.000Z",666,,777,,,"EL-BS532010356","EL-BS532010356","MUDWING REPAIR WASHER 35X","MUDWING REPAIR WASHER 35X",1.16,1.16,,,"GBP",,,,,,"GBP",4.11,"4098","Active",,"20",0,1,1,1.16,4.11,,,,,,,"C-EL-BS532010356",,,,,,,,,,,,,,,
69393,6,"2025-08-01T05:07:39.000Z",666,,777,,,"EL-BS554100816","EL-BS554100816","MUSHROOM HEAD SQUARE NECK","MUSHROOM HEAD SQUARE NECK",1.16,1.16,,,"GBP",,,,,,"GBP",4.11,"4098","Active",,"20",0,4,1,4.64,16.44,,,,,,,"C-EL-BS554100816",,,,,,,,,,,,,,,
69394,6,"2025-08-01T05:07:39.000Z",666,,777,,,"EL-MPA01080510","EL-MPA01080510","SPACER RING 20X45X10MM","SPACER RING 20X45X10MM",18.07,18.07,,,"GBP",,,,,,"GBP",36.88,"4098","Active",,"20",0,2,1,36.14,73.76,,,,,,,"C-EL-MPA01080510",,,,,,,,,,,,,,,
69395,6,"2025-08-01T05:07:39.000Z",666,,777,,,"EL-MPA01080520","EL-MPA01080520","NYLON BUSHING","NYLON BUSHING",13.15,13.15,,,"GBP",,,,,,"GBP",28.53,"4098","Active",,"20",0,1,1,13.15,28.53,,,,,,,"C-EL-MPA01080520",,,,,,,,,,,,,,,
69396,6,"2025-08-01T05:07:39.000Z",666,,777,,,"EP60","EP60","","",0,0,,,"GBP",,,,,,"GBP",0,"4000","Active",,"1",0,0,1,0,0,,,,,,,"C-EP60",,,,,,,,,,,,,,,
69397,6,"2025-08-01T05:07:39.000Z",666,,777,,,"ESTATE384M-RET","ESTATE384M-RET","STIGA ESTATE 384 M LAWN TRACTOR EX DEMO","STIGA ESTATE 384 M LAWN TRACTOR EX DEMO",1125.44,0,,,"GBP",,,,,,"GBP",2000,"4011","Active",,"199",0,0,0,0,0,,,,,,,"C-ESTATE384M-RET",,,,,,,,,,,752173,,,,
69398,6,"2025-08-01T05:07:39.000Z",666,,777,,,"F220","F220","HONDA F220 PETROL MINI TILLER","HONDA F220 PETROL MINI TILLER",865,865,,,"GBP",,,,,,"GBP",0,"4017","Active",,"81",0,1,1,865,0,,,,,,,"C-F220",,,,,,,,,,,,,,,
69399,6,"2025-08-01T05:07:39.000Z",666,"2026-02-04T11:50:27.000Z",24305274,,,"FG320","FG320","HONDA FG320 PETROL COMPACT TILLER","HONDA FG320 PETROL COMPACT TILLER",540.5,530.93,,,"GBP",,,,,,"GBP",783.33,"4017","Active",,"81",0,-1,1,-540.5,-783.33,,,,,,,"C-FG320",,,,,,,,,,,752120,,,,
69400,6,"2025-08-01T05:07:39.000Z",666,,777,,,"G48PK","G48PK","OLEO-MAC G48-PK COMFORT PLUS HAND PROPELLED LAWNMOWER","OLEO-MAC G48-PK COMFORT PLUS HAND PROPELLED LAWNMOWER",257.52,0,,,"GBP",,,,,,"GBP",482.95,"4010","Active",,"37",0,0,1,0,0,,,,,,,"C-G48PK",,,,,,,,,,,,,,,
69401,6,"2025-08-01T05:07:39.000Z",666,,777,,,"G48TBRALLROAD","G48TBRALLROAD","OLEO-MAC G48-TBR ALL ROAD PETROL LAWNMOWER","OLEO-MAC G48-TBR ALL ROAD PETROL LAWNMOWER",495.83,0,,,"GBP",,,,,,"GBP",0,"4010","Active",,"35",0,0,1,0,0,,,,,,,"C-G48TBRALLROAD",,,,,,,,,,,,,,,
69402,6,"2025-08-01T05:07:39.000Z",666,,777,,,"G48TK","G48TK","OLEO-MAC G48-TK ALL COMFORT PLUS SELF PROPELLED LAWNMOWER","OLEO-MAC G48-TK ALL COMFORT PLUS SELF PROPELLED LAWNMOWER",320,0,,,"GBP",,,,,,"GBP",380,"4010","Active",,"35",0,0,1,0,0,,,,,,,"C-G48TK",,,,,,,,,,,,,,,
69403,6,"2025-08-01T05:07:39.000Z",666,,777,,,"GNP070021","GNP070021","DRIVE PULLEY (METAL) GNP560","DRIVE PULLEY (METAL) GNP560",2.77,2.77,,,"GBP",,,,,,"GBP",14.32,"4098","Active",,"20",0,10,1,27.7,143.2,,,,,,,"C-GNP070021",,,,,,,,,,,,,,,
69404,6,"2025-08-01T05:07:39.000Z",666,,777,,,"GNP070047","GNP070047","THROTTLE CABLE GNP560","THROTTLE CABLE GNP560",0.83,0.83,,,"GBP",,,,,,"GBP",19.95,"4098","Active",,"20",0,20,1,16.6,399,,,,,,,"C-GNP070047",,,,,,,,,,,,,,,
69405,6,"2025-08-01T05:07:39.000Z",666,,777,,,"GNP070050","GNP070050","UPPER HANDLE BAR GNP560","UPPER HANDLE BAR GNP560",3.81,3.81,,,"GBP",,,,,,"GBP",26.74,"4098","Active",,"20",0,5,1,19.05,133.7,,,,,,,"C-GNP070050",,,,,,,,,,,,,,,
69406,6,"2025-08-01T05:07:39.000Z",666,,777,,,"GNP070051","GNP070051","CLUTCH CONTROL LEVER (GREEN) GNP560","CLUTCH CONTROL LEVER (GREEN) GNP560",1.18,1.18,,,"GBP",,,,,,"GBP",12.46,"4098","Active",,"20",0,2,1,2.36,24.92,,,,,,,"C-GNP070051",,,,,,,,,,,,,,,
69407,6,"2025-08-01T05:07:39.000Z",666,,777,,,"GNP070052","GNP070052","THROTTLE LEVER ASSY GNP (NO CABLE)","THROTTLE LEVER ASSY GNP (NO CABLE)",0.83,0.83,,,"GBP",,,,,,"GBP",9.22,"4098","Active",,"20",0,15,1,12.45,138.3,,,,,,,"C-GNP070052",,,,,,,,,,,,,,,
69408,6,"2025-08-01T05:07:39.000Z",666,,777,,,"GNP070064","GNP070064","CLUTCH CABLE GNP560","CLUTCH CABLE GNP560",1.4,1.4,,,"GBP",,,,,,"GBP",19.95,"4098","Active",,"20",0,19,1,26.6,379.05,,,,,,,"C-GNP070064",,,,,,,,,,,,,,,
69409,6,"2025-08-01T05:07:39.000Z",666,,777,,,"GNP070070","GNP070070","LOWER BARS GNP560","LOWER BARS GNP560",2.36,2.36,,,"GBP",,,,,,"GBP",16.88,"4098","Active",,"20",0,10,1,23.6,168.8,,,,,,,"C-GNP070070",,,,,,,,,,,,,,,
69410,6,"2025-08-01T05:07:39.000Z",666,,777,,,"GNP070072","GNP070072","LOWER HANDLE BAR FIXING KNOB (BLACK)","LOWER HANDLE BAR FIXING KNOB (BLACK)",0.18,0.18,,,"GBP",,,,,,"GBP",3.72,"4098","Active",,"20",0,20,1,3.6,74.4,,,,,,,"C-GNP070072",,,,,,,,,,,,,,,
69411,6,"2025-08-01T05:07:39.000Z",666,,777,,,"GNP070075","GNP070075","IDLER PULLEY (V-SECTION) GNP560","IDLER PULLEY (V-SECTION) GNP560",0.74,0.74,,,"GBP",,,,,,"GBP",12.88,"4098","Active",,"20",0,10,1,7.4,128.8,,,,,,,"C-GNP070075",,,,,,,,,,,,,,,
69412,6,"2025-08-01T05:07:39.000Z",666,,777,,,"GNP070077","GNP070077","IDLER PULLEY GNP560","IDLER PULLEY GNP560",0.67,0.67,,,"GBP",,,,,,"GBP",12.43,"4098","Active",,"20",0,10,1,6.7,124.3,,,,,,,"C-GNP070077",,,,,,,,,,,,,,,
69413,6,"2025-08-01T05:07:39.000Z",666,,777,,,"GNP070079","GNP070079","BELT (3VX455 TOOTHED 10 X 1155) GNP560","BELT (3VX455 TOOTHED 10 X 1155) GNP560",3.47,3.47,,,"GBP",,,,,,"GBP",29.95,"4098","Active",,"20",0,15,1,52.05,449.25,,,,,,,"C-GNP070079",,,,,,,,,,,,,,,
69414,6,"2025-08-01T05:07:39.000Z",666,,777,,,"GNP070089","GNP070089","SIDE DISCHARGE RUBBER","SIDE DISCHARGE RUBBER",0.9,0.9,,,"GBP",,,,,,"GBP",14.55,"4098","Active",,"20",0,10,1,9,145.5,,,,,,,"C-GNP070089",,,,,,,,,,,,,,,
69415,6,"2025-08-01T05:07:39.000Z",666,,777,,,"GNP070094","GNP070094","WHEEL (INC BEARING) GNP560","WHEEL (INC BEARING) GNP560",4.43,4.43,,,"GBP",,,,,,"GBP",29.95,"4098","Active",,"20",0,10,1,44.3,299.5,,,,,,,"C-GNP070094",,,,,,,,,,,,,,,
69416,6,"2025-08-01T05:07:39.000Z",666,,777,,,"GNP070097","GNP070097","TRAILING RUBBER SHIELD GNP560","TRAILING RUBBER SHIELD GNP560",0.92,0.92,,,"GBP",,,,,,"GBP",14.55,"4098","Active",,"20",0,20,1,18.4,291,,,,,,,"C-GNP070097",,,,,,,,,,,,,,,
69417,6,"2025-08-01T05:07:39.000Z",666,,777,,,"GNP070118","GNP070118","LOWER HANDLE SUPPORT BRACE GNP560","LOWER HANDLE SUPPORT BRACE GNP560",0.5,0.5,,,"GBP",,,,,,"GBP",5.12,"4098","Active",,"20",0,5,1,2.5,25.6,,,,,,,"C-GNP070118",,,,,,,,,,,,,,,
69418,6,"2025-08-01T05:07:39.000Z",666,,777,,,"GNP070120","GNP070120","CLUTCH LEVER GNP560","CLUTCH LEVER GNP560",0.92,0.92,,,"GBP",,,,,,"GBP",17.23,"4098","Active",,"20",0,9,1,8.28,155.07,,,,,,,"C-GNP070120",,,,,,,,,,,,,,,
69419,6,"2025-08-01T05:07:39.000Z",666,,777,,,"GNP560-WT","GNP560-WT","SPECTRUM GNP560-WT WHEELED TRIMMER","SPECTRUM GNP560-WT WHEELED TRIMMER",120.64,122.53,,,"GBP",,,,,,"GBP",349.95,"4025","Active",,"26",0,113,1,13632.32,39544.35,,,,,,,"C-GNP560-WT",,,,,,,,,,,,,,,
69420,6,"2025-08-01T05:07:39.000Z",666,,777,,,"GNPBOLT","GNPBOLT","RUBBER TRAILING BOLT GNP560","RUBBER TRAILING BOLT GNP560",0.63,0.63,,,"GBP",,,,,,"GBP",4.82,"4098","Active",,"20",0,5,1,3.15,24.1,,,,,,,"C-GNPBOLT",,,,,,,,,,,,,,,
69421,6,"2025-08-01T05:07:39.000Z",666,,777,,,"GNPCARB","GNPCARB","CARBURRETTOR GNP560","CARBURRETTOR GNP560",6.42,6.42,,,"GBP",,,,,,"GBP",38.22,"4098","Active",,"20",0,5,1,32.1,191.1,,,,,,,"C-GNPCARB",,,,,,,,,,,,,,,
69422,6,"2025-08-01T05:07:39.000Z",666,,777,,,"GNPHEAD","GNPHEAD","COMPLETE HEAD ASSY GNP560","COMPLETE HEAD ASSY GNP560",9.46,9.46,,,"GBP",,,,,,"GBP",39.95,"4098","Active",,"20",0,20,1,189.2,799,,,,,,,"C-GNPHEAD",,,,,,,,,,,,,,,
69423,6,"2025-08-01T05:07:39.000Z",666,,777,,,"GRASSBOX-FRT75BS125","GRASSBOX-FRT75BS125","FEIDER GRASSBOX FOR FRT75BS125-SD RIDER","FEIDER GRASSBOX FOR FRT75BS125-SD RIDER",0.01,0,,,"GBP",,,,,,"GBP",199.95,"4098","Active",,"1",0,0,1,0,0,,,,,,,"C-GRASSBOX-FRT75BS125",,,,,,,,,,,,,,,
69424,6,"2025-08-01T05:07:39.000Z",666,,777,,,"GSH-560","GSH-560","OLEO-MAC GSH-560 PETROL CHAINSAW (51CM)","OLEO-MAC GSH-560 PETROL CHAINSAW (51CM)",213.6,0,,,"GBP",,,,,,"GBP",268.33,"4016","Active",,"37",0,-1,1,-213.6,-268.33,,,,,,,"C-GSH-560",,,,,,,,,,,,,,,
69425,6,"2025-08-01T05:07:39.000Z",666,,777,,,"GST250","GST250","OLEO-MAC 25CM BAR TOP HANDLE CHAINSAW","OLEO-MAC 25CM BAR TOP HANDLE CHAINSAW",316.43,0,,,"GBP",,,,,,"GBP",571,"4016","Active",,"35",0,0,1,0,0,,,,,,,"C-GST250",,,,,,,,,,,752095,,,,
69426,6,"2025-08-01T05:07:39.000Z",666,,777,,,"GWGD60AB","GWGD60AB","GREENWORKS GD60AB 60v DIGIPRO CORDLESS LEAF-BLOWER (TOOL ONLY)","GREENWORKS GD60AB 60v DIGIPRO CORDLESS LEAF-BLOWER (TOOL ONLY)",86,86,,,"GBP",,,,,,"GBP",185.95,"4012","Active",,"55",0,0,1,0,0,,,,,,,"C-GWGD60AB",,,,,,,,,,,,,,,
69427,6,"2025-08-01T05:07:39.000Z",666,,777,,,"HCS-3810ES","HCS-3810ES","ECHO HCS-3810ES PROFESSIONAL SINGLE-SIDED PETROL HEDGETRIMMER","ECHO HCS-3810ES PROFESSIONAL SINGLE-SIDED PETROL HEDGETRIMMER",412.55,412.55,,,"GBP",,,,,,"GBP",569,"4012","Active",,"63",0,0,1,0,0,,,,,,,"C-HCS-3810ES",,,,,,,,,,,752098,,,,
69428,6,"2025-08-01T05:07:39.000Z",666,,777,,,"HF2317","HF2317","HONDA HF2317 HME LAWN TRACTOR","HONDA HF2317 HME LAWN TRACTOR",2768.63,2768.63,,,"GBP",,,,,,"GBP",4815,"4011","Active",,"81",0,0,1,0,0,,,,,,,"C-HF2317",,,,,,,,,,,752121,,,,
69429,6,"2025-08-01T05:07:39.000Z",666,,777,,,"HF2417K5HT","HF2417K5HT","HONDA HF 2417 HTE PREMIUM GARDEN TRACTOR","HONDA HF 2417 HTE PREMIUM GARDEN TRACTOR",3450,3358,,,"GBP",,,,,,"GBP",5680,"4011","Active",,"81",0,2,1,6900,11360,,,,,,,"C-HF2417K5HT",,,,,,,,,,,752121,,,,
69430,6,"2025-08-01T05:07:39.000Z",666,,777,,,"HF2417KFHM","HF2417KFHM","HONDA HF 2417 HME PREMIUM GARDEN TRACTOR","HONDA HF 2417 HME PREMIUM GARDEN TRACTOR",3205.63,3092.54,,,"GBP",,,,,,"GBP",5280,"4011","Active",,"81",0,0,1,0,0,,,,,,,"C-HF2417KFHM",,,,,,,,,,,752121,,,,
69431,6,"2025-08-01T05:07:39.000Z",666,,777,,,"HF2625HME","HF2625HME","HONDA HF 2625 HME PREMIUM LAWN TRACTOR","HONDA HF 2625 HME PREMIUM LAWN TRACTOR",3933,3828.07,,,"GBP",,,,,,"GBP",4632.5,"4011","Active",,"81",0,3,1,11799,13897.5,,,,,,,"C-HF2625HME",,,,,,,,,,,,,,,
69432,6,"2025-08-01T05:07:39.000Z",666,,777,,,"HF2625HTEH","HF2625HTEH","HONDA HF 2625 HTE PREMIUM LAWN TRACTOR","HONDA HF 2625 HTE PREMIUM LAWN TRACTOR",4174.5,4063.82,,,"GBP",,,,,,"GBP",6875,"4011","Active",,"81",0,-1,1,-4174.5,-6875,,,,,,,"C-HF2625HTEH",,,,,,,,,,,752121,,,,
69433,6,"2025-08-01T05:07:39.000Z",666,"2025-12-22T15:17:11.000Z",24305274,,,"HHB25EW","HHB25EW","HONDA HHB 25 E PETROL LEAF BLOWER","HONDA HHB 25 E PETROL LEAF BLOWER",273.13,268.34,,,"GBP",,,,,,"GBP",450,"4012","Active",,"81",0,0,1,0,0,,,,,,,"C-HHB25EW",,,,,,,,,,,752120,,,,
69434,6,"2025-08-01T05:07:39.000Z",666,,777,,,"HHB36BXBE","HHB36BXBE","HONDA HHB 36 BXB 36V CORDLESS BLOWER (Power Unit)","HONDA HHB 36 BXB 36V CORDLESS BLOWER (Power Unit)",117.74,117.74,,,"GBP",,,,,,"GBP",165.83,"4012","Active",,"81",0,2,1,235.48,331.66,,,,,,,"C-HHB36BXBE",,,,,,,,,,,752121,,,,
69435,6,"2025-08-01T05:07:39.000Z",666,,777,,,"HHC36BXBE","HHC36BXBE","HONDA HHC36 BXB CORDLESS CHAINSAW","HONDA HHC36 BXB CORDLESS CHAINSAW",133.13,133.13,,,"GBP",,,,,,"GBP",187.5,"4012","Active",,"81",0,-1,1,-133.13,-187.5,,,,,,,"C-HHC36BXBE",,,,,,,,,,,752121,,,,
69436,6,"2025-08-01T05:07:39.000Z",666,"2025-11-24T12:24:24.000Z",24305274,,,"FREE TO USE",,"FREE TO USE",,,,,,"GBP",,,,,,"GBP",,"4012","Active",,"66",0,0,1,,,,,,,,,"C-HHH25D75E",,,,,,,,,,,,,,,
69437,6,"2025-08-01T05:07:39.000Z",666,,777,,,"HHH25S75ET","HHH25S75ET","HONDA HHH25S 75ET PETROL HEDGETRIMMER","HONDA HHH25S 75ET PETROL HEDGETRIMMER",411.13,399.63,,,"GBP",,,,,,"GBP",562.5,"4025","Active",,"81",0,1,1,411.13,562.5,,,,,,,"C-HHH25S75ET",,,,,,,,,,,752120,,,,
69438,6,"2025-08-01T05:07:39.000Z",666,,777,,,"HHH36BXBE65T","HHH36BXBE65T","HONDA HHH 36 BXB 36V CORDLESS HEDGE TRIMMER (TOOL ONLY)","HONDA HHH 36 BXB 36V CORDLESS HEDGE TRIMMER (TOOL ONLY)",117.74,117.74,,,"GBP",,,,,,"GBP",165.83,"4012","Active",,"81",0,2,1,235.48,331.66,,,,,,,"C-HHH36BXBE65T",,,,,,,,,,,752121,,,,
69439,6,"2025-08-01T05:07:39.000Z",666,"2025-11-26T10:46:16.000Z",24305274,,,"HHT36BXB","HHT36BXB","HONDA HHT 36 BXB 36V CORDLESS GRASS TRIMMER (TOOL ONLY)","HONDA HHT 36 BXB 36V CORDLESS GRASS TRIMMER (TOOL ONLY)",117.74,117.74,,,"GBP",,,,,,"GBP",165.83,"4012","Active",,"81",0,0,1,0,0,,,,,,,"C-HHT26BXBELT",,,,,,,,,,,752120,,,,
69440,6,"2025-08-01T05:07:39.000Z",666,,777,,,"HP-175","HP-175","THE HANDY 500ML 2 STROKE SEMI-SYNTHETIC ENGINE OIL","THE HANDY 500ML 2 STROKE SEMI-SYNTHETIC ENGINE OIL",2.24,2.12,,,"GBP",,,,,,"GBP",5.95,"4025","Active",,"52",0,19,1,42.56,113.05,,,,,,,"C-HP-175",,,,,,,,,,,752114,,,,
69441,6,"2025-08-01T05:07:39.000Z",666,,777,,,"HP-176","HP-176","THE HANDY 1 LITRE 2 STROKE SEMI-SYNTHETIC ENGINE OIL","THE HANDY 1 LITRE 2 STROKE SEMI-SYNTHETIC ENGINE OIL",3.74,3.62,,,"GBP",,,,,,"GBP",12.95,"4025","Active",,"52",0,8,1,29.92,103.6,,,,,,,"C-HP-176",,,,,,,,,,,752114,,,,
69442,6,"2025-08-01T05:07:39.000Z",666,"2025-11-08T10:55:54.000Z",24305274,,,"HP-196","HP-196","HANDY 10W/30 OIL 1 LTR","HANDY 10W/30 OIL 1 LTR",2.99,2.99,,,"GBP",,,,,,"GBP",7.46,"4025","Active",,"52",0,961,1,2873.39,7169.06,,,,,,,"C-HP-196",,,,,,,,,,,752114,,,,
69443,6,"2025-08-01T05:07:39.000Z",666,"2025-11-11T16:07:08.000Z",24305253,,,"HP-379","HP-379","HANDY LOG SPLITTER OIL 1LT","HANDY LOG SPLITTER OIL 1LT",2.5,2.5,,,"GBP",,,,,,"GBP",9.95,"4025","Active",,"52",0,-2,1,-5,-19.9,,,,,,,"C-HP-379",,,,,,,,,,,752114,,,,
69444,6,"2025-08-01T05:07:39.000Z",666,"2026-05-27T10:50:42.000Z",24305274,,,"HRD536K4HX","HRD536K4HX","HONDA HRD 536 HX PRO SELF-PROPRELLED PETROL LAWN MOWER","HONDA HRD 536 HX PRO SELF-PROPRELLED PETROL LAWN MOWER",1262.13,1155.75,,,"GBP",,,,,,"GBP",1366.67,"4000","Active",,"81",0,1,1,1262.13,1366.67,,,,,,,"C-HRD536K4HX",,,,,,,,,,,752120,,,,
69445,6,"2025-08-01T05:07:39.000Z",666,,777,,,"HRD536K4QX","HRD536K4QX","HONDA HRD 536 QX SELF-PROPELLED REAR ROLLER PETROL LAWN MOWER","HONDA HRD 536 QX SELF-PROPELLED REAR ROLLER PETROL LAWN MOWER",1055.13,1027.82,,,"GBP",,,,,,"GBP",1450,"4010","Active",,"81",0,0,1,0,0,,,,,,,"C-HRD536K4QX",,,,,,,,,,,752121,,,,
69446,6,"2025-08-01T05:07:39.000Z",666,"2026-04-13T10:08:53.000Z",24305253,,,"HRG416PK","HRG416PK","HONDA IZY HRG 416 PK PETROL LAWN MOWER","HONDA IZY HRG 416 PK PETROL LAWN MOWER",270.25,260.67,,,"GBP",,,,,,"GBP",370.83,"4010","Active",,"81",0,4,1,1081,1483.32,,,,,,,"C-HRG416C1PK",,,,,,,,,,,752120,,,,
69447,6,"2025-08-01T05:07:39.000Z",666,"2026-04-13T12:13:24.000Z",24305274,,,"HRG416C1SK","HRG416SK","HONDA IZY HRG 416 SK PETROL LAWN MOWER","HONDA IZY HRG 416 SK PETROL LAWN MOWER",362.25,347.16,,,"GBP",,,,,,"GBP",495.83,"4010","Active",,"81",0,8,1,2898,3966.64,,,,,,,"C-HRG416C1SK",,,,,,,,,,,752120,,,,
69448,6,"2025-08-01T05:07:39.000Z",666,,777,,,"HRG416XB","HRG416XB","HONDA HRG 416 XB CORDLESS LAWNMOWER - IZY","HONDA HRG 416 XB CORDLESS LAWNMOWER - IZY",319.5,310.63,,,"GBP",,,,,,"GBP",425,"4010","Active",,"81",0,1,1,319.5,425,,,,,,,"C-HRG416XB",,,,,,,,,,,752120,,,,
69449,6,"2025-08-01T05:07:39.000Z",666,,777,,,"HRG466C1PK","HRG466C1PK","HONDA IZY HRG 466 PK PETROL LAWN MOWER","HONDA IZY HRG 466 PK PETROL LAWN MOWER",339.25,326.31,,,"GBP",,,,,,"GBP",466.67,"4010","Active",,"81",0,2,1,678.5,933.34,,,,,,,"C-HRG466C1PK",,,,,,,,,,,752121,,,,
69450,6,"2025-08-01T05:07:39.000Z",666,"2026-04-27T14:16:29.000Z",24305274,,,"HRG466C1SK","HRG466C1SK","HONDA IZY HRG 466 SK SELF-PROPELLED PETROL LAWN MOWER","HONDA IZY HRG 466 SK SELF-PROPELLED PETROL LAWN MOWER",419.75,405.95,,,"GBP",,,,,,"GBP",575,"4010","Active",,"81",0,3,1,1259.25,1725,,,,,,,"C-HRG466C1SK",,,,,,,,,,,752120,,,,
69451,6,"2025-08-01T05:07:39.000Z",666,,777,,,"HRG466C1SKEP","HRG466C1SKEP","HONDA IZY HRG 466 SKEP SELF-PROPELLED PETROL LAWNMOWER WITH MULCHING","HONDA IZY HRG 466 SKEP SELF-PROPELLED PETROL LAWNMOWER WITH MULCHING",462.88,445.63,,,"GBP",,,,,,"GBP",633.33,"4010","Active",,"81",0,0,1,0,0,,,,,,,"C-HRG466C1SKEP",,,,,,,,,,,752121,,,,
69452,6,"2025-08-01T05:07:39.000Z",666,,777,,,"HRG466XV","HRG466XV","HONDA IZY HRG 466 XB SELF-PROPELLED CORDLESS LAWN MOWER(TOOL ONLY)","HONDA IZY HRG 466 XB SELF-PROPELLED CORDLESS LAWN MOWER(TOOL ONLY)",372.75,372.75,,,"GBP",,,,,,"GBP",525,"4010","Active",,"81",0,0,1,0,0,,,,,,,"C-HRG466XV",,,,,,,,,,,752121,,,,
69453,6,"2025-08-01T05:07:39.000Z",666,"2026-03-17T14:23:56.000Z",24305274,,,"HRH536K4HX","HRH536K4HX","HONDA HRH 536 HX SELF-PROPELLED PETROL LAWN MOWER","HONDA HRH 536 HX SELF-PROPELLED PETROL LAWN MOWER",1196,1196,,,"GBP",,,,,,"GBP",1733.33,"4010","Active",,"81",0,2,1,2392,3466.66,,,,,,,"C-HRH536K4HX",,,,,,,,,,,752120,,,,
69454,6,"2025-08-01T05:07:39.000Z",666,"2026-03-17T14:24:20.000Z",24305274,,,"HRH536K4QX","HRH536K4QX","HONDA HRH 536 QX SELF-PROPELLED REAR ROLLER PETROL LAWN MOWER","HONDA HRH 536 QX SELF-PROPELLED REAR ROLLER PETROL LAWN MOWER",1332.5,1293,,,"GBP",,,,,,"GBP",1816.67,"4010","Active",,"81",0,1,1,1332.5,1816.67,,,,,,,"C-HRH536K4QX",,,,,,,,,,,752120,,,,
69455,6,"2025-08-01T05:07:39.000Z",666,,777,,,"HRM1000","HRM1000","HONDA HRM1000 MIIMO ROBOTIC MOWER","HONDA HRM1000 MIIMO ROBOTIC MOWER",754.38,754.38,,,"GBP",,,,,,"GBP",1062.5,"4020","Active",,"81",0,4,1,3017.52,4250,,,,,,,"C-HRM1000",,,,,,,,,,,752120,,,,
69456,6,"2025-08-01T05:07:39.000Z",666,,777,,,"HRM1500","HRM1500","HONDA HRM1500 MIIMO ROBOT MOWER","HONDA HRM1500 MIIMO ROBOT MOWER",976.25,1035.42,,,"GBP",,,,,,"GBP",1375,"4020","Active",,"81",0,1,1,976.25,1375,,,,,,,"C-HRM1500",,,,,,,,,,,752120,,,,
69457,6,"2025-08-01T05:07:39.000Z",666,,777,,,"HRM1500BC","HRM1500BC","HONDA HRM1500 LIVE MIIMO ROBOTIC MOWER","HONDA HRM1500 LIVE MIIMO ROBOTIC MOWER",1153.75,1153.75,,,"GBP",,,,,,"GBP",1625,"4020","Active",,"81",0,4,1,4615,6500,,,,,,,"C-HRM1500BC",,,,,,,,,,,752120,,,,
69458,6,"2025-08-01T05:07:39.000Z",666,,777,,,"HRM2500","HRM2500","HONDA MIIMO HRM2500 ROBOT MOWER","HONDA MIIMO HRM2500 ROBOT MOWER",1286.88,1286.88,,,"GBP",,,,,,"GBP",1812.5,"4020","Active",,"81",0,0,1,0,0,,,,,,,"C-HRM2500",,,,,,,,,,,752120,,,,
69459,6,"2025-08-01T05:07:39.000Z",666,,777,,,"HRM4000","HRM4000","HONDA HRM4000 LIVE MIIMO ROBOTIC MOWER","HONDA HRM4000 LIVE MIIMO ROBOTIC MOWER",1772.04,1772.04,,,"GBP",,,,,,"GBP",2495.83,"4020","Active",,"81",0,0,1,0,0,,,,,,,"C-HRM4000",,,,,,,,,,,752120,,,,
69460,6,"2025-08-01T05:07:39.000Z",666,"2025-12-12T15:53:58.000Z",24305274,,,"HRN536C2VK","HRN536C2VK","HONDA HRN 536 VK SELF-PROPELLED PETROL LAWN MOWER","HONDA HRN 536 VK SELF-PROPELLED PETROL LAWN MOWER",540.5,524.53,,,"GBP",,,,,,"GBP",741.67,"4010","Active",,"81",0,-1,1,-540.5,-741.67,,,,,,,"C-HRN536C2VK",,,,,,,,,,,752120,,,,
69461,6,"2025-08-01T05:07:39.000Z",666,,777,,,"HRN536C2VY","HRN536C2VY","HONDA HRN536VY LAWNMOWER - BBC","HONDA HRN536VY LAWNMOWER - BBC",600.88,590.34,,,"GBP",,,,,,"GBP",825,"4010","Active",,"81",0,2,1,1201.76,1650,,,,,,,"C-HRN536C2VY",,,,,,,,,,,752120,,,,
69462,6,"2025-08-01T05:07:39.000Z",666,,777,,,"HRX476C2HY","HRX476C2HY","HONDA HRX 476 HY SELF-PROPELLED PETROL LAWN MOWER","HONDA HRX 476 HY SELF-PROPELLED PETROL LAWN MOWER",753.25,753.25,,,"GBP",,,,,,"GBP",1091.67,"4010","Active",,"81",0,0,1,0,0,,,,,,,"C-HRX476C2HY",,,,,,,,,,,752121,,,,
69463,6,"2025-08-01T05:07:39.000Z",666,,777,,,"HRX476C2VY","HRX476C2VY","HONDA HRX 476 VY SELF-PROPELLED PETROL LAWN MOWER","HONDA HRX 476 VY SELF-PROPELLED PETROL LAWN MOWER",753.25,753.25,,,"GBP",,,,,,"GBP",1091.67,"4010","Active",,"81",0,2,1,1506.5,2183.34,,,,,,,"C-HRX476C2VY",,,,,,,,,,,752121,,,,
69464,6,"2025-08-01T05:07:39.000Z",666,"2026-03-17T14:27:06.000Z",24305274,,,"HRX476QY","HRX476QY","HONDA HRX 476 QY ROLLER LAWNMOWER","HONDA HRX 476 QY ROLLER LAWNMOWER",796.38,779.13,,,"GBP",,,,,,"GBP",1091.67,"4010","Active",,"81",0,4,1,3185.52,4366.68,,,,,,,"C-HRX476QY",,,,,,,,,,,752120,,,,
69465,6,"2025-08-01T05:07:39.000Z",666,"2026-03-17T14:32:04.000Z",24305274,,,"HRX476XB","HRX476XB","HONDA HRX 476 XB CORDLESS LAWNMOWER","HONDA HRX 476 XB CORDLESS LAWNMOWER",433.33,570.19,,,"GBP",,,,,,"GBP",665,"4010","Active",,"81",0,1,1,433.33,665,,,,,,,"C-HRX476XB",,,,,,,,,,,752120,,,,
69466,6,"2025-08-01T05:07:39.000Z",666,,777,,,"HRX537HY","HRX537HY","HONDA HRX537HY VARIABLE SPEED LAWNMOWER","HONDA HRX537HY VARIABLE SPEED LAWNMOWER",966,966,,,"GBP",,,,,,"GBP",1325,"4010","Active",,"81",0,2,1,1932,2650,,,,,,,"C-HRX537HY",,,,,,,,,,,752120,,,,
69467,6,"2025-08-01T05:07:39.000Z",666,,777,,,"HS600-1-01","HS600-1-01","HANDLE SLEEVE FITS STF600-PRO","HANDLE SLEEVE FITS STF600-PRO",0,0,,,"GBP",,,,,,"GBP",0,"4098","Active",,"20",0,0,1,0,0,,,,,,,"C-HS600-1-01",,,,,,,,,,,,,,,
69468,6,"2025-08-01T05:07:39.000Z",666,,777,,,"HS600-1-02","HS600-1-02","BLADE ROLLER CLUTCH COMPLETE HANDLE FITS STF600-PRO","BLADE ROLLER CLUTCH COMPLETE HANDLE FITS STF600-PRO",0,0,,,"GBP",,,,,,"GBP",0,"4098","Active",,"20",0,0,1,0,0,,,,,,,"C-HS600-1-02",,,,,,,,,,,,,,,
69469,6,"2025-08-01T05:07:39.000Z",666,,777,,,"HS600-1-06","HS600-1-06","CLUTCH HANDLE SLEEVE FITS STF600-PRO","CLUTCH HANDLE SLEEVE FITS STF600-PRO",0,0,,,"GBP",,,,,,"GBP",0,"4098","Active",,"20",0,0,1,0,0,,,,,,,"C-HS600-1-06",,,,,,,,,,,,,,,
69470,6,"2025-08-01T05:07:39.000Z",666,,777,,,"HS600-1-07HJ","HS600-1-07HJ","CLUTCH HANDLE FITS STF600-PRO","CLUTCH HANDLE FITS STF600-PRO",0,0,,,"GBP",,,,,,"GBP",0,"4098","Active",,"20",0,0,1,0,0,,,,,,,"C-HS600-1-07HJ",,,,,,,,,,,,,,,
69471,6,"2025-08-01T05:07:39.000Z",666,,777,,,"HS600-1-10","HS600-1-10","DRIVE BELT CLUTCH CABLE STF600-PRO","DRIVE BELT CLUTCH CABLE STF600-PRO",0,0,,,"GBP",,,,,,"GBP",0,"4098","Active",,"20",0,0,1,0,0,,,,,,,"C-HS600-1-10",,,,,,,,,,,,,,,
69472,6,"2025-08-01T05:07:39.000Z",666,,777,,,"HS600-1-12","HS600-1-12","DRIVE CLUTCH COMPLETE HANDLE FITS STF600-PRO","DRIVE CLUTCH COMPLETE HANDLE FITS STF600-PRO",0,0,,,"GBP",,,,,,"GBP",0,"4098","Active",,"20",0,0,1,0,0,,,,,,,"C-HS600-1-12",,,,,,,,,,,,,,,
69473,6,"2025-08-01T05:07:39.000Z",666,,777,,,"HS600-1-13","HS600-1-13","DRIVE CLUTCH CABLE FITS STF600-PRO","DRIVE CLUTCH CABLE FITS STF600-PRO",0,0,,,"GBP",,,,,,"GBP",0,"4098","Active",,"20",0,0,1,0,0,,,,,,,"C-HS600-1-13",,,,,,,,,,,,,,,
69474,6,"2025-08-01T05:07:39.000Z",666,,777,,,"HS600-1-14","HS600-1-14","ON/OFF SWITCH AND CABLE FITS STF600-PRO","ON/OFF SWITCH AND CABLE FITS STF600-PRO",0,0,,,"GBP",,,,,,"GBP",0,"4098","Active",,"20",0,0,1,0,0,,,,,,,"C-HS600-1-14",,,,,,,,,,,,,,,
69475,6,"2025-08-01T05:07:39.000Z",666,,777,,,"HS600-1-35","HS600-1-35","FRONT WHEEL FITS STF600-PRO","FRONT WHEEL FITS STF600-PRO",0,0,,,"GBP",,,,,,"GBP",0,"4098","Active",,"20",0,-1,1,0,0,,,,,,,"C-HS600-1-35",,,,,,,,,,,,,,,
69476,6,"2025-08-01T05:07:39.000Z",666,,777,,,"HS600-1-47HJ","HS600-1-47HJ","BLADE MOUNTING POINT FITS STF600-PRO","BLADE MOUNTING POINT FITS STF600-PRO",0,0,,,"GBP",,,,,,"GBP",0,"4098","Active",,"20",0,0,1,0,0,,,,,,,"C-HS600-1-47HJ",,,,,,,,,,,,,,,
69477,6,"2025-08-01T05:07:39.000Z",666,,777,,,"HS600-1-48","HS600-1-48","ANGLE BLADES FOR SPECTRUM STF600-PRO","ANGLE BLADES FOR SPECTRUM STF600-PRO",0,0,,,"GBP",,,,,,"GBP",0,"4098","Active",,"20",0,0,1,0,0,,,,,,,"C-HS600-1-48",,,,,,,,,,,,,,,
69478,6,"2025-08-01T05:07:39.000Z",666,,777,,,"HS600-1-49","HS600-1-49","STRAIGHT BLADE FITS STF600-PRO","STRAIGHT BLADE FITS STF600-PRO",0,0,,,"GBP",,,,,,"GBP",0,"4098","Active",,"20",0,0,1,0,0,,,,,,,"C-HS600-1-49",,,,,,,,,,,,,,,
69479,6,"2025-08-01T05:07:39.000Z",666,,777,,,"HS600-1-50","HS600-1-50","LEFT WHEEL FITS STF600-PRO","LEFT WHEEL FITS STF600-PRO",0,0,,,"GBP",,,,,,"GBP",0,"4098","Active",,"20",0,0,1,0,0,,,,,,,"C-HS600-1-50",,,,,,,,,,,,,,,
69480,6,"2025-08-01T05:07:39.000Z",666,,777,,,"HS600-1-53","HS600-1-53","RIGHT WHEEL FITS STF600-PRO","RIGHT WHEEL FITS STF600-PRO",0,0,,,"GBP",,,,,,"GBP",0,"4098","Active",,"20",0,0,1,0,0,,,,,,,"C-HS600-1-53",,,,,,,,,,,,,,,
69481,6,"2025-08-01T05:07:39.000Z",666,,777,,,"HS600-1-61","HS600-1-61","SPRING FITS STF600-PRO","SPRING FITS STF600-PRO",0,0,,,"GBP",,,,,,"GBP",0,"4098","Active",,"20",0,0,1,0,0,,,,,,,"C-HS600-1-61",,,,,,,,,,,,,,,
69482,6,"2025-08-01T05:07:39.000Z",666,,777,,,"HS600-3230","HS600-3230","SPLIT PIN FITS STF600-PRO","SPLIT PIN FITS STF600-PRO",0,0,,,"GBP",,,,,,"GBP",0,"4098","Active",,"20",0,0,1,0,0,,,,,,,"C-HS600-3230",,,,,,,,,,,,,,,
69483,6,"2025-08-01T05:07:39.000Z",666,,777,,,"HS600-4LXP1020","HS600-4LXP1020","BELT FITS STF600-PRO (A39)","BELT FITS STF600-PRO (A39)",0,0,,,"GBP",,,,,,"GBP",0,"4098","Active",,"20",0,-2,1,0,0,,,,,,,"C-HS600-4LXP1020",,,,,,,,,,,,,,,
69484,6,"2025-08-01T05:07:39.000Z",666,,777,,,"HS600-4LXP835","HS600-4LXP835","BELT FITS STF600-PRO (A31.5)","BELT FITS STF600-PRO (A31.5)",0,0,,,"GBP",,,,,,"GBP",0,"4098","Active",,"20",0,0,1,0,0,,,,,,,"C-HS600-4LXP835",,,,,,,,,,,,,,,
69485,6,"2025-08-01T05:07:39.000Z",666,,777,,,"HS600-M1235","HS600-M1235","PIN SHAFT FITS STF600-PRO","PIN SHAFT FITS STF600-PRO",0,0,,,"GBP",,,,,,"GBP",0,"4098","Active",,"20",0,0,1,0,0,,,,,,,"C-HS600-M1235",,,,,,,,,,,,,,,
69486,6,"2025-08-01T05:07:39.000Z",666,,777,,,"HV5047345-01","HV5047345-01","Genuine Husqvarna RIDER Front Mower Height Adjuster","Genuine Husqvarna RIDER Front Mower Height Adjuster",66.09,66.09,,,"GBP",,,,,,"GBP",145,"4098","Active",,"20",0,1,1,66.09,145,,,,,,,"C-HV5047345-01",,,,,,,,,,,752107,,,,
69488,6,"2025-08-01T05:07:39.000Z",666,,777,,,"KR0301000","KR0301000","KRAMP 3.0MM STARTER CORD (1FEET)","KRAMP 3.0MM STARTER CORD (1FEET)",0.03,0.03,,,"GBP",,,,,,"GBP",1.3,"4098","Active",,"28",0,0,1,0,0,,,,,,,"C-KR0301000",,,,,,,,,,,752133,,,,
69489,6,"2025-08-01T05:07:39.000Z",666,,777,,,"L0060900","L0060900","BERTOLINI TOW HITCH - FOR BT401S","BERTOLINI TOW HITCH - FOR BT401S",28.33,0,,,"GBP",,,,,,"GBP",41.67,"4096","Active",,"37",0,0,1,0,0,,,,,,,"C-L0060900",,,,,,,,,,,,,,,
69490,6,"2025-08-01T05:07:39.000Z",666,,777,,,"L0100000","L0100000","BERTOLINI SINGLE-SHARE PLOUGH - FOR BT401S","BERTOLINI SINGLE-SHARE PLOUGH - FOR BT401S",143.1,0,,,"GBP",,,,,,"GBP",143.29,"4025","Active",,"37",0,0,1,0,0,,,,,,,"C-L0100000",,,,,,,,,,,,,,,
69491,6,"2025-08-01T05:07:39.000Z",666,,777,,,"L0103200","L0103200","BERTOLINI FURROWING TOOL - FOR BT401S","BERTOLINI FURROWING TOOL - FOR BT401S",106,0,,,"GBP",,,,,,"GBP",106.63,"4025","Active",,"37",0,0,1,0,0,,,,,,,"C-L0103200",,,,,,,,,,,,,,,
69492,6,"2025-08-01T05:07:39.000Z",666,,777,,,"L0103400","L0103400","BERTOLINI TOOL HOLDER - FOR BT401S","BERTOLINI TOOL HOLDER - FOR BT401S",70.49,0,,,"GBP",,,,,,"GBP",105.83,"4025","Active",,"37",0,0,1,0,0,,,,,,,"C-L0103400",,,,,,,,,,,,,,,
69493,6,"2025-08-01T05:07:39.000Z",666,"2025-10-03T15:09:50.000Z",777,,,"LALS53P422CEGLA","LALS53P422CEGLA","GLADIATOR LAWNMOWER 53CM /  21"" 224CC""","GLADIATOR LAWNMOWER 53CM /  21"" 224CC""",641.08,641.08,,,"GBP",,,,,,"GBP",915.83,"4010","Active",,"66",0,0,1,0,0,,,,,,,"C-LALS53P422CEGLA",,,,,,,,,,,752098,,,,
69494,6,"2025-08-01T05:07:39.000Z",666,,777,,,"LBP-36-150","LBP-36-150","ECHO 40V 4Ah LITHIUM-ION BATTERY","ECHO 40V 4Ah LITHIUM-ION BATTERY",111.14,111.14,,,"GBP",,,,,,"GBP",120.83,"4025","Active",,"63",0,0,1,0,0,,,,,,,"C-LBP-36-150",,,,,,,,,,,,,,,
69495,6,"2025-08-01T05:07:39.000Z",666,,777,,,"LBP-50-250","LBP-50-250","ECHO 5.0Ah BATTERY","ECHO 5.0Ah BATTERY",174.78,174.78,,,"GBP",,,,,,"GBP",269,"4096","Active",,"63",0,-1,1,-174.78,-269,,,,,,,"C-LBP-50-250",,,,,,,,,,,752098,,,,
69496,6,"2025-08-01T05:07:39.000Z",666,,777,,,"LC300ST","LC300ST","HEAVY-DUTY LOG STAND 230MM CAPACITY","HEAVY-DUTY LOG STAND 230MM CAPACITY",60,60,,,"GBP",,,,,,"GBP",124.95,"4025","Active",,"24",0,-4,1,-240,-499.8,,,,,,,"C-LC300ST",,,,,,,,,,,752164,,,,
69497,6,"2025-08-01T05:07:39.000Z",666,"2026-05-18T10:48:11.000Z",24305274,,,"LCJQ-560","LCJQ-560","ECHO 56v BATTERY CHARGER","ECHO 56v BATTERY CHARGER",72.67,70.4,,,"GBP",,,,,,"GBP",109,"4096","Active",,"63",0,0,1,0,0,,,,,,,"C-LCJQ-560",,,,,,,,,,,752098,,,,
69498,6,"2025-08-01T05:07:39.000Z",666,,777,,,"LM5360HXARPROHS","LM5360HXARPROHS","DANARM LM5360 LAWNMOWER ROLLER HYDRO DRIVE","DANARM LM5360 LAWNMOWER ROLLER HYDRO DRIVE",910,910,,,"GBP",,,,,,"GBP",1125,"4010","Active",,"73",0,0,1,0,0,,,,,,,"C-LM5360HXARPROHS",,,,,,,,,,,,,,,
69499,6,"2025-08-01T05:07:39.000Z",666,,777,,,"LR53-TK","LR53-TK","EFCO LR53-TK ALLROAD +4 PETROL LAWNMOWER","EFCO LR53-TK ALLROAD +4 PETROL LAWNMOWER",391,0,,,"GBP",,,,,,"GBP",486.67,"4010","Active",,"36",0,0,1,0,0,,,,,,,"C-LR53-TK",,,,,,,,,,,,,,,
69500,6,"2025-08-01T05:07:39.000Z",666,,777,,,"LW130310-04560","LW130310-04560","AIR FILTER   MANTIS","AIR FILTER   MANTIS",3.21,3.21,,,"GBP",,,,,,"GBP",6.42,"4098","Active",,"20",0,0,1,0,0,,,,,,,"C-LW130310-04560",,,,,,,,,,,,,,,
69501,6,"2025-08-01T05:07:39.000Z",666,,777,,,"LW130326-11522","LW130326-11522","AIR FILTER HOUSING LID     MANTIS","AIR FILTER HOUSING LID     MANTIS",8.75,8.75,,,"GBP",,,,,,"GBP",17.5,"4098","Active",,"20",0,0,1,0,0,,,,,,,"C-LW130326-11522",,,,,,,,,,,,,,,
69502,6,"2025-08-01T05:07:39.000Z",666,,777,,,"LW438LA-2","LW438LA-2","BLADE TINE LH   MANTIS","BLADE TINE LH   MANTIS",33.46,33.46,,,"GBP",,,,,,"GBP",66.92,"4098","Active",,"20",0,0,1,0,0,,,,,,,"C-LW438LA-2",,,,,,,,,,,,,,,
69503,6,"2025-08-01T05:07:39.000Z",666,,777,,,"LW438RA-2","LW438RA-2","BLADE TINE RH    MANTIS","BLADE TINE RH    MANTIS",33.46,33.46,,,"GBP",,,,,,"GBP",66.92,"4098","Active",,"20",0,0,1,0,0,,,,,,,"C-LW438RA-2",,,,,,,,,,,,,,,
69504,6,"2025-08-01T05:07:39.000Z",666,,777,,,"M210","M210","APACHE M210 PROFRESSIONAL SICKLE-BAR MOWER","APACHE M210 PROFRESSIONAL SICKLE-BAR MOWER",908.4,0,,,"GBP",,,,,,"GBP",1179,"4017","Active",,"60",0,0,1,0,0,,,,,,,"C-M210",,,,,,,,,,,,,,,
69505,6,"2025-08-01T05:07:39.000Z",666,,777,,,"MA773401","MA773401","MASPORT ROTAROLA RRSP22 GRASS BOX","MASPORT ROTAROLA RRSP22 GRASS BOX",80.7,80.7,,,"GBP",,,,,,"GBP",129.12,"4098","Active",,"57",0,0,1,0,0,,,,,,,"C-MA773401",,,,,,,,,,,752098,,,,
69506,6,"2025-08-01T05:07:39.000Z",666,,777,,,"MASP-478751","MASP-478751","MASPORT CONTRACTOR 21 VARIABLE SPEED PETROL MOWER","MASPORT CONTRACTOR 21 VARIABLE SPEED PETROL MOWER",690,0,,,"GBP",,,,,,"GBP",1149,"4010","Active",,"57",0,0,1,0,0,,,,,,,"C-MASP-478751",,,,,,,,,,,752098,,,,
69507,6,"2025-08-01T05:07:39.000Z",666,,777,,,"MO118551572/0","MO118551572/0","FUEL FILTER","FUEL FILTER",3.5,3.5,,,"GBP",,,,,,"GBP",9.82,"4098","Active",,"20",0,5,1,17.5,49.1,,,,,,,"C-MO118551572/0",,,,,,,,,,,,,,,
69508,6,"2025-08-01T05:07:39.000Z",666,,777,,,"MS465743","MS465743","Masport 300 AL L Push Petrol Lawn Mower (LONCIN ENGINE)","Masport 300 AL L Push Petrol Lawn Mower (LONCIN ENGINE)",254.8,254.8,,,"GBP",,,,,,"GBP",389,"4010","Active",,"57",0,0,1,0,0,,,,,,,"C-MS465743",,,,,,,,,,,752098,,,,
69510,6,"2025-08-01T05:07:39.000Z",666,,777,,,"MTF66MQ-RTN","MTF66MQ-RTN","MOUNTFIELD MTF66MQ RIDER - EX DEMO MODEL","MOUNTFIELD MTF66MQ RIDER - EX DEMO MODEL",750,750,,,"GBP",,,,,,"GBP",1299,"4011","Active",,"199",0,3,0,2250,3897,,,,,,,"C-MTF66MQ-RTN",,,,,,,,,,,752173,,,,
69511,6,"2025-08-01T05:07:39.000Z",666,,777,,,"OW19-A-80","OW19-A-80","B&W AIR FILTER W/ PRE FILTER","B&W AIR FILTER W/ PRE FILTER",8.19,8.19,,,"GBP",,,,,,"GBP",17.64,"4098","Active",,"20",0,0,1,0,0,,,,,,,"C-OW19-A-80",,,,,,,,,,,,,,,
69512,6,"2025-08-01T05:07:39.000Z",666,,777,,,"PB-2620","PB-2620","ECHO PB-2620 HANDHELD PETROL LEAF-BLOWER","ECHO PB-2620 HANDHELD PETROL LEAF-BLOWER",200.85,200.85,,,"GBP",,,,,,"GBP",215.83,"4012","Active",,"36",0,0,1,0,0,,,,,,,"C-PB-2620",,,,,,,,,,,,,,,
69513,6,"2025-08-01T05:07:39.000Z",666,"2026-04-02T14:21:52.000Z",24305274,,,"PFC-10G-M","PFC-10G-M","SPECTRUM PFC-10G-M FUEL CAN - 10 LTR METAL.","SPECTRUM PFC-10G-M FUEL CAN - 10 LTR METAL",6.59,6.59,,,"GBP",,,,,,"GBP",24.96,"4019","Active",,"26",0,-57,1,-375.63,-1422.72,,,,,,,"C-PFC-10G-M",,,,,,,,,,,,,,,
69514,6,"2025-08-01T05:07:39.000Z",666,,777,,,"PFC-10R-P","PFC-10R-P","SPECTRUM PFC-10R-P FUEL CAN - 10 LTR PLASTIC","SPECTRUM PFC-10R-P FUEL CAN - 10 LTR PLASTIC",4.09,4.09,,,"GBP",,,,,,"GBP",13.74,"4019","Active",,"26",0,173,1,707.57,2377.02,,,,,,,"C-PFC-10R-P",,,,,,,,,,,,,,,
69515,6,"2025-08-01T05:07:39.000Z",666,"2026-03-29T13:44:25.000Z",24305283,,,"PFC-20G-M","PFC-20G-M","SPECTRUM PFC-20G-M FUEL CAN - 20 LTR METAL","SPECTRUM PFC-20G-M FUEL CAN - 20 LTR METAL",14.99,12.33,,,"GBP",,,,,,"GBP",39,"4019","Active",,"26",0,55,1,824.45,2145,,,,,,,"C-PFC-20G-M",,,,,,,,,,,,,,,
69516,6,"2025-08-01T05:07:39.000Z",666,"2026-03-29T20:03:52.000Z",24305283,,,"PFC-20R-P","PFC-20R-P","SPECTRUM PFC-20R-P FUEL CAN - 20 LTR Heavy Duty Anti Spill","SPECTRUM PFC-20R-P FUEL CAN - 20 LTR Red  With anti spill spout all in one - East to use handle in base. ",6.27,6.27,,,"GBP",,,,,,"GBP",24,"4019","Active",,"26",0,468,1,2934.36,11232,,,,,,,"C-PFC-20R-P",,,,,,,,,,,,,,,
69517,6,"2025-08-01T05:07:39.000Z",666,,777,,,"PFC-5R-P","PFC-5R-P","SPECTRUM PFC-5R-P FUEL CAN - 5 LTR PLASTIC","SPECTRUM PFC-5R-P FUEL CAN - 5 LTR PLASTIC",3.13,3.13,,,"GBP",,,,,,"GBP",8.29,"4019","Active",,"26",0,326,1,1020.38,2702.54,,,,,,,"C-PFC-5R-P",,,,,,,,,,,,,,,
69518,6,"2025-08-01T05:07:39.000Z",666,,777,,,"PFC-SPOUT","PFC-SPOUT","SPECTRUM JERRY CAN SPOUT - PFC-SPOUT","SPECTRUM JERRY CAN SPOUT - PFC-SPOUT",1.66,1.66,,,"GBP",,,,,,"GBP",8.29,"4019","Active",,"26",0,96,1,159.36,795.84,,,,,,,"C-PFC-SPOUT",,,,,,,,,,,,,,,
69519,6,"2025-08-01T05:07:39.000Z",666,,777,,,"RM-520ES","RM-520ES","ECHO RM-520ES BACKPACK BRUSHCUTTER","ECHO RM-520ES BACKPACK BRUSHCUTTER",649.35,649.35,,,"GBP",,,,,,"GBP",715.83,"4000","Active",,"63",0,0,1,0,0,,,,,,,"C-RM-520ES",,,,,,,,,,,,,,,
69520,6,"2025-08-01T05:07:39.000Z",666,,777,,,"RUIKENGINE","RUIKENGINE","COMPLETE RUIKAILI ENGINE","COMPLETE RUIKAILI ENGINE",125,0,,,"GBP",,,,,,"GBP",150,"4098","Active",,"20",0,0,1,0,0,,,,,,,"C-RUIKENGINE",,,,,,,,,,,,,,,
69521,6,"2025-08-01T05:07:39.000Z",666,,777,,,"SGN000443006","SGN000443006","THROTTLE CABLE","THROTTLE CABLE",14.31,14.31,,,"GBP",,,,,,"GBP",34.57,"4098","Active",,"20",0,0,1,0,0,,,,,,,"C-SGN000443006",,,,,,,,,,,752095,,,,
69522,6,"2025-08-01T05:07:39.000Z",666,,777,,,"SM57/ST","SM57/ST","SEALEY BENCH GRINDER STAND","SEALEY BENCH GRINDER STAND",77.98,77.98,,,"GBP",,,,,,"GBP",139.95,"4025","Active",,"24",0,1,1,77.98,139.95,,,,,,,"C-SM57/ST",,,,,,,,,,,752164,,,,
69523,6,"2025-08-01T05:07:39.000Z",666,,777,,,"SP51H-RFB","SP51H-RFB","REFURBISHED MOUNTFIELD SP51H","REFURBISHED MOUNTFIELD SP51H",258.33,0,,,"GBP",,,,,,"GBP",310,"4000","Active",,"31",0,1,1,258.33,310,,,,,,,"C-SP51H-RFB",,,,,,,,,,,,,,,
69524,6,"2025-08-01T05:07:39.000Z",666,,777,,,"SP53H-E-RET","SP53H-E-RET","MOUNTFIELD SP53H-E ELITE 3-IN-1 SELF-PROPELLED PETROL LAWNMOWER (WITH ELECTRIC-START HONDA ENGINE) RETURN","MOUNTFIELD SP53H-E ELITE 3-IN-1 SELF-PROPELLED PETROL LAWNMOWER (WITH ELECTRIC-START HONDA ENGINE) RETURN",278.61,0,,,"GBP",,,,,,"GBP",366.22,"4010","Active",,"31",0,1,0,278.61,366.22,,,,,,,"C-SP53H-E-RET",,,,,,,,,,,,,,,
69525,6,"2025-08-01T05:07:39.000Z",666,,777,,,"SP555V-RTN","SP555V-RTN","MOUNTFIELD SP555V LAWNMOWER - EX DEMO","MOUNTFIELD SP555V LAWNMOWER - EX DEMO",407.03,0,,,"GBP",,,,,,"GBP",499.99,"4010","Active",,"199",0,0,0,0,0,,,,,,,"C-SP555V-RTN",,,,,,,,,,,752173,,,,
69526,6,"2025-08-01T05:07:39.000Z",666,,777,,,"SPARTA-250-TR","SPARTA-250-TR","OLEO-MAC SPARTA 250-TR LOW EMISSION CURVED SHAFT PETROL STRIMMER","OLEO-MAC SPARTA 250-TR LOW EMISSION CURVED SHAFT PETROL STRIMMER",147.1,0,,,"GBP",,,,,,"GBP",289,"4012","Active",,"35",0,0,1,0,0,,,,,,,"C-SPARTA-250-TR",,,,,,,,,,,,,,,
69527,6,"2025-08-01T05:07:39.000Z",666,,777,,,"SPBC8","SPBC8","SEALEY SPBC8 FULLY AUTOMATIC BATTERY MAINTAINER/CHARGER 8A","SEALEY SPBC8 FULLY AUTOMATIC BATTERY MAINTAINER/CHARGER 8A",57.98,0,,,"GBP",,,,,,"GBP",97.95,"4098","Active",,"24",0,-2,1,-115.96,-195.9,,,,,,,"C-SPBC8",,,,,,,,,,,752164,,,,
69528,6,"2025-08-01T05:07:39.000Z",666,,777,,,"SRM-237TESL","SRM-237TESL","ECHO SRM-237TESL HIGH-TORQUE PETROL BRUSHCUTTER","ECHO SRM-237TESL HIGH-TORQUE PETROL BRUSHCUTTER",221.54,221.54,,,"GBP",,,,,,"GBP",290.83,"4012","Active",,"63",0,0,1,0,0,,,,,,,"C-SRM-237TESL",,,,,,,,,,,,,,,
69529,6,"2025-08-01T05:07:39.000Z",666,,777,,,"SSBCE","SSBCE","HONDA SSBCE BRUSHCUTTER ATTACHMENT - VERSATOOL","HONDA SSBCE BRUSHCUTTER ATTACHMENT - VERSATOOL",120.25,116.14,,,"GBP",,,,,,"GBP",154.17,"4025","Active",,"81",0,2,1,240.5,308.34,,,,,,,"C-SSBCE",,,,,,,,,,,752120,,,,
69530,6,"2025-08-01T05:07:39.000Z",666,,777,,,"SSCLE","SSCLE","HONDA SSCLE CULTIVATOR ATTACHMENT - VERSATOOL","HONDA SSCLE CULTIVATOR ATTACHMENT - VERSATOOL",175.75,175.75,,,"GBP",,,,,,"GBP",237.5,"4025","Active",,"81",0,1,1,175.75,237.5,,,,,,,"C-SSCLE",,,,,,,,,,,752120,,,,
69531,6,"2025-08-01T05:07:39.000Z",666,,777,,,"SSESLE","SSESLE","HONDA 22ESLE EXTENSION PIPE - VERSATOOL","HONDA 22ESLE EXTENSION PIPE - VERSATOOL",77.08,77.08,,,"GBP",,,,,,"GBP",104.17,"4025","Active",,"81",0,1,1,77.08,104.17,,,,,,,"C-SSESLE",,,,,,,,,,,752120,,,,
69532,6,"2025-08-01T05:07:39.000Z",666,,777,,,"SSHFLE","SSHFLE","HONDA SSHFLE LONG REACH HEDGETRIMMER ATTACH - VERSATOOL","HONDA SSHFLE LONG REACH HEDGETRIMMER ATTACH - VERSATOOL",231.25,225.09,,,"GBP",,,,,,"GBP",295.83,"4025","Active",,"81",0,2,1,462.5,591.66,,,,,,,"C-SSHFLE",,,,,,,,,,,752120,,,,
69533,6,"2025-08-01T05:07:39.000Z",666,,777,,,"SSHH","SSHH","HONDA SSHH SE HEDGE TRIMMER ATTACHMENT - VERSATOOL","HONDA SSHH SE HEDGE TRIMMER ATTACHMENT - VERSATOOL",222,215.99,,,"GBP",,,,,,"GBP",283.33,"4025","Active",,"81",0,2,1,444,566.66,,,,,,,"C-SSHH",,,,,,,,,,,752120,,,,
69534,6,"2025-08-01T05:07:39.000Z",666,,777,,,"SSPPE","SSPPE","HONDA SSPPE PRUNER ATTACHEMENT - VERSATOOL","HONDA SSPPE PRUNER ATTACHEMENT - VERSATOOL",169.58,169.58,,,"GBP",,,,,,"GBP",229.17,"4025","Active",,"81",0,0,1,0,0,,,,,,,"C-SSPPE",,,,,,,,,,,752120,,,,
69535,6,"2025-08-01T05:07:39.000Z",666,,777,,,"STF600-PRO","STF600-PRO","SPECTRUM STF600-PRO PETROL FLAIL MOWER","SPECTRUM STF600-PRO PETROL FLAIL MOWER",401.04,401.04,,,"GBP",,,,,,"GBP",2999.95,"4025","Active",,"26",0,-1,1,-401.04,-2999.95,,,,,,,"C-STF600-PRO",,,,,,,,,,,,,,,
69536,6,"2025-08-01T05:07:39.000Z",666,,777,,,"SW106.2.0032.00.02","SW106.2.0032.00.02","CARBURETTOR GASKET   SW4200","CARBURETTOR GASKET   SW4200",1,0,,,"GBP",,,,,,"GBP",4.99,"4098","Active",,"20",0,0,1,0,0,,,,,,,"C-SW106.2.0032.00.02",,,,,,,,,,,,,,,
69537,6,"2025-08-01T05:07:39.000Z",666,,777,,,"SW106.2.0036.00.03","SW106.2.0036.00.03","AIR FILTER GASKET    SW4200","AIR FILTER GASKET    SW4200",0.5,0,,,"GBP",,,,,,"GBP",2.98,"4098","Active",,"20",0,0,1,0,0,,,,,,,"C-SW106.2.0036.00.03",,,,,,,,,,,,,,,
69538,6,"2025-08-01T05:07:39.000Z",666,,777,,,"SW106.2.0083.00.01","SW106.2.0083.00.01","ROCKER COVER GASKET   SW4200","ROCKER COVER GASKET   SW4200",0.98,0,,,"GBP",,,,,,"GBP",4.98,"4098","Active",,"20",0,0,1,0,0,,,,,,,"C-SW106.2.0083.00.01",,,,,,,,,,,,,,,
69539,6,"2025-08-01T05:07:39.000Z",666,,777,,,"SW106.2.2800.00.01","SW106.2.2800.00.01","ROCKER COVER   SW4200","ROCKER COVER   SW4200",1.53,0,,,"GBP",,,,,,"GBP",13.82,"4098","Active",,"20",0,0,1,0,0,,,,,,,"C-SW106.2.2800.00.01",,,,,,,,,,,,,,,
69540,6,"2025-08-01T05:07:39.000Z",666,,777,,,"SW106.2.3000.00.30","SW106.2.3000.00.30","COIL & LEAD    SW4200","COIL & LEAD    SW4200",2.12,0,,,"GBP",,,,,,"GBP",18.33,"4098","Active",,"20",0,0,1,0,0,,,,,,,"C-SW106.2.3000.00.30",,,,,,,,,,,,,,,
69541,6,"2025-08-01T05:07:39.000Z",666,,777,,,"SW106.2.3100.40.DW","SW106.2.3100.40.DW","RECOIL ASSY   SW4200","RECOIL ASSY   SW4200",1.42,0,,,"GBP",,,,,,"GBP",24.94,"4098","Active",,"20",0,0,1,0,0,,,,,,,"C-SW106.2.3100.40.DW",,,,,,,,,,,,,,,
69542,6,"2025-08-01T05:07:39.000Z",666,,777,,,"SW106.2.3300.00.39","SW106.2.3300.00.39","CARBURETTOR ASSY   SW4200","CARBURETTOR ASSY   SW4200",1.32,0,,,"GBP",,,,,,"GBP",39.95,"4098","Active",,"1",0,0,1,0,0,,,,,,,"C-SW106.2.3300.00.39",,,,,,,,,,,,,,,
69543,6,"2025-08-01T05:07:39.000Z",666,,777,,,"SW106.2.3400.00.01","SW106.2.3400.00.01","AIR FILTER","AIR FILTER",0.63,0,,,"GBP",,,,,,"GBP",11.32,"4098","Active",,"20",0,0,1,0,0,,,,,,,"C-SW106.2.3400.00.01",,,,,,,,,,,,,,,
69544,6,"2025-08-01T05:07:39.000Z",666,,777,,,"SW106.2.3600.40.70","SW106.2.3600.40.70","FUEL TANK ASSY   SW4200","FUEL TANK ASSY   SW4200",1.44,0,,,"GBP",,,,,,"GBP",24.95,"4098","Active",,"20",0,0,1,0,0,,,,,,,"C-SW106.2.3600.40.70",,,,,,,,,,,,,,,
69545,6,"2025-08-01T05:07:39.000Z",666,,777,,,"SW11544-AX660-SJN","SW11544-AX660-SJN","BELT FITS SW4200","BELT FITS SW4200",2,0,,,"GBP",,,,,,"GBP",23.98,"4098","Active",,"20",0,0,1,0,0,,,,,,,"C-SW11544-AX660-SJN",,,,,,,,,,,,,,,
69546,6,"2025-08-01T05:07:39.000Z",666,,777,,,"SW420-EXPERT","SW420-EXPERT","SPECTRUM SW420 EXPERT 2 IN 1 PETROL SCARIFIER","SPECTRUM SW420 EXPERT 2 IN 1 PETROL SCARIFIER",123.81,120.94,,,"GBP",,,,,,"GBP",374.96,"4013","Active",,"26",0,97,1,12009.57,36371.12,,,,,,,"C-SW420-EXPERT",,,,,,,,,,,,,,,
69547,6,"2025-08-01T05:07:39.000Z",666,,777,,,"SW420-RTN","SW420-RTN","SPECTRUM SW420 SCARIFIER REFURB","SPECTRUM SW420 SCARIFIER REFURB",0.01,0,,,"GBP",,,,,,"GBP",0,"4000","Active",,"26",0,1,1,0.01,0,,,,,,,"C-SW420-RTN",,,,,,,,,,,,,,,
69548,6,"2025-08-01T05:07:39.000Z",666,,777,,,"SW4200CAP","SW4200CAP","FUEL CAP  SW4200","FUEL CAP  SW4200",0.99,0,,,"GBP",,,,,,"GBP",11.97,"4098","Active",,"20",0,0,1,0,0,,,,,,,"C-SW4200CAP",,,,,,,,,,,,,,,
69549,6,"2025-08-01T05:07:39.000Z",666,,777,,,"SW48100-000050","SW48100-000050","BELT GUARD COVER FITS SW4200","BELT GUARD COVER FITS SW4200",1,0,,,"GBP",,,,,,"GBP",19.98,"4098","Active",,"20",0,0,1,0,0,,,,,,,"C-SW48100-000050",,,,,,,,,,,,,,,
69550,6,"2025-08-01T05:07:39.000Z",666,,777,,,"SW65100-000032","SW65100-000032","BOLT FITS SW4200","BOLT FITS SW4200",0.1,0,,,"GBP",,,,,,"GBP",2.46,"4098","Active",,"20",0,0,1,0,0,,,,,,,"C-SW65100-000032",,,,,,,,,,,,,,,
69551,6,"2025-08-01T05:07:39.000Z",666,,777,,,"SW65115-000059-111","SW65115-000059-111","BLADE ENGAGEMENT HANDLE   SW4200","BLADE ENGAGEMENT HANDLE   SW4200",2.15,0,,,"GBP",,,,,,"GBP",12.75,"4098","Active",,"20",0,0,1,0,0,,,,,,,"C-SW65115-000059-111",,,,,,,,,,,,,,,
69552,6,"2025-08-01T05:07:39.000Z",666,,777,,,"SW65144-000700-111","SW65144-000700-111","HANDLE BAR QUICK RELEASE NUT   SW4200","HANDLE BAR QUICK RELEASE NUT   SW4200",0.42,0,,,"GBP",,,,,,"GBP",3.98,"4098","Active",,"20",0,0,1,0,0,,,,,,,"C-SW65144-000700-111",,,,,,,,,,,,,,,
69553,6,"2025-08-01T05:07:39.000Z",666,,777,,,"SW68100-000024-W","SW68100-000024-W","GRASS BOX ROD   SW4200","GRASS BOX ROD   SW4200",0.62,0,,,"GBP",,,,,,"GBP",4.94,"4098","Active",,"20",0,0,1,0,0,,,,,,,"C-SW68100-000024-W",,,,,,,,,,,,,,,
69554,6,"2025-08-01T05:07:39.000Z",666,,777,,,"SW68100-000025","SW68100-000025","FLAP SPRING FITS SW4200","FLAP SPRING FITS SW4200",0.1,0,,,"GBP",,,,,,"GBP",2.68,"4098","Active",,"20",0,0,1,0,0,,,,,,,"C-SW68100-000025",,,,,,,,,,,,,,,
69555,6,"2025-08-01T05:07:39.000Z",666,,777,,,"SW68100-000800-898","SW68100-000800-898","GRASS BAG NETTING FITS SW4200","GRASS BAG NETTING FITS SW4200",2,0,,,"GBP",,,,,,"GBP",19.98,"4098","Active",,"20",0,0,1,0,0,,,,,,,"C-SW68100-000800-898",,,,,,,,,,,,,,,
69556,6,"2025-08-01T05:07:39.000Z",666,,777,,,"SW68100-001000-001","SW68100-001000-001","GRASS BAG FRAME   SW42000","GRASS BAG FRAME   SW42000",2.11,0,,,"GBP",,,,,,"GBP",18.42,"4098","Active",,"20",0,0,1,0,0,,,,,,,"C-SW68100-001000-001",,,,,,,,,,,,,,,
69557,6,"2025-08-01T05:07:39.000Z",666,,777,,,"SW68100-001200","SW68100-001200","BLADE ENGAGEMENT CABLE FITS SW4200","BLADE ENGAGEMENT CABLE FITS SW4200",1,0,,,"GBP",,,,,,"GBP",24.98,"4098","Active",,"20",0,0,1,0,0,,,,,,,"C-SW68100-001200",,,,,,,,,,,,,,,
69558,6,"2025-08-01T05:07:39.000Z",666,,777,,,"SW68100-001510","SW68100-001510","BELT TENSIONING PLATE   SW4200","BELT TENSIONING PLATE   SW4200",1.62,0,,,"GBP",,,,,,"GBP",13.55,"4098","Active",,"20",0,0,1,0,0,,,,,,,"C-SW68100-001510",,,,,,,,,,,,,,,
69559,6,"2025-08-01T05:07:39.000Z",666,,777,,,"SW68100-001530","SW68100-001530","BELT TENSIONER PULLEY   SW4200","BELT TENSIONER PULLEY   SW4200",1.67,0,,,"GBP",,,,,,"GBP",16.45,"4098","Active",,"20",0,0,1,0,0,,,,,,,"C-SW68100-001530",,,,,,,,,,,,,,,
69560,6,"2025-08-01T05:07:39.000Z",666,,777,,,"SW68100-001600Z-111","SW68100-001600Z-111","HEIGHT OF CUT HANDLE   SW4200","HEIGHT OF CUT HANDLE   SW4200",1.11,0,,,"GBP",,,,,,"GBP",12.48,"4098","Active",,"20",0,0,1,0,0,,,,,,,"C-SW68100-001600Z-111",,,,,,,,,,,,,,,
69561,6,"2025-08-01T05:07:39.000Z",666,,777,,,"SW68100-001603-E","SW68100-001603-E","PLATE FITS SW4200","PLATE FITS SW4200",1,0,,,"GBP",,,,,,"GBP",9.98,"4098","Active",,"20",0,0,1,0,0,,,,,,,"C-SW68100-001603-E",,,,,,,,,,,,,,,
69562,6,"2025-08-01T05:07:39.000Z",666,,777,,,"SW68110-000900-111","SW68110-000900-111","THROTTLE CABLE ASSEMBLY SW4200","THROTTLE CABLE ASSEMBLY SW4200",2,0,,,"GBP",,,,,,"GBP",12.98,"4098","Active",,"20",0,0,1,0,0,,,,,,,"C-SW68110-000900-111",,,,,,,,,,,,,,,
69563,6,"2025-08-01T05:07:39.000Z",666,,777,,,"SW896-6-B","SW896-6-B","E RINGS FITS SW4200","E RINGS FITS SW4200",0.1,0,,,"GBP",,,,,,"GBP",0.96,"4098","Active",,"20",0,0,1,0,0,,,,,,,"C-SW896-6-B",,,,,,,,,,,,,,,
69564,6,"2025-08-01T05:07:39.000Z",666,,777,,,"SWBLADE","SWBLADE","BLADE CASSETTE   SW4200","BLADE CASSETTE   SW4200",10.41,0,,,"GBP",,,,,,"GBP",44.98,"4098","Active",,"20",0,0,1,0,0,,,,,,,"C-SWBLADE",,,,,,,,,,,,,,,
69565,6,"2025-08-01T05:07:39.000Z",666,,777,,,"SWQ28-000000AF","SWQ28-000000AF","COMPLETE ENGINE   SW4200","COMPLETE ENGINE   SW4200",21.17,0,,,"GBP",,,,,,"GBP",189.44,"4098","Active",,"20",0,0,1,0,0,,,,,,,"C-SWQ28-000000AF",,,,,,,,,,,,,,,
69566,6,"2025-08-01T05:07:39.000Z",666,,777,,,"SWSPIKE","SWSPIKE","SPIKE CASSETTE   SW4200","SPIKE CASSETTE   SW4200",10.16,0,,,"GBP",,,,,,"GBP",44.66,"4098","Active",,"20",0,0,1,0,0,,,,,,,"C-SWSPIKE",,,,,,,,,,,,,,,
69567,6,"2025-08-01T05:07:39.000Z",666,"2026-03-24T17:20:49.000Z",24305274,,,"T84H","T84H","HARRY T84H TRACTOR 33"" DECK 432CC ENGINE""","HARRY T84H TRACTOR 33"" DECK 432CC ENGINE""",1296.9,1392.39,,,"GBP",,,,,,"GBP",2200,"4011","Active",,"62",0,0,1,0,0,,,,,,,"C-T84H",,,,,,,,,,,752098,,,,
69568,6,"2025-08-01T05:07:39.000Z",666,,777,,,"T92H","T92H","HARRY T92H TRACTOR 36"" DECK 432CC ENGINE""","HARRY T92H TRACTOR 36"" DECK 432CC ENGINE""",1449.9,1502.93,,,"GBP",,,,,,"GBP",2699,"4011","Active",,"62",0,3,1,4349.7,8097,,,,,,,"C-T92H",,,,,,,,,,,752098,,,,
69569,6,"2025-08-01T05:07:39.000Z",666,,777,,,"TB51S11-RTN","TB51S11-RTN","RUIKAILI TB51S11 SELF-PROPELLED PETROL LAWNMOWER - EX DEMO","RUIKAILI TB51S11 SELF-PROPELLED PETROL LAWNMOWER - EX DEMO",0.01,0,,,"GBP",,,,,,"GBP",0,"4010","Active",,"99",0,1,1,0.01,0,,,,,,,"C-TB51S11-RTN",,,,,,,,,,,,,,,
69570,6,"2025-08-01T05:07:39.000Z",666,"2025-11-12T16:24:02.000Z",24305274,,,"TBA30DUN","TBA30DUN","DRIVE BELT   62PR A30","DRIVE BELT   62PR A30",2.22,2.22,,,"GBP",,,,,,"GBP",39.95,"4098","Active",,"20",0,6,1,13.32,239.7,,,,,,,"C-TBA30DUN",,,,,,,,,"1E",,,,,,
69571,6,"2025-08-01T05:07:39.000Z",666,,777,,,"TG11000179","TG11000179","BELT GUARD   TG51","BELT GUARD   TG51",0.76,0.76,,,"GBP",,,,,,"GBP",6.54,"4098","Active",,"20",0,17,1,12.92,111.18,,,,,,,"C-TG11000179",,,,,,,,,,,,,,,
69572,6,"2025-08-01T05:07:39.000Z",666,,777,,,"TG12000160","TG12000160","LOWER HANDLE  TG56","LOWER HANDLE  TG56",3.77,0,,,"GBP",,,,,,"GBP",18.95,"4098","Active",,"20",0,0,1,0,0,,,,,,,"C-TG12000160",,,,,,,,,,,,,,,
69573,6,"2025-08-01T05:07:39.000Z",666,,777,,,"TG14100040","TG14100040","DRIVE CABLE TG51 TG56","DRIVE CABLE TG51 TG56",0.66,0.97,,,"GBP",,,,,,"GBP",26.88,"4098","Active",,"20",0,1,1,0.66,26.88,,,,,,,"C-TG14100040",,,,,,,,,,,,,,,
69574,6,"2025-08-01T05:07:39.000Z",666,,777,,,"TG173OHV","TG173OHV","COMPLETE ENGINE ASSY SPECTRUM 173CC","COMPLETE ENGINE ASSY SPECTRUM 173CC",42.44,0,,,"GBP",,,,,,"GBP",91.95,"4098","Active",,"20",0,0,1,0,0,,,,,,,"C-TG173OHV",,,,,,,,,,,,,,,
69575,6,"2025-08-01T05:07:39.000Z",666,,777,,,"TG29000016","TG29000016","BREATHER PIPE","BREATHER PIPE",0.38,0,,,"GBP",,,,,,"GBP",3.44,"4098","Active",,"20",0,0,1,0,0,,,,,,,"C-TG29000016",,,,,,,,,,,,,,,
69576,6,"2025-08-01T05:07:39.000Z",666,,777,,,"TG29000019","TG29000019","FUEL PIPE","FUEL PIPE",0.42,0,,,"GBP",,,,,,"GBP",3.6,"4098","Active",,"20",0,0,1,0,0,,,,,,,"C-TG29000019",,,,,,,,,,,,,,,
69577,6,"2025-08-01T05:07:39.000Z",666,"2026-04-14T14:06:26.000Z",24305274,,,"TG40PD","TG40PD","SPECTRUM TG40PD SELF PROPELLED PETROL LAWNMOWER","SPECTRUM TG40PD SELF PROPELLED PETROL LAWNMOWER",69.23,69.31,,,"GBP",,,,,,"GBP",124.96,"4010","Inactive",,"26",0,0,1,0,0,,,,,,,"C-TG40PD",,,,,,,,,,,,,,,
69578,6,"2025-08-01T05:07:39.000Z",666,,777,,,"TG40PD-RET","TG40PD-RET","SPECTRUM TG40PD RETURN","SPECTRUM TG40PD RETURN",70.03,0,,,"GBP",,,,,,"GBP",178.95,"4010","Active",,"27",0,15,0,1050.45,2684.25,,,,,,,"C-TG40PD-RET",,,,,,,,,,,,,,,
69579,6,"2025-08-01T05:07:39.000Z",666,"2026-05-08T10:16:56.000Z",24305285,,,"TG40SE","TG40SE","SPECTRUM TG40SE LAWNMOWER WITH ELECTRIC START","SPECTRUM TG40SE LAWNMOWER WITH ELECTRIC START",83.46,83.77,,,"GBP",,,,,,"GBP",379.95,"4010","Active",,"26",0,40,1,3338.4,15198,,,,,,,"C-TG40SE",,,,,,,,,,,,,,,
69580,6,"2025-08-01T05:07:39.000Z",666,"2025-12-19T10:05:57.000Z",24305274,,,"TG40SE-RET","TG40SE-RET","SPECTRUM TG40SE LAWNMOWER - REFURBISHED","SPECTRUM TG40SE LAWNMOWER - REFURBISHED",89,0,,,"GBP",,,,,,"GBP",0,"4010","Active",,"27",0,-3,0,-267,0,,,,,,,"C-TG40SE-RET",,,,,,,,,,,,,,,
69581,6,"2025-08-01T05:07:39.000Z",666,,777,,,"TG48-PRO","TG48-PRO","SPECTRUM TG48-PRO VARIABLE SPEED PETROL LAWNMOWER","SPECTRUM TG48-PRO VARIABLE SPEED PETROL LAWNMOWER",193.66,193.11,,,"GBP",,,,,,"GBP",649.95,"4000","Active",,"26",0,79,1,15299.14,51346.05,,,,,,,"C-TG48-PRO",,,,,,,,,,,,,,,
69582,6,"2025-08-01T05:07:39.000Z",666,,777,,,"TG50-UTILITY","TG50-UTILITY","SPECTRUM TG50-UTILITY LAWNMOWER","SPECTRUM TG50-UTILITY LAWNMOWER",79.41,81.74,,,"GBP",,,,,,"GBP",249.96,"4010","Active",,"26",0,31,1,2461.71,7748.76,,,,,,,"C-TG50-UTILITY",,,,,,,,,,,,,,,
69583,6,"2025-08-01T05:07:39.000Z",666,,777,,,"TG51PD","TG51PD","SPECTRUM TG51PD SELF-PROPELLED PETROL LAWNMOWER","SPECTRUM TG51PD SELF-PROPELLED PETROL LAWNMOWER",78.85,82.51,,,"GBP",,,,,,"GBP",199.95,"4010","Active",,"26",0,-5,1,-394.25,-999.75,,,,,,,"C-TG51PD",,,,,,,,,,,,,,,
69584,6,"2025-08-01T05:07:39.000Z",666,,777,,,"TG51PD-RET","TG51PD-RET","SPECTRUM TG51PD LAWNMOWER - RETURN MODEL","SPECTRUM TG51PD LAWNMOWER - RETURN MODEL",82.14,82.14,,,"GBP",,,,,,"GBP",149.96,"4010","Active",,"199",0,-4,0,-328.56,-599.84,,,,,,,"C-TG51PD-RET",,,,,,,,,,,752173,,,,
69585,6,"2025-08-01T05:07:39.000Z",666,,777,,,"TG56-PRO","TG56-PRO","SPECTRUM TG56-PRO LAWNMOWER","SPECTRUM TG56-PRO LAWNMOWER",204.62,204.62,,,"GBP",,,,,,"GBP",458.29,"4010","Active",,"26",0,78,1,15960.36,35746.62,,,,,,,"C-TG56-PRO",,,,,,,,,,,,,,,
69586,6,"2025-08-01T05:07:39.000Z",666,"2025-10-30T14:26:11.000Z",24305274,,,"TG60FTTR","TG60FTTR","SPECTRUM TG60FTTR PETROL CULTIVATOR","SPECTRUM TG60FTTR PETROL CULTIVATOR",138.07,128.6,,,"GBP",,,,,,"GBP",399.95,"4017","Active",,"26",0,38,1,5246.66,15198.1,,,,,,,"C-TG60FTTR",,,,,,,,,,,,,,,
69587,6,"2025-08-01T05:07:39.000Z",666,,777,,,"TG60FTTR-RTN","TG60FTTR-RTN","SPECTRUM TG60FTTR PETROL CULTIVATOR RETURN","SPECTRUM TG60FTTR PETROL CULTIVATOR RETURN",130.46,0,,,"GBP",,,,,,"GBP",299.95,"4017","Active",,"27",0,0,1,0,0,,,,,,,"C-TG60FTTR-RTN",,,,,,,,,,,,,,,
69588,6,"2025-08-01T05:07:39.000Z",666,,777,,,"THET","THET","HANDY THET 800W ELECTRIC TILLER/CULTIVATOR","HANDY THET 800W ELECTRIC TILLER/CULTIVATOR",82.8,0,,,"GBP",,,,,,"GBP",132.95,"4019","Active",,"52",0,0,1,0,0,,,,,,,"C-THET",,,,,,,,,,,,,,,
69589,6,"2025-08-01T05:07:39.000Z",666,,777,,,"THGR92P","THGR92P","HANDY 92CM TOWED ROLLER","HANDY 92CM TOWED ROLLER",143.75,0,,,"GBP",,,,,,"GBP",249.95,"4025","Active",,"52",0,0,1,0,0,,,,,,,"C-THGR92P",,,,,,,,,,,752114,,,,
69590,6,"2025-08-01T05:07:39.000Z",666,,777,,,"TY5-7STAND","TY5-7STAND","SPECTRUM LOG SPLITTER STAND FOR 5T AND 7T LOG SPLITTERS","SPECTRUM LOG SPLITTER STAND FOR 5T AND 7T LOG SPLITTERS",19.17,19.17,,,"GBP",,,,,,"GBP",69.95,"4025","Active",,"26",0,89,1,1706.13,6225.55,,,,,,,"C-TY5-7STAND",,,,,,,,,,,,,,,
69591,6,"2025-08-01T05:07:39.000Z",666,,777,,,"TY5000H","TY5000H","SPECTRUM TY5000H 5 TONNE LOG SPLITTER","SPECTRUM TY5000H 5 TONNE LOG SPLITTER",116.92,116.32,,,"GBP",,,,,,"GBP",349.95,"4025","Active",,"26",0,11,1,1286.12,3849.45,,,,,,,"C-TY5000H",,,,,,,,,,,,,,,
69592,6,"2025-08-01T05:07:39.000Z",666,,777,,,"TY7000H","TY7000H","SPECTRUM TY7000H 7 TONNE LOG SPLITTER","SPECTRUM TY7000H 7 TONNE LOG SPLITTER",132.88,135.97,,,"GBP",,,,,,"GBP",208.29,"4025","Active",,"26",0,21,1,2790.48,4374.09,,,,,,,"C-TY7000H",,,,,,,,,,,,,,,
69593,6,"2025-08-01T05:07:39.000Z",666,,777,,,"TY8000V","TY8000V","SPECTRUM TY8000V 8-TONNE VERTICAL ELECTRIC LOG SPLITTER","SPECTRUM TY8000V 8-TONNE VERTICAL ELECTRIC LOG SPLITTER",230.57,233.98,,,"GBP",,,,,,"GBP",599.95,"4025","Active",,"26",0,16,1,3689.12,9599.2,,,,,,,"C-TY8000V",,,,,,,,,,,,,,,
69594,6,"2025-08-01T05:07:39.000Z",666,"2026-03-11T13:35:27.000Z",24305274,,,"UMC425E","UMC425E","HONDA VERSATOOL UMC425 MULTI TOOL","HONDA VERSATOOL UMC425 MULTI TOOL",276,276,,,"GBP",,,,,,"GBP",400,"4012","Active",,"81",0,2,1,552,800,,,,,,,"C-UMC425E",,,,,,,,,,,752120,,,,
69595,6,"2025-08-01T05:07:39.000Z",666,"2026-04-27T14:21:33.000Z",24305274,,,"UMK425E2LE","UMK425E2LE","HONDA UMK 425 LE 4-STROKE BRUSHCUTTER","HONDA UMK 425 LE 4-STROKE BRUSHCUTTER",313.38,300.44,,,"GBP",,,,,,"GBP",429.17,"4012","Active",,"81",0,0,1,0,0,,,,,,,"C-UMK425E2LE",,,,,,,,,,,752120,,,,
69596,6,"2025-08-01T05:07:39.000Z",666,,777,,,"VS256S-TLE27","VS256S-TLE27","DANARM VS256S-TLE27 SEMI-PROFESSIONAL PETROL BRUSHCUTTER","DANARM VS256S-TLE27 SEMI-PROFESSIONAL PETROL BRUSHCUTTER",226.85,0,,,"GBP",,,,,,"GBP",349,"4012","Active",,"73",0,0,1,0,0,,,,,,,"C-VS256S-TLE27",,,,,,,,,,,,,,,
69597,6,"2025-08-01T05:07:39.000Z",666,,777,,,"WP43349A","WP43349A","PRE FILTER - QUANTUM","PRE FILTER - QUANTUM",0.84,0,,,"GBP",,,,,,"GBP",4.95,"4098","Active",,"20",0,-22,1,-18.48,-108.9,,,,,,,"C-WP43349A",,,,,,,,,,,752114,,,,
69598,6,"2025-08-01T05:07:39.000Z",666,,777,,,"WP70572","WP70572","FUNNEL WITH FILTER 165MM","FUNNEL WITH FILTER 165MM",2.32,2.32,,,"GBP",,,,,,"GBP",6.97,"4025","Active",,"52",0,0,1,0,0,,,,,,,"C-WP70572",,,,,,,,,,,752114,,,,
69599,6,"2025-08-01T05:07:39.000Z",666,,777,,,"WPL190","WPL190","HANDY PARTS 5LT FORESTERS SUPER RED CHAIN OIL","HANDY PARTS 5LT FORESTERS SUPER RED CHAIN OIL",6.66,6.66,,,"GBP",,,,,,"GBP",19.99,"4025","Active",,"52",0,-3,1,-19.98,-59.97,,,,,,,"C-WPL190",,,,,,,,,,,752114,,,,
69600,6,"2025-08-01T05:07:39.000Z",666,,777,,,"WPL195","WPL195","HANDY PARTS 1LT FORESTERS SUPER RED CHAIN OIL","HANDY PARTS 1LT FORESTERS SUPER RED CHAIN OIL",2,2,,,"GBP",,,,,,"GBP",9.95,"4025","Active",,"52",0,10,1,20,99.5,,,,,,,"C-WPL195",,,,,,,,,,,752114,,,,
69601,6,"2025-08-01T05:07:39.000Z",666,,777,,,"ZX31PIX","ZX31PIX","BELT TOOTHED    ZX31","BELT TOOTHED    ZX31",9.78,9.78,,,"GBP",,,,,,"GBP",19.56,"4098","Active",,"20",0,0,1,0,0,,,,,,,"C-ZX31PIX",,,,,,,,,,,,,,,
69602,6,"2025-08-01T05:07:39.000Z",666,,666,,,"DCS-2500T","DCS-2500T","Echo DCS-2500T 56v Top-Handle Cordless Arborist’s Chainsaw – 25cm Guide Bar (Tool Only)","Echo DCS-2500T 56v Top-Handle Cordless Arborist’s Chainsaw – 25cm Guide Bar (Tool Only)",249.38,0,,,"GBP",,,,,,"GBP",379,"4016","Active",,"63",0,0,1,0,0,,,,,,,"DCS-2500T",,,,,,,,,,,,,,,
69603,6,"2025-08-01T05:07:39.000Z",666,,666,,,"FRT90EL","FRT90EL","FEIDER 90EL SIDE DISCHARGE LAWN TRACTOR","FEIDER 90EL SIDE DISCHARGE LAWN TRACTOR",720,0,,,"GBP",,,,,,"GBP",1379.95,"4011","Active",,"1",0,0,1,0,0,,,,,,,"FRT90EL",,,,,,,,,,,,,,,
69606,6,"2025-08-01T05:07:39.000Z",666,,666,,,"OM-755","OM-755","OLEO MAC MASTER 755 PROFESSIONAL BRUSHCUTTER","OLEO MAC MASTER 755 PROFESSIONAL BRUSHCUTTER",529,0,,,"GBP",,,,,,"GBP",1124.95,"4000","Active",,"35",0,0,1,0,0,,,,,,,"OM-755",,,,,,,,,,,,,,,
69607,6,"2025-08-01T05:07:39.000Z",666,,,,,"SZT250","SZT250","SIMPLICITY COURIER SZT250 ZERO TURN WITH STRIPING ROLLER","SIMPLICITY COURIER SZT250 ZERO TURN WITH STRIPING ROLLER",0,0,,,"GBP",,,,,,"GBP",8088.95,"4000","Active",,"58",0,0,1,0,0,,,,,,,"SZT250",,,,,,,,,,,,,,,
69788,6,"2025-10-03T10:28:59.000Z",666,,777,,,"182004360/0","182004360/0","RIGHT HAND MULCHING BLADE","RIGHT HAND MULCHING BLADE",9.87,9.87,,,"GBP",,,,,,"GBP",24.98,"4098","Active",,"20",0,1,1,9.87,24.98,,,,,,,"C-182004360/0",,,,,,,,,,,,,,,
69789,6,"2025-10-03T10:28:59.000Z",666,,777,,,"DC830033","DC830033","STEERING COG (PLASTIC)","STEERING COG (PLASTIC)",1.26,0,,,"GBP",,,,,,"GBP",6.97,"4098","Active",,"20",0,-1,1,-1.26,-6.97,,,,,,,"C-DC830033",,,,,,,,,,,,,,,
69790,6,"2025-10-03T10:28:59.000Z",666,,777,,,"LFH1050","LFH1050","SEALEY LAY FLAT HOSE - 2"" DIAMETER / 10M""","SEALEY LAY FLAT HOSE - 2"" DIAMETER / 10M""",24.14,0,,,"GBP",,,,,,"GBP",0,"4025","Active",,"24",0,1,1,24.14,0,,,,,,,"C-LFH1050",,,,,,,,,,,,,,,
69791,6,"2025-10-03T10:28:59.000Z",666,,777,,,"06451-VB5-A01","06451-VB5-A01","CLUTCH CABLE","CLUTCH CABLE",14.99,14.99,,,"GBP",,,,,,"GBP",32.45,"4098","Active",,"20",0,1,1,14.99,32.45,,,,,,,"C-06451-VB5-A01",,,,,,,,,,,,,,,
69792,6,"2025-10-03T10:28:59.000Z",666,"2025-12-03T15:14:32.000Z",24305282,,,"DC831127","DC831127","STEERING RACK FITS SPECTRUM DC24-4","STEERING RACK FITS SPECTRUM DC24-4",2.82,2.82,,,"GBP",,,,,,"GBP",19.95,"4098","Active",,"20",0,10,1,28.2,199.5,,,,,,,"C-DC831127",,,,,,,,,"P2A",,,,,,
69793,6,"2025-10-03T10:28:59.000Z",666,,777,,,"HA306107","HA306107","CLUTCH CABLE (HAYTER HARRIER)","CLUTCH CABLE (HAYTER HARRIER)",18.34,18.34,,,"GBP",,,,,,"GBP",34.95,"4098","Active",,"20",0,0,1,0,0,,,,,,,"C-HA306107",,,,,,,,,,,,,,,
69794,6,"2025-10-03T10:28:59.000Z",666,,777,,,"593217","593217","PRE AIR FILTER (B&S)","PRE AIR FILTER (B&S)",6.8,6.8,,,"GBP",,,,,,"GBP",12.05,"4098","Active",,"20",0,1,1,6.8,12.05,,,,,,,"C-593217",,,,,,,,,,,,,,,
69795,6,"2025-10-03T10:28:59.000Z",666,,777,,,"DC94041","DC94041","RIGHT STEERING ARM FITS DC24-4","RIGHT STEERING ARM FITS DC24-4",0.1,0.1,,,"GBP",,,,,,"GBP",4.95,"4098","Active",,"20",0,30,1,3,148.5,,,,,,,"C-DC94041",,,,,,,,,,,,,,,
69796,6,"2025-10-03T10:28:59.000Z",666,,777,,,"ST95129332260","ST95129332260","SMALL END BEARING SPROCKET","SMALL END BEARING SPROCKET",5.42,5.42,,,"GBP",,,,,,"GBP",13.63,"4098","Active",,"20",0,0,1,0,0,,,,,,,"C-ST95129332260",,,,,,,,,,,,,,,
69797,6,"2025-10-03T10:28:59.000Z",666,,777,,,"DC830109","DC830109","SIDE DISCHARGE FLAP FITS DC24-4","SIDE DISCHARGE FLAP FITS DC24-4",1.5,1.5,,,"GBP",,,,,,"GBP",34.95,"4098","Active",,"20",0,25,1,37.5,873.75,,,,,,,"C-DC830109",,,,,,,,,,,,,,,
69798,6,"2025-10-03T10:28:59.000Z",666,,777,,,"A369-000001","A369-000001","FUEL STRAINER","FUEL STRAINER",5.39,5.39,,,"GBP",,,,,,"GBP",12.62,"4098","Active",,"20",0,0,1,0,0,,,,,,,"C-A369-000001",,,,,,,,,,,,,,,
69799,6,"2025-10-03T10:28:59.000Z",666,,777,,,"118400997/1","118400997/1","GEARBOX (KTM10F)","GEARBOX (KTM10F)",499.08,499.08,,,"GBP",,,,,,"GBP",1070.41,"4098","Active",,"20",0,0,1,0,0,,,,,,,"C-118400997/1",,,,,,,,,,,,,,,
69800,6,"2025-10-03T10:28:59.000Z",666,,777,,,"492932S","492932S","OIL FILTER (B&S)","OIL FILTER (B&S)",2.84,2.84,,,"GBP",,,,,,"GBP",4.98,"4098","Active",,"20",0,0,1,0,0,,,,,,,"C-492932S",,,,,,,,,,,,,,,
69801,6,"2025-10-03T10:28:59.000Z",666,,777,,,"DC92400","DC92400","CABLE FITS SPECTRUM DC24-4","CABLE FITS SPECTRUM DC24-4",0.1,0.1,,,"GBP",,,,,,"GBP",4.98,"4098","Active",,"20",0,20,1,2,99.6,,,,,,,"C-DC92400",,,,,,,,,,,,,,,
69802,6,"2025-10-03T10:28:59.000Z",666,,777,,,"TG40PD-AMZ","TG40PD-AMZ","SPECTRUM TG40PD LAWNMOWER - AMAZON FULFILLED","SPECTRUM TG40PD LAWNMOWER - AMAZON FULFILLED",66.92,66.92,,,"GBP",,,,,,"GBP",141.63,"4010","Active",,"26",0,-10,0,-669.2,-1416.3,,,,,,,"C-TG40PD-AMZ",,,,,,,,,,,,,,,
69803,6,"2025-10-03T10:28:59.000Z",666,,777,,,"80211-VK1-003","80211-VK1-003","LOCKING PIN (HONDA)","LOCKING PIN (HONDA)",0.36,0.36,,,"GBP",,,,,,"GBP",1.16,"4098","Active",,"20",0,0,1,0,0,,,,,,,"C-80211-VK1-003",,,,,,,,,,,,,,,
69804,6,"2025-10-03T10:28:59.000Z",666,,777,,,"830191","830191","GRASS BOX SAFETY SWITCH FITS DC24-4","GRASS BOX SAFETY SWITCH FITS DC24-4",1.98,1.98,,,"GBP",,,,,,"GBP",12.95,"4098","Active",,"20",0,29,1,57.42,375.55,,,,,,,"C-830191",,,,,,,,,,,,,,,
69805,6,"2025-10-03T10:28:59.000Z",666,,777,,,"TG29000008","TG29000008","COMPLETE RECOIL ASSEMBLY FITS ALL TG MODELS","COMPLETE RECOIL ASSEMBLY FITS ALL TG MODELS",2.32,2.32,,,"GBP",,,,,,"GBP",24.95,"4098","Active",,"20",0,28,1,64.96,698.6,,,,,,,"C-TG29000008",,,,,,,,,,,,,,,
69806,6,"2025-10-03T10:28:59.000Z",666,,777,,,"HV5032173-21","HV5032173-21","SCREW (HUSQVARNA)","SCREW (HUSQVARNA)",1.32,1.32,,,"GBP",,,,,,"GBP",2.64,"4098","Active",,"20",0,0,1,0,0,,,,,,,"C-HV5032173-21",,,,,,,,,,,,,,,
69807,6,"2025-10-03T10:28:59.000Z",666,,777,,,"FBT420","FBT420","FEIDER FBT420 PETROL CHIPPER SHREDDER","FEIDER FBT420 PETROL CHIPPER SHREDDER",370,370,,,"GBP",,,,,,"GBP",749.96,"4015","Active",,"1",0,4,1,1480,2999.84,,,,,,,"C-FBT420",,,,,,,,,,,,,,,
69808,6,"2025-10-03T10:28:59.000Z",666,,777,,,"TG40SE-AMZ","TG40SE-AMZ","SPECTRUM TG40SE KEY START  LAWNMOWER - AMAZON FULFILLED","SPECTRUM TG40SE KEY START  LAWNMOWER - AMAZON FULFILLED",80.72,80.72,,,"GBP",,,,,,"GBP",249.96,"4010","Active",,"26",0,43,0,3470.96,10748.28,,,,,,,"C-TG40SE-AMZ",,,,,,,,,,,,,,,
69809,6,"2025-10-03T10:28:59.000Z",666,,777,,,"1134-9125-01","1134-9125-01","BLADE BAR ASSY (3PCS)","BLADE BAR ASSY (3PCS)",48.01,48.01,,,"GBP",,,,,,"GBP",99.66,"4098","Active",,"20",0,0,1,0,0,,,,,,,"C-1134-9125-01",,,,,,,,,,,,,,,
69810,6,"2025-10-03T10:28:59.000Z",666,,777,,,"123275032/0","123275032/0","RUBBER FUEL PIPE GROMMET","RUBBER FUEL PIPE GROMMET",1.12,1.12,,,"GBP",,,,,,"GBP",3.98,"4098","Active",,"20",0,-1,1,-1.12,-3.98,,,,,,,"C-123275032/0",,,,,,,,,,,,,,,
69811,6,"2025-10-03T10:28:59.000Z",666,,777,,,"DC371501","DC371501","CONROD ASSEMBLY FITS SPECTRUM DC24-4","CONROD ASSEMBLY FITS SPECTRUM DC24-4",1.98,1.98,,,"GBP",,,,,,"GBP",21.95,"4098","Active",,"20",0,5,1,9.9,109.75,,,,,,,"C-DC371501",,,,,,,,,,,,,,,
69812,6,"2025-10-03T10:28:59.000Z",666,,777,,,"TG29000042","TG29000042","STARTER MOTOR FOR TG46S/SE","STARTER MOTOR FOR TG46S/SE",12,12,,,"GBP",,,,,,"GBP",49.95,"4098","Active",,"20",0,4,1,48,199.8,,,,,,,"C-TG29000042",,,,,,,,,,,,,,,
69813,6,"2025-10-03T10:28:59.000Z",666,,777,,,"754-05001","754-05001","V-BELT","V-BELT",23.16,23.16,,,"GBP",,,,,,"GBP",49.95,"4098","Active",,"20",0,1,1,23.16,49.95,,,,,,,"C-754-05001",,,,,,,,,,,,,,,
69814,6,"2025-10-03T10:28:59.000Z",666,,777,,,"STF600-PRO-RET","STF600-PRO-RET","SPECTRUM STF600-PRO PETROL FLAIL MOWER RETURN","SPECTRUM STF600-PRO PETROL FLAIL MOWER RETURN",500,0,,,"GBP",,,,,,"GBP",2899.95,"4000","Active",,"27",0,2,0,1000,5799.9,,,,,,,"C-STF600-PRO-RET",,,,,,,,,,,,,,,
69815,6,"2025-10-03T10:28:59.000Z",666,,777,,,"17218-Z6M-000","17218-Z6M-000","PRE FILTER HONDA","PRE FILTER HONDA",3.56,3.56,,,"GBP",,,,,,"GBP",14.91,"4098","Active",,"20",0,0,1,0,0,,,,,,,"C-17218-Z6M-000",,,,,,,,,,,,,,,
69816,6,"2025-10-03T10:28:59.000Z",666,,777,,,"831199","831199","THROTTLE CABLE FITS DC24-4","THROTTLE CABLE FITS DC24-4",0.66,0.66,,,"GBP",,,,,,"GBP",19.95,"4098","Active",,"20",0,30,1,19.8,598.5,,,,,,,"C-831199",,,,,,,,,,,,,,,
69817,6,"2025-10-03T10:28:59.000Z",666,,777,,,"DC371201","DC371201","PISTON FITS SPECTRUM DC24-4","PISTON FITS SPECTRUM DC24-4",2.54,2.54,,,"GBP",,,,,,"GBP",31.99,"4098","Active",,"20",0,5,1,12.7,159.95,,,,,,,"C-DC371201",,,,,,,,,,,,,,,
69818,6,"2025-10-03T10:28:59.000Z",666,,777,,,"FRTF1","FRTF1","HANDLE BAR KNOB NUT FITS FRTF200","HANDLE BAR KNOB NUT FITS FRTF200",0.64,0.64,,,"GBP",,,,,,"GBP",7.95,"4098","Active",,"20",0,10,1,6.4,79.5,,,,,,,"C-FRTF1",,,,,,,,,,,,,,,
69819,6,"2025-10-03T10:28:59.000Z",666,,777,,,"A021-001742","A021-001742","CARBURETOR","CARBURETOR",58.15,58.15,,,"GBP",,,,,,"GBP",116.72,"4098","Active",,"20",0,0,1,0,0,,,,,,,"C-A021-001742",,,,,,,,,,,,,,,
69820,6,"2025-10-03T10:28:59.000Z",666,,777,,,"20070083","20070083","ENGINE BRAKE CABLE (FEIDER)","ENGINE BRAKE CABLE (FEIDER)",5.38,0,,,"GBP",,,,,,"GBP",29.95,"4098","Active",,"20",0,0,1,0,0,,,,,,,"C-20070083",,,,,,,,,,,,,,,
69821,6,"2025-10-03T10:28:59.000Z",666,"2025-11-17T09:05:48.000Z",24305290,,,"STFPULLEY","STFPULLEY","ALUMINIUM IDLER PULLEY","ALUMINIUM IDLER PULLEY",55,67.5,,,"GBP",,,,,,"GBP",110,"4098","Active",,"20",0,4,1,220,440,,,,,,,"C-STFPULLEY",,,,,,,,,"DM8A",,752877,"62022RS",,,
69822,6,"2025-10-03T10:28:59.000Z",666,,777,,,"287221002/ST1","287221002/ST1","STIGA BC 535 B PETROL BRUSHCUTTER","STIGA BC 535 B PETROL BRUSHCUTTER",134.44,0,,,"GBP",,,,,,"GBP",239,"4012","Active",,"34",0,-1,1,-134.44,-239,,,,,,,"C-287221002/ST1",,,,,,,,,,,,,,,
69823,6,"2025-10-03T10:28:59.000Z",666,,777,,,"OR-0347-00300","OR-0347-00300","HST HOSE WITH CLIP (OREC)","HST HOSE WITH CLIP (OREC)",0,0,,,"GBP",,,,,,"GBP",30,"4098","Active",,"20",0,0,1,0,0,,,,,,,"C-OR-0347-00300",,,,,,,,,,,,,,,
69824,6,"2025-10-03T10:28:59.000Z",666,,777,,,"FRTF22","FRTF22","FLAT WASHER FITS FRTF220","FLAT WASHER FITS FRTF220",0.16,0.16,,,"GBP",,,,,,"GBP",4.95,"4000","Active",,"20",0,10,1,1.6,49.5,,,,,,,"C-FRTF22",,,,,,,,,,,,,,,
69825,6,"2025-10-03T10:28:59.000Z",666,,777,,,"DC831163","DC831163","FRONT AXLE FITS DC24-4","FRONT AXLE FITS DC24-4",1.41,1.41,,,"GBP",,,,,,"GBP",24.98,"4098","Active",,"20",0,30,1,42.3,749.4,,,,,,,"C-DC831163",,,,,,,,,,,,,,,
69826,6,"2025-10-03T10:28:59.000Z",666,"2026-05-28T10:29:40.000Z",24305282,,,"TG17000152","TG17000152","DRIVE BELT FITS TG46","DRIVE BELT FITS TG46 (Z-762)",0.53,0.53,,,"GBP",,,,,,"GBP",24.95,"4098","Active",,"20",0,22,1,11.66,548.9,,,,,,,"C-TG17000152",,,,,,,,,,,,,,,
69827,6,"2025-10-03T10:28:59.000Z",666,,777,,,"831177","831177","COMPLETE GEARBOX FITS DC24-4","COMPLETE GEARBOX FITS DC24-4",135.52,0,,,"GBP",,,,,,"GBP",542.08,"4098","Active",,"20",0,0,1,0,0,,,,,,,"C-831177",,,,,,,,,,,,,,,
69828,6,"2025-10-03T10:28:59.000Z",666,,777,,,"AK464453","AK464453","V-PULLEY SMALL","V-PULLEY SMALL",9.69,9.69,,,"GBP",,,,,,"GBP",0,"4098","Active",,"20",0,0,1,0,0,,,,,,,"C-AK464453",,,,,,,,,,,,,,,
69829,6,"2025-10-03T10:28:59.000Z",666,,777,,,"112642450/0","112642450/0","SPRING PIN  D = 3 X 14","SPRING PIN  D = 3 X 14",0.66,0.66,,,"GBP",,,,,,"GBP",1.88,"4098","Active",,"20",0,0,1,0,0,,,,,,,"C-112642450/0",,,,,,,,,,,,,,,
69830,6,"2025-10-03T10:28:59.000Z",666,,777,,,"DC371601","DC371601","PISTON RINGS FITS SPECTRUM DC24-4","PISTON RINGS FITS SPECTRUM DC24-4",1.4,0,,,"GBP",,,,,,"GBP",19.95,"4098","Active",,"20",0,0,1,0,0,,,,,,,"C-DC371601",,,,,,,,,,,,,,,
69831,6,"2025-10-03T10:28:59.000Z",666,,777,,,"50.1101.0007","50.1101.0007","FUEL PRESSURE TUBE (MITOX)","FUEL PRESSURE TUBE (MITOX)",3.11,3.11,,,"GBP",,,,,,"GBP",8.94,"4098","Active",,"20",0,0,1,0,0,,,,,,,"C-50.1101.0007",,,,,,,,,,,,,,,
69832,6,"2025-10-03T10:28:59.000Z",666,,777,,,"DC830024","DC830024","AXLE BEARINGS FITS DC24-4","AXLE BEARINGS FITS DC24-4",0.28,0.28,,,"GBP",,,,,,"GBP",4.95,"4098","Active",,"20",0,30,1,8.4,148.5,,,,,,,"C-DC830024",,,,,,,,,,,,,,,
69833,6,"2025-10-03T10:28:59.000Z",666,,777,,,"1145051","1145051","BLADE (FITS FTDTR4870)","BLADE (FITS FTDTR4870)",19.99,19.99,,,"GBP",,,,,,"GBP",34.95,"4000","Active",,"20",0,0,1,0,0,,,,,,,"C-1145051",,,,,,,,,,,,,,,
69834,6,"2025-10-03T10:28:59.000Z",666,,777,,,"81330-VF0-751","81330-VF0-751","GRASS BAG FRAME (HONDA)","GRASS BAG FRAME (HONDA)",49.8,49.8,,,"GBP",,,,,,"GBP",99.89,"4098","Active",,"20",0,0,1,0,0,,,,,,,"C-81330-VF0-751",,,,,,,,,,,,,,,
69835,6,"2025-10-03T10:28:59.000Z",666,,777,,,"G44-TK","G44-TK","OLEO-MAC G44-TK COMFORT PLUS SELF-PROPELLED PETROL LANWMOWER","OLEO-MAC G44-TK COMFORT PLUS SELF-PROPELLED PETROL LANWMOWER",286.6,0,,,"GBP",,,,,,"GBP",395,"4000","Active",,"35",0,0,1,0,0,,,,,,,"C-G44-TK",,,,,,,,,,,,,,,
69836,6,"2025-10-03T10:28:59.000Z",666,,777,,,"GS411-325","GS411-325","OLEO-MAC GS411-325 PETROL CHAINSAW 39cc / 16''","OLEO-MAC GS411-325 PETROL CHAINSAW 39cc / 16''",310.56,0,,,"GBP",,,,,,"GBP",389.17,"4000","Active",,"1",0,0,1,0,0,,,,,,,"C-GS411-325",,,,,,,,,,,,,,,
69837,6,"2025-10-03T10:28:59.000Z",666,,777,,,"830193","830193","SAFETY SWITCH FITS DC24-4","SAFETY SWITCH FITS DC24-4",1.5,1.5,,,"GBP",,,,,,"GBP",12.95,"4098","Active",,"20",0,30,1,45,388.5,,,,,,,"C-830193",,,,,,,,,,,,,,,
69838,6,"2025-10-03T10:28:59.000Z",666,"2025-12-03T15:38:56.000Z",24305282,,,"DC97483","DC97483","STARTER MOTOR FITS SPECTRUM DC24-4","STARTER MOTOR FITS SPECTRUM DC24-4",12.42,12.42,,,"GBP",,,,,,"GBP",100.5,"4098","Active",,"20",0,5,1,62.1,502.5,,,,,,,"C-DC97483",,,,,,,,,"P1 FLOOR",,,,,,
69839,6,"2025-10-03T10:28:59.000Z",666,,777,,,"TG11000034","TG11000034","HEIGHT OF CUT HANDLE FITS TG51","HEIGHT OF CUT HANDLE FITS TG51",0.51,0.51,,,"GBP",,,,,,"GBP",12.98,"4098","Active",,"20",0,25,1,12.75,324.5,,,,,,,"C-TG11000034",,,,,,,,,,,,,,,
69840,6,"2025-10-03T10:28:59.000Z",666,,777,,,"ALF016A57698","ALF016A57698","ROLLER DRIVE PINION (ATCO)","ROLLER DRIVE PINION (ATCO)",18.27,18.27,,,"GBP",,,,,,"GBP",36.28,"4098","Active",,"20",0,0,1,0,0,,,,,,,"C-ALF016A57698",,,,,,,,,,,,,,,
69841,6,"2025-10-03T10:28:59.000Z",666,,777,,,"DC304601","DC304601","RECOIL FAN FITS SPECTRUM DC24-4","RECOIL FAN FITS SPECTRUM DC24-4",0.75,0,,,"GBP",,,,,,"GBP",9.95,"4098","Active",,"20",0,0,1,0,0,,,,,,,"C-DC304601",,,,,,,,,,,,,,,
69842,6,"2025-10-03T10:28:59.000Z",666,,777,,,"DC96522","DC96522","KEYWAY FITS DC24-4","KEYWAY FITS DC24-4",0.23,0.23,,,"GBP",,,,,,"GBP",4.95,"4098","Active",,"20",0,20,1,4.6,99,,,,,,,"C-DC96522",,,,,,,,,,,,,,,
69843,6,"2025-10-03T10:28:59.000Z",666,,777,,,"610320-52130","610320-52130","NUT (10)","NUT (10)",0,0,,,"GBP",,,,,,"GBP",0,"4098","Active",,"20",0,0,1,0,0,,,,,,,"C-610320-52130",,,,,,,,,,,,,,,
69844,6,"2025-10-03T10:28:59.000Z",666,,777,,,"91103-VA4-003","91103-VA4-003","BEARING (HONDA)","BEARING (HONDA)",12.64,12.64,,,"GBP",,,,,,"GBP",27.89,"4098","Active",,"20",0,0,1,0,0,,,,,,,"C-91103-VA4-003",,,,,,,,,,,,,,,
69845,6,"2025-10-03T10:28:59.000Z",666,,777,,,"FRTF28","FRTF28","FROWARD BELT FITS FRTF220","FROWARD BELT FITS FRTF220",7.2,7.2,,,"GBP",,,,,,"GBP",79.95,"4098","Active",,"20",0,30,1,216,2398.5,,,,,,,"C-FRTF28",,,,,,,,,,,,,,,
69846,6,"2025-10-03T10:28:59.000Z",666,,777,,,"DC831172","DC831172","MANDRIL HOUSING","MANDRIL HOUSING",4.8,4.8,,,"GBP",,,,,,"GBP",24.95,"4098","Active",,"20",0,15,1,72,374.25,,,,,,,"C-DC831172",,,,,,,,,,,,,,,
69847,6,"2025-10-03T10:28:59.000Z",666,,777,,,"610314-52130","610314-52130","PLATE ADAPTER (L)","PLATE ADAPTER (L)",0,0,,,"GBP",,,,,,"GBP",0,"4098","Active",,"20",0,0,1,0,0,,,,,,,"C-610314-52130",,,,,,,,,,,,,,,
69848,6,"2025-10-03T10:28:59.000Z",666,,777,,,"DC831197","DC831197","DOWEL DC24","DOWEL DC24",0.47,0.47,,,"GBP",,,,,,"GBP",4.72,"4098","Active",,"20",0,15,1,7.05,70.8,,,,,,,"C-DC831197",,,,,,,,,,,,,,,
69849,6,"2025-10-03T10:28:59.000Z",666,,777,,,"94292","94292","GEARBOX PULLEY FITS DC24-4","GEARBOX PULLEY FITS DC24-4",0.28,0.28,,,"GBP",,,,,,"GBP",8.95,"4098","Active",,"20",0,30,1,8.4,268.5,,,,,,,"C-94292",,,,,,,,,,,,,,,
69850,6,"2025-10-03T10:28:59.000Z",666,,777,,,"DC831140","DC831140","TRANSMISSION PULLEY FITS DC24-4","TRANSMISSION PULLEY FITS DC24-4",4.23,4.23,,,"GBP",,,,,,"GBP",25.95,"4098","Active",,"20",0,30,1,126.9,778.5,,,,,,,"C-DC831140",,,,,,,,,,,,,,,
69851,6,"2025-10-03T10:28:59.000Z",666,,777,,,"699229-56830","699229-56830","PLATE COVER","PLATE COVER",0,0,,,"GBP",,,,,,"GBP",0,"4098","Active",,"20",0,0,1,0,0,,,,,,,"C-699229-56830",,,,,,,,,,,,,,,
69852,6,"2025-10-03T10:28:59.000Z",666,,777,,,"FRTF33","FRTF33","COMPLETE ENGINE ASSEMBLY FITS FRTF220","COMPLETE ENGINE ASSEMBLY FITS FRTF220",88.94,88.94,,,"GBP",,,,,,"GBP",889.94,"4098","Active",,"20",0,1,1,88.94,889.94,,,,,,,"C-FRTF33",,,,,,,,,,,,,,,
69853,6,"2025-10-03T10:28:59.000Z",666,,777,,,"DC831164","DC831164","PEDAL CONNECTING ROD FITS SPECTRUM DC24-4","PEDAL CONNECTING ROD FITS SPECTRUM DC24-4",1.7,1.7,,,"GBP",,,,,,"GBP",14.95,"4098","Active",,"20",0,10,1,17,149.5,,,,,,,"C-DC831164",,,,,,,,,,,,,,,
69854,6,"2025-10-03T10:28:59.000Z",666,,777,,,"EU32I","EU32I","Honda EU32i Petrol Inverter Generator","Honda EU32i Petrol Inverter Generator",1448.54,1465.59,,,"GBP",,,,,,"GBP",1989,"4025","Active",,"81",0,1,1,1448.54,1989,,,,,,,"C-EU32I",,,,,,,,,,,,,,,
69855,6,"2025-10-03T10:28:59.000Z",666,,777,,,"PW300HC","PW300HC","OLEO MAC HOT WATER HIGH PRESSURE WASHER - PW 300 HC","OLEO MAC HOT WATER HIGH PRESSURE WASHER - PW 300 HC",1103.68,0,,,"GBP",,,,,,"GBP",1235,"4014","Active",,"37",0,0,1,0,0,,,,,,,"C-PW300HC",,,,,,,,,,,,,,,
69856,6,"2025-10-03T10:28:59.000Z",666,,777,,,"092426E701MA","092426E701MA","PLATE (REAR)","PLATE (REAR)",7.12,7.12,,,"GBP",,,,,,"GBP",14.88,"4098","Active",,"20",0,1,1,7.12,14.88,,,,,,,"C-092426E701MA",,,,,,,,,,,,,,,
69857,6,"2025-10-03T10:28:59.000Z",666,,777,,,"137950017/0","137950017/0","TYRE   17 X 8.00-8","TYRE   17 X 8.00-8",47.52,47.52,,,"GBP",,,,,,"GBP",98.66,"4098","Active",,"20",0,0,1,0,0,,,,,,,"C-137950017/0",,,,,,,,,,,,,,,
69858,6,"2025-10-03T10:28:59.000Z",666,,777,,,"DC830119-216","DC830119-216","GEARBOX LEVER HANDLE RUBBER","GEARBOX LEVER HANDLE RUBBER",1.41,1.41,,,"GBP",,,,,,"GBP",12.95,"4098","Active",,"20",0,15,1,21.15,194.25,,,,,,,"C-DC830119-216",,,,,,,,,,,,,,,
69859,6,"2025-10-03T10:28:59.000Z",666,,777,,,"DC94343","DC94343","WASHER FITS DC24-4","WASHER FITS DC24-4",0.38,0.38,,,"GBP",,,,,,"GBP",2.95,"4098","Active",,"20",0,30,1,11.4,88.5,,,,,,,"C-DC94343",,,,,,,,,,,,,,,
69860,6,"2025-10-03T10:28:59.000Z",666,,777,,,"831138","831138","DECK PULLEY FITS DC24-4","DECK PULLEY FITS DC24-4",2.73,2.73,,,"GBP",,,,,,"GBP",19.95,"4098","Active",,"20",0,30,1,81.9,598.5,,,,,,,"C-831138",,,,,,,,,,,,,,,
69861,6,"2025-10-03T10:28:59.000Z",666,,777,,,"DC96103","DC96103","VALVE COVER GASKET FITS SPECTRUM DC24-4","VALVE COVER GASKET FITS SPECTRUM DC24-4",0.38,0.38,,,"GBP",,,,,,"GBP",9.95,"4098","Active",,"20",0,30,1,11.4,298.5,,,,,,,"C-DC96103",,,,,,,,,,,,,,,
69862,6,"2025-10-03T10:28:59.000Z",666,,777,,,"TR-G339XX60000","TR-G339XX60000","BRAKE CABLE","BRAKE CABLE",13.94,13.94,,,"GBP",,,,,,"GBP",34.95,"4098","Active",,"20",0,0,1,0,0,,,,,,,"C-TR-G339XX60000",,,,,,,,,,,,,,,
69863,6,"2025-10-03T10:28:59.000Z",666,,777,,,"6205-2RS-NR","6205-2RS-NR","BEARING 25X52X15","BEARING 25X52X15",10.32,10.32,,,"GBP",,,,,,"GBP",21.44,"4098","Active",,"20",0,2,1,20.64,42.88,,,,,,,"C-6205-2RS-NR",,,,,,,,,,,,,,,
69864,6,"2025-10-03T10:28:59.000Z",666,,777,,,"DC831139","DC831139","TRANSMISSION PULLEY FITS DC24-4","TRANSMISSION PULLEY FITS DC24-4",2.92,2.92,,,"GBP",,,,,,"GBP",24.95,"4098","Active",,"20",0,30,1,87.6,748.5,,,,,,,"C-DC831139",,,,,,,,,,,,,,,
69865,6,"2025-10-03T10:28:59.000Z",666,,777,,,"HCS-2810ES","HCS-2810ES","ECHO HCS-2810ES PROFESSIONAL SINGLE-SIDED PETROL HEDGETRIMMER","ECHO HCS-2810ES PROFESSIONAL SINGLE-SIDED PETROL HEDGETRIMMER",335.29,0,,,"GBP",,,,,,"GBP",440.83,"4012","Active",,"63",0,0,1,0,0,,,,,,,"C-HCS-2810ES",,,,,,,,,,,,,,,
69866,6,"2025-10-03T10:28:59.000Z",666,,777,,,"EWP050","EWP050","SEALEY 2"" PETROL-POWERED HIGH-LIFT WATER PUMP KIT""","SEALEY 2"" PETROL-POWERED HIGH-LIFT WATER PUMP KIT""",302.36,0,,,"GBP",,,,,,"GBP",499.96,"4014","Active",,"24",0,0,1,0,0,,,,,,,"C-EWP050",,,,,,,,,,,,,,,
69867,6,"2025-10-03T10:28:59.000Z",666,,777,,,"LW40001084339000","LW40001084339000","TRANSMISSION MANTIS","TRANSMISSION MANTIS",150.98,150.98,,,"GBP",,,,,,"GBP",304.31,"4098","Active",,"20",0,0,1,0,0,,,,,,,"C-LW40001084339000",,,,,,,,,,,,,,,
69868,6,"2025-10-03T10:28:59.000Z",666,,777,,,"DC831150","DC831150","TENSIONER PULLEY FITS DC24-4","TENSIONER PULLEY FITS DC24-4",3.58,3.58,,,"GBP",,,,,,"GBP",21.46,"4098","Active",,"20",0,30,1,107.4,643.8,,,,,,,"C-DC831150",,,,,,,,,,,,,,,
69869,6,"2025-10-03T10:28:59.000Z",666,,777,,,"DC94511","DC94511","RETAINING CLIP FITS DC24-4","RETAINING CLIP FITS DC24-4",0.47,0.47,,,"GBP",,,,,,"GBP",3.3,"4098","Active",,"20",0,30,1,14.1,99,,,,,,,"C-DC94511",,,,,,,,,,,,,,,
69870,6,"2025-10-03T10:28:59.000Z",666,,777,,,"FBT270-RET","FBT270-RET","FEIDER FBT270 CHIPPER SHREDDER - RETURN MODEL","FEIDER FBT270 CHIPPER SHREDDER - RETURN MODEL",375.92,0,,,"GBP",,,,,,"GBP",553.76,"4015","Active",,"199",0,0,0,0,0,,,,,,,"C-FBT270-RET",,,,,,,,,,,,,,,
69871,6,"2025-10-03T10:28:59.000Z",666,,777,,,"TG14000024","TG14000024","ACCELERATOR / CHOKE CABLE FITS TG60FTTR","ACCELERATOR / CHOKE CABLE FITS TG60FTTR",0.77,0.77,,,"GBP",,,,,,"GBP",19.95,"4098","Active",,"20",0,5,1,3.85,99.75,,,,,,,"C-TG14000024",,,,,,,,,,,,,,,
69872,6,"2025-10-03T10:28:59.000Z",666,,777,,,"TG11000092","TG11000092","FRONT WHEEL TRIM FITS TG51","FRONT WHEEL TRIM FITS TG51",0.18,0.18,,,"GBP",,,,,,"GBP",4.95,"4098","Active",,"20",0,50,1,9,247.5,,,,,,,"C-TG11000092",,,,,,,,,,,,,,,
69873,6,"2025-10-03T10:28:59.000Z",666,,777,,,"137430114/0","137430114/0","SPRING CLIP","SPRING CLIP",5.6,5.6,,,"GBP",,,,,,"GBP",12.72,"4098","Active",,"20",0,0,1,0,0,,,,,,,"C-137430114/0",,,,,,,,,,,,,,,
69874,6,"2025-10-03T10:28:59.000Z",666,,777,,,"830190","830190","BRAKE SAFETY SWITCH FITS DC24-4","BRAKE SAFETY SWITCH FITS DC24-4",2.07,2.07,,,"GBP",,,,,,"GBP",12.43,"4098","Active",,"20",0,30,1,62.1,372.9,,,,,,,"C-830190",,,,,,,,,,,,,,,
69875,6,"2025-10-03T10:28:59.000Z",666,,777,,,"831194","831194","BRAKE CABLE FITS DC24-4","BRAKE CABLE FITS DC24-4",1.03,1.03,,,"GBP",,,,,,"GBP",19.98,"4098","Active",,"20",0,30,1,30.9,599.4,,,,,,,"C-831194",,,,,,,,,,,,,,,
69876,6,"2025-10-03T10:28:59.000Z",666,,777,,,"SP45103","SP45103","Spectrum SP45103 36"" Towed Steel Lawn Roller""","Spectrum SP45103 36"" Towed Steel Lawn Roller""",71.19,71.19,,,"GBP",,,,,,"GBP",386.95,"4025","Active",,"26",0,13,1,925.47,5030.35,,,,,,,"C-SP45103",,,,,,,,,,,,,,,
69877,6,"2025-10-03T10:28:59.000Z",666,,777,,,"EG4500","EG4500","Honda EG4500 4.5KW / 4500W Petrol Generator","Honda EG4500 4.5KW / 4500W Petrol Generator",1192.84,1192.84,,,"GBP",,,,,,"GBP",1469,"4025","Active",,"81",0,1,1,1192.84,1469,,,,,,,"C-EG4500",,,,,,,,,,,,,,,
69878,6,"2025-10-03T10:28:59.000Z",666,,777,,,"FRTF26","FRTF26","SMALL BELT WHEEL FITS FRTF220","SMALL BELT WHEEL FITS FRTF220",1.6,1.6,,,"GBP",,,,,,"GBP",29.95,"4098","Active",,"20",0,3,1,4.8,89.85,,,,,,,"C-FRTF26",,,,,,,,,,,,,,,
69879,6,"2025-10-03T10:28:59.000Z",666,,777,,,"DC830107","DC830107","SIDE DISCHARGE CHUTE FITS SPECTRUM DC24-4","SIDE DISCHARGE CHUTE FITS SPECTRUM DC24-4",4.23,4.23,,,"GBP",,,,,,"GBP",29.95,"4098","Active",,"20",0,10,1,42.3,299.5,,,,,,,"C-DC830107",,,,,,,,,,,,,,,
69880,6,"2025-10-03T10:28:59.000Z",666,"2025-12-02T15:22:11.000Z",24305282,,,"DC830192","DC830192","BLADE ENGAGE SAFETY SWITCH FITS DC24-4","BLADE ENGAGE SAFETY SWITCH FITS DC24-4",2.48,2.48,,,"GBP",,,,,,"GBP",14.69,"4098","Active",,"20",0,30,1,74.4,440.7,,,,,,,"C-DC830192",,,,,,,,,"P1B",,,,,,
69881,6,"2025-10-03T10:28:59.000Z",666,,777,,,"DC96163","DC96163","CYLINDER HEAD GASKET FITS SPECTRUM DC24-4","CYLINDER HEAD GASKET FITS SPECTRUM DC24-4",0.94,0.94,,,"GBP",,,,,,"GBP",9.98,"4098","Active",,"20",0,30,1,28.2,299.4,,,,,,,"C-DC96163",,,,,,,,,,,,,,,
69882,6,"2025-10-03T10:28:59.000Z",666,,777,,,"50.111.009","50.111.009","FUEL TUBE (MITOX)","FUEL TUBE (MITOX)",4.7,4.7,,,"GBP",,,,,,"GBP",12.11,"4098","Active",,"20",0,0,1,0,0,,,,,,,"C-50.111.009",,,,,,,,,,,,,,,
69883,6,"2025-10-03T10:28:59.000Z",666,,777,,,"ALF016A58578","ALF016A58578","REAR ROLLER PULLEY (ATCO)","REAR ROLLER PULLEY (ATCO)",50.76,50.76,,,"GBP",,,,,,"GBP",101.54,"4098","Active",,"20",0,0,1,0,0,,,,,,,"C-ALF016A58578",,,,,,,,,,,,,,,
69884,6,"2025-10-03T10:28:59.000Z",666,,777,,,"17210-Z6M-010","17210-Z6M-010","AIR FILTER HONDA","AIR FILTER HONDA",12.3,12.3,,,"GBP",,,,,,"GBP",28.69,"4098","Active",,"20",0,0,1,0,0,,,,,,,"C-17210-Z6M-010",,,,,,,,,,,,,,,
69885,6,"2025-10-03T10:28:59.000Z",666,,777,,,"691035","691035","FUEL FILTER (B&S)","FUEL FILTER (B&S)",1.73,1.73,,,"GBP",,,,,,"GBP",4.5,"4098","Active",,"20",0,10,1,17.3,45,,,,,,,"C-691035",,,,,,,,,,,,,,,
69886,6,"2025-10-03T10:28:59.000Z",666,,777,,,"290802020/16","290802020/16","COLLECTION BOX -                FITS SWS800G","COLLECTION BOX -                FITS SWS800G",67,67,,,"GBP",,,,,,"GBP",100,"4025","Active",,"32",0,0,1,0,0,,,,,,,"C-290802020/16",,,,,,,,,,,,,,,
69887,6,"2025-10-03T10:28:59.000Z",666,,777,,,"80337-VK1-003","80337-VK1-003","PIN (HONDA)","PIN (HONDA)",1.25,1.25,,,"GBP",,,,,,"GBP",3.44,"4098","Active",,"20",0,0,1,0,0,,,,,,,"C-80337-VK1-003",,,,,,,,,,,,,,,
69888,6,"2025-10-03T10:28:59.000Z",666,,777,,,"HFT200","HFT200","FEIDER HFT200 PETROL SCYTHE-BAR MOWER","FEIDER HFT200 PETROL SCYTHE-BAR MOWER",200.72,225.86,,,"GBP",,,,,,"GBP",583.29,"4025","Active",,"1",0,0,1,0,0,,,,,,,"C-HFT200",,,,,,,,,,,,,,,
69889,6,"2025-10-03T10:28:59.000Z",666,"2026-02-09T12:36:26.000Z",24305274,,,"EG3600CL","EG3600CL","Honda EG3600CL Petrol Generator","Honda EG3600CL Petrol Generator",9798,5407.58,,,"GBP",,,,,,"GBP",1340,"4025","Active",,"81",0,0,1,0,0,,,,,,,"C-EG3600",,,,,,,,,,,,,,,
69890,6,"2025-10-03T10:28:59.000Z",666,,777,,,"4114-149-1205","4114-149-1205","CARB MANIFOLD GASKET (STIHL)","CARB MANIFOLD GASKET (STIHL)",1.17,1.17,,,"GBP",,,,,,"GBP",3.69,"4098","Active",,"20",0,2,1,2.34,7.38,,,,,,,"C-4114-149-1205",,,,,,,,,,,,,,,
69891,6,"2025-10-03T10:28:59.000Z",666,,777,,,"TG20000034","TG20000034","ENGINE COWLING FITS ALL TG MODELS","ENGINE COWLING FITS ALL TG MODELS",1.68,1.68,,,"GBP",,,,,,"GBP",29.95,"4098","Active",,"20",0,9,1,15.12,269.55,,,,,,,"C-TG20000034",,,,,,,,,,,,,,,
69892,6,"2025-10-03T10:28:59.000Z",666,,777,,,"DC831187","DC831187","SPRING FITS DC24-4","SPRING FITS DC24-4",0.36,0.36,,,"GBP",,,,,,"GBP",9.95,"4098","Active",,"20",0,30,1,10.8,298.5,,,,,,,"C-DC831187",,,,,,,,,,,,,,,
69893,6,"2025-10-03T10:28:59.000Z",666,,777,,,"80288-VK1-003","80288-VK1-003","FUEL METER ASSY (HONDA)","FUEL METER ASSY (HONDA)",36.78,36.78,,,"GBP",,,,,,"GBP",82.31,"4098","Active",,"20",0,0,1,0,0,,,,,,,"C-80288-VK1-003",,,,,,,,,,,,,,,
69894,6,"2025-10-03T10:28:59.000Z",666,"2025-12-03T15:23:44.000Z",24305282,,,"DC831162","DC831162","STEERING SHAFT FITS SPECTRUM DC24-4","STEERING SHAFT FITS SPECTRUM DC24-4",2.54,2.54,,,"GBP",,,,,,"GBP",18.95,"4098","Active",,"20",0,5,1,12.7,94.75,,,,,,,"C-DC831162",,,,,,,,,"P2B",,,,,,
69895,6,"2025-10-03T10:28:59.000Z",666,"2025-12-22T15:13:42.000Z",24305274,,,"EU22I","EU22I","Honda EU22i-110V Petrol Inverter Generator","Honda EU22i-110V Petrol Inverter Generator",775.63,787.79,,,"GBP",,,,,,"GBP",1095,"4025","Active",,"81",0,0,1,0,0,,,,,,,"C-EU22I",,,,,,,,,,,,,,,
69896,6,"2025-10-03T10:28:59.000Z",666,,777,,,"GND-18","GND-18","ZAMA GASKET KIT","ZAMA GASKET KIT",7.11,7.11,,,"GBP",,,,,,"GBP",14.76,"4098","Active",,"20",0,0,1,0,0,,,,,,,"C-GND-18",,,,,,,,,,,,,,,
69897,6,"2025-10-03T10:28:59.000Z",666,,777,,,"15400-RTA-003","15400-RTA-003","OIL FILTER HONDA","OIL FILTER HONDA",11.42,11.42,,,"GBP",,,,,,"GBP",23.44,"4098","Active",,"20",0,0,1,0,0,,,,,,,"C-15400-RTA-003",,,,,,,,,,,,,,,
69898,6,"2025-10-03T10:28:59.000Z",666,,777,,,"DC92308","DC92308","PEDAL FITS DC24-4","PEDAL FITS DC24-4",0.1,0.1,,,"GBP",,,,,,"GBP",12.95,"4098","Active",,"20",0,10,1,1,129.5,,,,,,,"C-DC92308",,,,,,,,,,,,,,,
69899,6,"2025-10-03T10:28:59.000Z",666,,777,,,"BT145S","BT145S","BERTOLINI BT145S SCYTHE MOWER (HONDA ENGINE)","BERTOLINI BT145S SCYTHE MOWER (HONDA ENGINE)",2258.74,2258.74,,,"GBP",,,,,,"GBP",2746.95,"4017","Active",,"37",0,0,1,0,0,,,,,,,"C-BT145S",,,,,,,,,,,,,,,
69900,6,"2025-10-03T10:28:59.000Z",666,,777,,,"DC830108","DC830108","SIDE DISCHARGE CHUTE FITS DC24-4","SIDE DISCHARGE CHUTE FITS DC24-4",3.77,3.77,,,"GBP",,,,,,"GBP",39.95,"4098","Active",,"20",0,10,1,37.7,399.5,,,,,,,"C-DC830108",,,,,,,,,,,,,,,
69901,6,"2025-10-03T10:28:59.000Z",666,,777,,,"EWP050SW","EWP050SW","SEALEY SUCTION HOSE - 2"" DIAMETER / 5M""","SEALEY SUCTION HOSE - 2"" DIAMETER / 5M""",70.16,0,,,"GBP",,,,,,"GBP",0,"4025","Active",,"24",0,1,1,70.16,0,,,,,,,"C-EWP050SW",,,,,,,,,,,,,,,
69902,6,"2025-10-03T10:28:59.000Z",666,,777,,,"RTF220","RTF220","FEIDER RTF220 REAR TINE TILLER","FEIDER RTF220 REAR TINE TILLER",244,244,,,"GBP",,,,,,"GBP",491.63,"4017","Active",,"1",0,-2,1,-488,-983.26,,,,,,,"C-RTF220",,,,,,,,,,,,,,,
69904,6,"2025-10-03T10:28:59.000Z",666,"2025-12-02T15:26:50.000Z",24305282,,,"DC831193","DC831193","TENSIONER SPRING FITS SPECTRUM DC24-4","TENSIONER SPRING FITS SPECTRUM DC24-4",0.57,0.57,,,"GBP",,,,,,"GBP",18.95,"4098","Active",,"20",0,15,1,8.55,284.25,,,,,,,"C-DC831193",,,,,,,,,"P1B BOX",,,,,,
69905,6,"2025-10-03T10:28:59.000Z",666,,777,,,"4227-122-1805","4227-122-1805","HEAT SHIELD GASKET (STIHL)","HEAT SHIELD GASKET (STIHL)",3.42,3.42,,,"GBP",,,,,,"GBP",7.99,"4098","Active",,"20",0,0,1,0,0,,,,,,,"C-4227-122-1805",,,,,,,,,,,,,,,
69906,6,"2025-10-03T10:28:59.000Z",666,,777,,,"182004361/0","182004361/0","LEFT HAND MULCHING BLADE","LEFT HAND MULCHING BLADE",9.87,9.87,,,"GBP",,,,,,"GBP",29.95,"4098","Active",,"20",0,1,1,9.87,29.95,,,,,,,"C-182004361/0",,,,,,,,,,,,,,,
69907,6,"2025-10-03T10:28:59.000Z",666,,777,,,"1638H-RTN","1638H-RTN","SHOP SOILED MOUNTFIELD 1638H LAWN AND GARDEN TRACTOR","SHOP SOILED MOUNTFIELD 1638H LAWN AND GARDEN TRACTOR",1734.03,0,,,"GBP",,,,,,"GBP",2899,"4011","Active",,"31",0,-1,1,-1734.03,-2899,,,,,,,"C-1638H-RTN",,,,,,,,,,,752173,,,,
69908,6,"2025-10-03T10:28:59.000Z",666,,777,,,"DC295608","DC295608","OIL FILLER NECK FITS SPECTRUM DC24-4","OIL FILLER NECK FITS SPECTRUM DC24-4",0.75,0,,,"GBP",,,,,,"GBP",7.95,"4098","Active",,"20",0,-1,1,-0.75,-7.95,,,,,,,"C-DC295608",,,,,,,,,,,,,,,
69909,6,"2025-10-03T10:28:59.000Z",666,,777,,,"DM26PBV-AMZ","DM26PBV-AMZ","SPECTRUM DM26PBV BLOWER VAC - AMAZON FULFILLED","SPECTRUM DM26PBV BLOWER VAC - AMAZON FULFILLED",44.8,44.8,,,"GBP",,,,,,"GBP",124.96,"4012","Active",,"26",0,31,0,1388.8,3873.76,,,,,,,"C-DM26PBV-AMZ",,,,,,,,,,,,,,,
69910,6,"2025-10-03T10:28:59.000Z",666,,777,,,"1134-7465-01","1134-7465-01","ATTACHMENT HOOK PLATES KIT","ATTACHMENT HOOK PLATES KIT",31.49,31.49,,,"GBP",,,,,,"GBP",63.44,"4098","Active",,"20",0,0,1,0,0,,,,,,,"C-1134-7465-01",,,,,,,,,,,,,,,
69911,6,"2025-10-03T10:28:59.000Z",666,,777,,,"FRTF20","FRTF20","CLUTCH CABLE ASSEMBLY FITS FRTF220","CLUTCH CABLE ASSEMBLY FITS FRTF220",2,2,,,"GBP",,,,,,"GBP",29.95,"4098","Active",,"20",0,10,1,20,299.5,,,,,,,"C-FRTF20",,,,,,,,,,,,,,,
69912,6,"2025-10-03T10:28:59.000Z",666,"2025-12-02T15:26:22.000Z",24305282,,,"DC831186","DC831186","SPRING FITS DC24-4","SPRING FITS DC24-4",0.28,0.28,,,"GBP",,,,,,"GBP",6.95,"4098","Active",,"20",0,30,1,8.4,208.5,,,,,,,"C-DC831186",,,,,,,,,"P1B BOX",,,,,,
69913,6,"2025-10-03T10:28:59.000Z",666,,777,,,"31500-VK1-E82","31500-VK1-E82","BATTERY SLAB (HONDA)","BATTERY SLAB (HONDA)",89.53,89.53,,,"GBP",,,,,,"GBP",149.98,"4098","Active",,"20",0,0,1,0,0,,,,,,,"C-31500-VK1-E82",,,,,,,,,,,,,,,
69914,6,"2025-10-03T10:28:59.000Z",666,"2026-04-15T11:44:18.000Z",24305282,,,"TG17000153","TG17000153","DRIVE BELT FITS TG51 0-740E","BELT TG51 0-740E",0.5,0,,,"GBP",,,,,,"GBP",29.95,"4098","Active",,"20",0,-3,1,-1.5,-89.85,,,,,,,"C-TG17000153",,,,,,,,,,,,,,,
69915,6,"2025-10-03T10:28:59.000Z",666,,777,,,"830175-216","830175-216","SEAT FITS DC24-4","SEAT FITS DC24-4",40.47,40.47,,,"GBP",,,,,,"GBP",242.83,"4098","Active",,"20",0,10,1,404.7,2428.3,,,,,,,"C-830175-216",,,,,,,,,,,,,,,
69916,6,"2025-10-03T10:28:59.000Z",666,,777,,,"DC830176","DC830176","STEERING EYLEY FITS DC24-4","STEERING EYLEY FITS DC24-4",2.07,2.07,,,"GBP",,,,,,"GBP",19.95,"4098","Active",,"20",0,30,1,62.1,598.5,,,,,,,"C-DC830176",,,,,,,,,,,,,,,
69917,6,"2025-10-03T10:28:59.000Z",666,,777,,,"TG51PD-AMZ","TG51PD-AMZ","SPECTRUM TG51PD LAWNMOWER - AMAZON FULFILLED","SPECTRUM TG51PD LAWNMOWER - AMAZON FULFILLED",81.06,81.06,,,"GBP",,,,,,"GBP",191.63,"4010","Active",,"26",0,0,0,0,0,,,,,,,"C-TG51PD-AMZ",,,,,,,,,,,,,,,
69918,6,"2025-10-03T10:28:59.000Z",666,,777,,,"TG50-UTILITY-RET","TG50-UTILITY-RET","SPECTRUM TG50-UTILITY LAWNMOWER (RETURN)","SPECTRUM TG50-UTILITY LAWNMOWER (RETURN)",79.41,79.41,,,"GBP",,,,,,"GBP",209.95,"4010","Active",,"27",0,-5,0,-397.05,-1049.75,,,,,,,"C-TG50-UTILITY-RET",,,,,,,,,,,,,,,
69919,6,"2025-10-03T10:28:59.000Z",666,"2026-04-28T07:48:00.000Z",24305282,,,"TG11000033","TG11000033","HIGHT OF CUT HANDLE TG40PD","HIGHT OF CUT HANDLE TG40PD",0.11,0.11,,,"GBP",,,,,,"GBP",9.95,"4098","Active",,"20",0,14,1,1.54,139.3,,,,,,,"C-TG11000033",,,,,,,,,,,,,,,
69920,6,"2025-10-03T10:28:59.000Z",666,,777,,,"180020894","180020894","COMPLETE AIR FILTER ASSEMBLYINCLUDES AIR FILTER FITS GNP560","COMPLETE AIR FILTER ASSEMBLYINCLUDES AIR FILTER FITS GNP560",0.5,0.5,,,"GBP",,,,,,"GBP",29.95,"4098","Active",,"20",0,10,1,5,299.5,,,,,,,"C-180020894",,,,,,,,,,,,,,,
69921,6,"2025-10-03T10:28:59.000Z",666,,777,,,"WEESR","WEESR","WEBB 2 IN 1 ELECTRIC SCARIFIER & LAWN RAKE","WEBB 2 IN 1 ELECTRIC SCARIFIER & LAWN RAKE",84,84,,,"GBP",,,,,,"GBP",116.66,"4013","Active",,"53",0,-3,1,-252,-349.98,,,,,,,"C-WEESR",,,,,,,,,,,,,,,
69922,6,"2025-10-03T10:28:59.000Z",666,,777,,,"91102-VA4-013","91102-VA4-013","BEARING (HONDA)","BEARING (HONDA)",14.25,14.25,,,"GBP",,,,,,"GBP",29.95,"4000","Active",,"20",0,0,1,0,0,,,,,,,"C-91102-VA4-013",,,,,,,,,,,,,,,
69923,6,"2025-10-03T10:28:59.000Z",666,,777,,,"BCH-500T","BCH-500T","OLEO-MAC BCH 500T PETROL BRUSHCUTTER","OLEO-MAC BCH 500T PETROL BRUSHCUTTER",288.52,0,,,"GBP",,,,,,"GBP",378.33,"4012","Active",,"35",0,0,1,0,0,,,,,,,"C-BCH-500T",,,,,,,,,,,,,,,
69924,6,"2025-10-03T10:28:59.000Z",666,,777,,,"FRTF25","FRTF25","SMALL BELT WHEEL SHAFT BUSHING FITS FRTF220","SMALL BELT WHEEL SHAFT BUSHING FITS FRTF220",0.64,0.64,,,"GBP",,,,,,"GBP",9.95,"4098","Active",,"20",0,3,1,1.92,29.85,,,,,,,"C-FRTF25",,,,,,,,,,,,,,,
69925,6,"2025-10-03T10:28:59.000Z",666,,777,,,"19303006","19303006","IGNITION COIL AND LEAD","IGNITION COIL AND LEAD",8.96,0,,,"GBP",,,,,,"GBP",24.95,"4098","Active",,"20",0,0,1,0,0,,,,,,,"C-19303006",,,,,,,,,,,,,,,
69926,6,"2025-10-03T10:28:59.000Z",666,,777,,,"DC93061","DC93061","BEARING FITS DC24-4","BEARING FITS DC24-4",1.98,1.98,,,"GBP",,,,,,"GBP",11.87,"4098","Active",,"20",0,30,1,59.4,356.1,,,,,,,"C-DC93061",,,,,,,,,,,,,,,
69927,6,"2025-10-03T10:28:59.000Z",666,,777,,,"9959-0820-16","9959-0820-16","FLANGED SCREW (M8 X 20)","FLANGED SCREW (M8 X 20)",0.77,0.77,,,"GBP",,,,,,"GBP",1.89,"4098","Active",,"20",0,0,1,0,0,,,,,,,"C-9959-0820-16",,,,,,,,,,,,,,,
69928,6,"2025-10-03T10:28:59.000Z",666,,777,,,"DC831178","DC831178","STRRETING ARM ROD FITS DC24-4","STRRETING ARM ROD FITS DC24-4",0.38,0.38,,,"GBP",,,,,,"GBP",16.98,"4098","Active",,"20",0,30,1,11.4,509.4,,,,,,,"C-DC831178",,,,,,,,,,,,,,,
69929,6,"2025-10-03T10:28:59.000Z",666,,777,,,"TG12000416","TG12000416","BLADE PROTECTOR FITS TG60FTTR","BLADE PROTECTOR FITS TG60FTTR",0.01,0.01,,,"GBP",,,,,,"GBP",19.95,"4098","Active",,"20",0,30,1,0.3,598.5,,,,,,,"C-TG12000416",,,,,,,,,,,,,,,
69930,6,"2025-10-03T10:28:59.000Z",666,,777,,,"830144181","830144181","GRASSBOX NETTING FITS DC24-4","GRASSBOX NETTING FITS DC24-4",7.06,7.06,,,"GBP",,,,,,"GBP",49.95,"4098","Active",,"20",0,30,1,211.8,1498.5,,,,,,,"C-830144181",,,,,,,,,,,,,,,
69931,6,"2025-10-03T10:28:59.000Z",666,,777,,,"FRT75BS125-SD","FRT75BS125-SD","FEIDER FRT75BS125-SD SIDE EJECT RIDE-ON MOWER (B&S ENGINE)","FEIDER FRT75BS125-SD SIDE EJECT RIDE-ON MOWER (B&S ENGINE)",0,0,,,"GBP",,,,,,"GBP",1249.96,"4011","Active",,"1",0,0,1,0,0,,,,,,,"C-FRT75BS125-SD",,,,,,,,,,,,,,,
69932,6,"2025-10-03T10:28:59.000Z",666,,777,,,"DC96168","DC96168","EXHAUST GASKET FITS SPECTRUM DC24-4","EXHAUST GASKET FITS SPECTRUM DC24-4",0.85,0.85,,,"GBP",,,,,,"GBP",14.95,"4098","Active",,"20",0,20,1,17,299,,,,,,,"C-DC96168",,,,,,,,,,,,,,,
69933,6,"2025-10-03T10:28:59.000Z",666,,777,,,"DC831137","DC831137","MANDRIL SHAFT FITS DC24-4","MANDRIL SHAFT FITS DC24-4",3.58,3.58,,,"GBP",,,,,,"GBP",24.95,"4098","Active",,"20",0,15,1,53.7,374.25,,,,,,,"C-DC831137",,,,,,,,,,,,,,,
69934,6,"2025-10-03T10:28:59.000Z",666,,777,,,"DC94072","DC94072","DECK WASH HOSE ATTACHMENT FITS SPECTRUM DC24-4","DECK WASH HOSE ATTACHMENT FITS SPECTRUM DC24-4",0.19,0.19,,,"GBP",,,,,,"GBP",9.95,"4098","Active",,"20",0,10,1,1.9,99.5,,,,,,,"C-DC94072",,,,,,,,,,,,,,,
69935,6,"2025-10-03T10:28:59.000Z",666,,777,,,"TG11000121","TG11000121","REAR WHEEL TRIM FITS TG51","REAR WHEEL TRIM FITS TG51",0.32,0.32,,,"GBP",,,,,,"GBP",9.95,"4098","Active",,"20",0,86,1,27.52,855.7,,,,,,,"C-TG11000121",,,,,,,,,,,,,,,
69936,6,"2025-10-03T10:28:59.000Z",666,,777,,,"2825","2825","GASKET SET (B&S)","GASKET SET (B&S)",4.54,4.54,,,"GBP",,,,,,"GBP",11.25,"4098","Active",,"20",0,1,1,4.54,11.25,,,,,,,"C-2825",,,,,,,,,,,,,,,
69937,6,"2025-10-03T10:28:59.000Z",666,,777,,,"A226-001410","A226-001410","AIR FILTER","AIR FILTER",4.82,4.82,,,"GBP",,,,,,"GBP",9.85,"4098","Active",,"20",0,0,1,0,0,,,,,,,"C-A226-001410",,,,,,,,,,,,,,,
69938,6,"2025-10-03T10:28:59.000Z",666,,777,,,"FRTF2","FRTF2","UPPER HANDLE BAR FIXING SCREW FITS FRTF220","UPPER HANDLE BAR FIXING SCREW FITS FRTF220",0.24,0.24,,,"GBP",,,,,,"GBP",4.95,"4098","Active",,"20",0,10,1,2.4,49.5,,,,,,,"C-FRTF2",,,,,,,,,,,,,,,
69939,6,"2025-10-03T10:28:59.000Z",666,,777,,,"HF2417HTERFB","HF2417HTERFB","HONDA HF 2417 HTE PREMIUM GARDEN TRACTOR - SLIGHTLY SHOP SOILED","HONDA HF 2417 HTE PREMIUM GARDEN TRACTOR - SLIGHTLY SHOP SOILED",0.01,0,,,"GBP",,,,,,"GBP",3915.83,"4011","Active",,"81",0,0,1,0,0,,,,,,,"C-HF2417HTERFB",,,,,,,,,,,,,,,
69940,6,"2025-10-03T10:28:59.000Z",666,,777,,,"HV5997294-01","HV5997294-01","AIR FILTER (HUSQVARNA)","AIR FILTER (HUSQVARNA)",13.19,13.19,,,"GBP",,,,,,"GBP",29.67,"4098","Active",,"20",0,0,1,0,0,,,,,,,"C-HV5997294-01",,,,,,,,,,,,,,,
69941,6,"2025-10-03T10:28:59.000Z",666,,777,,,"DC96112","DC96112","CASING GASKET FITS SPECTRUM DC24-4","CASING GASKET FITS SPECTRUM DC24-4",0.85,0.85,,,"GBP",,,,,,"GBP",9.95,"4098","Active",,"20",0,30,1,25.5,298.5,,,,,,,"C-DC96112",,,,,,,,,,,,,,,
69942,6,"2025-10-03T10:28:59.000Z",666,,777,,,"ALF016L66176","ALF016L66176","THROTTLE LEVER ASSY (ATCO)","THROTTLE LEVER ASSY (ATCO)",6.06,6.06,,,"GBP",,,,,,"GBP",13.72,"4098","Active",,"20",0,0,1,0,0,,,,,,,"C-ALF016L66176",,,,,,,,,,,,,,,
69943,6,"2025-10-03T10:28:59.000Z",666,,777,,,"SP45203","SP45203","Spectrum SP45203 48"" Towed Steel Lawn Roller""","Spectrum SP45203 48"" Towed Steel Lawn Roller""",81.2,86.41,,,"GBP",,,,,,"GBP",499.95,"4025","Active",,"26",0,18,1,1461.6,8999.1,,,,,,,"C-SP45203",,,,,,,,,,,,,,,
69944,6,"2025-10-03T10:28:59.000Z",666,,777,,,"TG561-SWT","TG561-SWT","SPECTRUM TG561-SWT SELF PROPELLED WHEELED TRIMMER","SPECTRUM TG561-SWT SELF PROPELLED WHEELED TRIMMER",123.74,123.74,,,"GBP",,,,,,"GBP",333.29,"4025","Active",,"26",0,139,1,17199.86,46327.31,,,,,,,"C-TG561-SWT",,,,,,,,,,,,,,,
69945,6,"2025-10-03T10:28:59.000Z",666,,777,,,"ST00009581022","ST00009581022","SPROCKET WASHER (STHIL)","SPROCKET WASHER (STHIL)",1.32,1.32,,,"GBP",,,,,,"GBP",2.91,"4098","Active",,"20",0,0,1,0,0,,,,,,,"C-ST00009581022",,,,,,,,,,,,,,,
69946,6,"2025-10-03T10:28:59.000Z",666,,777,,,"TG50-UTILITY-AMZ","TG50-UTILITY-AMZ","SPECTRUM TG50-UTILITY - AMAZON FULFILLED","SPECTRUM TG50-UTILITY - AMAZON FULFILLED",79.41,79.41,,,"GBP",,,,,,"GBP",208.29,"4010","Active",,"26",0,30,0,2382.3,6248.7,,,,,,,"C-TG50-UTILITY-AMZ",,,,,,,,,,,,,,,
69947,6,"2025-10-03T10:28:59.000Z",666,,777,,,"178-010-521-30","178-010-521-30","ECHO THROTTLE TRIGGER","ECHO THROTTLE TRIGGER",5.22,5.22,,,"GBP",,,,,,"GBP",11.16,"4098","Active",,"20",0,1,1,5.22,11.16,,,,,,,"C-178-010-521-30",,,,,,,,,,,,,,,
69948,6,"2025-10-03T10:28:59.000Z",666,,777,,,"FRT70EA-RET","FRT70EA-RET","FEIDER FRT70EA TRACTOR - RETURN MODEL","FEIDER FRT70EA TRACTOR - RETURN MODEL",600.75,0,,,"GBP",,,,,,"GBP",600.75,"4011","Active",,"199",0,0,0,0,0,,,,,,,"C-FRT70EA-RET",,,,,,,,,,,,,,,
69949,6,"2025-10-03T10:28:59.000Z",666,,777,,,"DC831128","DC831128","FRONT AXLE FRAME FITS DC24-4","FRONT AXLE FRAME FITS DC24-4",7.72,7.72,,,"GBP",,,,,,"GBP",46.32,"4098","Active",,"20",0,10,1,77.2,463.2,,,,,,,"C-DC831128",,,,,,,,,,,,,,,
69950,6,"2025-10-03T10:28:59.000Z",666,,777,,,"TG11000222","TG11000222","LARGE PLASTIC DOUBLE PULLEY FITS TG60FTTR","LARGE PLASTIC DOUBLE PULLEY FITS TG60FTTR",3.28,3.28,,,"GBP",,,,,,"GBP",34.95,"4098","Active",,"20",0,3,1,9.84,104.85,,,,,,,"C-TG11000222",,,,,,,,,,,,,,,
69951,6,"2025-10-03T10:28:59.000Z",666,,777,,,"DC830032","DC830032","COMPLETE STRRERING WHEEL FITS DC24-4","COMPLETE STRRERING WHEEL FITS DC24-4",8.47,8.47,,,"GBP",,,,,,"GBP",51.95,"4098","Active",,"20",0,10,1,84.7,519.5,,,,,,,"C-DC830032",,,,,,,,,,,,,,,
69952,6,"2025-10-03T10:28:59.000Z",666,,777,,,"TG14000088","TG14000088","OPC CABLE FITS TG40PD","OPC CABLE FITS TG40PD",0.6,0.6,,,"GBP",,,,,,"GBP",19.95,"4098","Active",,"20",0,14,1,8.4,279.3,,,,,,,"C-TG14000088",,,,,,,,,,,,,,,
69953,6,"2025-10-03T10:28:59.000Z",666,,777,,,"DC314301","DC314301","GOVERNER ASSEMBLY FITS SPECTRUM DC24-4","GOVERNER ASSEMBLY FITS SPECTRUM DC24-4",0.85,0,,,"GBP",,,,,,"GBP",14.95,"4098","Active",,"20",0,0,1,0,0,,,,,,,"C-DC314301",,,,,,,,,,,,,,,
69954,6,"2025-10-03T10:28:59.000Z",666,,777,,,"DC831130","DC831130","LEFT STEERING ARM FITS DC24-4","LEFT STEERING ARM FITS DC24-4",3.01,3.01,,,"GBP",,,,,,"GBP",18.05,"4098","Active",,"20",0,30,1,90.3,541.5,,,,,,,"C-DC831130",,,,,,,,,,,,,,,
69955,6,"2025-10-03T10:28:59.000Z",666,,777,,,"798897","798897","AIR FILTER (B&S)","AIR FILTER (B&S)",11.97,11.97,,,"GBP",,,,,,"GBP",22.61,"4098","Active",,"20",0,1,1,11.97,22.61,,,,,,,"C-798897",,,,,,,,,,,,,,,
69956,6,"2025-10-03T10:28:59.000Z",666,,777,,,"ST94606240801","ST94606240801","CHAIN SPROCKET CLIP (STIHL)","CHAIN SPROCKET CLIP (STIHL)",0.32,0.32,,,"GBP",,,,,,"GBP",0.64,"4098","Active",,"20",0,0,1,0,0,,,,,,,"C-ST94606240801",,,,,,,,,,,,,,,
70045,6,"2025-10-03T13:56:12.000Z",24305274,"2025-10-03T13:56:12.000Z",24305274,,,"796352S","796352S","FUEL MANAGEMENT BOX","FUEL MANAGEMENT BOX",65.5,65.5,,,"GBP",,,,,,"GBP",,,,,,0,0,1,0,,,,,,,,,,,,,,,,,,,,,,,
70046,6,"2025-10-03T14:48:36.000Z",24305282,"2025-10-06T14:16:31.000Z",24305282,,,"765435","765435","CLUTCH CABLE (MASPORT)","CLUTCH CABLE (MASPORT)",14.09,0,,,"GBP",,,,,,"GBP",28.18,,,,,0,-1,1,-14.09,-28.18,,,,,,,,,,,,,,,,,,,,,,
70051,6,"2025-10-08T08:21:13.000Z",24305274,"2025-10-08T08:21:13.000Z",24305274,,,"CS-590/50","CS-590/50","ECHO CS-590/50 PETROL CHAINSAW 59.8CC 20"" / 50CM BAR","ECHO CS-590/50 PETROL CHAINSAW 59.8CC 20"" / 50CM BAR",407.71,406.71,,,"GBP",,,,,,"GBP",624.17,,,,,0,1,1,407.71,624.17,,,,,,,,,,,,,,,,,,,,,,
70052,6,"2025-10-08T08:23:57.000Z",24305274,"2025-10-08T08:23:57.000Z",24305274,,,"CS-7310SX/60","CS-7310SX/60","ECHO CS-7310SX/60 PETROL CHAINSAW 73.5CC 24"" / 60CM BAR","ECHO CS-7310SX/60 PETROL CHAINSAW 73.5CC 24"" / 60CM BAR",622.38,622.38,,,"GBP",,,,,,"GBP",957.5,,,,,0,1,1,622.38,957.5,,,,,,,,,,,,,,,,,,,,,,
70053,6,"2025-10-08T08:26:01.000Z",24305274,"2025-10-08T08:26:01.000Z",24305274,,,"PB-770","PB-770","ECHO PB-770 BACKPACK BLOWER ","ECHO PB-770 BACKPACK BLOWER ",364.5,364.5,,,"GBP",,,,,,"GBP",607.5,,,,,0,7,1,2551.5,4252.5,,,,,,,,,,,,,,,,,,,,,,
70054,6,"2025-10-08T08:27:52.000Z",24305274,"2025-10-08T08:27:52.000Z",24305274,,,"PB-8010","PB-8010","ECHO PB-8010 BACK PACK BLOWER 79.9CC","ECHO PB-8010 BACK PACK BLOWER 79.9CC",449.04,449.04,,,"GBP",,,,,,"GBP",690.83,,,,,0,1,1,449.04,690.83,,,,,,,,,,,,,,,,,,,,,,
70055,6,"2025-10-09T13:39:49.000Z",24305282,"2025-11-03T11:31:53.000Z",24305274,,,"327110579/0","327110579/0","GRASS BAG COVER (66MQ)","GRASS BAG COVER (66MQ)",27.99,27.99,,,"GBP",,,,,,"GBP",58.93,,,,,0,2,1,55.98,117.86,,,,,,,,,,,,,,,,,,,,,,
70056,6,"2025-10-09T13:58:26.000Z",24305282,"2025-10-09T14:07:40.000Z",24305282,,,"CARBURETOR ECHO","EC-A021-001742","CARBURETOR ECHO (WITH DIAPHRAGM)","CARBURETOR ECHO",58.15,0,,,"GBP",,,,,,"GBP",112.75,,,,,0,0,1,0,0,,,,,,,,,,,,,,,,,,,,,,
70057,6,"2025-10-09T15:07:37.000Z",24305282,"2025-10-09T15:07:37.000Z",24305282,,,"DECK PIN (STIGA)","137510327/2","DECK PIN (STIGA)","DECK PIN (STIGA)",7.9,0,,,"GBP",,,,,,"GBP",12.86,,,,,0,1,1,7.9,12.86,,,,,,,,,,,,,,,,,,,,,,
70058,6,"2025-10-09T15:11:54.000Z",24305274,"2025-10-09T15:11:54.000Z",24305274,,,"CS-4920ES/45","CS-4920ES/45","ECHO CS-4920ES/45 PETROL CHAINSAW 49CC 45CM / 18"" BAR","ECHO CS-4920ES/45 PETROL CHAINSAW 49CC 45CM / 18"" BAR",319.04,319.04,,,"GBP",,,,,,"GBP",490.83,,,,,0,-1,1,-319.04,-490.83,,,,,,,,,,,,,,,,,,,,,,
70059,6,"2025-10-09T15:11:58.000Z",24305282,"2025-10-09T15:11:58.000Z",24305282,,,"MODULE-ELECT CHOKE","B796352S","MODULE-ELECT CHOKE","MODULE-ELECT CHOKE",65.6,0,,,"GBP",,,,,,"GBP",128.37,,,,,0,0,1,0,0,,,,,,,,,,,,,,,,,,,,,,
70060,6,"2025-10-09T15:18:54.000Z",24305274,"2025-10-09T15:18:54.000Z",24305274,,,"CS-3410/35","CS-3410/35","ECHO CS-3410/35 PETROL CHAINSAW 35CM / 14"" BAR","ECHO CS-3410/35 PETROL CHAINSAW 35CM / 14"" BAR",139.5,139.5,,,"GBP",,,,,,"GBP",232.5,,,,,0,10,1,1395,2325,,,,,,,,,,,,,,,,,,,,,,
70065,6,"2025-10-10T15:15:10.000Z",24305282,"2025-10-10T15:15:10.000Z",24305282,,,"FUEL FILTER (2-STROKE)","73014","FUEL FILTER (2-STROKE)","FUEL FILTER (2-STROKE)",2,0,,,"GBP",,,,,,"GBP",4.96,,,,,0,3,1,6,14.88,,,,,,,,,,,,,,,,,,,,,,
70071,6,"2025-10-14T13:41:54.000Z",24305282,"2025-10-14T13:42:53.000Z",24305282,,,"382840101/0","382840101/0","GEARBOX (LANGHUI)","GEARBOX (LANGHUI)",377.51,0,,,"GBP",,,,,,"GBP",786.24,,,,,0,1,1,377.51,786.24,,,,,,,,,,,,,,,,,,,,,,
70072,6,"2025-10-16T15:54:05.000Z",24305282,"2025-10-16T15:54:05.000Z",24305282,,,"17263238","17263238","BLADE BOSS (FITS 66MQ)","BLADE BOSS (FITS 66MQ)",1.2,0,,,"GBP",,,,,,"GBP",12.5,,,,,0,-1,1,-1.2,-12.5,,,,,,,,,,,,,,,,,,,,,,
70073,6,"2025-10-17T08:41:41.000Z",24305282,"2025-10-17T08:41:41.000Z",24305282,,,"21302000","21302000","BELT TOOTHED 15X880","BELT TOOTHED 15X880",9.28,0,,,"GBP",,,,,,"GBP",28.5,,,,,0,1,1,9.28,28.5,,,,,,,,,,,,,,,,,,,,,,
70074,6,"2025-10-21T09:53:26.000Z",24305282,"2025-10-21T09:53:26.000Z",24305282,,,"7581","7581","FUEL TANK GROMET (20MM)","FUEL TANK GROMET (20MM)",0.53,0,,,"GBP",,,,,,"GBP",3.11,,,,,0,0,1,0,0,,,,,,,,,,,,,,,,,,,,,,
70075,6,"2025-10-21T10:00:42.000Z",24305282,"2025-10-21T10:00:42.000Z",24305282,,,"HV5979673-05","HV5979673-05","HOSE ASSY (HUSQVARNA)","HOSE ASSY (HUSQVARNA)",15.92,0,,,"GBP",,,,,,"GBP",31.81,,,,,0,-1,1,-15.92,-31.81,,,,,,,,,,,,,,,,,,,,,,
70076,6,"2025-10-21T10:02:12.000Z",24305282,"2025-10-21T10:02:27.000Z",24305282,,,"41441801104","41441801104","THROTTLE CABLE (STIHL)","THROTTLE CABLE (STIHL)",10.8,0,,,"GBP",,,,,,"GBP",24.16,,,,,0,-1,1,-10.8,-24.16,,,,,,,,,,,,,,,,,,,,,,
70077,6,"2025-10-21T11:05:59.000Z",24305274,"2025-10-21T11:05:59.000Z",24305274,,,"WT30","WT30","HONDA WT30 PETROL WATER PUMP 3""","HONDA WT30 PETROL WATER PUMP 3""",870.58,0,,,"GBP",,,,,,"GBP",1695,,,,,0,3,1,2611.74,5085,,,,,,,,,,,,,,,,,,,,,,
70109,6,"2025-10-24T09:06:55.000Z",24305274,"2025-10-24T09:11:39.000Z",24305274,,,"PPT-2620HES","PPT-2620HES","Echo PPT-2620HES Pole Pruner 25.4cc ","Echo PPT-2620HES Pole Pruner 25.4cc ",411.13,411.13,,,"GBP",,,,,,"GBP",632.5,,"Active",,,0,0,1,0,0,,,,,,,,,,,,,,,,,,,,,,
70110,6,"2025-10-27T14:52:07.000Z",24305281,"2025-10-27T14:52:07.000Z",24305281,,,"DCT38H-RDM-RET","DCT38H-RDM-RET","SPECTRUM DCT38H-RDM-RET","SPECTRUM DCT38H-RDM-RET",1000,1000,,,"GBP",,,,,,"GBP",1950,,"Active",,,0,0,0,0,0,,,,,,,,,,,,,,,,,,,,,,
70118,6,"2025-10-30T09:50:08.000Z",24305274,"2025-12-01T10:05:42.000Z",24305282,,,"SBA2012KR","SBA2012KR","SLAB BATTERY - 12V 20AH SLA1120","SLAB BATTERY - 12V 20AH KRAMP
LOCATION 5E",40.8,40.8,,,"GBP",,,,,,"GBP",79.95,,"Active",,"20",0,0,1,0,0,,,,,,,,,,,,,,,,"5E",,,,,,
70119,6,"2025-10-30T10:09:52.000Z",24305274,"2025-10-30T10:09:52.000Z",24305274,,,"UMK 435 UE","UMK435UE","HONDA UMK 435 UE HORN HANDLE BRUSHCUTTER","HONDA UMK 435 UE HORN HANDLE BRUSHCUTTER - 4 STROKE",776.25,646.88,,,"GBP",,,,,,"GBP",675,,"Active",,"81",0,0,1,0,0,,,,,,,,,,,,,,,,,,,,,,
70120,6,"2025-11-06T14:38:48.000Z",24305274,"2025-11-06T14:38:48.000Z",24305274,,,"EU10I","EU10I","HONDA EU10I PETROL GENERATOR","HONDA EU10I PETROL GENERATOR",576.38,576.38,,,"GBP",,,,,,"GBP",795,,"Active","4025 - MISC","81",0,3,1,1729.14,2385,,,,,,,,,,,,,,,,,,,,,,
70121,6,"2025-11-07T11:40:18.000Z",24305282,"2025-11-07T11:42:25.000Z",24305282,,,"IGNITION COIL","19316002","IGNITION COIL","IGNITION COIL",8.96,0,,,"GBP",,,,,,"GBP",25,,,"4098 - SPARE PARTS","15",0,1,1,8.96,25,,,,,,,,,,,,,,,,"2C",,,,,,
70122,6,"2025-11-08T09:22:27.000Z",24305274,"2025-11-08T09:22:27.000Z",24305274,,,"WBVAC","WBVAC","WEBB WBVAC  58CM WALK-BEHIND VACUUM & BLOWER","WEBB WBVAC  58CM WALK-BEHIND VACUUM & BLOWER",402,402,,,"GBP",,,,,,"GBP",699,,"Active","4018 - VACCUMS & SWEEPERS","53",0,1,1,402,699,,,,,,,,,,,,,,,,,,,,,,
70123,6,"2025-11-08T09:25:03.000Z",24305274,"2025-11-08T09:25:03.000Z",24305274,,,"WEPS400","WEPS400","WEBB WEPS400 16"" PETROL SCARIFIER & RAKE","WEBB WEPS400 16"" PETROL SCARIFIER & RAKE",197.99,197.99,,,"GBP",,,,,,"GBP",439,,"Active","4013 - SCARIFIERS","53",0,1,1,197.99,439,,,,,,,,,,,,,,,,,,,,,,
70124,6,"2025-11-08T09:28:08.000Z",24305274,"2025-12-09T10:58:25.000Z",24305274,,,"WEESS","WEESS","WEBB WEESS ELECTRIC SILENT SHREDDER 2800W","WEBB WEESS ELECTRIC SILENT SHREDDER 2800W

",174.99,174.99,,,"GBP",,,,,,"GBP",299,,"Active","4015 - CHIPPERS & SHREDDERS","53",0,-1,1,-174.99,-299,,,,,,,,,,,,,,,,,,,,,,
70125,6,"2025-11-11T12:50:49.000Z",24305274,"2025-11-11T15:13:20.000Z",24305274,,,"FAST175-BAG-HANDLE","FAST175-BAG-HANDLE","FEIDER REPLACEMENT BAG HANDLE","FEIDER REPLACEMENT BAG HANDLE",0.6,0.6,,,"GBP",,,,,,"GBP",24.95,,"Active","4098 - SPARE PARTS","15",0,7,1,4.2,174.65,,,,,,,,,,,,,,,,"DM8C",,,,,,
70129,6,"2025-11-12T16:14:25.000Z",24305274,"2025-11-12T16:14:25.000Z",24305274,,,"411001","411001","PULLEY VARIATOR","PULLEY VARIATOR - FITS HAYTER LAWNMOWERS",47.88,47.88,,,"GBP",,,,,,"GBP",95.76,,"Active","4098 - SPARE PARTS","20",0,0,1,0,0,,,,,,,,,,,,,,,,"P C/O",,752107,,,,
70130,6,"2025-11-12T16:37:26.000Z",24305274,"2025-11-12T16:37:26.000Z",24305274,,,"31500-VK1-E81","31500-VK1-E81","BATTERY - ACID FILLED RIGHT HAND +VE","BATTERY - ACID FILLED RIGHT HAND +VE",,,,,"GBP",,,,,,"GBP",,,"Active","4098 - SPARE PARTS","20",,,1,,,,,,,,,,,,,,,,,,,,,,,,
70133,6,"2025-11-13T14:00:39.000Z",24305274,"2025-11-13T14:05:59.000Z",24305274,,,"12031547","12031547","WIRING LOOM","WIRING LOOM - FITS RACING 62PR / 6224PR / CHIPERFIELD C25-7 / FEIDER FRT6224",34.43,0,,,"GBP",,,,,,"GBP",69.95,,"Active","4098 - SPARE PARTS","15",0,1,1,34.43,69.95,,,,,,,,,,,,,,,,"4D",,752066,"12031547",,,
70134,6,"2025-11-13T16:36:10.000Z",24305274,"2025-11-13T16:36:10.000Z",24305274,,,"QG18P","QG18P","SPECTRUM QG18P HAND PROPELLED LAWNMOWER","SPECTRUM QG18P HAND PROPELLED LAWNMOWER - 196CC ENGINE",68.46,68.46,,,"GBP",,,,,,"GBP",149.95,,"Active","4010 - WALK BEHIND LAWNMOWERS","26",0,0,1,0,0,,,,,,,,,,,,,,,,,,752184,"QINGAIN",,,
70135,6,"2025-11-13T16:38:01.000Z",24305274,"2025-11-13T16:38:01.000Z",24305274,,,"QG18SP","QG18SP","SPECTRUM QG18SP SELF PROPELLED LAWNMOWER","SPECTRUM QG18SP SELF PROPELLED LAWNMOWER - 196CC ENGINE",78.46,78.46,,,"GBP",,,,,,"GBP",169.95,,"Active","4010 - WALK BEHIND LAWNMOWERS","25",0,1,1,78.46,169.95,,,,,,,,,,,,,,,,,,752184,"QINGAIN",,,
70136,6,"2025-11-13T16:39:03.000Z",24305274,"2026-05-18T14:05:30.000Z",24305274,,,"QG20SP","QG20SP","SPECTRUM QG20SP SELF PROPELLED LAWNMOWER","SPECTRUM QG20SP SELF PROPELLED LAWNMOWER - 196CC ENGINE",89.23,89.23,,,"GBP",,,,,,"GBP",199.95,,"Inactive","4010 - WALK BEHIND LAWNMOWERS","26",0,1,1,89.23,199.95,,,,,,,,,,,,,,,,,,752184,"QINGAIN",,,
70137,6,"2025-11-13T16:41:59.000Z",24305274,"2025-11-13T16:41:59.000Z",24305274,,,"QG20P","QG20P","SPECTRUM QG20P HAND PROPELLED LAWNMOWER","SPECTRUM QG20P HAND PROPELLED LAWNMOWER - 196CC ENGINE",80.77,80.77,,,"GBP",,,,,,"GBP",169.95,,"Active","4010 - WALK BEHIND LAWNMOWERS","26",0,27,1,2180.79,4588.65,,,,,,,,,,,,,,,,,,752184,"QINGAIN",,,
70163,6,"2025-11-17T15:57:58.000Z",24305274,"2025-11-17T15:57:58.000Z",24305274,,,"4001-713-3812","4001-713-3812","STIHL 260-2 CUTTING BLADE","STIHL 260-2 CUTTING BLADE 25.4MM HOLE DIAMETER",10.26,10.26,,,"GBP",,,,,,"GBP",24.95,,"Active","4098 - SPARE PARTS","20",0,0,1,0,0,,,,,,,,,,,,,,,,"P C/O",,,,,,
70164,6,"2025-11-17T16:00:55.000Z",24305274,"2025-11-17T16:16:22.000Z",24305274,,,"4147-141-0300","6392","AIR FILTER ","STIHL AIR FILTER OEM 4147-141-0300 FITS FS240, FS260, FS360C",4.45,4.45,,,"GBP",,,,,,"GBP",15.18,,"Active","4098 - SPARE PARTS","20",0,0,1,0,0,,,,,,,,,,,,,,,,"P C/O",,752107,"6392",,,
70165,6,"2025-11-17T16:03:27.000Z",24305274,"2025-11-17T16:03:27.000Z",24305274,,,"559025","559025","BRUSH KNIFE","STIHL BRUSH KNIFE 20MM DIAMETER - LIGHT SCRUB",9.13,9.13,,,"GBP",,,,,,"GBP",18.26,,"Active","4098 - SPARE PARTS","20",0,0,1,0,0,,,,,,,,,,,,,,,,,,752107,"559025",,,
70166,6,"2025-11-17T16:16:03.000Z",24305274,"2025-11-17T16:16:03.000Z",24305274,,,"4134-141-0300","4134-141-0300","AIR FILTER ","AIR FILTER - FITS STIHL 2 STROKE BRUSHCUTTERS",7.59,7.59,,,"GBP",,,,,,"GBP",15.18,,"Active","4098 - SPARE PARTS","20",0,0,1,0,0,,,,,,,,,,,,,,,,,,752107,"4134-141-0300",,,
70167,6,"2025-11-18T13:14:54.000Z",24305274,"2025-11-18T13:14:54.000Z",24305274,,,"118120069/0","118120069/0","BATTERY WITH LEADS - 12V 7Ah","BATTERY WITH LEADS - FITS 827M / MTF 66MQ / AT2 66QA / COMBI 166 / COMBI 1066",46.08,46.08,,,"GBP",,,,,,"GBP",88.68,,"Active","4098 - SPARE PARTS","20",0,4,1,184.32,354.72,,,,,,,,,,,,,,,,,,,,,,
70168,6,"2025-11-18T14:20:19.000Z",24305274,"2025-11-18T14:20:19.000Z",24305274,,,"100","100","FREE TO USE","FREE TO USE - MISC",0.01,0,,,"GBP",,,,,,"GBP",,,"Active","4097 - SERVICE CHARGES","20",0,-1,1,-0.01,,,,,,,,,,,,,,,,,,,,,,,
70169,6,"2025-11-19T11:42:58.000Z",24305274,"2025-11-19T11:42:58.000Z",24305274,,,"TY7000SW","TY7000SW","SPECTRUM TY7000SW PETROL SWEEPER","SPECTRUM TY7000SW PETROL SWEEPER",240.76,240.76,,,"GBP",,,,,,"GBP",699.95,,"Active","4018 - VACCUMS & SWEEPERS","26",0,5,1,1203.8,3499.75,,,,,,,,,,,,,,,,,,,,,,
70170,6,"2025-11-19T11:45:35.000Z",24305274,"2025-11-19T11:45:35.000Z",24305274,,,"TY5-7 WEDGE","TY5-7WEDGE","SPECTRUM TY5-7 4 WAY LOG SPLITTER WEDGE","SPECTRUM TY5-7 4 WAY LOG SPLITTER WEDGE",4.61,4.61,,,"GBP",,,,,,"GBP",49.95,,"Active","4025 - MISC","24",0,11,1,50.71,549.45,,,,,,,,,,,,,,,,,,,,,,
70171,6,"2025-11-19T11:47:12.000Z",24305274,"2025-11-19T11:47:12.000Z",24305274,,,"TY8V WEDGE","TY8VWEDGE","SPECTRUM TY8V 4 WAY LOG SPLITTER WEDGE","SPECTRUM TY8V 4 WAY LOG SPLITTER WEDGE",4.61,4.61,,,"GBP",,,,,,"GBP",49.95,,"Active","4025 - MISC","24",0,7,1,32.27,349.65,,,,,,,,,,,,,,,,,,,,,,
70172,6,"2025-11-19T11:48:37.000Z",24305274,"2025-11-19T11:48:37.000Z",24305274,,,"TY31506","TY31506","SPECTRUM TY31506 SWEEPER COLLECTION BOX","SPECTRUM TY31506 SWEEPER COLLECTION BOX - FITS TY7000SW SWEEPER",1.76,9.73,,,"GBP",,,,,,"GBP",149.95,,"Active","4025 - MISC","26",0,0,1,0,0,,,,,,,,,,,,,,,,,,,,,,
70173,6,"2025-11-22T11:52:25.000Z",24305282,"2025-11-22T11:52:25.000Z",24305282,,,"17218-ZG9-M00","17218-ZG9-M00","PRE FILTER (HONDA)","PRE FILTER (HONDA)",1.88,0,,,"GBP",,,,,,"GBP",3.88,,,"4098 - SPARE PARTS","20",0,0,1,0,0,,,,,,,,,,,,,,,,,,,,,,
70174,6,"2025-11-22T11:58:13.000Z",24305282,"2025-11-22T11:58:13.000Z",24305282,,,"17211-ZG9-M00","17211-ZG9-M00","AIR FILTER (HONDA)","AIR FILTER (HONDA)",6.5,0,,,"GBP",,,,,,"GBP",14.95,,,"4098 - SPARE PARTS","20",0,0,1,0,0,,,,,,,,,,,,,,,,,,,,,,
70175,6,"2025-11-24T12:29:30.000Z",24305282,"2025-11-24T12:29:30.000Z",24305282,,,"112728450/0","112728450/0","SELF TAPPING SCREW (STIGA)","SELF TAPPING SCREW (STIGA)",0.77,0,,,"GBP",,,,,,"GBP",1.54,,,"4098 - SPARE PARTS","20",0,2,1,1.54,3.08,,,,,,,,,,,,,,,,,,,,,,
70176,6,"2025-11-24T12:31:24.000Z",24305282,"2025-11-24T12:31:24.000Z",24305282,,,"322670018/0","322670018/0","HALF ROLLER (MOUNTFIELD)","HALF ROLLER FITS PRINCESS 38",2.1,0,,,"GBP",,,,,,"GBP",6.74,,,"4098 - SPARE PARTS","20",0,2,1,4.2,13.48,,,,,,,,,,,,,,,,,,,,,,
70177,6,"2025-11-24T13:44:38.000Z",24305274,"2025-11-24T13:44:38.000Z",24305274,,,"MHT 20 LI KIT","271302203/MUK","MOUNTFIELD MHT 20 LI KIT 20V HEDGE TRIMMER (INC B&C)","MOUNTFIELD MHT 20 LI KIT 20V HEDGE TRIMMER (INC B&C)",55.28,0,,,"GBP",,,,,,"GBP",99,,"Active","4012 - HANDHELD PRODCUTS","31",0,-2,1,-110.56,-198,,,,,,,,,,,,,,,,,,752173,,,,
70178,6,"2025-11-24T13:47:18.000Z",24305274,"2025-11-24T13:47:18.000Z",24305274,,,"HT 500E KIT","278302208/UKS","STIGA HT 500E KIT 48v CORDLESS HEDGE TRIMMER (INC B&C)","STIGA HT 500E KIT 48v CORDLESS HEDGE TRIMMER (INC B&C)",127.89,,,,"GBP",,,,,,"GBP",229,,"Active","4012 - HANDHELD PRODCUTS","32",,,1,,,,,,,,,,,,,,,,,,,,,,,,
70179,6,"2025-11-24T13:54:25.000Z",24305274,"2025-11-24T13:54:25.000Z",24305274,,,"HHH 25D 75E","HHH25D75E","HONDA HHH 25D 75E DOUBLE SIDED PETROL HEDGE CUTTER 4 STROKE","HONDA HHH 25D 75E DOUBLE SIDED PETROL HEDGE CUTTER 4 STROKE",405.83,405.83,,,"GBP",,,,,,"GBP",587.5,,"Active","4012 - HANDHELD PRODCUTS","81",0,1,1,405.83,587.5,,,,,,,,,,,,,,,,,,,,,,
70181,6,"2025-11-26T10:49:27.000Z",24305274,"2025-11-26T10:49:27.000Z",24305274,,,"WH20XT","WH20XT","HONDA WH20XT 2"" WATER PUMP","HONDA WH20XT 2"" WATER PUMP",648.83,648.83,,,"GBP",,,,,,"GBP",954.17,,"Active","4025 - MISC","81",0,4,1,2595.32,3816.68,,,,,,,,,,,,,,,,,,,,,,
70182,6,"2025-11-28T11:00:56.000Z",24305282,"2025-11-28T11:00:56.000Z",24305282,,,"1134-9177-01","1134-9177-01","RIDE ON MOWER COVER (ALPINA 2TA66)","RIDE ON MOWER COVER (ALPINA 2TA66)",35.29,35.29,,,"GBP",,,,,,"GBP",68.58,,,"4098 - SPARE PARTS","20",0,-1,1,-35.29,-68.58,,,,,,,,,,,,,,,,,,,,,,
70195,6,"2025-12-01T10:39:31.000Z",24305282,"2025-12-01T10:39:31.000Z",24305282,,,"42411404404","42411404404","AIR FILTER BG86/SH86 (STIHL)","AIR FILTER BG86/SH86 (STIHL)",9.3,0,,,"GBP",,,,,,"GBP",18.6,,,"4098 - SPARE PARTS","20",0,0,1,0,0,,,,,,,,,,,,,,,,,,,,,,
70277,6,"2025-12-02T14:57:56.000Z",24305274,"2025-12-02T14:57:56.000Z",24305274,,,"WX10T","WX10T","HONDA WX10T 1"" WATER PUMP","HONDA WX10TEI WATER PUMP 1INCH",271.25,0,,,"GBP",,,,,,"GBP",437.5,,"Active","4025 - MISC","81",0,2,1,542.5,875,,,,,,,,,,,,,,,,,,,,,,
70278,6,"2025-12-02T15:01:27.000Z",24305274,"2025-12-02T15:01:27.000Z",24305274,,,"FG201","FG201","HONDA FG201 PETROL TILLER","HONDA FG201 PETROL TILLER",457.13,0,,,"GBP",,,,,,"GBP",662.5,,"Active","4017 - TILLERS & CULTIVATORS","81",0,1,1,457.13,662.5,,,,,,,,,,,,,,,,,,,,,,
70279,6,"2025-12-02T15:06:08.000Z",24305274,"2025-12-02T15:06:08.000Z",24305274,,,"WT20X","WT20X","HONDA WT20X 2"" WATER PUMP","HONDA WT20XK4DE 2"" WATER PUMP",648.83,,,,"GBP",,,,,,"GBP",954.17,,"Active","4025 - MISC","81",,,1,,,,,,,,,,,,,,,,,,,,,,,,
70280,6,"2025-12-02T15:08:17.000Z",24305274,"2026-02-20T08:40:47.000Z",24305274,,,"HRM2500 LIVE","HRM2500_LIVE","HONDA MIIMO HRM2500 LIVE ROBOTIC MOWER","HONDA MIIMO HRM2500 LIVE ROBOTIC MOWER",1464.38,0,,,"GBP",,,,,,"GBP",2062.5,,"Active","4020 - ROBOTIC MOWERS","81",0,2,1,2928.76,4125,,,,,,,,,,,,,,,,,,752120,,,,
70281,6,"2025-12-03T11:34:58.000Z",24305274,"2025-12-03T11:34:58.000Z",24305274,,,"UMS 425 LN","UMS425LN","HONDA UMS 425 LN CURVED SHAFT STRIMMER","HONDA UMS 425 LN CURVED SHAFT STRIMMER - 4 STROKE",287.5,287.5,,,"GBP",,,,,,"GBP",416.67,,"Active","4012 - HANDHELD PRODCUTS","81",0,2,1,575,833.34,,,,,,,,,,,,,,,,,,,,,,
70283,6,"2025-12-04T09:41:24.000Z",24305282,"2025-12-04T09:41:24.000Z",24305282,,,"EH-LCJU-560","EH-LCJU-560","56V ULTRA RAPID CHARGE (ECHO)","56V ULTRA RAPID CHARGE (ECHO)",86.87,86.87,,,"GBP",,,,,,"GBP",129,,,"4098 - SPARE PARTS","20",0,1,1,86.87,129,,,,,,,,,,,,,,,,,,,,,,
70285,6,"2025-12-04T15:35:21.000Z",24305282,"2025-12-08T09:59:53.000Z",24305253,,,"HA134-0240","HA134-0240","CLUTCH CABLE (HAYTER OSPREY)","CLUTCH CABLE (HAYTER OSPREY)",12.02,0,,,"GBP",,,,,,"GBP",24.04,,,"4098 - SPARE PARTS","20",0,1,1,12.02,24.04,,,,,,,,,,,,,,,,,,,,"in the racks",,
70382,6,"2025-12-08T14:57:14.000Z",24307252,"2025-12-08T14:57:14.000Z",24307252,,,"31500-VA3-P01","31500-VA3-P01","BATTERY BATTERY ASSY (LCS2912H)","BATTERY BATTERY ASSY (LCS2912H)",48.75,0,,,"GBP",,,,,,"GBP",97.5,,,"4098 - SPARE PARTS","20",0,0,1,0,0,,,,,,,,,,,,,,,,,,,,,,
70383,6,"2025-12-08T16:17:17.000Z",24305282,"2025-12-08T16:17:17.000Z",24305282,,,"122042073/0","122042073/0","BELT GUARD BUSH","BELT GUARD BUSH",0.84,0.84,,,"GBP",,,,,,"GBP",1.93,,,"4098 - SPARE PARTS","20",0,2,1,1.68,3.86,,,,,,,,,,,,,,,,,,,,,,
70384,6,"2025-12-08T16:20:40.000Z",24305282,"2025-12-08T16:20:40.000Z",24305282,,,"135064005/0","135064005/0","TOOTHED BELT","TOOTHED BELT",6.53,0,,,"GBP",,,,,,"GBP",24.32,,,"4098 - SPARE PARTS","20",0,0,1,0,0,,,,,,,,,,,,,,,,,,,,,,
70385,6,"2025-12-08T16:22:00.000Z",24305282,"2025-12-08T16:22:00.000Z",24305282,,,"181004366/2","181004366/2","MULCHING BLADE 48CM","MULCHING BLADE 48CM",7.71,0,,,"GBP",,,,,,"GBP",29.95,,,"4098 - SPARE PARTS","20",0,0,1,0,0,,,,,,,,,,,,,,,,,,,,,,
70386,6,"2025-12-08T16:23:44.000Z",24305282,"2025-12-08T16:23:44.000Z",24305282,,,"322060270/3","322060270/3","BELT PROTECTION GUARD ","BELT PROTECTION GUARD [MP1 50]",5.53,,,,"GBP",,,,,,"GBP",13.74,,,"4098 - SPARE PARTS","20",,,1,,,,,,,,,,,,,,,,,,,,,,,,
70387,6,"2025-12-09T11:34:51.000Z",24305274,"2025-12-09T11:34:51.000Z",24305274,,,"2F7062505/ST1","2F7062505/ST1","STIGA GYRO 500e ‘DRIVE-BY-WIRE'’ ELECTRIC BATTERY POWERED AXIAL RIDE-ON LAWNMOWER ","STIGA GYRO 500e ‘DRIVE-BY-WIRE'’ ELECTRIC BATTERY POWERED AXIAL RIDE-ON LAWNMOWER ",3924.52,0,,,"GBP",,,,,,"GBP",5857.5,,"Active","4011 - RIDE ON LAWNMOWERS","32",0,-1,1,-3924.52,-5857.5,,,,,,,,,,,,,,,,,,752173,,,,
70440,6,"2025-12-12T15:57:04.000Z",24305274,"2025-12-12T15:57:04.000Z",24305274,,,"WB20XT","WB20XT","HONDA WB20XT WATER PUMP - 2"" TRASH","HONDA WB20XT WATER PUMP - 2"" TRASH",289.33,289.33,,,"GBP",,,,,,"GBP",466.67,,"Active","4025 - MISC","81",0,2,1,578.66,933.34,,,,,,,,,,,,,,,,,,752120,,,,
70441,6,"2025-12-15T09:59:31.000Z",24305282,"2025-12-15T09:59:31.000Z",24305282,,,"181005541/0","181005541/0","THROTTLE CABLE (MP2 50-55 GGP 160)","THROTTLE CABLE (MP2 50-55 GGP 160)",13.86,0,,,"GBP",,,,,,"GBP",27.72,,,"4098 - SPARE PARTS","20",0,0,1,0,0,,,,,,,,,,,,,,,,,,,,,,
70442,6,"2025-12-15T10:33:27.000Z",24305282,"2025-12-15T10:33:27.000Z",24305282,,,"72531-VK8-J50","72531-VK8-J50","BLADE - UPPER ROTARY (HONDA)","BLADE - UPPER ROTARY (HONDA)",21.19,0,,,"GBP",,,,,,"GBP",42.38,,,"4098 - SPARE PARTS","20",0,0,1,0,0,,,,,,,,,,,,,,,,,,,,,,
70443,6,"2025-12-15T10:48:13.000Z",24305282,"2025-12-15T10:48:13.000Z",24305282,,,"72511-VK8-J50","72511-VK8-J50","BLADE - ROTARY (HONDA)","BLADE - ROTARY (HONDA)",18.92,0,,,"GBP",,,,,,"GBP",37.84,,,"4098 - SPARE PARTS","20",0,0,1,0,0,,,,,,,,,,,,,,,,,,,,,,
70447,6,"2025-12-15T11:37:58.000Z",24305282,"2025-12-15T11:37:58.000Z",24305282,,,"72511-VF0-K60","72511-VF0-K60","BLADE - ROTARY (HONDA)","BLADE - ROTARY (HONDA)",21.19,0,,,"GBP",,,,,,"GBP",42.38,,,"4098 - SPARE PARTS","20",0,0,1,0,0,,,,,,,,,,,,,,,,,,,,,,
70448,6,"2025-12-15T14:32:21.000Z",24305282,"2025-12-15T14:32:21.000Z",24305282,,,"5749","5749","HUSQVARNA BLADE (94CM/103CM)","HUSQVARNA BLADE (94CM/103CM) 505-5445-01",6.57,0,,,"GBP",,,,,,"GBP",19.71,,,,,0,-2,1,-13.14,-39.42,,,,,,,,,,,,,,,,,,,,,,
70449,6,"2025-12-15T14:54:57.000Z",24305282,"2025-12-16T15:45:32.000Z",24305282,,,"13031054130","13031054130","ECHO AIR FILTER","ECHO AIR FILTER - 226001410",1.62,0,,,"GBP",,,,,,"GBP",7.51,,,"4098 - SPARE PARTS","20",0,0,1,0,0,,,,,,,,,,,,,,,,,,,,,,
70450,6,"2025-12-15T14:56:24.000Z",24305282,"2025-12-15T14:56:24.000Z",24305282,,,"405000141","405000141","ECHO 255MM 8 TOOTH CUTTING BLADE","ECHO 255MM 8 TOOTH CUTTING BLADE",16.83,0,,,"GBP",,,,,,"GBP",40.39,,,"4098 - SPARE PARTS","20",0,0,1,0,0,,,,,,,,,,,,,,,,,,,,,,
70451,6,"2025-12-17T11:20:26.000Z",24305282,"2025-12-17T11:20:26.000Z",24305282,,,"DRP14","DRP14","OIL DRAIN PAN 6L SEALEY","OIL DRAIN PAN 6L (SEALEY)",3.98,0,,,"GBP",,,,,,"GBP",11.94,,,"4098 - SPARE PARTS","20",0,0,1,0,0,,,,,,,,,,,,,,,,,,,,,,
70453,6,"2025-12-18T14:23:15.000Z",24305274,"2025-12-18T14:23:15.000Z",24305274,,,"457958","RRSP18L","MASPORT ROTAROLA 18"" SELF PROPELLED LONCIN ENGINE","MASPORT ROTAROLA RRSP18L 18"" SELF PROPELLED LONCIN ENGINE",424.12,0,,,"GBP",,,,,,"GBP",640.83,,"Active","4010 - WALK BEHIND LAWNMOWERS","57",0,-2,1,-848.24,-1281.66,,,,,,,,,,,,,,,,,,,,,,
70454,6,"2025-12-18T14:31:33.000Z",24305282,"2025-12-18T14:31:33.000Z",24305282,,,"325785509/0","325785509/0","REAR DEFLECTOR PLATE (BLACK)","REAR DEFLECTOR PLATE (BLACK)",5.18,0,,,"GBP",,,,,,"GBP",14.52,,,"4098 - SPARE PARTS","20",0,0,1,0,0,,,,,,,,,,,,,,,,,,,,,,
70455,6,"2025-12-19T09:47:54.000Z",24305274,"2025-12-19T09:47:54.000Z",24305274,,,"PRINCESS-34-RTN","PRINCESS-34-RTN","MOUNTFIELD PRINCESS 34 ELECTRIC LAWNMOWER - REFURBISHED MODEL","MOUNTFIELD PRINCESS 34 ELECTRIC LAWNMOWER - REFURBISHED MODEL",105.53,0,,,"GBP",,,,,,"GBP",140.83,,"Active","4010 - WALK BEHIND LAWNMOWERS","199",0,1,0,105.53,140.83,,,,,,,,,,,,,,,,,,,,,,
70456,6,"2025-12-19T09:49:37.000Z",24305274,"2025-12-19T09:49:37.000Z",24305274,,,"SP41-RTN","SP41-RTN","MOUNTFIELD SP41 LAWNMOWER - REFURBISHED MODEL","MOUNTFIELD SP41 LAWNMOWER - REFURBISHED MODEL",139.03,0,,,"GBP",,,,,,"GBP",207.5,,"Active","4010 - WALK BEHIND LAWNMOWERS","199",0,1,0,139.03,207.5,,,,,,,,,,,,,,,,,,,,,,
70457,6,"2025-12-19T09:52:37.000Z",24305274,"2025-12-19T09:52:37.000Z",24305274,,,"GC-SC4240P-RTN","GC-SC4240P-RTN","EINHELL GC-SC4240P PETROL SCARIFIER - REFURBSIHED MODEL","EINHELL GC-SC4240P PETROL SCARIFIER - REFURBSIHED MODEL",179,0,,,"GBP",,,,,,"GBP",232.5,,"Active","4013 - SCARIFIERS","199",0,1,0,179,232.5,,,,,,,,,,,,,,,,,,,,,,
70458,6,"2025-12-19T09:56:17.000Z",24305274,"2025-12-19T09:56:17.000Z",24305274,,,"RAC5175SPM-RTN","RAC5175SPM-RTN","RACING 5175SPM LAWNMOWER - REFURBISHED MODEL","RACING 5175SPM LAWNMOWER - REFURBISHED MODEL",98.5,0,,,"GBP",,,,,,"GBP",1666.63,,"Active","4010 - WALK BEHIND LAWNMOWERS","199",0,1,0,98.5,1666.63,,,,,,,,,,,,,,,,,,,,,,
70459,6,"2025-12-19T09:57:57.000Z",24305274,"2025-12-19T09:57:57.000Z",24305274,,,"RAC400T-RTN","RAC4000T-RTN","RACING 400T LAWNMOWER - REFURBISHED","RACING 400T LAWNMOWER - REFURBISHED",78,0,,,"GBP",,,,,,"GBP",141.63,,"Active","4010 - WALK BEHIND LAWNMOWERS","199",0,1,0,78,141.63,,,,,,,,,,,,,,,,,,,,,,
70460,6,"2025-12-19T10:00:19.000Z",24305274,"2025-12-19T10:00:19.000Z",24305274,,,"FTDT4125-RTN","FTDT4125-RTN","FEIDER FTDT4125 LAWNMOWER - REFURBISHED ","FEIDER FTDT4125 LAWNMOWER - REFURBISHED ",124.47,0,,,"GBP",,,,,,"GBP",187.46,,"Active","4010 - WALK BEHIND LAWNMOWERS","199",0,3,0,373.41,562.38,,,,,,,,,,,,,,,,,,,,,,
70493,6,"2026-01-02T12:43:47.000Z",24305282,"2026-01-02T12:43:47.000Z",24305282,,,"X201-000021","X201-000021","ECHO CHAIN 25 1/4","ECHO 25 CHAIN 1/4 043 60L C",18.93,0,,,"GBP",,,,,,"GBP",39.95,,,"4098 - SPARE PARTS","20",0,0,1,0,0,,,,,,,,,,,,,,,,,,,,,,
70525,6,"2026-01-05T13:10:44.000Z",24305274,"2026-01-05T13:10:44.000Z",24305274,,,"THSS100","THSS100","THE HANDY THSS100 SALT SPREADER 45KG (100LB)","THE HANDY THSS100 SALT SPREADER 45KG (100LB)",168.74,0,,,"GBP",,,,,,"GBP",208.33,,"Active","4025 - MISC","52",0,-9,1,-1518.66,-1874.97,,,,,,,,,,,,,,,,,,752114,,,,
70526,6,"2026-01-08T15:19:49.000Z",24305282,"2026-01-08T15:19:49.000Z",24305282,,,"340015","6926","HAYTER HARRIER 56 BLADE","HAYTER HARRIER 56 BLADE",7.65,0,,,"GBP",,,,,,"GBP",29.95,,,,,0,0,1,0,0,,,,,,,,,,,,,,,,,,,,,,
70527,6,"2026-01-08T15:24:02.000Z",24305282,"2026-01-08T15:24:02.000Z",24305282,,,"HA560041","560041","HAYTER O.P.C ENGINE BRAKE CABLE","HAYTER O.P.C ENGINE BRAKE CABLE",8.64,0,,,"GBP",,,,,,"GBP",26.81,,,,,0,0,1,0,0,,,,,,,,,,,,,,,,,,,,,,
70528,6,"2026-01-08T15:29:57.000Z",24305282,"2026-01-08T15:29:57.000Z",24305282,,,"11391201602","6572","STIHL AIR FILTER","STIHL AIR FILTER",4.45,0,,,"GBP",,,,,,"GBP",12.32,,,,,0,0,1,0,0,,,,,,,,,,,,,,,,,,,,,,
70529,6,"2026-01-09T16:14:52.000Z",24305282,"2026-01-09T16:14:52.000Z",24305282,,,"X242-000010","X242-000010","GENUINE ECHO 33CM CHAIN 56 LINK","33cm Chain 0.050 0.325 56 Link",25,25,,,"GBP",,,,,,"GBP",39.95,,,"4098 - SPARE PARTS","20",0,0,1,0,0,,,,,,,,,,,,,,,,,,,,,,
70530,6,"2026-01-09T16:16:35.000Z",24305282,"2026-01-13T16:23:03.000Z",24305274,,,"999888-00722","999888-00722","ECHO CHAIN SHARPENING FILE KIT","ECHO CHAIN SHARPENING FILE KIT - 4.8MM SHARP KIT",24.38,24.38,,,"GBP",,,,,,"GBP",47.92,,,"4098 - SPARE PARTS","20",0,0,1,0,0,,,,,,,,,,,,,,,,,,,,,,
70534,6,"2026-01-13T16:21:47.000Z",24305282,"2026-01-13T16:21:47.000Z",24305282,,,"3726","41401242800","STIHL FS55, HS45, KM55 AIR FILTER","STIHL FS55, HS45, KM55 AIR FILTER",2,0,,,"GBP",,,,,,"GBP",9.64,,,"4098 - SPARE PARTS","20",0,0,1,0,0,,,,,,,,,,,,,,,,,,,,,,
70536,6,"2026-01-14T15:18:17.000Z",24305274,"2026-01-14T15:18:43.000Z",24305274,,,"TG46S-AMZ","TG46S-AMZ","SPECTRUM TG46S LAWNMOWER - AMAZON FULFILLED","SPECTRUM TG46S LAWNMOWER - AMAZON FULFILLED
",91.54,91.54,,,"GBP",,,,,,"GBP",299.95,,"Active","4010 - WALK BEHIND LAWNMOWERS","26",0,0,0,0,0,,,,,,,,,,,,,,,,,,,,,,
70537,6,"2026-01-14T15:19:46.000Z",24305274,"2026-01-14T15:19:46.000Z",24305274,,,"TG46SE-AMZ","TG46SE-AMZ","SPECTRUM TG46SE KEY START LAWNMOWER - AMAZON FULFILLED","SPECTRUM TG46SE KEY START LAWNMOWER - AMAZON FULFILLED
",115.34,115.34,,,"GBP",,,,,,"GBP",349.95,,"Active","4010 - WALK BEHIND LAWNMOWERS","26",0,1,0,115.34,349.95,,,,,,,,,,,,,,,,,,,,,,
70538,6,"2026-01-16T13:50:59.000Z",24305282,"2026-01-16T13:50:59.000Z",24305282,,,"MA-009873","MA-009873","BLADE BASEPLATE 500","BLADE BASEPLATE 500",107.32,107.32,,,"GBP",,,,,,"GBP",160.98,,,"4098 - SPARE PARTS","20",0,0,1,0,0,,,,,,,,,,,,,,,,,,,,,,
70541,6,"2026-01-19T15:40:12.000Z",24305282,"2026-01-19T15:40:12.000Z",24305282,,,"234594688912","234594688912","2X HIGH LIFT BLADES 42""","2X HIGH LIFT BLADES 42""",26.5,26.5,,,"GBP",,,,,,"GBP",64.95,,,"4098 - SPARE PARTS","20",0,0,1,0,0,,,,,,,,,,,,,,,,,,,,,,
70542,6,"2026-01-20T09:41:02.000Z",24305282,"2026-01-20T09:41:02.000Z",24305282,,,"118120071/0","118120071/0","LEAD BATTERY 12V 9AH","LEAD BATTERY 12V 9AH",35.56,35.56,,,"GBP",,,,,,"GBP",79.95,,,"4098 - SPARE PARTS","20",0,0,1,0,0,,,,,,,,,,,,,,,,,,,,,,
70543,6,"2026-01-20T10:05:55.000Z",24305274,"2026-04-10T12:12:46.000Z",24305283,,,"KT400-3 PRO","KT400-3 PRO","SPECTRUM KT400-3 PRO SCARIFIER","SPECTRUM KT400-3 PRO SCARIFIER - 3 INTERCHANGABLE CASSETTES",112.3,112.3,,,"GBP",,,,,,"GBP",399.95,,"Active","4013 - SCARIFIERS","26",0,0,1,0,0,,,,,,,,,,,,,,,,,,,,,,
70544,6,"2026-01-21T16:09:30.000Z",24305282,"2026-01-21T16:21:24.000Z",24305282,,,"12211","12211","CHAINSAW CHAIN FILE 150MM FLAT","CHAINSAW CHAIN FILE 150MM FLAT",3.75,3.75,,,"GBP",,,,,,"GBP",9.35,,,"4098 - SPARE PARTS","20",0,12,1,45,112.2,,,,,,,,,,,,,,,,,,,,,,
70545,6,"2026-01-21T16:12:27.000Z",24305282,"2026-01-21T16:22:55.000Z",24305282,,,"182FKR","182FKR","CHAINSAW CHAIN FILE 1/8"" 3.2MM ROUND","CHAINSAW CHAIN FILE 1/8"" 3.2MM ROUND",2.28,2.28,,,"GBP",,,,,,"GBP",5.7,,,"4098 - SPARE PARTS","20",0,6,1,13.68,34.2,,,,,,,,,,,,,,,,,,,,,,
70546,6,"2026-01-21T16:15:15.000Z",24305282,"2026-01-21T16:23:18.000Z",24305282,,,"534370","534370","WOODEN FILE HANDLE","WOODEN FILE HANDLE",2.97,2.97,,,"GBP",,,,,,"GBP",7.43,,,"4098 - SPARE PARTS","20",0,10,1,29.7,74.3,,,,,,,,,,,,,,,,,,,,,,
70547,6,"2026-01-21T16:20:17.000Z",24305282,"2026-01-21T16:20:17.000Z",24305282,,,"70502","70502","CHAINSAW CHAIN FILE 7/32"" 5.5MM ROUND","CHAINSAW CHAIN FILE 7/32"" 5.5MM ROUND",2,2,,,"GBP",,,,,,"GBP",5,,,"4098 - SPARE PARTS","20",0,12,1,24,60,,,,,,,,,,,,,,,,,,,,,,
70548,6,"2026-01-21T16:25:51.000Z",24305282,"2026-01-21T16:25:51.000Z",24305282,,,"70503","70503","CHANSAW CHAIN FILE 3/16"" 4.8MM ROUND","CHANSAW CHAIN FILE 3/16"" 4.8MM ROUND",1.65,1.65,,,"GBP",,,,,,"GBP",4.13,,,"4098 - SPARE PARTS","20",0,12,1,19.8,49.56,,,,,,,,,,,,,,,,,,,,,,
70549,6,"2026-01-21T16:27:18.000Z",24305282,"2026-01-21T16:27:18.000Z",24305282,,,"70504","70504","CHAINSAW CHAIN FILE 5/32"" 4.0MM ROUND","CHAINSAW CHAIN FILE 5/32"" 4.0MM ROUND",1.79,1.79,,,"GBP",,,,,,"GBP",4.48,,,"4098 - SPARE PARTS","20",0,12,1,21.48,53.76,,,,,,,,,,,,,,,,,,,,,,
70550,6,"2026-01-21T16:29:18.000Z",24305282,"2026-01-21T16:29:18.000Z",24305282,,,"70505","70505","CHAINSAW CHAIN FILE 13/64"" 5.2MM ROUND","CHAINSAW CHAIN FILE 13/64"" 5.2MM ROUND",1.49,1.49,,,"GBP",,,,,,"GBP",3.98,,,"4098 - SPARE PARTS","20",0,12,1,17.88,47.76,,,,,,,,,,,,,,,,,,,,,,
70551,6,"2026-01-21T16:32:07.000Z",24305282,"2026-01-21T16:32:32.000Z",24305282,,,"FGP000034","FGP000034","SPARK PLUG WRENCH 16/19MM","SPARK PLUG WRENCH 16/19MM",3.21,3.21,,,"GBP",,,,,,"GBP",8.95,,,"4098 - SPARE PARTS","20",0,2,1,6.42,17.9,,,,,,,,,,,,,,,,,,,,,,
70552,6,"2026-01-21T16:34:04.000Z",24305282,"2026-01-21T16:34:04.000Z",24305282,,,"FGP015169","FGP015169","SPARK PLUG WRENCH 17/21MM","SPARK PLUG WRENCH 17/21MM",3.71,3.71,,,"GBP",,,,,,"GBP",9.28,,,"4098 - SPARE PARTS","20",0,2,1,7.42,18.56,,,,,,,,,,,,,,,,,,,,,,
70553,6,"2026-01-21T16:35:44.000Z",24305282,"2026-01-21T16:35:44.000Z",24305282,,,"FGP015170","FGP015170","SPARK PLUG WRENCH 17/19MM","SPARK PLUG WRENCH 17/19MM",4.34,4.34,,,"GBP",,,,,,"GBP",10.85,,,"4098 - SPARE PARTS","20",0,2,1,8.68,21.7,,,,,,,,,,,,,,,,,,,,,,
70554,6,"2026-01-21T16:37:17.000Z",24305282,"2026-01-21T16:37:17.000Z",24305282,,,"FGP015171","FGP015171","SPARK PLUG WRENCH 13/16MM","SPARK PLUG WRENCH 13/16MM",3.21,3.21,,,"GBP",,,,,,"GBP",8.95,,,"4098 - SPARE PARTS","20",0,2,1,6.42,17.9,,,,,,,,,,,,,,,,,,,,,,
70555,6,"2026-01-21T16:38:40.000Z",24305282,"2026-01-21T16:38:40.000Z",24305282,,,"FK001KR","FK001KR","CHAINSAW FILING FIELD KIT","CHAINSAW FILING FIELD KIT",13.28,13.28,,,"GBP",,,,,,"GBP",33.2,,,"4098 - SPARE PARTS","20",0,5,1,66.4,166,,,,,,,,,,,,,,,,,,,,,,
70556,6,"2026-01-23T16:22:42.000Z",24305282,"2026-01-23T16:22:42.000Z",24305282,,,"792105","792105","B&S AIR FILTER ","B&S AIR FILTER ",6.61,6.61,,,"GBP",,,,,,"GBP",16.53,,,"4098 - SPARE PARTS","20",0,0,1,0,0,,,,,,,,,,,,,,,,,,,,,,
70557,6,"2026-01-26T11:23:20.000Z",24305274,"2026-01-28T10:13:20.000Z",24305274,,,"HRX537VY","HRX537VY","HONDA HRX537 VY 21"" SMART DRIVE LAWNMOWER ","HONDA HRX537 VY 21"" SMART DRIVE LAWNMOWER ",966,966,,,"GBP",,,,,,"GBP",1400,,"Active","4010 - WALK BEHIND LAWNMOWERS","81",0,0,1,0,0,,,,,,,,,,,,,,,,,,752120,,,,
70558,6,"2026-01-26T12:02:10.000Z",24305274,"2026-01-30T16:20:05.000Z",24305274,,,"271724203/MUK","271724203/MUK","MOUNTFIELD MMT 20 LI KIT CORDLESS MULTI-TOOL","MOUNTFIELD MMT 20 LI KIT CORDLESS MULTI-TOOL",117.25,117.25,,,"GBP",,,,,,"GBP",157.5,,"Active","4012 - HANDHELD PRODCUTS","31",0,0,1,0,0,,,,,,,,,,,,,,,,,,,,,,
70563,6,"2026-01-26T15:39:14.000Z",24305274,"2026-01-26T15:39:14.000Z",24305274,,,"CS-362TES/30","CS-362TES/30","ECHO CS-362TES/30 TOP HANDLE CHAINSAW 12"" / 30CM","ECHO CS-362TES/30 TOP HANDLE CHAINSAW 12"" / 30CM",286.54,286.54,,,"GBP",,,,,,"GBP",440.83,,"Active","4016 - CHAINSAW","63",0,0,1,0,0,,,,,,,,,,,,,,,,,,752098,,,,
70564,6,"2026-01-26T15:43:17.000Z",24305274,"2026-01-26T15:43:17.000Z",24305274,,,"CS-251WESC","CS-251WESC","ECHO CS-2511WESC PETROL CHAINSAW 10"" / 25CM GUIDE BAR","ECHO CS-2511WESC PETROL CHAINSAW 10"" / 25CM GUIDE BAR",254.04,,,,"GBP",,,,,,"GBP",390.83,,"Active","4016 - CHAINSAW","63",,,1,,,,,,,,,,,,,,,,,,,,752098,,,,
70566,6,"2026-01-28T15:30:24.000Z",24305282,"2026-01-28T15:30:24.000Z",24305282,,,"72511-VH4-R10","72511-VH4-R10","ROTARY BLADE - HONDA","ROTARY BLADE - HONDA",18.92,18.92,,,"GBP",,,,,,"GBP",44.95,,,"4098 - SPARE PARTS","20",0,0,1,0,0,,,,,,,,,,,,,,,,,,,,,,
70567,6,"2026-01-28T15:41:55.000Z",24305282,"2026-01-28T15:41:55.000Z",24305282,,,"327787119/0","327787119/0","FRONT DASHBOARD SUPPORT (DARK RED)","FRONT DASHBOARD SUPPORT (DARK RED)",23.09,23.09,,,"GBP",,,,,,"GBP",49.62,,,"4098 - SPARE PARTS","20",0,1,1,23.09,49.62,,,,,,,,,,,,,,,,,,,,,,
70568,6,"2026-02-02T09:25:30.000Z",24305282,"2026-02-02T09:25:30.000Z",24305282,,,"EC-C304-000000","EC-C304-000000","SPIKE GUARD","SPIKE GUARD",2.11,2.11,,,"GBP",,,,,,"GBP",4.89,,,"4098 - SPARE PARTS","20",0,0,1,0,0,,,,,,,,,,,,,,,,,,,,,,
70569,6,"2026-02-02T09:31:05.000Z",24305282,"2026-02-02T09:31:05.000Z",24305282,,,"EC-V805-000000","EC-V805-000000","BOLT TORX 5","BOLT TORX 5",0.59,0.59,,,"GBP",,,,,,"GBP",1.18,,,"4098 - SPARE PARTS","20",0,0,1,0,0,,,,,,,,,,,,,,,,,,,,,,
70570,6,"2026-02-02T10:37:20.000Z",24305282,"2026-02-02T10:37:20.000Z",24305282,,,"184106074/0","184106074/0","GRASSCATCHER BAG","GRASSCATCHER BAG",45.49,45.49,,,"GBP",,,,,,"GBP",99.95,,,"4098 - SPARE PARTS","20",0,3,1,136.47,299.85,,,,,,,,,,,,,,,,,,,,,,
70571,6,"2026-02-02T15:12:20.000Z",24305282,"2026-02-02T15:12:20.000Z",24305282,,,"91014-205","91014-205","DANARM 21"" BLADE","DANARM 21"" BLADE",21.26,21.26,,,"GBP",,,,,,"GBP",39.95,,,"4098 - SPARE PARTS","20",0,0,1,0,0,,,,,,,,,,,,,,,,,,,,,,
70572,6,"2026-02-03T16:03:10.000Z",24307252,"2026-02-03T16:03:10.000Z",24307252,,,"M75LPX025R","M75LPX025R","OREGON 75LPX SAW CHAIN","OREGON 75LPX SAW CHAIN",0.15,0.15,,,"GBP",,,,,,"GBP",0.32,,,"4098 - SPARE PARTS","20",0,80,1,12,25.6,,,,,,,,,,,,,,,,"CHAIN BENCH",,,,,,
70573,6,"2026-02-03T16:14:48.000Z",24305282,"2026-02-03T16:15:21.000Z",24305282,,,"HD1230-12V-3AH","HD1230-12V-3AH","LAWNMOWER BATTERY 12V 3AH","LAWNMOWER BATTERY 12V 3AH",38.45,38.45,,,"GBP",,,,,,"GBP",76.9,,,"4098 - SPARE PARTS","20",0,0,1,0,0,,,,,,,,,,,,,,,,,,,,,,
70574,6,"2026-02-04T10:49:56.000Z",24305282,"2026-02-04T10:49:56.000Z",24305282,,,"13211544331","13211544331","ECHO FUEL TANK GROMMET","ECHO FUEL TANK GROMMET",2.23,2.23,,,"GBP",,,,,,"GBP",6.18,,,"4098 - SPARE PARTS","20",0,0,1,0,0,,,,,,,,,,,,,,,,,,,,,,
70575,6,"2026-02-04T11:24:30.000Z",24307252,"2026-02-04T11:24:30.000Z",24307252,,,"KH100200","KH100200","FORESTRY HELMET STANDARD","FORESTRY HELMET STANDARD",21.48,21.48,,,"GBP",,,,,,"GBP",47.99,,,"4098 - SPARE PARTS","20",0,2,1,42.96,95.98,,,,,,,,,,,,,,,,"SHOWROOM",,,,,,
70579,6,"2026-02-06T10:02:03.000Z",24305274,"2026-02-16T15:52:59.000Z",24305274,,,"DCT38H","DCT38H","SPECTRUM DCT38H LAWN TRACTOR 38"" / 96CM","SPECTRUM DCT38H LAWN TRACTOR 38"" / 96CM",973.08,979.39,,,"GBP",,,,,,"GBP",1999.96,,"Active","4011 - RIDE ON LAWNMOWERS","26",0,-1,1,-973.08,-1999.96,,,,,,,,,,,,,,,,,,,,,,
70580,6,"2026-02-06T10:07:03.000Z",24305274,"2026-02-11T12:07:42.000Z",24305274,,,"HRTF220","HRTF220","FEIDER HRTF220 REAR TINE CULTIVATOR (BLUE)","FEIDER HRTF220 REAR TINE CULTIVATOR (BLUE) 272403",191.52,191.52,,,"GBP",,,,,,"GBP",458.29,,"Active","4017 - TILLERS & CULTIVATORS","1",0,22,1,4213.44,10082.38,,,,,,,,,,,,,,,,,,,,,,
70606,6,"2026-02-11T12:22:30.000Z",24307252,"2026-02-11T12:22:30.000Z",24307252,,,"CGM250205","CGM250205","PRE FILTER","PRE FILTER - OEM 272403",0.15,,,,"GBP",,,,,,"GBP",5.31,,,"4098 - SPARE PARTS","20",,,1,,,,,,,,,,,,,,,,,,"BOX 7",,,,,,
70607,6,"2026-02-11T12:28:55.000Z",24307252,"2026-02-11T12:45:44.000Z",24307252,,,"CGM010878","CGM010878","CARBURETTOR","CARB GX 120/GX160",1.36,,,,"GBP",,,,,,"GBP",45,,,"4098 - SPARE PARTS","20",,,1,,,,,,,,,,,,,,,,,,"BOX 2",,,,,,
70608,6,"2026-02-11T12:37:31.000Z",24307252,"2026-02-11T12:45:04.000Z",24307252,,,"CGM010063","CGM010063","CARBURETTOR","CARBURETTOR GCV160",1.88,,,,"GBP",,,,,,"GBP",45,,,"4098 - SPARE PARTS","20",,,1,,,,,,,,,,,,,,,,,,"BOX2",,,,,,
70609,6,"2026-02-11T12:44:18.000Z",24307252,"2026-02-11T12:44:18.000Z",24307252,,,"CGM010064","CGM010064","CARBURETTOR","CARB 16100-ZEL-853",2.59,,,,"GBP",,,,,,"GBP",45,,,"4098 - SPARE PARTS","20",,,1,,,,,,,,,,,,,,,,,,,,,,,,
70610,6,"2026-02-11T15:03:34.000Z",24307252,"2026-02-11T15:03:34.000Z",24307252,,,"CGM010392","CGM010392","CARBURETTOR","CARB OEM 799584",2.39,,,,"GBP",,,,,,"GBP",39.5,,,"4098 - SPARE PARTS","20",,,1,,,,,,,,,,,,,,,,,,"BOX 2",,,,,,
70611,6,"2026-02-11T15:30:39.000Z",24305282,"2026-02-11T15:30:39.000Z",24305282,,,"381030140/0","381030140/0","CLUTCH DRIVE CABLE GT","CLUTCH DRIVE CABLE GT",10.71,10.71,,,"GBP",,,,,,"GBP",24.62,,,"4098 - SPARE PARTS","20",0,0,1,0,0,,,,,,,,,,,,,,,,,,,,,,
70612,6,"2026-02-11T15:34:39.000Z",24307252,"2026-02-11T15:34:39.000Z",24307252,,,"CGM010393","CGM010393","CARBURETTOR","CARB OEM 799583",2.39,,,,"GBP",,,,,,"GBP",39.5,,,"4098 - SPARE PARTS","20",,,1,,,,,,,,,,,,,,,,,,"BOX 2",,,,,,
70613,6,"2026-02-11T15:38:21.000Z",24307252,"2026-02-11T15:38:21.000Z",24307252,,,"CGM010400","CGM010400","CARBURETTOR","CARB OEM 595509",2.97,,,,"GBP",,,,,,"GBP",49.5,,,"4098 - SPARE PARTS","20",,,1,,,,,,,,,,,,,,,,,,"BOX 2",,,,,,
70614,6,"2026-02-11T15:45:13.000Z",24307252,"2026-02-11T15:45:13.000Z",24307252,,,"CGM010401","CGM010401","CARBURETTOR","CARB OEM 591137",2.45,,,,"GBP",,,,,,"GBP",29.5,,,"4098 - SPARE PARTS","20",,,1,,,,,,,,,,,,,,,,,,"BOX 3",,,,,,
70615,6,"2026-02-11T15:51:54.000Z",24307252,"2026-02-11T15:51:54.000Z",24307252,,,"CGM796077","CGM796077","CARBURETTOR","CARB OEM 796077 REPLACED BY 590399",2.84,,,,"GBP",,,,,,"GBP",59.5,,,"4098 - SPARE PARTS","20",,,1,,,,,,,,,,,,,,,,,,"BOX 3",,,,,,
70616,6,"2026-02-11T15:56:47.000Z",24307252,"2026-02-11T16:09:45.000Z",24307252,,,"CGM010403","CGM010403","CARBURETTOR AND TANK ASSY","TANK AND CARB ASSY OEM 499809",6.59,,,,"GBP",,,,,,"GBP",49.5,,,"4098 - SPARE PARTS","20",,,1,,,,,,,,,,,,,,,,,,"BOX 1",,,,,,
70617,6,"2026-02-11T16:07:56.000Z",24307252,"2026-02-11T16:07:56.000Z",24307252,,,"CGM010405","CGM010405","CARBURETTOR","CARB OEM 499059",1.61,,,,"GBP",,,,,,"GBP",29.5,,,"4098 - SPARE PARTS","20",,,1,,,,,,,,,,,,,,,,,,"BOX 3",,,,,,
70618,6,"2026-02-12T10:06:39.000Z",24305282,"2026-02-12T10:06:39.000Z",24305282,,,"CGM160319","CGM160319","SPARK PLUG L7T","SPARK PLUG L7T OEM - BPM7A",0.22,0,,,"GBP",,,,,,"GBP",5.85,,,"4098 - SPARE PARTS","20",0,-1,1,-0.22,-5.85,,,,,,,,,,,,,,,,,,,,,,
70620,6,"2026-02-16T11:32:35.000Z",24307252,"2026-02-16T11:32:35.000Z",24307252,,,"CGM010407","CGM010407","CARBURETTOR","CARB OEM 593432",2.85,,,,"GBP",,,,,,"GBP",69.99,,,"4098 - SPARE PARTS","20",,,1,,,,,,,,,,,,,,,,,,"BOX 3",,,,,,
70621,6,"2026-02-16T11:40:07.000Z",24307252,"2026-02-16T11:40:07.000Z",24307252,,,"CGM010408","CGM010408","CARBURETTOR","CARB OEM 591731",3.5,,,,"GBP",,,,,,"GBP",69.5,,,"4098 - SPARE PARTS","20",,,1,,,,,,,,,,,,,,,,,,"BOX 3",,,,,,
70622,6,"2026-02-16T11:44:52.000Z",24307252,"2026-02-16T11:44:52.000Z",24307252,,,"CGM01410","CGM01410","CARBURETTOR","CARB 794572",3.5,,,,"GBP",,,,,,"GBP",69.5,,,"4098 - SPARE PARTS","20",,,1,,,,,,,,,,,,,,,,,,"BOX 3",,,,,,
70623,6,"2026-02-16T12:03:31.000Z",24307252,"2026-02-16T12:03:31.000Z",24307252,,,"CGM010411","CGM010411","CARBURETTOR","CARB OEM 690115",4.28,,,,"GBP",,,,,,"GBP",69.5,,,"4098 - SPARE PARTS","20",,,1,,,,,,,,,,,,,,,,,,"BOX 3",,,,,,
70624,6,"2026-02-16T14:05:37.000Z",24307252,"2026-02-16T14:05:37.000Z",24307252,,,"CGM010417","CGM010417","CARBURETTOR","CARB OEM 715671",4.67,,,,"GBP",,,,,,"GBP",69.99,,,"4098 - SPARE PARTS","20",,,1,,,,,,,,,,,,,,,,,,"BOX 2",,,,,,
70625,6,"2026-02-16T15:28:39.000Z",24307252,"2026-02-16T15:28:39.000Z",24307252,,,"CGM010419","CGM010419","CARBURETTOR","CARB OEM 592236",3.63,,,,"GBP",,,,,,"GBP",39,,,"4098 - SPARE PARTS","20",,,1,,,,,,,,,,,,,,,,,,"BOX 2",,,,,,
70626,6,"2026-02-16T15:32:44.000Z",24307252,"2026-02-16T15:32:44.000Z",24307252,,,"CGM010420","CGM010420","CARBURETTOR","CARB 799882",5.19,,,,"GBP",,,,,,"GBP",45,,,"4098 - SPARE PARTS","20",,,1,,,,,,,,,,,,,,,,,,"BOX 3",,,,,,
70627,6,"2026-02-16T15:39:24.000Z",24307252,"2026-02-16T15:39:24.000Z",24307252,,,"CGM010424","CGM010424","CARBURETTOR","CARB OEM 498965",2.85,,,,"GBP",,,,,,"GBP",35,,,"4098 - SPARE PARTS","20",,,1,,,,,,,,,,,,,,,,,,,,,,,,
70628,6,"2026-02-16T15:45:54.000Z",24307252,"2026-02-16T15:45:54.000Z",24307252,,,"CG010428","CG010428","CARBURETTOR","CARB OEM 699831",3.89,,,,"GBP",,,,,,"GBP",38,,,"4098 - SPARE PARTS","20",,,1,,,,,,,,,,,,,,,,,,"BOX 2",,,,,,
70629,6,"2026-02-16T15:52:47.000Z",24307252,"2026-02-16T15:52:47.000Z",24307252,,,"CGM250114","CGM250114","AIR FILTER","AIR FILTER OEM",0.54,,,,"GBP",,,,,,"GBP",6.99,,,"4098 - SPARE PARTS","20",,,1,,,,,,,,,,,,,,,,,,"BOX 4",,,,,,
70630,6,"2026-02-16T16:01:53.000Z",24307252,"2026-02-16T16:01:53.000Z",24307252,,,"CGM250120","CGM250120","AIR FILTER","AIR FILTER OEM 17211-ze8-000",0.4,,,,"GBP",,,,,,"GBP",7.99,,,"4098 - SPARE PARTS","20",,,1,,,,,,,,,,,,,,,,,,"BOX 4",,,,,,
70631,6,"2026-02-16T16:06:42.000Z",24307252,"2026-02-16T16:06:42.000Z",24307252,,,"CGM250125","CGM250125","AIR FILTER","AIR FILTER OEM 17210-ZE6-003",0.88,,,,"GBP",,,,,,"GBP",5.99,,,"4098 - SPARE PARTS","20",,,1,,,,,,,,,,,,,,,,,,"BOX 4",,,,,,
70632,6,"2026-02-16T16:18:03.000Z",24307252,"2026-02-16T16:18:03.000Z",24307252,,,"CGM250126","CGM250126","AIR FILTER","AIR FILTER OEM 17211-ZE7-W03",0.54,,,,"GBP",,,,,,"GBP",7.99,,,"4098 - SPARE PARTS","20",,,1,,,,,,,,,,,,,,,,,,"BOX 3",,,,,,
70633,6,"2026-02-16T16:33:44.000Z",24307252,"2026-02-16T16:33:44.000Z",24307252,,,"CGM250127","CGM250127","AIR FILTER","AIR FILTER OEM 17210-z1v-003",1.01,,,,"GBP",,,,,,"GBP",19.99,,,"4098 - SPARE PARTS","20",,,1,,,,,,,,,,,,,,,,,,"BOX 3",,,,,,
70634,6,"2026-02-16T16:46:41.000Z",24307252,"2026-02-16T16:46:41.000Z",24307252,,,"CGM250195","CGM250195","AIR FILTER","AIR FILTER OEM 698369",0.12,,,,"GBP",,,,,,"GBP",4.99,,,"4098 - SPARE PARTS","20",,,1,,,,,,,,,,,,,,,,,,"BOX 5",,,,,,
70635,6,"2026-02-16T16:53:06.000Z",24307252,"2026-02-16T16:53:06.000Z",24307252,,,"CGM250196","CGM250196","AIR FILTER","AIR FILTER OEM 799579",0.12,,,,"GBP",,,,,,"GBP",4.99,,,"4098 - SPARE PARTS","20",,,1,,,,,,,,,,,,,,,,,,"BOX 5",,,,,,
70636,6,"2026-02-16T16:57:46.000Z",24307252,"2026-02-16T16:57:46.000Z",24307252,,,"CGM250202","CGM250202","AIR FILTER","AIR FILTER OEM 798452",0.48,0,,,"GBP",,,,,,"GBP",5.99,,,"4098 - SPARE PARTS","20",0,-1,1,-0.48,-5.99,,,,,,,,,,,,,,,,"BOX 4",,,,,,
70637,6,"2026-02-17T09:36:46.000Z",24307252,"2026-02-17T09:36:46.000Z",24307252,,,"CGM250207","CGM250207","AIR FILTER","AIR FILTER OEM 590825",0.71,,,,"GBP",,,,,,"GBP",6.99,,,"4098 - SPARE PARTS","20",,,1,,,,,,,,,,,,,,,,,,"BOX 4",,,,,,
70638,6,"2026-02-17T11:53:07.000Z",24307252,"2026-02-17T11:54:37.000Z",24307252,,,"CGM250208","CGM250208","AIR FILTER","AIR FILTER OEM394018",1.04,,,,"GBP",,,,,,"GBP",14.99,,,"4098 - SPARE PARTS","20",,,1,,,,,,,,,,,,,,,,,,"BOX 5",,,,,,
70639,6,"2026-02-17T11:58:51.000Z",24307252,"2026-02-17T11:58:51.000Z",24307252,,,"CGM250209","CGM250209","AIR FILTER","AIR FILTER OEM 491588",0.26,0,,,"GBP",,,,,,"GBP",4.99,,,"4098 - SPARE PARTS","20",0,-1,1,-0.26,-4.99,,,,,,,,,,,,,,,,"BOX 7",,,,,,
70641,6,"2026-02-19T16:38:31.000Z",24305274,"2026-02-19T16:38:31.000Z",24305274,,,"DCT38M-RDM","DCT38M-RDM","SPECTRUM DCT38M-RDM 2-IN-1 LAWN TRACTOR WITH GEAR DRIVE","SPECTRUM DCT38M-RDM 2-IN-1 LAWN TRACTOR WITH GEAR DRIVE
",938.28,931.85,,,"GBP",,,,,,"GBP",1999.96,,"Active","4011 - RIDE ON LAWNMOWERS","26",0,0,1,0,0,,,,,,,,,,,,,,,,,,,,,,
70642,6,"2026-02-19T16:41:18.000Z",24305274,"2026-02-19T16:41:18.000Z",24305274,,,"DCT38M-SDM","DCT38M-SDM","SPECTRUM DCT38M-SDM 2-IN-1 SIDE DISCHARGE GARDEN TRACTOR WITH GEAR DRIVE","SPECTRUM DCT38M-SDM 2-IN-1 SIDE DISCHARGE GARDEN TRACTOR WITH GEAR DRIVE

",895.97,885.99,,,"GBP",,,,,,"GBP",1916.63,,"Active","4011 - RIDE ON LAWNMOWERS","26",0,12,1,10751.64,22999.56,,,,,,,,,,,,,,,,,,,,,,
70643,6,"2026-02-20T10:19:19.000Z",24305274,"2026-02-20T10:19:19.000Z",24305274,,,"SRM-237TESU","SRM-237TESU","ECHO SRM-237TESU HORN HANDLE BRUSHCUTTER 21.2CC","ECHO SRM-237TESU HORN HANDLE BRUSHCUTTER 21.2CC",237.79,237.79,,,"GBP",,,,,,"GBP",365.83,,"Active","4012 - HANDHELD PRODCUTS","63",0,1,1,237.79,365.83,,,,,,,,,,,,,,,,,,,,,,
70644,6,"2026-02-20T10:24:45.000Z",24305274,"2026-02-20T10:47:18.000Z",24305274,,,"SP10W30-1L","SP10W30-1L","SPECTRUM SP10W30-1L UNIVERSAL 10W30 OIL","SPECTRUM SP10W30-1L UNIVERSAL 10W30 OIL",2.99,2.99,,,"GBP",,,,,,"GBP",10.79,,"Active","4098 - SPARE PARTS","20",0,452,1,1351.48,4877.08,,,,,,,,,,,,,,,,,,,,,,
70647,6,"2026-02-23T11:53:46.000Z",24305282,"2026-02-23T12:10:40.000Z",24305282,,,"TY31506WHEEL","TY31506WHEEL","X2 CASTOR WHEEL SPECTRUM SWEEPER COLLECTION BOX","X2 CASTOR WHEEL SPECTRUM SWEEPER COLLECTION BOX",1.76,1.76,,,"GBP",,,,,,"GBP",10,,,"4098 - SPARE PARTS","20",0,4,1,7.04,40,,,,,,,,,,,,,,,,,,,,,,
70650,6,"2026-02-23T15:42:58.000Z",24307252,"2026-02-23T15:42:58.000Z",24307252,,,"CGM250210","CGM250210","PRE FILTER","PRE FILTER 491435",0.18,,,,"GBP",,,,,,"GBP",5.99,,,"4098 - SPARE PARTS","20",,,1,,,,,,,,,,,,,,,,,,"BOX 7",,,,,,
70651,6,"2026-02-26T12:41:23.000Z",24307252,"2026-02-26T12:41:23.000Z",24307252,,,"CGM250213","CGM250213","AIR FILTER","AIR FILTER OEM 792038",0.75,,,,"GBP",,,,,,"GBP",5.99,,,"4098 - SPARE PARTS","20",,,1,,,,,,,,,,,,,,,,,,"BOX 5",,,,,,
70652,6,"2026-02-26T12:48:05.000Z",24307252,"2026-02-26T12:48:05.000Z",24307252,,,"CGM250214","CGM250214","PRE FILTER","PRE FILTER 793676",0.06,,,,"GBP",,,,,,"GBP",2.99,,,"4098 - SPARE PARTS","20",,,1,,,,,,,,,,,,,,,,,,"BOX 5",,,,,,
70653,6,"2026-02-26T12:59:36.000Z",24307252,"2026-02-26T12:59:36.000Z",24307252,,,"CGM250215","CGM250215","AIR FILTER","AIR FILTER OEM 795066",0.82,,,,"GBP",,,,,,"GBP",5.99,,,"4098 - SPARE PARTS","20",,,1,,,,,,,,,,,,,,,,,,"BOX 5",,,,,,
70654,6,"2026-02-26T13:03:25.000Z",24307252,"2026-02-26T13:03:25.000Z",24307252,,,"CGM250216","CGM250216","PRE FILTER","PRE FILTER OEM 796254",0.1,,,,"GBP",,,,,,"GBP",4.99,,,"4098 - SPARE PARTS","20",,,1,,,,,,,,,,,,,,,,,,"BOX 5",,,,,,
70655,6,"2026-02-26T14:37:28.000Z",24307252,"2026-02-26T14:37:28.000Z",24307252,,,"CGM250234","CGM250234","AIR FILTER","AIR FILTER OEM 272235",0.48,,,,"GBP",,,,,,"GBP",4.99,,,"4098 - SPARE PARTS","20",,,1,,,,,,,,,,,,,,,,,,"BOX 4",,,,,,
70656,6,"2026-02-26T14:44:34.000Z",24307252,"2026-02-26T14:46:28.000Z",24307252,,,"CGM160319","CGM160319","SPARK PLUG","SPARK PLUG OEM BCPR5ES",0.55,,,,"GBP",,,,,,"GBP",3.99,,,"4098 - SPARE PARTS","20",,,1,,,,,,,,,,,,,,,,,,"BOX 6",,,,,,
70657,6,"2026-02-26T14:54:46.000Z",24307252,"2026-02-26T15:37:56.000Z",24307252,,,"CGM160323","CGM160323","SPARK PLUG","SPARK PLUG OEM BM6A",0.29,0,,,"GBP",,,,,,"GBP",1.99,,,"4098 - SPARE PARTS","20",0,-1,1,-0.29,-1.99,,,,,,,,,,,,,,,,,,,,,,
70658,6,"2026-02-26T15:36:00.000Z",24307252,"2026-02-26T16:41:31.000Z",24305274,,,"CGM260041","CGM260041","INLINE FUEL FILTER","INLINE FILTER OEM 298090 (RED)",0.07,0,,,"GBP",,,,,,"GBP",3.99,,,"4098 - SPARE PARTS","20",0,-1,1,-0.07,-3.99,,,,,,,,,,,,,,,,"BOX4",,,,,,
70659,6,"2026-02-26T15:42:51.000Z",24307252,"2026-02-26T15:42:51.000Z",24307252,,,"CGM260042","CGM260042","INLINE FUEL FILTER","INLINE FUEL FILTER OEM 691035",0.3,,,,"GBP",,,,,,"GBP",3.99,,,"4098 - SPARE PARTS","20",,,1,,,,,,,,,,,,,,,,,,"BOX 8",,,,,,
70660,6,"2026-02-26T15:47:23.000Z",24307252,"2026-02-26T15:47:23.000Z",24307252,,,"CGM010391","CGM010391","CARBURETTOR","CARB OEM799728",3.01,,,,"GBP",,,,,,"GBP",38.99,,,"4098 - SPARE PARTS","20",,,1,,,,,,,,,,,,,,,,,,"BOX 9",,,,,,
70661,6,"2026-02-26T15:50:44.000Z",24307252,"2026-02-26T15:50:44.000Z",24307252,,,"CGM010390","CGM010390","CARBURETTOR","CARB OEM 799866",1.6,,,,"GBP",,,,,,"GBP",24.99,,,"4098 - SPARE PARTS","20",,,1,,,,,,,,,,,,,,,,,,"BOX 9",,,,,,
70662,6,"2026-02-26T15:55:21.000Z",24307252,"2026-02-26T15:55:21.000Z",24307252,,,"CGM250219","CGM250219","AIR FILTER","AIR FILTER OEM 591583",0.68,,,,"GBP",,,,,,"GBP",14.99,,,"4098 - SPARE PARTS","20",,,1,,,,,,,,,,,,,,,,,,"BOX 7",,,,,,
70663,6,"2026-02-26T15:59:02.000Z",24307252,"2026-02-26T15:59:02.000Z",24307252,,,"CGM250222","CGM250222","AIR FILTER AND PRE FILTER","AIR FILTER AND PRE FILTER OEM 697152",0.68,,,,"GBP",,,,,,"GBP",6.99,,,"4098 - SPARE PARTS","20",,,1,,,,,,,,,,,,,,,,,,"BOX 7",,,,,,
70664,6,"2026-02-26T16:04:22.000Z",24307252,"2026-02-26T16:04:22.000Z",24307252,,,"CGM260103","CGM260103","PRIMER BUBBLE","PRIMER BUBBLE OEM 188-152-1",0.15,,,,"GBP",,,,,,"GBP",4.99,,,"4098 - SPARE PARTS","20",,,1,,,,,,,,,,,,,,,,,,"BOX 7",,,,,,
70665,6,"2026-02-26T16:31:28.000Z",24307252,"2026-02-26T16:31:28.000Z",24307252,,,"CGM020114","CGM020114","GROMMET","GROMMET 21.5MM",0.06,,,,"GBP",,,,,,"GBP",2.49,,,"4098 - SPARE PARTS","20",,,1,,,,,,,,,,,,,,,,,,"BOX 7",,,,,,
70666,6,"2026-02-26T16:55:33.000Z",24307252,"2026-02-26T16:55:33.000Z",24307252,,,"CGM020115","CGM020115","GROMMET","OEM 20MM GROMMET",0.08,,,,"GBP",,,,,,"GBP",2.99,,,"4098 - SPARE PARTS","20",,,1,,,,,,,,,,,,,,,,,,"BOX 7",,,,,,
70667,6,"2026-02-26T16:58:45.000Z",24307252,"2026-02-27T08:15:04.000Z",24307252,,,"CGM050105","CGM050105","SPINDLE ASSY","SPINDLE RIGHT 382207205/0",9.14,,,,"GBP",,,,,,"GBP",79,,,"4098 - SPARE PARTS","20",,,1,,,,,,,,,,,,,,,,,,,,,,,,
70668,6,"2026-02-27T08:23:30.000Z",24307252,"2026-02-27T15:41:21.000Z",24305274,,,"CGM090067","CGM090067","FUEL CAP ","FUEL CAP OEM 0000-350-0525",0.3,,,,"GBP",,,,,,"GBP",4.49,,,"4098 - SPARE PARTS","20",,,1,,,,,,,,,,,,,,,,,,"BOX 7",,,,,,
70669,6,"2026-02-27T15:50:34.000Z",24307252,"2026-02-27T15:50:34.000Z",24307252,,,"CGM090068","CGM090068","OIL CAP ","OIL CAP OEM 0000-350-0526",0.28,,,,"GBP",,,,,,"GBP",5.99,,,"4098 - SPARE PARTS","20",,,1,,,,,,,,,,,,,,,,,,"BOX 7",,,,,,
70700,6,"2026-03-03T10:26:44.000Z",24305274,"2026-03-03T12:51:03.000Z",24305274,,,"5266","5266","AIR FILTER - FITS ECHO / SHINDAIWA","AIR FILTER - FITS ECHO / SHINDAIWA (OEM A226-001410)",1.62,1.62,,,"GBP",,,,,,"GBP",6.95,,"Active","4098 - SPARE PARTS","20",0,4,1,6.48,27.8,,,,,,,,,,,,,,,,"B1S2",,752107,,,,
70701,6,"2026-03-03T10:53:02.000Z",24305274,"2026-03-03T10:53:02.000Z",24305274,,,"8751","8751","KAWASAKI SERVICE KIT - FITS FR651V ENGINES","KAWASAKI SERVICE KIT - FITS FR651V ENGINES (INC 49065-0736 / 11013-0752 / 49019-0027)",12.74,12.74,,,"GBP",,,,,,"GBP",43.53,,"Active","4098 - SPARE PARTS","20",0,0,1,0,0,,,,,,,,,,,,,,,,,,752107,,,,
70787,6,"2026-03-05T10:07:08.000Z",24307252,"2026-03-05T10:14:53.000Z",24307252,,,"MR4082-RET","MR4082-RET","VIKING RIDER MOWER MR4082 USED","VIKING RIDER MOWER USED MR4082",291.67,0,,,"GBP",,,,,,"GBP",800,,,"4011 - RIDE ON LAWNMOWERS","199",0,1,0,291.67,800,,,,,,,,,,,,,,,,,,,,,,
70788,6,"2026-03-06T11:33:29.000Z",24305274,"2026-04-17T13:53:21.000Z",24305282,,,"BELT TG56","BELT TG56","BELT TG56SE (O-800E)","BELT TG56SE (O-800E)",1.35,0,,,"GBP",,,,,,"GBP",18.95,,"Active","4098 - SPARE PARTS","20",0,-3,1,-4.05,-56.85,,,,,,,,,,,,,,,,,,752184,,,,
70789,6,"2026-03-06T12:38:12.000Z",24305274,"2026-05-14T14:22:29.000Z",24305274,,,"827M-RET","827M-RET","MOUNTFIELD 827M - EX DEMO","MOUNTFIELD 827M - EX DEMO",702,702,,,"GBP",,,,,,"GBP",1082.5,,"Active","4011 - RIDE ON LAWNMOWERS","199",0,1,0,702,1082.5,,,,,,,,,,,,,,,,,,,,,,
70791,6,"2026-03-10T09:12:15.000Z",24305282,"2026-03-10T09:23:06.000Z",24305282,,,"G334-001830","G334-001830","ECHO CORDLESS SWITCH","ECHO CORDLESS SWITCH",0,0,,,"GBP",,,,,,"GBP",22.25,,,"4098 - SPARE PARTS","20",0,0,1,0,0,,,,,,,,,,,,,,,,,,,,,,
70792,6,"2026-03-10T12:40:26.000Z",24307252,"2026-03-10T12:40:26.000Z",24307252,,,"SS4","SS4","SEALEY SS4 KNAPSACK SPRAYER","SEALEY SS4 KNAPSACK SPRAYER",48.71,48.71,,,"GBP",,,,,,"GBP",,,,"4025 - MISC","24",0,0,1,0,,,,,,,,,,,,,,,,,,,,,,,
70793,6,"2026-03-12T11:14:38.000Z",24305282,"2026-03-12T11:14:38.000Z",24305282,,,"TG11000200","TG11000200","MULCH PLUG TG51, TG56","MULCH PLUG TG51, TG56",1.31,0,,,"GBP",,,,,,"GBP",16.74,,,"4098 - SPARE PARTS","20",0,-2,1,-2.62,-33.48,,,,,,,,,,,,,,,,,,,,,,
70794,6,"2026-03-12T13:52:39.000Z",24305282,"2026-03-12T13:52:39.000Z",24305282,,,"381103359/1","381103359/1","HANDLE LOCKING LEVER","HANDLE LOCKING LEVER",2.62,2.62,,,"GBP",,,,,,"GBP",5.24,,,"4098 - SPARE PARTS","20",0,0,1,0,0,,,,,,,,,,,,,,,,,,,,,,
70795,6,"2026-03-12T14:48:10.000Z",24305282,"2026-03-12T14:48:10.000Z",24305282,,,"742-05253","742-05253","BLADE - CUB CADET","BLADE - CUB CADET",29.41,29.41,,,"GBP",,,,,,"GBP",59.95,,,"4098 - SPARE PARTS","20",0,0,1,0,0,,,,,,,,,,,,,,,,,,,,,,
70796,6,"2026-03-14T18:06:38.000Z",24305274,"2026-03-14T18:06:38.000Z",24305274,,,"2L0536033/MC","2L0536033/MC","MOUNTFIELD SP53H LAWNMOWER - HONDA ENGINE","MOUNTFIELD SP53H LAWNMOWER - HONDA ENGINE",278.6,0,,,"GBP",,,,,,"GBP",415.83,,"Active","4010 - WALK BEHIND LAWNMOWERS","31",0,-3,1,-835.8,-1247.49,,,,,,,,,,,,,,,,,,752173,,,,
70797,6,"2026-03-14T18:10:05.000Z",24305274,"2026-03-14T18:10:05.000Z",24305274,,,"2T0980483/M25","2T0980483/M25","MOUNTFIELD 2240H LAWN TRACTOR - ST650 TWIN 653CC","MOUNTFIELD 2240H LAWN TRACTOR",2288.61,0,,,"GBP",,,,,,"GBP",3415.83,,"Active","4011 - RIDE ON LAWNMOWERS","31",0,0,1,0,0,,,,,,,,,,,,,,,,,,,,,,
70858,6,"2026-03-16T14:35:41.000Z",24305282,"2026-03-16T14:35:41.000Z",24305282,,,"119410608/1","119410608/1","NEUTRAL SWITCH (LANGHUI)","NEUTRAL SWITCH (LANGHUI)",31.9,31.9,,,"GBP",,,,,,"GBP",64.86,,,"4098 - SPARE PARTS","20",0,11,1,350.9,713.46,,,,,,,,,,,,,,,,,,,,,,
70859,6,"2026-03-16T14:36:48.000Z",24305282,"2026-03-16T14:36:48.000Z",24305282,,,"325110548/0","325110548/0","CENTRAL COVER (BLACK)","CENTRAL COVER (BLACK)",20.47,20.47,,,"GBP",,,,,,"GBP",42.51,,,"4098 - SPARE PARTS","20",0,1,1,20.47,42.51,,,,,,,,,,,,,,,,,,,,,,
70860,6,"2026-03-16T15:02:41.000Z",24305282,"2026-03-16T15:02:41.000Z",24305282,,,"13-0993-61","13-0993-61","RAC QUICK CONNECTION 4WD PARK","RAC QUICK CONNECTION 4WD PARK",55.83,55.83,,,"GBP",,,,,,"GBP",113.11,,,"4098 - SPARE PARTS","20",0,1,1,55.83,113.11,,,,,,,,,,,,,,,,,,,,,,
70861,6,"2026-03-17T10:37:14.000Z",24305282,"2026-03-17T10:37:14.000Z",24305282,,,"731-10069D","731-10069D","BRACKET (CUB CADET)","BRACKET (CUB CADET)",7.98,7.98,,,"GBP",,,,,,"GBP",16.92,,,"4098 - SPARE PARTS","20",0,0,1,0,0,,,,,,,,,,,,,,,,,,,,,,
70909,6,"2026-03-23T16:00:59.000Z",24305274,"2026-03-23T16:02:02.000Z",24305274,,,"SBS220CHM","SBS220CHM","SPECTRUM BY SWIFT SBS220CHM CORDLESS HANDY MOWER","SPECTRUM BY SWIFT SBS220CHM CORDLESS HANDY MOWER",27.49,27.49,,,"GBP",,,,,,"GBP",69.95,,"Active","4010 - WALK BEHIND LAWNMOWERS","26",0,287,0,7889.63,20075.65,,,,,,,,,,,,,,,,,,,"EB122C",,,
70910,6,"2026-03-23T16:04:05.000Z",24305274,"2026-03-23T16:04:05.000Z",24305274,,,"SBS460CLM","SBS460CLM","SPECTRUM BY SWIFT SBS460CLM CORDLESS LAWN MOWER","SPECTRUM BY SWIFT SBS460CLM CORDLESS LAWN MOWER",93.88,93.88,,,"GBP",,,,,,"GBP",239.95,,"Active","4010 - WALK BEHIND LAWNMOWERS","26",0,169,0,15865.72,40551.55,,,,,,,,,,,,,,,,,,,,,,
70911,6,"2026-03-23T16:31:02.000Z",24305274,"2026-03-23T16:31:02.000Z",24305274,,,"SBS480CBV","SBS480CBV","SPECTRUM BY SWIFT SBS480CBV CORDLESS BLOWER VAC","SPECTRUM BY SWIFT SBS480CBV CORDLESS BLOWER VAC",24.65,24.65,,,"GBP",,,,,,"GBP",59.95,,"Active","4012 - HANDHELD PRODCUTS","26",0,290,0,7148.5,17385.5,,,,,,,,,,,,,,,,,,,,,,
70912,6,"2026-03-23T20:10:32.000Z",24305274,"2026-03-23T20:10:32.000Z",24305274,,,"SBS560CHT","SBS560CHT","SPECTRUM BY SWIFT SBS560CHT CORDLESS HEDGE TRIMMER","SPECTRUM BY SWIFT SBS560CHT CORDLESS HEDGE TRIMMER",24.65,24.65,,,"GBP",,,,,,"GBP",59.95,,"Active","4012 - HANDHELD PRODCUTS","26",0,295,0,7271.75,17685.25,,,,,,,,,,,,,,,,,,,,,,
70913,6,"2026-03-23T20:12:14.000Z",24305274,"2026-03-23T20:12:14.000Z",24305274,,,"SBS240CPHT","SBS240CPHT","SPECTRUM BY SWIFT SBS240CPHT CORDLESS POLE HEDGE TRIMMER","SPECTRUM BY SWIFT SBS240CPHT CORDLESS POLE HEDGE TRIMMER",28.3,28.3,,,"GBP",,,,,,"GBP",67.95,,"Active","4012 - HANDHELD PRODCUTS","26",0,285,0,8065.5,19365.75,,,,,,,,,,,,,,,,,,,,,,
70914,6,"2026-03-23T20:14:41.000Z",24305274,"2026-03-23T20:14:41.000Z",24305274,,,"SBS20CB","SBS20CB","SPECTRUM BY SWIFT SBS20CB 2.0AH BATTERY","SPECTRUM BY SWIFT SBS20CB 2.0AH BATTERY",12.92,12.92,,,"GBP",,,,,,"GBP",34.95,,"Active","4025 - MISC","26",0,1244,0,16072.48,43477.8,,,,,,,,,,,,,,,,,,,,,,
70915,6,"2026-03-23T20:17:38.000Z",24305274,"2026-03-23T20:17:38.000Z",24305274,,,"SBS40CB","SBS40CB","SPECTRUM BY SWIFT SBS40CB 4.0AH BATTERY","SPECTRUM BY SWIFT SBS40CB 4.0AH BATTERY",24.25,24.25,,,"GBP",,,,,,"GBP",59.95,,"Active","4025 - MISC","26",0,752,0,18236,45082.4,,,,,,,,,,,,,,,,,,,,,,
70916,6,"2026-03-23T20:19:57.000Z",24305274,"2026-03-23T20:19:57.000Z",24305274,,,"SBSCBC","SBSCBC","SPECTRUM BY SWIFT SBSCBC STANDARD CHARGER","SPECTRUM BY SWIFT SBSCBC STANDARD CHARGER",4.42,4.42,,,"GBP",,,,,,"GBP",19.95,,"Active","4025 - MISC","26",0,576,0,2545.92,11491.2,,,,,,,,,,,,,,,,,,,,,,
70917,6,"2026-03-23T20:21:39.000Z",24305274,"2026-03-23T20:21:39.000Z",24305274,,,"SBSCSC","SBSCSC","SPECTRUM BY SWIFT SBSCSC FAST CHARGER","SPECTRUM BY SWIFT SBSCSC FAST CHARGER",7.25,7.25,,,"GBP",,,,,,"GBP",34.95,,"Active","4025 - MISC","26",0,658,0,4770.5,22997.1,,,,,,,,,,,,,,,,,,,,,,
70918,6,"2026-03-23T20:22:58.000Z",24305274,"2026-03-23T20:22:58.000Z",24305274,,,"SBSCDC","SBSCDC","SPECTRUM BY SWIFT SBSCDC FAST DUAL CHARGER","SPECTRUM BY SWIFT SBSCDC FAST DUAL CHARGER",13.72,13.72,,,"GBP",,,,,,"GBP",44.95,,"Active","4025 - MISC","26",0,225,0,3087,10113.75,,,,,,,,,,,,,,,,,,,,,,
70919,6,"2026-03-23T20:25:07.000Z",24305274,"2026-03-23T20:25:07.000Z",24305274,,,"EP40","EP40","REDBACK EP40 4.0AH BATTERY","REDBACK EP40 4.0AH BATTERY",35.38,35.38,,,"GBP",,,,,,"GBP",99.95,,"Active","4025 - MISC","75",0,94,0,3325.72,9395.3,,,,,,,,,,,,,,,,,,,,,,
70920,6,"2026-03-24T13:40:05.000Z",24305274,"2026-03-24T13:40:05.000Z",24305274,,,"SRM-2621TESU","SRM-2621TESU","ECHO SRM-2621TESU 25.4CC HORN HANDLE BRUSHCUTTER","ECHO SRM-2621TESU 25.4CC HORN HANDLE BRUSHCUTTER",297.38,297.38,,,"GBP",,,,,,"GBP",457.5,,"Active","4012 - HANDHELD PRODCUTS","63",0,-1,0,-297.38,-457.5,,,,,,,,,,,,,,,,,,,,,,
70921,6,"2026-03-24T16:42:00.000Z",24305282,"2026-03-24T16:42:00.000Z",24305282,,,"72531-VR8-E00","72531-VR8-E00","HONDA ROTARY BLADE UPPER","HONDA ROTARY BLADE UPPER",21.14,21.14,,,"GBP",,,,,,"GBP",42.28,,,"4098 - SPARE PARTS","20",0,0,0,0,0,,,,,,,,,,,,,,,,,,,,,,
70922,6,"2026-03-24T16:42:51.000Z",24305282,"2026-03-24T16:42:51.000Z",24305282,,,"72511-VR8-E00","72511-VR8-E00","HONDA ROTARY BLADE LOWER","HONDA ROTARY BLADE LOWER",21.14,21.14,,,"GBP",,,,,,"GBP",42.28,,,"4098 - SPARE PARTS","20",0,0,0,0,0,,,,,,,,,,,,,,,,,,,,,,
70923,6,"2026-03-26T12:39:05.000Z",24305282,"2026-03-26T12:39:05.000Z",24305282,,,"181102422/0","181102422/0","GRASSBAG (BLACK) CP1","GRASSBAG (BLACK) CP1",21.82,21.82,,,"GBP",,,,,,"GBP",34.67,,,"4098 - SPARE PARTS","20",0,0,0,0,0,,,,,,,,,,,,,,,,,,,,,,
70924,6,"2026-03-26T12:40:39.000Z",24305282,"2026-03-26T12:40:39.000Z",24305282,,,"182105947/0","182105947/0","FABRIC GRASSCATCHER BLACK MP84 C HE","FABRIC GRASSCATCHER BLACK MP84 C HE",79.28,79.28,,,"GBP",,,,,,"GBP",118.92,,,"4098 - SPARE PARTS","20",0,1,0,79.28,118.92,,,,,,,,,,,,,,,,,,,,,,
70925,6,"2026-03-26T14:52:47.000Z",24305274,"2026-03-26T15:11:38.000Z",24305274,,,"112760605/0","112760605/0","SCREW M8 X 20",,1.75,,,,"GBP",,,,,,"GBP",3.65,,"Active","4098 - SPARE PARTS","20",,1,0,1.75,3.65,,,,,,,,,,,,,,,,"B3S2",,,,,,
70926,6,"2026-03-30T15:41:49.000Z",24305274,"2026-03-30T15:41:49.000Z",24305274,,,"WPFB550907","WPFB550907","FULBAT SLA12-22 SLAB BATTERY 12V 22AH","FULBAT SLA12-22 SLAB BATTERY 12V 22AH",32.85,32.85,,,"GBP",,,,,,"GBP",74.95,,"Active","4098 - SPARE PARTS","20",0,3,0,98.55,224.85,,,,,,,,,,,,,,,,,,752114,,,,
70927,6,"2026-04-01T13:03:59.000Z",24305282,"2026-04-01T13:03:59.000Z",24305282,,,"91003-169","91003-169","CONTROL CABLE","CONTROL CABLE",21.14,21.14,,,"GBP",,,,,,"GBP",32.12,,,"4098 - SPARE PARTS","20",0,0,0,0,0,,,,,,,,,,,,,,,,,,,,,,
70928,6,"2026-04-02T08:22:48.000Z",24305282,"2026-04-02T08:26:11.000Z",24305282,,,"KT400-3 PRO RTN","KT400-3 PRO RTN","SPECTRUM KT400-3 PRO RETURN","SPECTRUM KT400-3 PRO RETURN",112.3,0,,,"GBP",,,,,,"GBP",300,,,"4013 - SCARIFIERS","199",0,2,0,224.6,600,,,,,,,,,,,,,,,,,,,,,,
70929,6,"2026-04-02T10:35:17.000Z",24305274,"2026-04-08T10:52:06.000Z",24305274,,,"2T0830483/M25","2T0830483/M25","MOUNTFIELD 1738H TRACTOR.","MOUNTFIELD 1738H TRACTOR",2009.45,2009.45,,,"GBP",,,,,,"GBP",3299,,"Active","4011 - RIDE ON LAWNMOWERS","31",0,0,0,0,0,,,,,,,,,,,,,,,,,,752173,,,,
70931,6,"2026-04-08T15:00:25.000Z",24305274,"2026-04-08T15:00:25.000Z",24305274,,,"PTX210-RTN","PTX210-RTN","CASTEL GARDEN PTX 210 HD LAWN TRACTOR - EX DEMO","CASTEL GARDEN PTX 210 HD LAWN TRACTOR - EX DEMO",2245,0,,,"GBP",,,,,,"GBP",3000,,"Active","4011 - RIDE ON LAWNMOWERS","199",0,-2,0,-4490,-6000,,,,,,,,,,,,,,,,,,,,,,
70932,6,"2026-04-09T09:23:33.000Z",24305282,"2026-04-09T09:23:33.000Z",24305282,,,"742-05254","742-05254","BLADE - CUB CADET","BLADE - CUB CADET",29.41,29.41,,,"GBP",,,,,,"GBP",58.82,,,"4098 - SPARE PARTS","20",0,0,0,0,0,,,,,,,,,,,,,,,,,,,,,,
70933,6,"2026-04-09T09:24:58.000Z",24305282,"2026-04-09T09:24:58.000Z",24305282,,,"731-10070A","731-10070A","BONNET PIN - CUB CADET","BONNET PIN - CUB CADET",1.98,1.98,,,"GBP",,,,,,"GBP",6.64,,,"4098 - SPARE PARTS","20",0,0,0,0,0,,,,,,,,,,,,,,,,,,,,,,
70934,6,"2026-04-09T11:58:40.000Z",24305282,"2026-04-09T11:58:40.000Z",24305282,,,"TB120000013","TB120000013","AIR FILTER - TB51","AIR FILTER - TB51",1.62,,,,"GBP",,,,,,"GBP",6.65,,,"4098 - SPARE PARTS","20",,,0,,,,,,,,,,,,,,,,,,,,,,,,
70935,6,"2026-04-09T12:54:20.000Z",24305282,"2026-04-09T12:54:20.000Z",24305282,,,"381008691/0","381008691/0","SCREWS ASSEMBLY KIT","SCREWS ASSEMBLY KIT",4.44,4.44,,,"GBP",,,,,,"GBP",10.24,,,"4098 - SPARE PARTS","20",0,0,0,0,0,,,,,,,,,,,,,,,,,,,,,,
70936,6,"2026-04-13T08:18:12.000Z",24305274,"2026-04-13T08:18:12.000Z",24305274,,,"SRM-2621TES/L","SRM-2621TES/L","ECHO SRM-2621TES/L LOOP HANDLE BRUSH CUTTER 25.4CC ENGINE","ECHO SRM-2621TES/L LOOP HANDLE BRUSH CUTTER 25.4CC ENGINE",275.71,275.71,,,"GBP",,,,,,"GBP",512.6,,"Active","4012 - HANDHELD PRODCUTS","63",0,0,0,0,0,,,,,,,,,,,,,,,,,,752098,,,,
70937,6,"2026-04-14T11:39:36.000Z",24305274,"2026-04-15T10:51:44.000Z",24305274,,,"CS-621SX/50","CS-621SX/50","ECHO CS-621SX/50 PETROL CHAINSAW 20"" GUIDE BAR","ECHO CS-621SX/50 PETROL CHAINSAW 20"" GUIDE BAR",514.4,,,,"GBP",,,,,,"GBP",948.99,,"Active","4012 - HANDHELD PRODCUTS","63",0,2,0,1028.8,1897.98,,,,,,,,,,,,,,,,,,,,,,
70938,6,"2026-04-14T14:38:31.000Z",24305274,"2026-04-14T14:38:31.000Z",24305274,,,"SXDCS82","SXDCS82","SNAPPER SXDCS82 CORDLESS CHAINSAW 46CM / 18"" GUIDE BAR","SNAPPER SXDCS82 CORDLESS CHAINSAW 46CM / 18"" GUIDE BAR",163.64,163.64,,,"GBP",,,,,,"GBP",269,,"Active","4012 - HANDHELD PRODCUTS","59",0,0,0,0,0,,,,,,,,,,,,,,,,,,752098,,,,
70940,6,"2026-04-16T09:53:38.000Z",24305282,"2026-04-16T09:53:38.000Z",24305282,,,"HFT200-RTN","HFT200-RTN","FEIDER HFT200 PETROL SCYTHE-BAR MOWER RETURN","FEIDER HFT200 PETROL SCYTHE-BAR MOWER RETURN",200.72,0,,,"GBP",,,,,,"GBP",550,,,,"1",0,2,0,401.44,1100,,,,,,,,,,,,,,,,,,,,,,
70941,6,"2026-04-16T09:59:18.000Z",24305282,"2026-04-16T09:59:18.000Z",24305282,,,"61460035R","61460035R","STARTER ASSY EFCO","STARTER ASSY EFCO",15.42,15.42,,,"GBP",,,,,,"GBP",30.84,,,"4098 - SPARE PARTS","20",0,1,0,15.42,30.84,,,,,,,,,,,,,,,,,,,,,,
70942,6,"2026-04-16T10:03:28.000Z",24305282,"2026-04-16T10:03:28.000Z",24305282,,,"66030276R","66030276R","CABLE - BRAKE O.M","CABLE - BRAKE O.M",11.84,11.84,,,"GBP",,,,,,"GBP",28.92,,,"4098 - SPARE PARTS","20",0,0,0,0,0,,,,,,,,,,,,,,,,,,,,,,
70943,6,"2026-04-18T11:04:21.000Z",24305282,"2026-04-18T11:08:13.000Z",24305282,,,"100864011","100864011","BLADE DCT38 M/H RDM (RIGHT)","BLADE DCT38 M/H RDM (RIGHT)",4.37,,,,"GBP",,,,,,"GBP",49.89,,,"4098 - SPARE PARTS","20",,,0,,,,,,,,,,,,,,,,,,,,,,,,
70944,6,"2026-04-18T11:10:48.000Z",24305282,"2026-04-18T11:10:48.000Z",24305282,,,"100864012","100864012","BLADE DCT38 M/H RDM (LEFT)","BLADE DCT38 M/H RDM (LEFT)",4.74,,,,"GBP",,,,,,"GBP",59.89,,,"4098 - SPARE PARTS","20",,,0,,,,,,,,,,,,,,,,,,,,,,,,
70945,6,"2026-04-20T11:18:58.000Z",24305274,"2026-04-20T11:18:58.000Z",24305274,,,"1134-9152-01","1134-9152-01","BELT  - CUTTER (BELT A105)","BELT  - CUTTER (BELT A105)",0.01,0.01,,,"GBP",,,,,,"GBP",69.95,,"Active","4098 - SPARE PARTS","20",0,1,0,0.01,69.95,,,,,,,,,,,,,,,,"4B",,752173,,,,
70946,6,"2026-04-20T13:03:45.000Z",24305282,"2026-04-20T13:03:45.000Z",24305282,,,"13X660A26","13X660A26","BELT 13X660 A26 (KT400)","BELT 13X660 A26 (KT400)",1.7,1.7,,,"GBP",,,,,,"GBP",14.86,,,"4098 - SPARE PARTS","20",0,10,0,17,148.6,,,,,,,,,,,,,,,,,,,,,,
70947,6,"2026-04-20T15:09:56.000Z",24305282,"2026-04-20T15:09:56.000Z",24305282,,,"RO-16081","RO-16081","BLADE -  CUB CADET","BLADE -  CUB CADET",25.56,25.56,,,"GBP",,,,,,"GBP",58.85,,,"4098 - SPARE PARTS","20",0,0,0,0,0,,,,,,,,,,,,,,,,,,,,,,
70948,6,"2026-04-20T15:11:16.000Z",24305282,"2026-04-20T15:11:16.000Z",24305282,,,"754-05025A","754-05025A","DECK BELT - CUB CADET","DECK BELT - CUB CADET",65.2,65.2,,,"GBP",,,,,,"GBP",130.4,,,"4098 - SPARE PARTS","20",0,0,0,0,0,,,,,,,,,,,,,,,,,,,,,,
70949,6,"2026-04-22T15:48:06.000Z",24305282,"2026-04-22T15:48:06.000Z",24305282,,,"TG11000199CA","TG11000199CA","BELT COVER TG56 (COMPLETE ASSY)","BELT COVER TG56 (COMPLETE ASSY)",1.27,0,,,"GBP",,,,,,"GBP",17.95,,,"4098 - SPARE PARTS","20",0,-1,0,-1.27,-17.95,,,,,,,,,,,,,,,,,,,,,,
70950,6,"2026-04-23T11:54:16.000Z",24305274,"2026-04-23T11:55:47.000Z",24305274,,,"CS-7310SX/70","CS-7310SX/70","ECHO CS-7310SX/70 PETROL CHAINSAW 73.5CC 28"" / 70CM BAR","ECHO CS-7310SX/60 PETROL CHAINSAW 73.5CC 28"" / 70CM BAR",649.46,,,,"GBP",,,,,,"GBP",999.17,,"Active","4016 - CHAINSAW","63",,,0,,,,,,,,,,,,,,,,,,,,,,,,
70951,6,"2026-04-24T10:07:06.000Z",24305282,"2026-04-24T10:07:06.000Z",24305282,,,"125160072/0","125160072/0","WHEEL SPACER","WHEEL SPACER",2.03,2.03,,,"GBP",,,,,,"GBP",4.65,,,"4098 - SPARE PARTS","20",0,0,0,0,0,,,,,,,,,,,,,,,,,,,,,,
70952,6,"2026-04-24T10:08:44.000Z",24305282,"2026-04-24T10:08:44.000Z",24305282,,,"182700006/0","182700006/0","ANTI-SCALP WHEEL D=95MM","ANTI-SCALP WHEEL D=95MM",9.13,9.13,,,"GBP",,,,,,"GBP",21.76,,,"4098 - SPARE PARTS","20",0,0,0,0,0,,,,,,,,,,,,,,,,,,,,,,
70953,6,"2026-04-24T10:11:17.000Z",24305282,"2026-04-24T10:11:17.000Z",24305282,,,"118870263/0","118870263/0","NEUTRAL SWITCH","NEUTRAL SWITCH",12.7,12.7,,,"GBP",,,,,,"GBP",28.94,,,"4098 - SPARE PARTS","20",0,15,0,190.5,434.1,,,,,,,,,,,,,,,,,,,,,,
70954,6,"2026-04-27T10:07:17.000Z",24305274,"2026-04-27T10:07:47.000Z",24305274,,,"TG45SC","TG45SC","SPECTRUM TG45SC PETROL SCARIFIER 2-IN-1, RECOIL START","SPECTRUM TG45SC PETROL SCARIFIER 2-IN-1, RECOIL START",113.07,113.07,,,"GBP",,,,,,"GBP",349.95,,"Active","4013 - SCARIFIERS","26",0,100,0,11307,34995,,,,,,,,,,,,,,,,,,752184,,,,
70955,6,"2026-04-27T10:08:48.000Z",24305274,"2026-04-27T10:08:48.000Z",24305274,,,"TG45SC-E","TG45SC-E"," TG45SC-E PETROL SCARIFIER 2-IN-1, ELECTRIC KEY START"," TG45SC-E PETROL SCARIFIER 2-IN-1, ELECTRIC KEY START",136.92,136.92,,,"GBP",,,,,,"GBP",429.95,,"Active","4013 - SCARIFIERS","26",0,94,0,12870.48,40415.3,,,,,,,,,,,,,,,,,,752184,,,,
70956,6,"2026-04-27T10:11:54.000Z",24305274,"2026-04-27T10:11:54.000Z",24305274,,,"TG480RTTR","TG480RTTR","SPECTRUM TG480RTTR REAR TINE CULTIVATOR","SPECTRUM TG480RTTR REAR TINE CULTIVATOR",162.3,162.3,,,"GBP",,,,,,"GBP",599.95,,"Active","4017 - TILLERS & CULTIVATORS","26",0,37,0,6005.1,22198.15,,,,,,,,,,,,,,,,,,,,,,
70957,6,"2026-04-27T10:48:15.000Z",24305282,"2026-04-27T10:48:58.000Z",24305282,,,"66070730","66070730","WHEEL KIT OLEO MAC","WHEEL KIT OLEO MAC",19.5,19.5,,,"GBP",,,,,,"GBP",42.32,,,"4098 - SPARE PARTS","20",0,1,0,19.5,42.32,,,,,,,,,,,,,,,,,,,,,,
70958,6,"2026-04-27T10:50:41.000Z",24305274,"2026-04-27T10:50:41.000Z",24305274,,,"LPW1600","LPW1600","SPECTRUM LPW1600 ELECTRIC PRESSURE WASHER","SPECTRUM LPW1600 ELECTRIC PRESSURE WASHER",25.06,25.06,,,"GBP",,,,,,"GBP",79.95,,"Active","4025 - MISC","26",0,57,0,1428.42,4557.15,,,,,,,,,,,,,,,,,,,"LT306-1600",,,
70959,6,"2026-04-27T10:51:49.000Z",24305274,"2026-05-20T11:46:05.000Z",24305285,,,"LPW2200","LPW2200","SPECTRUM LPW2200 ELECTRIC PRESSURE WASHER","SPECTRUM LPW2200 ELECTRIC PRESSURE WASHER",44.53,44.53,,,"GBP",,,,,,"GBP",119.95,,"Active","4025 - MISC","26",0,143,0,6367.79,17152.85,,,,,,,,,,,,,,,,,,,"LT506-2200",,,
70960,6,"2026-04-27T10:51:57.000Z",24305282,"2026-04-27T10:51:57.000Z",24305282,,,"31057-197","31057-197","BLADE/DECK BOLT DANARM","BLADE/DECK BOLT DANARM",2.48,2.48,,,"GBP",,,,,,"GBP",4.78,,,"4098 - SPARE PARTS","20",0,0,0,0,0,,,,,,,,,,,,,,,,,,,,,,
70961,6,"2026-04-29T10:03:06.000Z",24305281,"2026-04-29T10:05:35.000Z",24305281,,,"X047-000561","X047-000561","ECHO STRIMMER HEAD","ECHO SRM-222ES STRIMMER HEAD",14.09,14.09,,,"GBP",,,,,,"GBP",26,,,,"63",0,0,0,0,0,,,,,,,,,,,,,,,,,,,"g138",,,
70962,6,"2026-04-29T15:50:50.000Z",24305274,"2026-04-29T15:50:50.000Z",24305274,,,"281210003/21","281210003/21","MOUNTFIELD TR 425 HJ PETROL HEDGE TRIMMER","MOUNTFIELD TR 425 HJ PETROL HEDGE TRIMMER",200.45,0,,,"GBP",,,,,,"GBP",359,,"Active","4012 - HANDHELD PRODCUTS","31",0,-2,0,-400.9,-718,,,,,,,,,,,,,,,,,,,,,,
70978,6,"2026-04-30T13:09:37.000Z",24305274,"2026-04-30T13:09:37.000Z",24305274,,,"019104","OLYMPIC-600","MASPORT OLYMPIC 660 CYLINDER LAWNMOWER","MASPORT OLYMPIC 660 CYLINDER LAWNMOWER",690,0,,,"GBP",,,,,,"GBP",1639,,"Active","4010 - WALK BEHIND LAWNMOWERS","57",0,-1,0,-690,-1639,,,,,,,,,,,,,,,,,,752098,,,,
70979,6,"2026-04-30T15:14:13.000Z",24305274,"2026-04-30T15:15:16.000Z",24305274,,,"CSWB1","CSWB1","SPECTRUM CSWB1 ELECTRIC POWERED BATTERY","SPECTRUM CSWB1 ELECTRIC POWERED BATTERY",275,275,,,"GBP",,,,,,"GBP",699.95,,"Active","4025 - MISC","26",0,50,0,13750,34997.5,,,,,,,,,,34.2,,,,,,,,752164,"WBR150E",,,
70981,6,"2026-05-01T11:11:12.000Z",24305274,"2026-05-01T11:11:12.000Z",24305274,,,"SF500/E","SF500/E","ECHO SF500/E SPEED FEED HEAD (30-50CC)","ECHO SF500/E SPEED FEED HEAD (30-50CC)",26,26,,,"GBP",,,,,,"GBP",48,,"Active","4098 - SPARE PARTS","63",0,3,0,78,144,,,,,,,,,,,,,,,,,,752098,,,,
70982,6,"2026-05-01T14:38:43.000Z",24305274,"2026-05-01T14:38:43.000Z",24305274,,,"WP02598CPK","WP02598CPK","ROCKWOOD UNIVERSAL DURAFIX BUMP FEED HEAD WITH BOLTS","ROCKWOOD UNIVERSAL DURAFIX BUMP FEED HEAD WITH BOLTS",15.3,15.3,,,"GBP",,,,,,"GBP",34.95,,"Active","4098 - SPARE PARTS","20",0,2,0,30.6,69.9,,,,,,,,,,,,,,,,,,,,,,
70983,6,"2026-05-05T09:55:02.000Z",24305282,"2026-05-05T09:55:02.000Z",24305282,,,"118551662/0","118551662/0","CARBURETTOR (HONDA)","CARBURETTOR (HONDA)",40.62,40.62,,,"GBP",,,,,,"GBP",81.55,,,"4098 - SPARE PARTS","20",0,0,0,0,0,,,,,,,,,,,,,,,,,,,,,,
70984,6,"2026-05-05T09:59:24.000Z",24305282,"2026-05-05T09:59:24.000Z",24305282,,,"118552560/0","118552560/0","STARTER MOTOR","STARTER MOTOR",108.37,108.37,,,"GBP",,,,,,"GBP",190.22,,,"4098 - SPARE PARTS","20",0,1,0,108.37,190.22,,,,,,,,,,,,,,,,,,,,,,
70985,6,"2026-05-05T10:03:08.000Z",24305282,"2026-05-05T10:03:08.000Z",24305282,,,"135063800/0","135063800/0","BELT Z27 LP=710","BELT Z27 LP=710",5.69,5.69,,,"GBP",,,,,,"GBP",25.87,,,"4098 - SPARE PARTS","20",0,0,0,0,0,,,,,,,,,,,,,,,,,,,,,,
70986,6,"2026-05-05T10:08:54.000Z",24305282,"2026-05-05T10:08:54.000Z",24305282,,,"322042067/0","322042067/0","AXLE BUSH","AXLE BUSH",2.62,2.62,,,"GBP",,,,,,"GBP",5.32,,,"4098 - SPARE PARTS","20",0,0,0,0,0,,,,,,,,,,,,,,,,,,,,,,
70987,6,"2026-05-05T15:16:05.000Z",24305282,"2026-05-05T15:16:05.000Z",24305282,,,"384680091/0","384680091/0","REAR WHEEL ASSY MTF66/827","REAR WHEEL ASSY MTF66/827",71.02,71.02,,,"GBP",,,,,,"GBP",148.77,,,"4098 - SPARE PARTS","20",0,0,0,0,0,,,,,,,,,,,,,,,,,,,,,,
70989,6,"2026-05-07T09:19:20.000Z",24305274,"2026-05-07T09:19:20.000Z",24305274,,,"SRM-3611T/U","SRM-3611T/U","ECHO SRM-3611T/U HORN HANDLE BRUSHCUTTER 36.3CC","ECHO SRM-3611T/U HORN HANDLE BRUSHCUTTER 36.3CC",411.13,411.13,,,"GBP",,,,,,"GBP",759,,"Active","4012 - HANDHELD PRODCUTS","63",0,0,0,0,0,,,,,,,,,,,,,,,,,,752098,,,,
70990,6,"2026-05-07T09:26:41.000Z",24305274,"2026-05-07T09:26:41.000Z",24305274,,,"DHC-310","DHC-310","ECHO DHC-310 CORDLESS HEDGECUTTER 24"" / 60CM ","ECHO DHC-310 CORDLESS HEDGECUTTER 24"" / 60CM ",68.12,68.12,,,"GBP",,,,,,"GBP",109,,"Active","4012 - HANDHELD PRODCUTS","63",0,0,0,0,0,,,,,,,,,,,,,,,,,,752098,,,,
70991,6,"2026-05-07T10:09:08.000Z",24305274,"2026-05-07T10:09:08.000Z",24305274,,,"DSRM-310L","DSRM-310L","ECHO DSRM-310L CORDLESS TRIMMER LOOP HANDLE","ECHO DSRM-310L CORDLESS TRIMMER LOOP HANDLE",86.87,86.87,,,"GBP",,,,,,"GBP",139,,"Active","4012 - HANDHELD PRODCUTS","63",0,0,0,0,0,,,,,,,,,,,,,,,,,,752098,,,,
70992,6,"2026-05-07T11:04:37.000Z",24305274,"2026-05-07T11:04:37.000Z",24305274,,,"HCR-165ES","HCR-165ES","ECHO HCR-165ES DOUBLE SIDED PETROL HEDGE TRIMMER 25"" / 64CM","ECHO HCR-165ES DOUBLE SIDED PETROL HEDGE TRIMMER 25"" / 64CM",344.72,344.72,,,"GBP",,,,,,"GBP",559,,"Active","4012 - HANDHELD PRODCUTS","63",0,1,0,344.72,559,,,,,,,,,,,,,,,,,,,,,,
70993,6,"2026-05-07T11:54:35.000Z",24305282,"2026-05-07T11:54:35.000Z",24305282,,,"180130289-0001","180130289-0001","AIR FILTER LONCIN","AIR FILTER LONCIN",9.47,9.47,,,"GBP",,,,,,"GBP",18.94,,,"4098 - SPARE PARTS","20",0,0,0,0,0,,,,,,,,,,,,,,,,,,,,,,
71026,6,"2026-05-08T15:05:32.000Z",24305281,"2026-05-15T14:15:42.000Z",24305274,,,,,"FREE TO USE",,,,,,"GBP",,,,,,"GBP",,,,,,,,0,,,,,,,,,,,,,,,,,,,,,,,,
71027,6,"2026-05-11T07:41:28.000Z",24305274,"2026-05-11T07:41:28.000Z",24305274,,,"ZTX105","ZTX105","SNAPPER ZTX105 ZERO TURN TRACTOR","SNAPPER ZTX105 ZERO TURN TRACTOR",3120,0,,,"GBP",,,,,,"GBP",4999,,"Active","4011 - RIDE ON LAWNMOWERS","59",0,-1,0,-3120,-4999,,,,,,,,,,,,,,,,,,752098,,,,
71028,6,"2026-05-11T12:47:20.000Z",24305274,"2026-05-11T12:47:20.000Z",24305274,,,"TG561-SWT-AMZ","TG561-SWT-AMZ","SPECTRUM TG561-SWT WHEELED TRIMMER - AMAZON FULFILLED","SPECTRUM TG561-SWT WHEELED TRIMMER - AMAZON FULFILLED
",123.74,123.74,,,"GBP",,,,,,"GBP",349.95,,"Active","4025 - MISC","26",0,21,0,2598.54,7348.95,,,,,,,,,,,,,,,,,,,,,,
71030,6,"2026-05-13T08:11:39.000Z",24305274,"2026-05-13T08:11:39.000Z",24305274,,,"SP31537","SP31537","SPECTRUM SP31537 WALK BEHIND SPREADER 80 LBS","SPECTRUM SP31537 WALK BEHIND SPREADER 80 LBS",34.5,34.5,,,"GBP",,,,,,"GBP",119.95,,"Active","4025 - MISC","26",0,30,0,1035,3598.5,,,,,,,,,,,,,,,,,,,,,,
71031,6,"2026-05-13T08:15:44.000Z",24305274,"2026-05-13T08:15:44.000Z",24305274,,,"SP31576","SP31576","SPECTRUM SP31576 TOWED BEHIND SPREADER 200 LBS","SPECTRUM SP31576 TOWED BEHIND SPREADER 200 LBS",79.43,79.43,,,"GBP",,,,,,"GBP",239.95,,"Active","4025 - MISC","26",0,30,0,2382.9,7198.5,,,,,,,,,,,,,,,,,,,,,,
71032,6,"2026-05-13T08:24:33.000Z",24305274,"2026-05-13T08:24:33.000Z",24305274,,,"SP31105-6","SP31105-6","REPLACEMENT HOPPER BAG - FITS SP31105","REPLACEMENT HOPPER BAG - FITS SP31105",12.15,12.15,,,"GBP",,,,,,"GBP",59.95,,"Active","4098 - SPARE PARTS","20",0,10,0,121.5,599.5,,,,,,,,,,,,,,,,,,,,,,
71033,6,"2026-05-13T15:13:36.000Z",24305274,"2026-05-13T15:13:36.000Z",24305274,,,"T30M-RET","T30M-RET","MOUNTFIELD T30M TRACTOR - EX DEMO","MOUNTFIELD T30M TRACTOR - EX DEMO",864,864,,,"GBP",,,,,,"GBP",1899.95,,"Active","4011 - RIDE ON LAWNMOWERS","199",0,-1,0,-864,-1899.95,,,,,,,,,,,,,,,,,,,,,,
71034,6,"2026-05-14T09:21:00.000Z",24305282,"2026-05-14T09:23:09.000Z",24305282,,,"4147 141 0300","4147 141 0300","AIR FILTER - STHIL","AIR FILTER - STHIL",3.1,3.1,,,"GBP",,,,,,"GBP",9.85,,,"4098 - SPARE PARTS","20",0,4,0,12.4,39.4,,,,,,,,,,,,,,,,,,,,,,
71035,6,"2026-05-14T09:24:27.000Z",24305282,"2026-05-14T09:24:27.000Z",24305282,,,"0000 350 3521","0000 350 3521","FUEL FILTER - STIHL","FUEL FILTER - STIHL",5.83,5.83,,,"GBP",,,,,,"GBP",12.67,,,"4098 - SPARE PARTS","20",0,2,0,11.66,25.34,,,,,,,,,,,,,,,,,,,,,,
71036,6,"2026-05-14T09:25:35.000Z",24305282,"2026-05-14T09:25:35.000Z",24305282,,,"4180 120 1800","4180 120 1800","AIR FILTER - STIHL","AIR FILTER - STIHL",1.94,1.94,,,"GBP",,,,,,"GBP",8.73,,,"4098 - SPARE PARTS","20",0,1,0,1.94,8.73,,,,,,,,,,,,,,,,,,,,,,
71037,6,"2026-05-14T11:21:49.000Z",24305274,"2026-05-14T11:22:09.000Z",24305274,,,"LPW1600-AMZ","LPW1600-AMZ","SPECTRUM LPW1600 PRESSURE WASHER - AMAZON FULFILLED","SPECTRUM LPW1600 PRESSURE WASHER - AMAZON FULFILLED",25.06,25.06,,,"GBP",,,,,,"GBP",119.95,,"Active","4025 - MISC","26",0,144,0,3608.64,17272.8,,,,,,,,,,,,,,,,,,,,,,
71038,6,"2026-05-14T13:16:30.000Z",24305282,"2026-05-14T13:16:30.000Z",24305282,,,"382680125/0","382680125/0","REAR WHEEL ASSY 1330/T30","REAR WHEEL ASSY 1330/T30",103.28,103.28,,,"GBP",,,,,,"GBP",184.21,,,"4098 - SPARE PARTS","20",0,0,0,0,0,,,,,,,,,,,,,,,,,,,,,,
71039,6,"2026-05-14T13:58:10.000Z",24305274,"2026-05-14T13:58:10.000Z",24305274,,,"LPW2200-AMZ","LPW2200-AMZ","SPECTRUM LPW2200 ELECTRIC PRESSURE WASHER ","SPECTRUM LPW2200 ELECTRIC PRESSURE WASHER ",44.53,44.53,,,"GBP",,,,,,"GBP",119.95,,"Active","4025 - MISC","26",0,46,0,2048.38,5517.7,,,,,,,,,,,,,,,,,,,,,,
71040,6,"2026-05-15T14:20:45.000Z",24305274,"2026-05-15T14:20:45.000Z",24305274,,,"465773","465773","MASPORT 500 AL PETROL LAWNMOWER 18"" / 46CM","MASPORT 500 AL PETROL LAWNMOWER 18"" / 46CM",359,0,,,"GBP",,,,,,"GBP",599,,"Active","4010 - WALK BEHIND LAWNMOWERS","57",0,-3,0,-1077,-1797,,,,,,,,,,,,,,,,,,752098,,,,
71041,6,"2026-05-15T14:28:51.000Z",24305274,"2026-05-15T14:28:51.000Z",24305274,,,"CSDP1","CSDP1","SEALEY CSDP1 500KG ELECTRIC MINI DUMPER","SEALEY CSDP1 500KG ELECTRIC MINI DUMPER",1250,,,,"GBP",,,,,,"GBP",3339.95,,"Active","4025 - MISC","26",,,0,,,,,,,,,,,,,,,,,,,,752164,,,,
71042,6,"2026-05-15T14:31:34.000Z",24305274,"2026-05-15T14:31:34.000Z",24305274,,,"419091","419091","MASPORT OLYMPIC 500 CYLINDER MOWER","MASPORT OLYMPIC 500 CYLINDER MOWER",882,0,,,"GBP",,,,,,"GBP",1174,,"Active","4010 - WALK BEHIND LAWNMOWERS","57",0,-1,0,-882,-1174,,,,,,,,,,,,,,,,,,752098,,,,
71043,6,"2026-05-15T14:33:55.000Z",24305274,"2026-05-15T14:33:55.000Z",24305274,,,"483809","483809","MASPORT 200 ST HAND PROPELLED LAWNMOWER","MASPORT 200 ST HAND PROPELLED LAWNMOWER",225,0,,,"GBP",,,,,,"GBP",369,,"Active","4010 - WALK BEHIND LAWNMOWERS","57",0,-1,0,-225,-369,,,,,,,,,,,,,,,,,,,,,,
71044,6,"2026-05-15T14:36:50.000Z",24305274,"2026-05-15T14:36:50.000Z",24305274,,,"457945","457945","MASPORT ROTAROLA RRSP 18H SELF PROPELLED PETROL REAR ROLLER LAWNMOWER (HONDA ENGINE)","MASPORT ROTAROLA RRSP 18H SELF PROPELLED PETROL REAR ROLLER LAWNMOWER (HONDA ENGINE)",566,0,,,"GBP",,,,,,"GBP",949,,"Active","4010 - WALK BEHIND LAWNMOWERS","57",0,-2,0,-1132,-1898,,,,,,,,,,,,,,,,,,,,,,
71045,6,"2026-05-15T14:39:10.000Z",24305274,"2026-05-15T14:39:10.000Z",24305274,,,"465743","465743","MASPORT 300 AL HAND PROPELLED PETROL LAWNMOWER WITH ALUMINIUM DECK","MASPORT 300 AL HAND PROPELLED PETROL LAWNMOWER WITH ALUMINIUM DECK",260,0,,,"GBP",,,,,,"GBP",429,,"Active","4010 - WALK BEHIND LAWNMOWERS","57",0,-1,0,-260,-429,,,,,,,,,,,,,,,,,,752098,,,,
71046,6,"2026-05-15T14:42:32.000Z",24305274,"2026-05-15T14:42:32.000Z",24305274,,,"465805","465805","MASPORT 250 ST SP COMBINATION 3-IN-1 SELF PROPELLED PETROL LAWNMOWER","MASPORT 250 ST SP COMBINATION 3-IN-1 SELF PROPELLED PETROL LAWNMOWER",272,0,,,"GBP",,,,,,"GBP",449,,"Active","4010 - WALK BEHIND LAWNMOWERS","57",0,-1,0,-272,-449,,,,,,,,,,,,,,,,,,752098,,,,
71047,6,"2026-05-18T08:50:21.000Z",24305274,"2026-05-18T08:50:21.000Z",24305274,,,"465774","465774","MASPORT CONTRACTOR 625 AL LAWNMOWER","MASPORT CONTRACTOR 625 AL LAWNMOWER",373,0,,,"GBP",,,,,,"GBP",619,,"Active","4010 - WALK BEHIND LAWNMOWERS","57",0,-1,0,-373,-619,,,,,,,,,,,,,,,,,,752098,,,,
71048,6,"2026-05-18T09:07:44.000Z",24305274,"2026-05-18T09:07:44.000Z",24305274,,,"457946","457946","MASPORT ROTAROLA RRSP 22H SELF PROPELLED REAR ROLLER LAWM MOWER (HONDA ENGINE)","MASPORT ROTAROLA RRSP 22H SELF PROPELLED REAR ROLLER LAWM MOWER (HONDA ENGINE)",673,0,,,"GBP",,,,,,"GBP",1119,,"Active","4010 - WALK BEHIND LAWNMOWERS","57",0,-2,0,-1346,-2238,,,,,,,,,,,,,,,,,,752098,,,,
71049,6,"2026-05-18T10:45:31.000Z",24305274,"2026-05-18T10:45:31.000Z",24305274,,,"DSRM-2600L","DSRM-2600L","ECHO DSRM-2600L CORDLESS BRUSHCUTTER (TOOL ONLY)","ECHO DSRM-2600L CORDLESS BRUSHCUTTER (TOOL ONLY)",279.33,0,,,"GBP",,,,,,"GBP",419,,"Active","4012 - HANDHELD PRODCUTS","63",0,-1,0,-279.33,-419,,,,,,,,,,,,,,,,,,752098,,,,
71065,6,"2026-05-19T10:27:06.000Z",24305282,"2026-05-19T10:27:47.000Z",24305282,,,"2853","2853","TRI BLADE - STIHL","TRI BLADE - STIHL",14.04,14.04,,,"GBP",,,,,,"GBP",34.82,,,"4098 - SPARE PARTS","20",0,0,0,0,0,,,,,,,,,,,,,,,,,,,,,,
71081,6,"2026-05-20T15:02:48.000Z",24305281,"2026-05-20T15:02:48.000Z",24305281,,,"196-707-678","196-707-678","MTD 60-RDE MULCH KIT","MULCH KIT",67.54,0,,,"GBP",,,,,,"GBP",110,,,,"41",0,-1,0,-67.54,-110,,,,,,,,,,,,,,,,,,,,,,
71082,6,"2026-05-21T15:04:12.000Z",24305282,"2026-05-21T15:04:12.000Z",24305282,,,"80305-Y09-003","80305-Y09-003","DECK BELT - HONDA","DECK BELT - HONDA",40.51,40.51,,,"GBP",,,,,,"GBP",81.75,,,"4098 - SPARE PARTS","20",0,0,0,0,0,,,,,,,,,,,,,,,,,,,,,,
71083,6,"2026-05-22T08:53:16.000Z",24305282,"2026-05-22T08:53:16.000Z",24305282,,,"1121550000/0","1121550000/0","SELF LOCKING NUT M8","SELF LOCKING NUT M8",0.96,,,,"GBP",,,,,,"GBP",1.99,,,"4098 - SPARE PARTS","20",,,0,,,,,,,,,,,,,,,,,,,,,,,,
71084,6,"2026-05-22T08:54:58.000Z",24305282,"2026-05-22T08:54:58.000Z",24305282,,,"SCREW TORX M6","SCREW TORX M6","112727799/0","112727799/0",1.13,,,,"GBP",,,,,,"GBP",2.32,,,"4098 - SPARE PARTS","20",,,0,,,,,,,,,,,,,,,,,,,,,,,,
71085,6,"2026-05-22T09:09:46.000Z",24305282,"2026-05-22T09:09:46.000Z",24305282,,,"1134-6073-01","1134-6073-01","HANDLE ASSY - PARK","HANDLE ASSY - PARK",24.4,24.4,,,"GBP",,,,,,"GBP",52.42,,,"4098 - SPARE PARTS","20",0,1,0,24.4,52.42,,,,,,,,,,,,,,,,,,,,,,
71086,6,"2026-05-22T09:13:29.000Z",24305282,"2026-05-22T09:13:29.000Z",24305282,,,"118552634/0","118552634/0","STARTER MOTOR","STARTER MOTOR",103.63,103.63,,,"GBP",,,,,,"GBP",187.62,,,"4098 - SPARE PARTS","20",0,0,0,0,0,,,,,,,,,,,,,,,,,,,,,,
71087,6,"2026-05-22T09:19:30.000Z",24305282,"2026-05-22T09:19:30.000Z",24305282,,,"125510103/0","125510103/0","BOLT","BOLT",0.96,0.96,,,"GBP",,,,,,"GBP",1.97,,,"4098 - SPARE PARTS","20",0,2,0,1.92,3.94,,,,,,,,,,,,,,,,,,,,,,
71088,6,"2026-05-22T09:20:35.000Z",24305282,"2026-05-22T09:20:35.000Z",24305282,,,"322226194/0","322226194/0","PLASTIC FRONT COVER","PLASTIC FRONT COVER",5.33,5.33,,,"GBP",,,,,,"GBP",12.42,,,"4098 - SPARE PARTS","20",0,1,0,5.33,12.42,,,,,,,,,,,,,,,,,,,,,,
71089,6,"2026-05-22T09:22:03.000Z",24305282,"2026-05-22T09:22:03.000Z",24305282,,,"322393642/0","322393642/0","PLASTIC FRONT COVER (GREY)","PLASTIC FRONT COVER (GREY)",2.53,2.53,,,"GBP",,,,,,"GBP",5.76,,,"4098 - SPARE PARTS",,0,1,0,2.53,5.76,,,,,,,,,,,,,,,,,,,,,,
71090,6,"2026-05-22T09:23:09.000Z",24305282,"2026-05-22T09:23:09.000Z",24305282,,,"325038007/0","325038007/0","BUSH","BUSH",0.96,0.96,,,"GBP",,,,,,"GBP",1.96,,,"4098 - SPARE PARTS","20",0,2,0,1.92,3.92,,,,,,,,,,,,,,,,,,,,,,
71091,6,"2026-05-22T09:24:32.000Z",24305282,"2026-05-22T09:24:32.000Z",24305282,,,"325840029/0","325840029/0","TIE ROD","TIE ROD",6.64,,,,"GBP",,,,,,"GBP",13.94,,,"4098 - SPARE PARTS","20",,,0,,,,,,,,,,,,,,,,,,,,,,,,
71092,6,"2026-05-22T09:25:49.000Z",24305282,"2026-05-22T09:25:49.000Z",24305282,,,"382230375/1","382230375/1","STUB AXLE 15""","STUB AXLE 15""",34.92,,,,"GBP",,,,,,"GBP",62.41,,,"4098 - SPARE PARTS","20",,,0,,,,,,,,,,,,,,,,,,,,,,,,
71093,6,"2026-05-22T09:29:07.000Z",24305282,"2026-05-22T09:29:07.000Z",24305282,,,"382680125/0","382680125/0","REAR WHEEL ASSY 15""","REAR WHEEL ASSY 15""",103.28,,,,"GBP",,,,,,"GBP",176.63,,,"4098 - SPARE PARTS","20",,,0,,,,,,,,,,,,,,,,,,,,,,,,
71094,6,"2026-05-22T09:30:56.000Z",24305282,"2026-05-22T09:30:56.000Z",24305282,,,"9893-0616-16","9893-0616-16","SCREW M6","SCREW M6",1.32,1.32,,,"GBP",,,,,,"GBP",2.56,,,"4098 - SPARE PARTS","20",0,1,0,1.32,2.56,,,,,,,,,,,,,,,,,,,,,,
71095,6,"2026-05-22T12:43:50.000Z",24305274,"2026-05-22T12:43:50.000Z",24305274,,,"MUCKMATE","MUCKMATE","CHIPPERFIELD MUCKMATE ELECTRIC CONCRETE MIXER - 230V","CHIPPERFIELD MUCKMATE CONCRETE MIXER",141.92,141.92,,,"GBP",,,,,,"GBP",399.95,,"Active","4025 - MISC","22",0,8,0,1135.36,3199.6,,,,,,,,,,,,,,,,,,,,,,
71096,6,"2026-05-22T12:47:32.000Z",24305274,"2026-05-22T12:47:32.000Z",24305274,,,"100134O","100134O","CHIPPERFIELD 100134O SEAM WELDED MIXER DRUM - ORANGE","CHIPPERFIELD 100134O SEAM WELDED MIXER DRUM - ORANGE

",46.69,46.69,,,"GBP",,,,,,"GBP",179.95,,"Active","4025 - MISC","22",0,196,0,9151.24,35270.2,,,,,,,,,,,,,,,,,,,,,,
71097,6,"2026-05-22T12:50:17.000Z",24305274,"2026-05-26T08:36:13.000Z",24305274,,,"100134Y","100134Y","CHIPPERFIELD 100134Y SEAM WELDED CONCRETE MIXER DRUM - YELLOW","CHIPPERFIELD 100134Y SEAM WELDED CONCRETE MIXER DRUM - YELLOW",46.69,46.69,,,"GBP",,,,,,"GBP",179.95,,"Active","4025 - MISC","22",0,8,0,373.52,1439.6,,,,,,,,,,,,,,,,,,,,,,
71098,6,"2026-05-22T12:59:11.000Z",24305274,"2026-05-26T08:35:46.000Z",24305274,,,"100134S","100134S","CHIPPERFIELD 100134S 2 PIECE PRESSED CONCRETE MIXER DRUM - SILVER","CHIPPERFIELD 100134S 2 PIECE PRESSED CONCRETE MIXER DRUM - SILVER
",43.54,43.54,,,"GBP",,,,,,"GBP",159.95,,"Active","4025 - MISC","22",0,8,0,348.32,1279.6,,,,,,,,,,,,,,,,,,,,,,
71099,6,"2026-05-26T09:06:39.000Z",24305274,"2026-05-26T09:06:39.000Z",24305274,,,"SRM-3021TES/L","SRM-3021TES/L","ECHO SRM-3021TES/L LOOP HANDLE BRUSHCUTTER 30.5CC","ECHO SRM-3021TES/L LOOP HANDLE BRUSHCUTTER 30.5CC",329.88,329.88,,,"GBP",,,,,,"GBP",609,,"Active","4012 - HANDHELD PRODCUTS","63",0,-1,0,-329.88,-609,,,,,,,,,,,,,,,,,,752098,,,,
71100,6,"2026-05-26T09:19:29.000Z",24305274,"2026-05-26T09:19:29.000Z",24305274,,,"WEPWT","WEPWT","WEBB WEPWT 161cc 56CM (22″) PETROL WHEELED LINE TRIMMER","WEBB WEPWT 161cc 56CM (22″) PETROL WHEELED LINE TRIMMER",243.83,0,,,"GBP",,,,,,"GBP",399.95,,"Active","4025 - MISC","53",0,-1,0,-243.83,-399.95,,,,,,,,,,,,,,,,,,752114,,,,
71101,6,"2026-05-26T09:36:53.000Z",24305274,"2026-05-26T09:36:53.000Z",24305274,,,"100134O-AMZ","100134O-AMZ","CHIPPERFIELD 100134O SEAM WELDED MIXER DRUM - ORANGE (AMAZON)","CHIPPERFIELD 100134O SEAM WELDED MIXER DRUM - ORANGE (AMAZON)",46.69,46.69,,,"GBP",,,,,,"GBP",179.95,,"Active","4025 - MISC","22",0,0,0,0,0,,,,,,,,,,,,,,,,,,,,,,
71102,6,"2026-05-26T15:41:21.000Z",24305282,"2026-05-26T15:41:21.000Z",24305282,,,"U1L9MF","U1L9MF","12V 28AH GEL BATTERY","12V 28AH GEL BATTERY",42.23,0,,,"GBP",,,,,,"GBP",84.46,,,"4098 - SPARE PARTS","20",0,-1,0,-42.23,-84.46,,,,,,,,,,,,,,,,,,,,,,
71103,6,"2026-05-27T08:15:47.000Z",24305282,"2026-05-27T08:15:47.000Z",24305282,,,"112727799/0","112727799/0","SCREW TORX M6","SCREW TORX M6",1.13,1.13,,,"GBP",,,,,,"GBP",2.03,,,"4098 - SPARE PARTS","20",0,2,0,2.26,4.06,,,,,,,,,,,,,,,,,,,,,,
71104,6,"2026-05-27T08:33:59.000Z",24305274,"2026-05-27T08:33:59.000Z",24305274,,,"HCS870","HCS870","CHIPPERFIELD HCS870 PETROL SCYTHE-BAR MOWER","CHIPPERFIELD HCS870 PETROL SCYTHE-BAR MOWER",268.46,268.46,,,"GBP",,,,,,"GBP",849.95,,"Active","4010 - WALK BEHIND LAWNMOWERS","22",0,19,0,5100.74,16149.05,,,,,,,,,,,,,,,,,,,,,,
71105,6,"2026-05-27T08:35:13.000Z",24305274,"2026-05-27T08:35:13.000Z",24305274,,,"HCS770X","HCS770X","CHIPPERFIELD HCS770X PETROL SCYTHE-BAR MOWER","CHIPPERFIELD HCS770X PETROL SCYTHE-BAR MOWER",332.19,332.19,,,"GBP",,,,,,"GBP",999.95,,"Active","4010 - WALK BEHIND LAWNMOWERS","22",0,15,0,4982.85,14999.25,,,,,,,,,,,,,,,,,,,,,,
71106,6,"2026-05-27T08:37:48.000Z",24305274,"2026-05-27T08:37:48.000Z",24305274,,,"HCT270P","HCT270P","CHIPPERFIELD HCT270P 2 WHEEL TRACTOR (UNIT ONLY)","CHIPPERFIELD HCT270P 2 WHEEL TRACTOR (UNIT ONLY)",484.61,484.61,,,"GBP",,,,,,"GBP",1099.95,,"Active","4017 - TILLERS & CULTIVATORS","22",0,15,0,7269.15,16499.25,,,,,,,,,,,,,,,,,,,,,,
71107,6,"2026-05-27T08:39:27.000Z",24305274,"2026-05-27T08:39:27.000Z",24305274,,,"HCT296D","HCT296D","CHIPPERFIELD HCT296D DIESEL 2 WHEEL TRACTOR (UNIT ONLY)","CHIPPERFIELD HCT296D DIESEL 2 WHEEL TRACTOR (UNIT ONLY)",573.07,573.07,,,"GBP",,,,,,"GBP",1299.95,,"Active","4017 - TILLERS & CULTIVATORS","22",0,3,0,1719.21,3899.85,,,,,,,,,,,,,,,,,,,,,,
71108,6,"2026-05-27T08:42:09.000Z",24305274,"2026-05-27T08:42:09.000Z",24305274,,,"HCTS","HCTS","CHIPPERFIELD HCTS SCYTHE ATTACHMENT - FITS HCT270P / HCT296D","CHIPPERFIELD HCTS SCYTHE ATTACHMENT - FITS HCT270P / HCT296D",165.38,165.38,,,"GBP",,,,,,"GBP",499.95,,"Active","4025 - MISC","22",0,15,0,2480.7,7499.25,,,,,,,,,,,,,,,,,,,,,,
71109,6,"2026-05-27T08:43:43.000Z",24305274,"2026-05-27T11:09:33.000Z",24305253,,,"HCTC","HCTC","CHIPPERFIELD HCTC CULTIVATOR ATTACHMENT - FITS HCT270P / HCT296D","CHIPPERFIELD HCTC CULTIVATOR ATTACHMENT - FITS HCT270P / HCT296D",165.38,165.38,,,"GBP",,,,,,"GBP",499.95,,"Active","4025 - MISC","22",0,8,0,1323.04,3999.6,,,,,,,,,,,,,,,,,,,,,,
71110,6,"2026-05-27T14:22:59.000Z",24305281,"2026-05-27T14:22:59.000Z",24305281,,,"2T2805481/ST1","2T2805481/ST1","STIGA ESTATE 598e BATTERY TRACTOR",,2079.67,,,,"GBP",,,,,,"GBP",2999,,,,"32",,1,0,2079.67,2999,,,,,,,,,,,,,,,,,,,,,,
71112,6,"2026-05-28T11:10:06.000Z",24305281,"2026-05-28T11:14:40.000Z",24305281,,,"HF2417HBE","HF2417HBE","HONDA HF 2417 HBE TRACTOR","HONDA HF 2417 HBE LAWN AND GARDEN TRACTOR",0,0,,,"GBP",,,,,,"GBP",4499,,,,"81",0,-1,0,0,-4499,,,,,,,,,,,,,,,,,,,,,,
71119,6,"2026-05-29T08:57:02.000Z",24307252,"2026-05-29T09:00:44.000Z",24307252,,,"SRM-2621TES COWHORN HANDLED BRUSHCUTTER","SRM-2621TES COWHORN HANDLED BRUSHCUTTER","SRM-2621TES COWHORN HANDLED BRUSHCUTTER","SRM-2621TES COWHORN HANDLED BRUSHCUTTER",,,,,"GBP",,,,,,"GBP",469,,"Active","4012 - HANDHELD PRODCUTS","63",2,,0,,,,,,,,,,,,,,,,,,"WAREHOUSE UPSTAIRS OFFICE",,,"SRM-2621TES",,,